Department for Transport statistics,,,,,,,,,,,,,,,,
Driving Test and Instructor Statistics (https://www.gov.uk/government/organisations/department-for-transport/series/driving-tests-and-instructors-statistics),,,,,,,,,,,,,,,,
,,,,,,,,,,,,,,,,
Table INS0502,,,,,,,,,,,,,,,,
Compulsory basic training instructor Standards Checks: April 2011 to September 2012,,,,,,,,,,,,,,,,
,,Numbers,,,,,,,,,,,,,,
,Check test result,,,,,,,,,,,,,,,
,Satisfactory,Unsatisfactory,,,,,,,,,,,,,,
Quarterly,,,,,,,,,,,,,,,,
Apr-Jun 2011,194,36,,,,,,,,,,,,,,
Jul- Sep 2011,162,35,,,,,,,,,,,,,,
Oct - Dec 2011,142,28,,,,,,,,,,,,,,
Jan-Mar 2012,125,26,,,,,,,,,,,,,,
Apr-Jun 2012,124,27,,,,,,,,,,,,,,
Jul- Sep 2012,122,27,,,,,,,,,,,,,,
Annually (financial years),,,,,,,,,,,,,,,,
2011/12,623 ,125 ,,,,,,,,,,,,
2012/13 YTD,246,54,,,,,,,,,,,,
Telephone: 020 7944 3077,,,,,,,,,,,,,,
Email�: vehicles.stats@dft.gsi.gov.uk,,,,,,,,,,,,,,
Notes & definitions (https://www.gov.uk/government/organisations/department-for-transport/series/driving-tests-and-instructors-statistics),,,,,,,,,,,,,,
,,Source: DSA/DfT,,,,,,,,,,,,
,,Last updated: 29 November 2012,,,,,,,,,,,,
,,Next update: 28 February 2013,,,,,,,,,,,,
