Department for Transport statistics,,,,,,,,,,,,,,,,
Driving Test and Instructor Statistics (https://www.gov.uk/government/organisations/department-for-transport/series/driving-tests-and-instructors-statistics),,,,,,,,,,,,,,,,
,,,,,,,,,,,,,,,,
Table INS0103,,,,,,,,,,,,,,,,
Potential driving Instructors and approved driving instructors by postcode area: end November 2012,,,,,,,,,,,,,,,,
,,Numbers,,,,,,,,,,,,,,
Postcode area,Approved Driving Instructors,Trainee Licences,,,,,,,,,,,,,,
AB,269,7,,,,,,,,,,,,,,
AL,186,9,,,,,,,,,,,,,,
B,"1,849",98,,,,,,,,,,,,,,
BA,280,14,,,,,,,,,,,,,,
BB,443,9,,,,,,,,,,,,,,
BD,664,39,,,,,,,,,,,,,,
BH,417,11,,,,,,,,,,,,,,
BL,340,14,,,,,,,,,,,,,,
BN,569,25,,,,,,,,,,,,,,
BR,264,13
BS,618,29
BT,23,0
CA,207,6
CB,234,15
CF,727,22
CH,466,23
CM,616,25
CO,343,7
CR,364,34
CT,358,8
CV,643,27
CW,203,2
DA,417,21
DD,147,4
DE,578,27
DG,72,1
DH,241,4
DL,248,16
DN,573,21
DT,131,6
DY,322,15
E,809,69
EC,9,1
EH,502,18
EN,381,18
EX,356,14
FK,183,6
FY,238,3
G,868,31
GL,358,15
GU,468,28
HA,522,26
HD,261,14
HG,100,3
HP,395,15
HR,120,3
HS,13,0
HU,363,4
HX,138,8
IG,446,29
IP,404,10
IV,137,3
KA,245,5
KT,394,20
KW,25,0
KY,241,9
L,561,17
LA,203,7
LD,23,1
LE,886,21
LL,364,17
LN,210,10
LS,586,28
LU,358,10
M,784,32
ME,538,23
MK,453,33
ML,277,11
N,518,33
NE,752,44
NG,810,31
NN,545,21
NP,357,9
NR,550,10
NW,323,16
OL,408,16
OX,391,16
PA,238,6
PE,583,29
PH,74,2
PL,393,5
PO,525,25
PR,398,17
RG,502,33
RH,371,21
RM,521,26
S,"1,135",35
SA,477,11
SE,530,51
SG,322,15
SK,456,15
SL,328,26
SM,260,16
SN,317,19
SO,429,23
SP,150,3
SR,195,11
SS,443,23
ST,459,17
SW,266,25
SY,175,6
TA,220,7
TD,57,3
TF,135,8
TN,483,13
TQ,223,2
TR,228,5
TS,398,20
TW,393,26
UB,446,38
W,207,16
WA,386,17
WC,8,0
WD,266,12
WF,495,13
WN,222,7
WR,223,5
WS,348,14
WV,362,18
YO,370,15
ZE,8,0
Unknown/ abroad,32,2
Telephone: 020 7944 3077,,Source: DSA/DfT
Email�: vehicles.stats@dft.gsi.gov.uk,,
Notes & definitions (https://www.gov.uk/government/organisations/department-for-transport/series/driving-tests-and-instructors-statistics),,
,,Last updated: 29 November 2012
,,Next update: 28 February 2013
