Department for Transport statistics,,,,,,,,,,,,,,,,
Driving Test and Instructor Statistics (https://www.gov.uk/government/organisations/department-for-transport/series/driving-tests-and-instructors-statistics),,,,,,,,,,,,,,,,
,,,,,,,,,,,,,,,,
Table INS0102,,,,,,,,,,,,,,,,
Grades1 of approved driving instructors as recorded in their most recent check test: from April 2011 to September 2012,,,,,,,,,,,,,,,,
,,,,,,,Numbers,,,,,,,,,
,Grade received at most recent check test,,,,,,,,,,,,,,,
,1,2,3,4,5,6,Educational2,,,,,,,,,
April 2011,0, 67 , 424 ," 24,529 "," 15,768 "," 2,834 ", 187 ,,,,,,,,,
May 2011,0, 55 , 367 ," 24,573 "," 15,849 "," 2,838 ", 172 ,,,,,,,,,
June 2011,0, 43 , 306 ," 24,579 "," 15,924 "," 2,833 ", 146 ,,,,,,,,,
July 2011,0, 41 , 327 ," 24,553 "," 15,977 "," 2,840 ", 112 ,,,,,,,,,
August 2011,0, 46 , 318 ," 24,494 "," 15,980 "," 2,813 ", 111 ,,,,,,,,,
September 2011,0, 59 , 330 ," 24,524 "," 15,974 "," 2,804 ", 97 ,,,,,,,,,
November 2011,0, 62 , 320 ," 24,528 "," 15,973 "," 2,821 ", 90 ,,,,,,,,,
November 2011,0, 61 , 335 ," 24,528 "," 15,973 "," 2,826 ", 116 ,,,,,,,,,
December 2011,0, 56 , 343 ," 24,385 "," 15,845 "," 2,788 ", 126 ,,
January 2012,0, 55 , 316 ," 24,474 "," 15,890 "," 2,927 ", 116 ,,
February 2012,0, 54 , 337 ," 24,547 "," 15,881 "," 2,781 ", 146 ,,
March 2012,0, 55 , 368 ," 24,520 "," 15,890 "," 2,749 ", 170 ,,
April 2012,0, 50 , 381 ," 24,473 "," 15,911 "," 2,761 ", 143 ,,
May 2012,0, 58 , 357 ," 24,339 "," 15,869 "," 2,745 ", 106 ,,
June 2012,0, 51 , 336 ," 24,399 "," 15,937 "," 2,747 ", 93 ,,
July 2012,0, 45 , 318 ," 24,572 "," 16,016 "," 2,789 ", 94 ,,
August 2012,0, 49 , 320 ," 24,537 "," 16,037 "," 2,793 ", 105 ,,
September 2012,0, 56 , 346 ," 24,400 "," 16,097 "," 2,792 ", 129 ,,
Proporotion in each category at the end of the most recent month (per cent),,,,,,,,,
September 2012,0,0,1,56,37,6,0,,
"1 Grades run from 1 - extremely poor overall performance, to 6 - very high overall performance",,,,,,,,,
2 Educational refers to newly qualified ADIs,,,,,,,,,
Telephone: 020 7944 3077,,,,,,,Source: DSA/DfT,,
Email�: vehicles.stats@dft.gsi.gov.uk,,,,,,,Last updated: 29 November 2012,,
Notes & definitions (https://www.gov.uk/government/organisations/department-for-transport/series/driving-tests-and-instructors-statistics),,,,,,,Next update: 28 February 2013

,,,,,,,
