Department for Transport statistics,,,,,,,,,,,,,,,,
Driving Test and Instructor Statistics (https://www.gov.uk/government/organisations/department-for-transport/series/driving-tests-and-instructors-statistics),,,,,,,,,,,,,,,,
,,,,,,,,,,,,,,,,
Table INS0503,,,,,,,,,,,,,,,,
Compulsory basic training: April 2011 to Sptember 2012,,,,,,,,,,,,,,,,
,,,Numbers,,,,,,,,,,,,,
,Number of DL196 certificates issued to approved training bodies1,Approved off road CBT sites,,,,,,,,,,,,,,
,,Total approved sites at period end,New sites approved in period,,,,,,,,,,,,,
Quarterly,,,,,,,,,,,,,,,,
Apr-Jun 2011," 56,450 "," 1,524 ", 22 ,,,,,,,,,,,,,
Jul- Sep 2011," 60,300 "," 1,522 ", 25 ,,,,,,,,,,,,,
Oct - Dec 2011," 35,300 "," 1,509 ", 17 ,,,,,,,,,,,,,
Jan-Mar 2012," 44,400 "," 1,498 ", 28 ,,,,,,,,,,,,,
Apr-Jun2012," 54,725 "," 1,493 ", 23 ,,,,,,,,,,,,,
Jul- Sep 2012," 59,950 "," 1,596 ", 36 ,,,,,,,,,,,,,
Annually (financial years),,,,,,,,,,,,,,,,
2011/12,"196,450 ","1,498 ",92 ,,,,,,,,,,,,
2012/13 YTD," 114,675 "," 3,089 ", 59 ,,,,,,,,,,,,
1 Books of DL196 certificates are issued to approved training bodies who then issue the certificates to individuals on completion of compulsory basic training.,,,,,,,,,,,,,,,
,,,Source: DSA/DfT,,,,,,,,,,,,
Telephone: 020 7944 3077,,,Last updated: 29 November 2012,,,,,,,,,,,,
Email�: vehicles.stats@dft.gsi.gov.uk,,,Next update: 28 February 2013,,,,,,,,,,,,
Notes & definitions (https://www.gov.uk/government/organisations/department-for-transport/series/driving-tests-and-instructors-statistics),,,,,,,,,,,,,,,
