Department for Transport statistics,,
Driving Test and Instructor Statistics (http://www.dft.gov.uk/statistics/series/driving-tests-and-instructors/),,
,,
Table INS0103,,
The number of potential driving Instructors and approved driving instructors by postcode area as at x 2012,,
,,Numbers
Postcode area,Approved Driving Instructors,Trainee Licences
AB,264,9
AL,188,8
B,"1,862",100
BA,282,12
BB,452,10
BD,671,39
BH,422,12
BL,342,12
BN,571,22
BR,267,14
BS,615,39
BT,26,0
CA,207,9
CB,241,13
CF,742,21
CH,468,22
CM,613,25
CO,350,7
CR,361,36
CT,367,8
CV,649,27
CW,205,2
DA,430,15
DD,143,4
DE,585,27
DG,72,1
DH,246,5
DL,247,16
DN,579,20
DT,134,5
DY,327,12
E,814,65
EC,8,1
EH,497,25
EN,380,21
EX,367,12
FK,188,7
FY,246,3
G,877,26
GL,362,16
GU,469,27
HA,527,23,
HD,266,10,
HG,101,1,
HP,392,19,
HR,122,3,
HS,13,0,
HU,375,5,
HX,142,7,
IG,437,37, 
IP,395,16,
IV,141,3,
KA,247,6,
KT,393,23,
KW,26,0,
KY,245,7,
L,569,16,
LA,207,6,
LD,25,1,
LE,880,25,
LL,357,14,
LN,213,11,
LS,584,31,
LU,358,9,
M,795,37,
ME,540,25,
MK,453,33, 
ML,284,11,
N,519,29,
NE,771,44,
NG,821,30,
NN,555,20,
NP,357,8,
NR,561,10, 
NW,316,17,
OL,422,17,
OX,393,16,
PA,241,6,
PE,584,26,
PH,73,2,
PL,392,6,
PO,529,25,
PR,401,15,
RG,501,34,
RH,376,22,
RM,521,31,
S,"1,156",36,
SA,493,10,
SE,526,53,
SG,324,17
SK,463,16
SL,322,22
SM,254,20
SN,323,18
SO,434,25
SP,148,4
SR,199,7
SS,451,19
ST,459,13
SW,263,23
SY,179,6
TA,222,6
TD,58,3
TF,136,9
TN,483,14
TQ,228,2,
TR,226,3,
TS,407,20,
TW,392,28,
UB,445,32,
W,206,18, 
WA,394,17,
WC,8,0,
WD,260,14,
WF,504,12,
WN,220,5,
WR,224,6,
WS,352,16,
WV,361,16,
YO,375,16,
ZE,8,0,
Unknown/ abroad,39,2
Telephone: 020 7944 3077,,
Email�: vehicles.stats@dft.gsi.gov.uk,,
Notes & definitions (http://www.dft.gov.uk/statistics/series/driving-tests-and-instructors/),,
Source: DSA/DfT,,
Last updated: 28 June 2012,,
Next update: August 2012,,
