Department for Transport statistics,,,,,,,,,,,,,,,,,,,
Driving Test and Instructor Statistics (http://www.dft.gov.uk/statistics/series/driving-tests-and-instructors/),,,,,,,,,,,,,,,,,,,
,,,,,,,,,,,,,,,,,,,
Table INS0504,,,,,,,,,,,,,,,,,,,
Incident4 Statistics (compulsory basic training and direct access scheme): October 2011 to September 20121,,,,,,,,,,,,,,,,,,,
,,,,,,,Numbers,,,,,,,,,,,,
,Impact of incident,,,,Occurred during,,,,,,,,,,,,,,
,High,Medium,Low,,CBT2,DAS3,Other,,,,,,,,,,,,
Oct - Dec 2011, 12 , 17 , 12 ,, 11 , 2 , 28 ,,,,,,,,,,,,
Jan- Mar 2012, 7 , 6 , 16 ,, 19 , 2 , 8 ,,,,,,,,,,,,
Apr-Jun 2012, 14 , 7 , 19 ,, 22 , 11 , 7 ,,,,,,,,,,,,
Jul-Sep 2012, 2 , 18 , 40 ,, 29 , 17 , 14 ,,,,,,,,,,,,
1 Statistics were not collected for quarters prior to October 2011.,,,,,,,,,,,,,,,,,,,
2 Compulsory basic training,,,,,,,,,,,,,,,,,,,
3 Direct access scheme,,,,,,,,,,,,,,,,,,,
4 These statistics are for externally reported incidents by training bodies,,,,,,,,,,,,,,,,,,,
Telephone: 020 7944 3077,,,,,,,,,,,,,,,,,,
Email�: vehicles.stats@dft.gsi.gov.uk,,,,,,,Source: DSA/DfT,,,,,,,,,,,
Notes & definitions (http://www.dft.gov.uk/statistics/series/driving-tests-and-instructors/),,,,,,,Last updated: 29 November 2012,,,,,,,,,,,
,,,,,,,Next update: February 2013,,,,,,,,,,,
