Department for Transport statistics,,,,,,,,,,,,,,,,
Light Rail Statistics (http://www.dft.gov.uk/statistics/series/light-rail-and-tram/),,,,,,,,,,,,,,,,
Table LRT0201,,,,,,,,,,,,,,,,
Number of stations or stops on light rail and trams by system1: England - annual from 1995/96 ,,,,,,,,,,,,,,,,
,,,,,,,,,,,,,,,,
Financial year,,Docklands Light Railway,Croydon Tramlink,Nottingham Express Transit,Midland Metro,Sheffield Supertram ,Tyne and Wear Metro,Manchester Metrolink,Blackpool Tramway2,England,,,,,,
1995/96,,28,.,.,.,45,46,26,62,207,,,,,,
1996/97,,28,.,.,.,45,46,26,62,207,,,,,,
1997/98,,29,.,.,.,46,46,26,62,209,,,,,,
1998/99,,29,.,.,.,47,46,26,62,210,,,,,,
1999/00,,34,.,.,23,47,46,36,62,248,,,,,,
2000/01,,34,38,.,23,47,46,36,62,286,,,,,,
2001/02,,34,38,.,23,48,58,36,62,299,,,,,,
2002/03,,34,38,.,23,48,58,37,62,300,,,,,,
2003/04,,34,38,23,23,48,58,37,62,323,,,,,,
2004/05,,34,38,23,23,48,58,37,62,323,,,,,,
2005/06,,38,39,23,23,48,59,37,62,329, ,,,,,,,,,
2006/07,,34,39,23,23,48,59,37,61,324,,,,,,,,,,
2007/08,,39,38,23,23,48,60,37,61,329,,,,,,,,,,
2008/09,,40,39,23,23,48,60,37,61,331,,,,,,,,,,
2009/10,,40,39,23,23,48,60,37,59,329,,,,,,,,,,
2010/11,,40,39,23,23,48,60,38,59,330,,,,,,,,,,
2011/12,,45,39,23,23,48,60,42,31,311,,,,,,,,,,
"1 For further information on these systems including infrastructure changes that may affect the figures, please refer to the technical information. ",,,,,,,,,,,,,,,,,,,,
2 The number of stops has been shown for one direction of the route (as is the case with the other systems).  In publications prior to 2011/12 the figures shown,,,,,,,,,,,,,,,,,,,,
 covered both directions. ,,,,,,,,,,,,,,,,,,,,
Telephone: 020 7944 3094,,,,,,,,,,Source: DfT Light Rail and Tram Survey,,,,,,,,,,
Email: bus.statistics@dft.gsi.gov.uk,,,,,,,,,,Last updated:  19 July 2012,,,,,,,,,,
Notes and Definitions (http://assets.dft.gov.uk/statistics/series/light-rail-and-tram/light-rail-notes.pdf),,,,,,,,,,Next update: Autumn 2013,,,,,,,,,,
The figures in this table are National Statistics,,,,,,,,,,,,,,,,,,,,
