Department for Transport statistics,,,,,,,,,,,,,,,,,,,,,,,,,,
Blue Badge Statistics (http://www.dft.gov.uk/statistics/series/disabled-parking-badges),,,,,,,,,,,,,,,,,,,,,,,,,,
Table DIS0108 i,,,,,,,,,,,,,,,,,,,,,,,,,,
"Valid Blue Badges issued1,7, England by Local Authority during 2008-09",,,,,,,,,,,,,,,,,,,,,,,,,,
The figures in this table fall outside the scope of National Statistics,,,,,,,,,,,,,,,,,,,,,,,,,,
Local Authority,Region,Blue Badges issued without further assessment,Of which on higher rate Mobility2,Of which on War Pensioner's Mobility supplement3,Of which were registered Blind,Blue Badges issued subject to further assessment,Of which motorists with severe disabilities in both arms5,Of which people with permamenent and substantial disability6,Of which children under the age of two4,Blue badges issued to organisations,Total number of  Blue Badges issued,,,,,,,,,,,,,,,
Barking and Dagenham,London,"1,339","1,288",4,47,845,0,844,1,16,"2,200",,,,,,,,,,,,,,,
Barnet,London,..,..,..,..,..,..,..,..,58,..,,,,,,,,,,,,,,,
Barnsley,Yorkshire and the Humber,"3,183","3,077",19,87,"2,156",0,"2,156",0,18,"5,357",,,,,,,,,,,,,,,
Bath & NE Somerset,South West,214,180,2,32,"3,385",0,"3,384",1,86,"3,685",,,,,,,,,,,,,,,
Bedfordshire,East of England,..,..,..,..,..,..,..,..,94,..,,,,,,,,,,,,,,,
Bexley,London,"1,197","1,139",5,53,"2,817",0,"2,817",0,26,"4,040",,,,,,,,,,,,,,,
Birmingham,West Midlands,..,..,..,..,..,..,..,..,291,..,,,,,,,,,,,,,,,
Blackburn with Darwen,North West,106,105,0,1,48,0,48,0,30,154,,,,,,,,,,,,,,,
Blackpool,North West,"1,205","1,200",2,3,"2,100",0,"2,100",0,50,"3,355",,,,,,,,,,,,,,,
Bolton,North West,"1,517","1,443",4,70,380,87,293,0,23,"1,920",,,,,,,,,,,,,,,
Bournemouth,South West,814,..,..,..,..,..,..,..,47,..,,,,,,,,,,,,,,,,,,
Bracknell Forest,South East,384,357,3,24,838,0,837,1,21,"1,243",,,,,,,,,,,,,,,,,,
Bradford,Yorkshire and the Humber,"3,547","3,336",16,195,"2,528",0,"2,528",0,33,"6,108",,,,,,,,,,,,,,,,,,
Brent,London,"1,358","1,266",2,90,"2,808",0,"2,808",0,30,"4,196",,,,,,,,,,,,,,,,,,
Brighton & Hove,South East,..,..,..,..,..,..,..,..,51,..,,,,,,,,,,,,,,,,,,
Bristol,South West,"2,527","2,390",22,115,"3,159",0,"3,154",5,70,"5,756",,,,,,,,,,,,,,,,,,
Bromley,London,..,..,..,..,..,..,..,..,24,..,,,,,,,,,,,,,,,,,,
Buckinghamshire,South East,"2,546","2,164",88,294,"6,925",439,"6,483",3,113,"9,584",,,,,,,,,,,,,,,,,,
Bury,North West,"1,469","1,403",4,62,"4,017",1,"4,014",2,47,"5,533",,,,,,,,,,,,,,,,,,
Calderdale,Yorkshire and the Humber,"1,173","1,081",7,85,"2,680",4,"2,676",0,58,"3,911",,,,,,,,,,,,,,,,,,
Cambridgeshire,East of England,"3,036","2,713",47,276,..,..,..,..,5,"3,041",,,,,,,,,,,,,,,,,,
Camden,London,"1,305","1,200",5,100,898,0,894,4,78,"2,281",,,,,,,,,,,,,,,,,,
Cheshire,North West,"5,065","4,772",17,276,"10,012",5,"9,989",18,134,"15,211",,,,,,,,,,,,,,,,,,
City of London,London,15,15,0,0,37,20,17,0,0,52,,,,,,,,,,,,,,,,,,
Cornwall,South West,"3,016","2,846",49,121,"7,365",2,"7,360",3,31,"10,412",,,,,,,,,,,,,,,,,,
Coventry,West Midlands,"1,668","1,555",13,100,"1,879",0,"1,879",0,119,"3,666",,,,,,,,,,,,,,,,,,
Croydon,London,"1,767","1,638",0,129,"2,438",0,"2,432",6,19,"4,224",
Cumbria,North West,"4,382","4,175",11,196,"7,376",1,"7,361",14,65,"11,823",
Darlington,North East,779,725,8,46,"1,755",1,"1,753",1,18,"2,552",
Derby,East Midlands,..,..,..,..,..,..,..,..,..,..,
Derbyshire,East Midlands,"1,326","1,227",6,93,"4,329",2,"4,322",5,186,"5,841",
Devon,South West,"3,038","2,831",36,171,"10,495",0,"10,476",19,10,"13,543",
Doncaster,Yorkshire and the Humber,"3,236","3,127",27,82,"2,492",8,..,..,62,"5,790",
Dorset,South West,"1,907","1,646",57,204,"7,311",0,"7,305",6,47,"9,265",
Dudley,West Midlands,"2,656","2,557",9,90,"4,525",31,"4,491",3,186,"7,367",
Durham,North East,488,460,0,28,"2,092",0,"2,092",0,5,"2,585",
Ealing,London,"2,001","1,876",12,113,..,..,..,..,..,"2,001",
East Riding of Yorkshire,Yorkshire and the Humber,429,386,8,35,"2,150",1,"2,148",1,32,"2,611",
East Sussex,South East,"2,592","2,268",38,286,"4,493",28,"4,457",8,66,"7,151",
Enfield,London,896,849,1,46,..,..,..,..,68,964,
Essex,East of England,"7,778","7,099",67,612,"17,847",0,"17,833",14,0,"25,625",
Gateshead,North East,"1,410","1,336",14,60,"2,355",2,"2,353",0,19,"3,784",
Gloucestershire,South West,"3,199","3,046",30,123,"7,990",0,"7,983",7,134,"11,323",,,,,,,,,,,,,,,,,,
Greenwich,London,..,..,..,..,..,..,..,..,45,45,,,,,,,,,,,,,,,,,,
Hackney,London,..,..,..,..,..,..,..,..,..,..,,,,,,,,,,,,,,,,,,
Halton,North West,"1,715","1,683",8,24,"1,091",11,"1,080",..,94,"2,900",,,,,,,,,,,,,,,,,,
Hammersmith and Fulham,London,"1,193","1,128",2,63,4,1,..,3,63,"1,260",,,,,,,,,,,,,,,,,,
Hampshire,South East,"7,659","6,510",383,766,"17,217",5,"17,200",12,250,"25,126",,,,,,,,,,,,,,,,,,
Haringey,London,..,..,..,..,..,..,..,..,..,..,,,,,,,,,,,,,,,,,,
Harrow,London,..,..,..,..,..,..,..,..,..,..,,,,,,,,,,,,,,,,,,
Hartlepool,North East,911,897,8,6,745,0,744,1,13,"1,669",,,,,,,,,,,,,,,,,,
Havering,London,"1,280","1,192",10,78,..,..,..,..,42,"1,322",,,,,,,,,,,,,,,,,,
Herefordshire,West Midlands,421,338,22,61,"1,991",1,"1,988",2,66,"2,478",,,,,,,,,,,,,,,,,,
Hertfordshire,East of England,..,..,..,..,..,..,..,..,..,..,,,,,,,,,,,,,,,,,,
Hillingdon,London,291,261,1,29,992,1,991,..,82,"1,365",,,,,,,,,,,,,,,,,,
Hounslow,London,..,..,..,..,..,..,..,..,..,..,,,,,,,,,,,,,,,,,,
Hull,Yorkshire and the Humber,"2,554","2,444",11,99,"1,965",0,"1,965",0,62,"4,581",,,,,,,,,,,,,,,,,,
Isle of Wight,South East,"1,019",949,10,60,"1,719",5,"1,711",3,28,"2,766",,,,,,,,,,,,,,,,,,
Isles of Scilly,South West,1,1,0,0,1,0,1,0,0,2
Islington,London,..,..,..,..,..,..,..,..,16,16
Kensington and Chelsea,London,..,..,..,..,..,..,..,..,..,..
Kent,South East,"9,852","9,259",89,504,"16,282",1,"16,281",0,166,"26,300"
Kingston upon Thames,London,421,365,3,53,"1,276",0,"1,273",3,58,"1,755"
Kirklees,Yorkshire and the Humber,..,..,..,..,..,..,..,..,..,..
Knowsley,North West,"2,460","2,413",6,41,"1,063",0,"1,062",1,23,"3,546"
Lambeth,London,..,..,..,..,..,..,..,..,..,..
Lancashire,North West,"10,514","9,847",100,567,"16,016",1,"15,995",20,345,"26,875"
Leeds,Yorkshire and the Humber,"5,167","4,809",35,323,"6,879",0,"6,870",9,..,"12,046"
Leicester,East Midlands,"2,093","1,917",10,166,1,1,..,..,43,"2,137"
Leicestershire,East Midlands,"2,622","2,406",31,185,77,0,77,0,0,"2,699"
Lewisham,London,"1,547","1,445",9,93,"1,224",0,"1,222",2,25,"2,796"
Lincolnshire,East Midlands,"5,468","5,172",17,279,"9,661",2,"9,659",..,16,"15,145"
Liverpool,North West,..,..,..,..,..,..,..,..,..,..
Luton,East of England,949,904,1,44,"1,538",8,"1,528",2,13,"2,500"
Manchester,North West,"3,402","3,296",3,103,"4,465",2,"4,458",5,129,"7,996",,,,,,,,,,,,,,,,,,
Medway Towns,South East,..,..,..,..,..,..,..,..,..,..,,,,,,,,,,,,,,,,,,
Merton,London,780,715,3,62,"1,860",1,"1,856",3,91,"2,731",,,,,,,,,,,,,,,,,,
Middlesbrough,North East,"1,120","1,072",4,44,"1,368",0,"1,365",3,25,"2,513",,,,,,,,,,,,,,,,,,
Milton Keynes,South East,"1,342","1,246",5,91,..,..,..,..,44,"1,386",,,,,,,,,,,,,,,,,,
Newcastle,North East,"1,849","1,722",6,121,"1,893",1,"1,890",2,14,"3,756",,,,,,,,,,,,,,,,,,
Newham,London,"1,743","1,659",4,80,837,1,836,0,7,"2,587",,,,,,,,,,,,,,,,,,
Norfolk,East of England,"1,155","1,053",5,97,"3,700",12,"3,685",3,31,"4,886",,,,,,,,,,,,,,,,,,
North East Lincolnshire,Yorkshire and the Humber,"3,055","2,857",29,169,"3,706",2,"3,704",0,24,"6,785",,,,,,,,,,,,,,,,,,
North Lincolnshire,Yorkshire and the Humber,..,..,..,..,..,..,..,..,..,..,,,,,,,,,,,,,,,,,,
North Somerset,South West,"1,195","1,195",..,..,"2,875","2,875",..,..,..,"4,070",,,,,,,,,,,,,,,,,,
North Tyneside,North East,"1,598","1,540",8,50,"2,357",0,"2,357",0,19,"3,974",,,,,,,,,,,,,,,,,,
North Yorkshire,Yorkshire and the Humber,"3,961","3,621",51,289,"6,734",1,"6,728",5,183,"10,878",,,,,,,,,,,,,,,,,,
Northamptonshire,East Midlands,..,..,..,..,..,..,..,..,..,..,,,,,,,,,,,,,,,,,,
Northumberland,North East,"2,484","2,372",16,96,"4,490",0,"4,490",0,46,"7,020",,,,,,,,,,,,,,,,,,
Nottingham,East Midlands,..,..,..,..,..,..,..,..,..,..,,,,,,,,,,,,,,,,,,
Nottinghamshire,East Midlands,..,..,..,..,..,..,..,..,..,..,,,,,,,,,,,,,,,,,,
Oldham,North West,"2,088","1,995",12,81,"1,975",1,"1,971",3,21,"4,084",,,,,,,,,,,,,,,,,,
Oxfordshire,South East,"1,364","1,178",12,174,..,..,..,..,124,"1,488",,,,,,,,,,,,,,,,,,
Peterborough,East of England,625,528,16,81,"2,110",2,"2,106",2,15,"2,750",,,,,,,,,,,,,,,,,,
Plymouth,South West,"2,359","2,223",80,56,"3,221",0,"3,213",8,99,"5,679",,,,,,,,,,,,,,,,,,
Poole,South West,819,713,19,87,"2,394",5,"2,389",0,21,"3,234",,,,,,,,,,,,,,,,,,
Portsmouth,South East,..,..,..,..,..,..,..,..,..,"3,015",,,,,,,,,,,,,,,,,,
Reading,South East,589,571,1,17,"1,294",0,"1,292",2,81,"1,964",,,,,,,,,,,,,,,,,,
Redbridge,London,..,..,..,..,..,..,..,..,..,..,,,,,,,,,,,,,,,,,,
Redcar & Cleveland,North East,"1,245","1,221",3,21,"2,005",7,0,"1,998",0,"3,250",,,,,,,,,,,,,,,,,,
Richmond upon Thames,London,585,522,6,57,"1,210",0,"1,199",11,10,"1,805",,,,,,,,,,,,,,,,,,
Rochdale,North West,"5,031",273,96,"4,662","7,551",27,"7,524",0,110,"12,692",,,,,,,,,,,,,,,,,,
Rotherham,Yorkshire and the Humber,476,442,0,34,"2,810",0,"2,810",0,54,"3,340",,,,,,,,,,,,,,,,,,
Rutland,East Midlands,45,37,2,6,574,..,..,..,5,624,,,,,,,,,,,,,,,,,,
Salford,North West,"2,348","2,263",5,80,"2,923",3,"2,910",10,9,"5,280",,,,,,,,,,,,,,,,,,
Sandwell,West Midlands,16,15,0,1,15,0,15,0,0,31,,,,,,,,,,,,,,,,,,
Sefton,North West,"3,325","3,121",15,189,"2,678",3,"2,667",8,47,"6,050",,,,,,,,,,,,,,,,,,
Sheffield,Yorkshire and the Humber,"5,199","4,982",4,213,"3,476",0,"3,471",5,43,"8,718",,,,,,,,,,,,,,,,,,
Shropshire,West Midlands,"2,301","2,075",16,210,"2,651",0,"2,646",5,97,"5,049",,,,,,,,,,,,,,,,,,
Slough,South East,374,357,1,16,"1,149",1,"1,148",..,34,"1,557",,,,,,,,,,,,,,,,,,
Solihull,West Midlands,"1,361","1,256",3,102,"2,685",0,"2,679",6,34,"4,080",,,,,,,,,,,,,,,,,,
Somerset,South West,..,..,..,..,..,..,..,..,..,..,,,,,,,,,,,,,,,,,,
South Gloucestershire,South West,"1,390","1,274",10,106,"4,714",7,"4,707",..,32,"6,136",,,,,,,,,,,,,,,,,,
South Tyneside,North East,"1,583","1,516",6,61,"1,434",0,"1,432",2,11,"3,028",,,,,,,,,,,,,,,,,,
Southampton,South East,"1,601","1,486",9,106,"2,245",0,"2,241",4,41,"3,887",,,,,,,,,,,,,,,,,,
Southend,East of England,847,775,5,67,"1,910",0,"1,910",0,30,"2,787",,,,,,,,,,,,,,,,,,
Southwark,London,..,..,..,..,..,..,..,..,..,..,,,,,,,,,,,,,,,,,,
St. Helens,North West,"1,260","1,236",2,22,483,0,483,0,16,"1,759",,,,,,,,,,,,,,,,,,
Staffordshire,West Midlands,"6,337","6,071",21,245,"11,760",0,"11,760",0,239,"18,336",,,,,,,,,,,,,,,,,,
Stockport,North West,"1,910","1,812",7,91,"3,451",4,"3,447",0,59,"5,420",,,,,,,,,,,,,,,,,,
Stockton,North East,"1,627","1,568",15,44,"2,018",1,"2,012",5,15,"3,660",,,,,,,,,,,,,,,,,,
Stoke-on-Trent,West Midlands,"3,202","3,121",11,70,"1,951",0,"1,950",1,39,"5,192",,,,,,,,,,,,,,,,,,
Suffolk,East of England,"6,540","5,559",196,785,..,..,..,..,97,"6,637",,,,,,,,,,,,,,,,,,
Sunderland,North East,"2,581","2,473",17,91,"2,558",1,"2,555",2,32,"5,171",,,,,,,,,,,,,,,,,,
Surrey,South East,"4,172","3,670",57,445,"14,588",0,"14,588",..,"2,000","20,760",,,,,,,,,,,,,,,,,,
Sutton,London,759,681,2,76,759,5,739,15,65,"1,583",,,,,,,,,,,,,,,,,,
Swindon,South West,873,781,5,87,"2,266",9,"2,256",1,15,"3,154",,,,,,,,,,,,,,,,,,
Tameside,North West,"2,956",..,..,..,..,..,..,..,..,"2,956",,,,,,,,,,,,,,,,,,
Telford and the Wrekin,West Midlands,246,231,2,13,439,0,439,0,0,685,,,,,,,,,,,,,,,,,,
Thurrock,East of England,936,914,1,21,27,0,13,14,14,977,,,,,,,,,,,,,,,,,,
Torbay,South West,"1,224","1,098",0,126,6,0,0,6,58,"1,288",,,,,,,,,,,,,,,,,,
Tower Hamlets,London,874,827,1,46,639,0,634,5,9,"1,522",,,,,,,,,,,,,,,,,,
Trafford,North West,..,..,..,..,..,..,..,..,..,..,,,,,,,,,,,,,,,,,,
Wakefield,Yorkshire and the Humber,"3,852","3,773",13,66,"4,461",0,"4,446",15,38,"8,351",,,,,,,,,,,,,,,,,,
Walsall,West Midlands,"2,081","1,991",11,79,"3,518",5,"3,513",..,46,"5,645",,,,,,,,,,,,,,,,,,
Waltham Forest,London,"1,234","1,154",0,80,"1,822",0,"1,822",0,34,"3,090",,,,,,,,,,,,,,,,,,
Wandsworth,London,947,868,0,79,"1,394",0,"1,394",0,13,"2,354",,,,,,,,,,,,,,,,,,
Warrington,North West,"1,752","1,729",3,20,"2,344",..,..,..,1,"4,097",,,,,,,,,,,,,,,,,,
Warwickshire,West Midlands,"1,874","1,623",36,215,"8,909",4,"8,705",200,50,"10,833"
West Berkshire,South East,490,436,6,48,"1,463",0,"1,462",1,40,"1,993"
West Sussex,South East,..,..,..,..,..,..,..,..,..,..
Westminster,London,..,..,..,..,..,..,..,..,..,..
Wigan,North West,"3,427","3,355",14,58,"5,003",0,"5,003",0,..,"8,430"
Wiltshire,South West,297,255,13,29,"8,746",..,..,..,62,"9,105"
Windsor & Maidenhead,South East,..,..,..,..,..,..,..,..,..,..
Wirral,North West,"3,714","3,553",21,140,"3,436",1,"3,435",0,25,"7,175"
Wokingham,South East,..,..,..,..,..,..,..,..,..,..
Wolverhampton,West Midlands,"2,158","2,097",0,61,"1,712",0,"1,712",0,19,"3,889"
Worcestershire,West Midlands,"3,952","3,685",50,217,"6,928",9,"6,913",6,74,"10,954"
York,Yorkshire and the Humber,944,850,0,94,"2,085",..,..,..,41,"3,070"
1 Issued between 1 April 2008 and 31 March 2009,,,,,,,,,,,Source: DfT Blue Badge Survey
2 On higher Rate Mobility Component of the Disability Living Allowance,,,,,,,,,,,Last updated: 17 November 2011
3 On War Pensioner's Supplement,,,,,,,,,,,Next update: Autumn 2012
"4 Children under the age of two who are dependent upon bulky medical equipment, or need to be near their vehicle in case they need emergency medical treatment",,,,,,,,,,,
"5 Motorists with very severe disabilitites in  both arms (who are unable to operate, or have considerable difficulty in operating, all or some types of parking meters)",,,,,
6 People who have a permanent and substantial disability which causes inability to walk or very considerable difficulty in walking,,,,,
"7 Figures are only shown where an authority supplied raw data, therefore figures in this table will not necessarily sum to regional and national totals shown elsewhere, which include imputed values where raw data is missing.",,,,,
Telephone: 020 7944 4139,,,,,
Email: parking.data@dft.gsi.gov.uk,,,,,
Notes & definitions (http://assets.dft.gov.uk/statistics/series/disabled-parking-badges/documentation.pdf),,,,,
,,,,,
