Department for Transport statistics,,,,,,,,,,,,,,,,,,,,,,,,,,,,
Blue Badge Statistics (http://www.dft.gov.uk/statistics/series/disabled-parking-badges),,,,,,,,,,,,,,,,,,,,,,,,,,,,
Table DIS0207,,,,,,,,,,,,,,,,,,,,,,,,,,,,
"Medical assessments, England by Local Authority, during 2009/101,3",,,,,,,,,,,,,,,,,,,,,,,,,,,,
The figures in this table fall outside the scope of National Statistics,,,,,,,,,,,,,,,,,,,,,,,,,,,,
,,,,,,Number,,,,,,,,,,,,,,,,,,,,,,
Local Authority,Region,Total medical assessments conducted2,Medical assessments conducted made by the applicant's GP,Of which resulted in the applicant receiving a badge,Medical assessments conducted made by an independent medical professional,Of which resulted in the applicant receving a badge,,,,,,,,,,,,,,,,,,,,,,
Barking and Dagenham,London,0,0,..,0,..,,,,,,,,,,,,,,,,,,,,,,
Barnet,London,..,..,..,..,..,,,,,,,,,,,,,,,,,,,,,,
Barnsley,Yorkshire and the Humber,2181,2181,2181,0,..,,,,,,,,,,,,,,,,,,,,,,
Bath & NE Somerset,South West,..,..,..,..,..,,,,,,,,,,,,,,,,,,,,,,
Bedford,East of England,295,295,247,0,..,,,,,,,,,,,,,,,,,,,,,,
Bexley,London,2081,2061,2001,20,5,,,,,,,,,,,,,,,,,,,,,,
Birmingham,West Midlands,..,..,..,..,..,,,,,,,,,,,,,,,,,,,,,,
Blackburn with Darwen,North West,136,136,120,0,..,,,,,,,,,,,,,,,,,,,,,,
Blackpool,North West,85,0,..,85,44,,,,,,,,,,,,,,,,,,,,,,
Bolton,North West,..,..,..,..,..,,,,,,,,,,,,,,,,,,,,,,,,,
Bournemouth,South West,1093,1093,..,0,..,,,,,,,,,,,,,,,,,,,,,,,,,
Bracknell Forest,South East,..,..,..,..,..,,,,,,,,,,,,,,,,,,,,,,,,,
Bradford,Yorkshire and the Humber,1325,0,..,1325,972,,,,,,,,,,,,,,,,,,,,,,,,,
Brent,London,..,..,..,..,..,,,,,,,,,,,,,,,,,,,,,,,,,
Brighton & Hove,South East,..,..,..,..,..,,,,,,,,,,,,,,,,,,,,,,,,,
Bristol,South West,..,..,..,..,..,,,,,,,,,,,,,,,,,,,,,,,,,
Bromley,London,0,0,..,0,..,,,,,,,,,,,,,,,,,,,,,,,,,
Buckinghamshire,South East,1573,1573,1270,0,..,,,,,,,,,,,,,,,,,,,,,,,,,
Bury,North West,..,..,..,..,..,,,,,,,,,,,,,,,,,,,,,,,,,
Calderdale,Yorkshire and the Humber,977,977,974,0,..,,,,,,,,,,,,,,,,,,,,,,,,,
Cambridgeshire,East of England,..,..,..,..,..,,,,,,,,,,,,,,,,,,,,,,,,,
Camden,London,..,..,..,..,..,,,,,,,,,,,,,,,,,,,,,,,,,
Central Bedfordshire,East of England,1424,1424,1417,0,..,,,,,,,,,,,,,,,,,,,,,,,,,
Cheshire East,North West,6461,6461,6188,0,..,,,,,,,,,,,,,,,,,,,,,,,,,
Cheshire West and Chester,North West,4215,4215,3958,0,..,,,,,,,,,,,,,,,,,,,,,,,,,
City of London,London,15,11,9,4,3,,,,,,,,
Cornwall,South West,..,..,..,..,..,,,,,,,,
Coventry,West Midlands,..,..,..,..,..,,,,,,,,
Croydon,London,1585,1033,879,552,312,,,,,,,,
Cumbria,North West,2883,2883,2522,0,..,,,,,,,,
Darlington,North East,684,684,684,0,..,,,,,,,,
Derby,East Midlands,..,..,..,..,..,,,,,,,,
Derbyshire,East Midlands,4411,4411,4137,0,..,,,,,,,,
Devon,South West,..,..,..,..,..,,,,,,,,
Doncaster,Yorkshire and the Humber,95,90,85,5,5,,,,,,,,
Dorset,South West,7613,7608,7158,5,5,,,,,,,,
Dudley,West Midlands,4786,4786,4786,0,..,,,,,,,,
Durham,North East,1778,1778,1706,0,..,,,,,,,,
Ealing,London,..,..,..,..,..,,,,,,,,
East Riding of Yorkshire,Yorkshire and the Humber,0,0,..,0,..,,,,,,,,
East Sussex,South East,6399,6370,5778,29,9,,,,,,,,
Enfield,London,3628,0,..,3628,1915,,,,,,,,,,,,,,,,,,,,,,,,,
Essex,East of England,226,226,213,0,..,,,,,,,,,,,,,,,,,,,,,,,,,
Gateshead,North East,2471,2471,2459,0,..,,,,,,,,,,,,,,,,,,,,,,,,,
Gloucestershire,South West,8849,8849,8549,0,..,,,,,,,,,,,,,,,,,,,,,,,,,
Greenwich,London,1573,1573,1363,0,..,,,,,,,,,,,,,,,,,,,,,,,,,
Hackney,London,1371,1096,..,275,..,,,,,,,,,,,,,,,,,,,,,,,,,
Halton,North West,..,..,..,..,..,,,,,,,,,,,,,,,,,,,,,,,,,
Hammersmith and Fulham,London,520,0,..,520,..,,,,,,,,,,,,,,,,,,,,,,,,,
Hampshire,South East,3039,3039,2739,0,..,,,,,,,,,,,,,,,,,,,,,,,,,
Haringey,London,..,..,..,..,..,,,,,,,,,,,,,,,,,,,,,,,,,
Harrow,London,..,..,..,..,..,,,,,,,,,,,,,,,,,,,,,,,,,
Hartlepool,North East,1129,1114,997,15,15,,,,,,,,,,,,,,,,,,,,,,,,,
Havering,London,..,..,..,..,..,,,,,,,,,,,,,,,,,,,,,,,,,
Herefordshire,West Midlands,42,0,..,42,37,,,,,,,,,,,,,,,,,,,,,,,,,
Hertfordshire,East of England,..,..,..,..,..,,,,,,,,,,,,,,,,,,,,,,,,,
Hillingdon,London,..,..,..,..,..,,,,,,,,,,,,,,,,,,,,,,,,,
Hounslow,London,..,..,..,..,..,,,,,,,
Isle of Wight,South East,0,0,..,0,..,,,,,,,
Isles of Scilly,South West,4,0,..,4,4,,,,,,,
Islington,London,1186,1186,957,..,..,,,,,,,
Kensington and Chelsea,London,..,..,..,..,..,,,,,,,
Kent,South East,..,..,..,..,..,,,,,,,
Kingston upon Hull,Yorkshire and the Humber,197,197,148,0,..,,,,,,,
Kingston upon Thames,London,1242,0,..,1242,1125,,,,,,,
Kirklees,Yorkshire and the Humber,896,896,575,0,..,,,,,,,
Knowsley,North West,460,..,..,460,15,,,,,,,
Lambeth,London,..,..,..,..,..,,,,,,,
Lancashire,North West,6324,5724,2710,600,600,,,,,,,
Leeds,Yorkshire and the Humber,7578,7578,..,..,..,,,,,,,
Leicester,East Midlands,3532,3493,3055,39,29,,,,,,,
Leicestershire,East Midlands,..,..,..,..,..,,,,,,,
Lewisham,London,630,0,..,630,166,,,,,,,
Lincolnshire,East Midlands,250,210,207,40,..,,,,,,,,,,,,,,,,,,,,,,,,,
Liverpool,North West,3485,3485,..,..,..,,,,,,,,,,,,,,,,,,,,,,,,,
Luton,East of England,0,0,614,0,14,,,,,,,,,,,,,,,,,,,,,,,,,
Manchester,North West,1492,1254,993,238,153,,,,,,,,,,,,,,,,,,,,,,,,,
Medway Towns,South East,..,..,..,..,..,,,,,,,,,,,,,,,,,,,,,,,,,
Merton,London,..,..,..,..,..,,,,,,,,,,,,,,,,,,,,,,,,,
Middlesbrough,North East,1503,1503,1491,0,..,,,,,,,,,,,,,,,,,,,,,,,,,
Milton Keynes,South East,834,834,788,0,..,,,,,,,,,,,,,,,,,,,,,,,,,
Newcastle,North East,2285,2285,1991,0,..,,,,,,,,,,,,,,,,,,,,,,,,,
Newham,London,..,..,..,..,..,,,,,,,,,,,,,,,,,,,,,,,,,
Norfolk,East of England,..,..,..,..,..,,,,,,,,,,,,,,,,,,,,,,,,,
North East Lincolnshire,Yorkshire and the Humber,92,0,..,92,59,,,,,,,,,,,,,,,,,,,,,,,,,
North Lincolnshire,Yorkshire and the Humber,..,..,..,..,..,,,,,,,,,,,,,,,,,,,,,,,,,
North Somerset,South West,13,..,..,13,..,,,,,,,,,,,,,,,,,,,,,,,,,
North Tyneside,North East,1955,1955,1955,0,..,,,,,,,,,,,,,,,,,,,,,,,,,
North Yorkshire,Yorkshire and the Humber,..,..,..,..,..,,,,,,,,,,,,,,,,,,,,,,,,,
Northamptonshire,East Midlands,..,..,..,..,..,,,,,,,,,,,,,,,,,,,,,,,,,
Northumberland,North East,650,650,650,0,..,,,,,,,,,,,,,,,,,,,,,,,,,
Nottingham,East Midlands,..,..,..,..,..,,,,,,,,,,,,,,,,,,,,,,,,,
Nottinghamshire,East Midlands,2268,2256,2256,12,12,,,,,,,,,,,,,,,,,,,,,,,,,
Oldham,North West,1741,0,..,1741,1587,,,,,,,,,,,,,,,,,,,,,,,,,
Oxfordshire,South East,8148,8148,7770,0,..,,,,,,,,,,,,,,,,,,,,,,,,,
Peterborough,East of England,..,..,..,..,..,,,,,,,,,,,,,,,,,,,,,,,,,
Plymouth,South West,1684,966,875,718,703,,,,,,,,,,,,,,,,,,,,,,,,,
Poole,South West,2611,2611,2526,0,..,,,,,,,,,,,,,,,,,,,,,,,,,
Portsmouth,South East,2030,2030,..,0,..,,,,,,,,,,,,,,,,,,,,,,,,,
Reading,South East,..,..,..,..,..,,,,,,,,,,,,,,,,,,,,,,,,,
Redbridge,London,..,..,..,..,..,,,,,,,,,,,,,,,,,,,,,,,,,
Redcar & Cleveland,North East,2230,2230,..,0,..,,,,,,,,,,,,,,,,,,,,,,,,,
Richmond upon Thames,London,1374,1229,..,145,133,,,,,,,,,,,,,,,,,,,,,,,,,
Rochdale,North West,..,..,..,..,..,,,,,,,,,,,,,,,,,,,,,,,,,
Rotherham,Yorkshire and the Humber,0,0,..,0,..,,,,,,,,,,,,,,,,,,,,,,,,,
Rutland,East Midlands,..,..,572,..,..,,,,,,,
Salford,North West,2847,2847,2745,0,..,,,,,,,
Sandwell,West Midlands,662,662,253,0,..,,,,,,,
Sefton,North West,931,0,..,931,802,,,,,,,
Sheffield,Yorkshire and the Humber,2385,0,..,2385,1955,,,,,,,
Shropshire,West Midlands,1050,0,..,1050,832,,,,,,,
Slough,South East,975,975,886,0,..,,,,,,,
Solihull,West Midlands,2124,2124,1999,0,..,,,,,,,
Somerset,South West,..,..,..,..,..,,,,,,,
South Gloucestershire,South West,0,0,..,0,..,,,,,,,
South Tyneside,North East,1513,1513,1379,0,..,,,,,,,
Southampton,South East,1294,1294,1118,0,11,,,,,,,
Southend,East of England,204,183,151,21,21,,,,,,,
Southwark,London,..,..,..,..,..,,,,,,,
St. Helens,North West,..,..,..,..,..,,,,,,,
Staffordshire,West Midlands,8163,8163,8163,0,..,,,,,,,
Stockport,North West,3882,3843,3730,39,38,,,,,,,,,,,,,,,,,,,,,,,,,
Stockton,North East,2377,2377,2253,0,..,,,,,,,,,,,,,,,,,,,,,,,,,
Stoke-on-Trent,West Midlands,1785,0,..,1785,1521,,,,,,,,,,,,,,,,,,,,,,,,,
Suffolk,East of England,876,876,832,0,..,,,,,,,,,,,,,,,,,,,,,,,,,
Sunderland,North East,896,0,..,896,620,,,,,,,,,,,,,,,,,,,,,,,,,
Surrey,South East,954,0,..,954,664,,,,,,,,,,,,,,,,,,,,,,,,,
Sutton,London,..,..,..,..,..,,,,,,,,,,,,,,,,,,,,,,,,,
Swindon,South West,1831,1831,..,0,..,,,,,,,,,,,,,,,,,,,,,,,,,
Tameside,North West,..,..,..,..,..,,,,,,,,,,,,,,,,,,,,,,,,,
Telford and the Wrekin,West Midlands,272,0,..,272,81,,,,,,,,,,,,,,,,,,,,,,,,,
Thurrock,East of England,1643,1643,1636,0,..,,,,,,,,,,,,,,,,,,,,,,,,,
Torbay,South West,0,0,..,0,..,,,,,,,,,,,,,,,,,,,,,,,,,
Tower Hamlets,London,551,0,..,551,354,,,,,,,,,,,,,,,,,,,,,,,,,
Trafford,North West,2993,2993,2602,0,..,,,,,,,,,,,,,,,,,,,,,,,,,
Wakefield,Yorkshire and the Humber,1538,1538,1538,..,..,,,,,,,,,,,,,,,,,,,,,,,,,
Walsall,West Midlands,2965,0,..,2965,2890,,,,,,,,,,,,,,,,,,,,,,,,,
Waltham Forest,London,0,0,..,0,..,,,,,,,,,,,,,,,,,,,,,,,,,
Wandsworth,London,1718,913,889,805,596,,,,,,,,,,,,,,,,,,,,,,,,,
Warrington,North West,1828,1761,1738,67,67,,,,,,,,,,,,,,,,,,,,,,,,,
Warwickshire,West Midlands,..,..,..,..,..,,,,,,,,,,,,,,,,,,,,,,,,,
West Berkshire,South East,1585,0,..,1585,1522,,,,,,,,,,,,,,,,,,,,,,,,,
West Sussex,South East,..,..,..,..,..,,,,,,,,,,,,,,,,,,,,,,,,,
Westminster,London,663,..,..,663,451,,,,,,,,,,,,,,,,,,,,,,,,,
Wigan,North West,736,0,..,736,378,,,,,,,,,,,,,,,,,,,,,,,,,
Wiltshire,South West,..,0,..,..,..,,,,,,,,,,,,,,,,,,,,,,,,,
Windsor & Maidenhead,South East,..,..,..,..,..,,,,,,,,,,,,,,,,,,,,,,,,,
Wirral,North West,4067,4067,4067,0,..,,,,,,,,,,,,,,,,,,,,,,,,,
Wokingham,South East,61,0,..,61,..,,,,,,,,,,,,,,,,,,,,,,,,,
Wolverhampton,West Midlands,418,0,..,418,..,,,,,,,,,,,,,,,,,,,,,,,,,
Worcestershire,West Midlands,0,0,..,0,..,,,,,,,,,,,,,,,,,,,,,,,,,
York,Yorkshire and the Humber,2039,0,..,2039,1909,,,,,,,,,,,,,,,,,,,,,,,,,
1 Medical assessments conducted between 1 April 2009 and 31 March 2010.,,,,,,,,,,,,,,,,,,,,,,,,,,,,,,,
2 Applicants not automatically eligible for a badge are assessed by the Local Authority for eligibility. This may be a desk-based assessment or a medical assessment.,,,,,,,,,,,,,,,,
"   Medical assessments may be conducted by the applicant's GP, or by an independent medical professional.",,,,,,,,,,,,,,,,
"3 Figures are only shown where an authority supplied raw data, therefore figures in this table will not necessarily sum to regional and national totals",,,,,,,,,,,,,,,,
" shown elsewhere, which include imputed values where raw data is missing.",,,,,,,,,,,,,,,,
Source: DfT Blue Badge Survey,,,,,,,,,,,,,,,,
Last updated: 17 November 2011,,,,,,,,,,,,,,,,
Next update: Autumn 2012,,,,,,,,,,,,,,,,
Telephone: 020 7944 4139,,,,,,,,,,,,,,,,
Email: parking.data@dft.gsi.gov.uk,,,,,,,,,,,,,,,,
Notes & definitions (http://assets.dft.gov.uk/statistics/series/disabled-parking-badges/documentation.pdf),,,,,,,,,,,,,,,,
,,,,,,,,,,,,,,,,
