Department for Transport statistics,,,,,,,,,,,,,,,,,,,,,,,,,,,,
Blue Badge Statistics (http://www.dft.gov.uk/statistics/series/disabled-parking-badges),,,,,,,,,,,,,,,,,,,,,,,,,,,,
Table DIS0207,,,,,,,,,,,,,,,,,,,,,,,,,,,,
"Medical assessments, England by Local Authority, during 2008/091,2",,,,,,,,,,,,,,,,,,,,,,,,,,,,
The figures in this table fall outside the scope of National Statistics,,,,,,,,,,,,,,,,,,,,,,,,,,,,
Local Authority,Region,Total medical assessments conducted,Medical assessments conducted by the applicant's GP,Of which resulted in the applicant receiving a badge,Medical assessments conducted by an independent medical professional,Of which resulted in the applicant receving a badge,,,,,,,,,,,,,,,,,,,,,,
Barking and Dagenham,London,0,0,0,0,0,,,,,,,,,,,,,,,,,,,,,,
Barnet,London,..,..,..,..,..,,,,,,,,,,,,,,,,,,,,,,
Barnsley,Yorkshire and the Humber,2269,2269,2061,0,0,,,,,,,,,,,,,,,,,,,,,,
Bath & NE Somerset,South West,..,..,..,0,0,,,,,,,,,,,,,,,,,,,,,,
Bedfordshire exc Luton,East of England,..,..,..,..,..,,,,,,,,,,,,,,,,,,,,,,
Bexley,London,1207,1207,1116,0,0,,,,,,,,,,,,,,,,,,,,,,
Birmingham,West Midlands,..,..,..,..,..,,,,,,,,,,,,,,,,,,,,,,
Blackburn with Darwen,North West,87,87,..,..,..,,,,,,,,,,,,,,,,,,,,,,
Blackpool,North West,238,238,227,0,0,,,,,,,,,,,,,,,,,,,,,,
Bolton,North West,130,60,50,70,60,,,,,,,,,,,,,,,,,,,,,,
Bournemouth,South West,2530,2530,2463,0,0,,,,,,,,,,,,,,,,,,,,,,,,,
Bracknell Forest,South East,838,28,28,810,783,,,,,,,,,,,,,,,,,,,,,,,,,
Bradford,Yorkshire and the Humber,1370,0,0,1370,972,,,,,,,,,,,,,,,,,,,,,,,,,
Brent,London,973,0,0,714,259,,,,,,,,,,,,,,,,,,,,,,,,,
Brighton & Hove,South East,..,..,..,..,..,,,,,,,,,,,,,,,,,,,,,,,,,
Bristol,South West,..,..,..,..,..,,,,,,,,,,,,,,,,,,,,,,,,,
Bromley,London,..,..,..,..,..,,,,,,,,,,,,,,,,,,,,,,,,,
Buckinghamshire,South East,1600,1600,1550,0,0,,,,,,,,,,,,,,,,,,,,,,,,,
Bury,North West,180,0,0,180,70,,,,,,,,,,,,,,,,,,,,,,,,,
Calderdale,Yorkshire and the Humber,892,892,887,0,0,,,,,,,,,,,,,,,,,,,,,,,,,
Cambridgeshire,East of England,..,..,..,..,..,,,,,,,,,,,,,,,,,,,,,,,,,
Camden,London,2482,182,182,2300,1737,,,,,,,,,,,,,,,,,,,,,,,,,
Cheshire,North West,8738,8738,8398,0,0,,,,,,,,,,,,,,,,,,,,,,,,,
City of London,London,10,7,5,3,3,,,,,,,,,,,,,,,,,,,,,,,,,
Cornwall,South West,..,..,..,..,..,,,,,,,,,,,,,,,,,,,,,,,,,
Coventry,West Midlands,396,0,0,396,360,,,,,,,,,,,,,,,,,,,,,,,,,
Croydon,London,1557,1166,1108,391,208,,,,,,,,
Cumbria,North West,1759,1759,1538,0,0,,,,,,,,
Darlington,North East,439,439,439,0,0,,,,,,,,
Derby,East Midlands,..,..,..,..,..,,,,,,,,
Derbyshire,East Midlands,4513,4513,4329,0,0,,,,,,,,
Devon,South West,850,0,0,850,483,,,,,,,,
Doncaster,Yorkshire and the Humber,..,..,..,..,..,,,,,,,,
Dorset,South West,7285,7285,6835,0,0,,,,,,,,
Dudley,West Midlands,4498,4498,4498,0,0,,,,,,,,
Durham,North East,2365,2365,2159,0,0,,,,,,,,
Ealing,London,..,..,..,..,..,,,,,,,,
East Riding of Yorkshire,Yorkshire and the Humber,..,..,..,..,..,,,,,,,,
East Sussex,South East,4464,4457,4338,7,3,,,,,,,,
Enfield,London,3045,0,0,3045,867,,,,,,,,
Essex,East of England,..,..,..,..,..,,,,,,,,
Gateshead,North East,2478,2478,2354,0,0,,,,,,,,
Gloucestershire,South West,9020,9020,8800,0,0,,,,,,,,,,,,,,,,,,,,,,,,,
Greenwich,London,..,..,..,..,..,,,,,,,,,,,,,,,,,,,,,,,,,
Hackney,London,..,..,..,..,..,,,,,,,,,,,,,,,,,,,,,,,,,
Halton,North West,..,..,..,..,..,,,,,,,,,,,,,,,,,,,,,,,,,
Hammersmith and Fulham,London,375,0,0,375,275,,,,,,,,,,,,,,,,,,,,,,,,,
Hampshire,South East,1440,1440,1368,0,0,,,,,,,,,,,,,,,,,,,,,,,,,
Haringey,London,..,..,..,..,..,,,,,,,,,,,,,,,,,,,,,,,,,
Harrow,London,26,13,13,13,13,,,,,,,,,,,,,,,,,,,,,,,,,
Hartlepool,North East,826,826,697,0,0,,,,,,,,,,,,,,,,,,,,,,,,,
Havering,London,956,956,956,..,..,,,,,,,,,,,,,,,,,,,,,,,,,
Herefordshire,West Midlands,39,0,0,39,10,,,,,,,,,,,,,,,,,,,,,,,,,
Hertfordshire,East of England,..,..,..,..,..,,,,,,,,,,,,,,,,,,,,,,,,,
Hillingdon,London,..,..,..,..,..,,,,,,,,,,,,,,,,,,,,,,,,,
Hounslow,London,..,..,..,..,..,,,,,,,,,,,,,,,,,,,,,,,,,
Isle of Wight,South East,1726,0,0,1726,1719,,,,,,,,,,,,,,,,,,,,,,,,,
Isles of Scilly,South West,2,0,0,2,0,,,,,,,,,,,,,,,,,,,,,,,,,
Islington,London,..,..,..,..,..,,,,,,,
Kensington and Chelsea,London,..,..,..,..,..,,,,,,,
Kent,South East,..,..,..,..,..,,,,,,,
Kingston upon Hull,Yorkshire and the Humber,29,29,26,0,0,,,,,,,
Kingston upon Thames,London,0,0,0,0,0,,,,,,,
Kirklees,Yorkshire and the Humber,..,..,..,..,..,,,,,,,
Knowsley,North West,324,0,0,324,314,,,,,,,
Lambeth,London,..,..,..,..,..,,,,,,,
Lancashire,North West,..,..,..,0,0,,,,,,,
Leeds,Yorkshire and the Humber,7578,7578,6870,0,0,,,,,,,
Leicester,East Midlands,2961,2933,2470,28,21,,,,,,,
Leicestershire,East Midlands,..,..,..,..,..,,,,,,,
Lewisham,London,658,0,0,658,494,,,,,,,
Lincolnshire,East Midlands,120,120,72,0,0,,,,,,,
Liverpool,North West,..,..,..,..,..,,,,,,,
Luton,East of England,0,..,0,0,0,,,,,,,
Manchester,North West,1734,..,..,..,..,,,,,,,,,,,,,,,,,,,,,,,,,
Medway Towns,South East,..,..,..,..,..,,,,,,,,,,,,,,,,,,,,,,,,,
Merton,London,1858,1858,1674,..,..,,,,,,,,,,,,,,,,,,,,,,,,,
Middlesbrough,North East,1398,1398,1382,0,0,,,,,,,,,,,,,,,,,,,,,,,,,
Milton Keynes,South East,2372,2372,2252,0,0,,,,,,,,,,,,,,,,,,,,,,,,,
Newcastle,North East,1890,1890,1700,0,0,,,,,,,,,,,,,,,,,,,,,,,,,
Newham,London,2,1,1,1,1,,,,,,,,,,,,,,,,,,,,,,,,,
Norfolk,East of England,1796,1793,1189,3,1,,,,,,,,,,,,,,,,,,,,,,,,,
North East Lincolnshire,Yorkshire and the Humber,90,90,36,0,0,,,,,,,,,,,,,,,,,,,,,,,,,
North Lincolnshire,Yorkshire and the Humber,..,..,..,..,..,,,,,,,,,,,,,,,,,,,,,,,,,
North Somerset,South West,..,..,..,..,..,,,,,,,,,,,,,,,,,,,,,,,,,
North Tyneside,North East,2005,2005,2005,0,0,,,,,,,,,,,,,,,,,,,,,,,,,
North Yorkshire,Yorkshire and the Humber,..,0,0,2368,0,,,,,,,,,,,,,,,,,,,,,,,,,
Northamptonshire,East Midlands,..,..,..,..,..,,,,,,,,,,,,,,,,,,,,,,,,,
Northumberland,North East,815,815,815,0,0,,,,,,,,,,,,,,,,,,,,,,,,,
Nottingham,East Midlands,..,..,..,..,..,,,,,,,,,,,,,,,,,,,,,,,,,
Nottinghamshire,East Midlands,0,0,0,0,0,,,,,,,,,,,,,,,,,,,,,,,,,
Oldham,North West,1783,790,717,993,927,,,,,,,,,,,,,,,,,,,,,,,,,
Oxfordshire,South East,4515,4515,3202,0,0,,,,,,,,,,,,,,,,,,,,,,,,,
Peterborough,East of England,2125,2125,2045,0,0,,,,,,,,,,,,,,,,,,,,,,,,,
Plymouth,South West,1160,1160,1020,0,0,,,,,,,,,,,,,,,,,,,,,,,,,
Poole,South West,0,0,0,0,0,,,,,,,,,,,,,,,,,,,,,,,,,
Portsmouth,South East,1000,1000,..,..,..,,,,,,,,,,,,,,,,,,,,,,,,,
Reading,South East,..,..,..,..,..,,,,,,,,,,,,,,,,,,,,,,,,,
Redbridge,London,..,..,..,..,..,,,,,,,,,,,,,,,,,,,,,,,,,
Redcar & Cleveland,North East,497,..,..,..,..,,,,,,,,,,,,,,,,,,,,,,,,,
Richmond upon Thames,London,120,0,0,120,60,,,,,,,,,,,,,,,,,,,,,,,,,
Rochdale,North West,..,..,..,..,..,,,,,,,,,,,,,,,,,,,,,,,,,
Rotherham,Yorkshire and the Humber,..,..,..,..,..,,,,,,,,,,,,,,,,,,,,,,,,,
Rutland,East Midlands,..,..,..,..,..,,,,,,,,,,,,,,,,,,,,,,,,,
Salford,North West,2882,2882,2784,0,0,,,,,,,,,,,,,,,,,,,,,,,,,
Sandwell,West Midlands,964,964,964,0,0,,,,,,,,,,,,,,,,,,,,,,,,,
Sefton,North West,1188,..,..,1188,1048,,,,,,,,,,,,,,,,,,,,,,,,,
Sheffield,Yorkshire and the Humber,1978,0,0,1978,1560,,,,,,,,,,,,,,,,,,,,,,,,,
Shropshire,West Midlands,1250,0,0,1250,1092,,,,,,,,,,,,,,,,,,,,,,,,,
Slough,South East,1207,1207,1147,0,0,,,,,,,,,,,,,,,,,,,,,,,,,
Solihull,West Midlands,2027,2027,1885,..,..,,,,,,,,,,,,,,,,,,,,,,,,,
Somerset,South West,..,..,..,..,..,,,,,,,,,,,,,,,,,,,,,,,,,
South Gloucestershire,South West,..,..,..,..,..,,,,,,,,,,,,,,,,,,,,,,,,,
South Tyneside,North East,1685,1685,1407,0,0,,,,,,,,,,,,,,,,,,,,,,,,,
Southampton,South East,1086,1086,871,0,0,,,,,,,,,,,,,,,,,,,,,,,,,
Southend,East of England,0,0,0,0,0,,,,,,,,,,,,,,,,,,,,,,,,,
Southwark,London,..,..,..,..,..,,,,,,,,,,,,,,,,,,,,,,,,,
St. Helens,North West,..,..,..,..,..,,,,,,,,,,,,,,,,,,,,,,,,,
Staffordshire,West Midlands,3693,3693,3693,0,0,,,,,,,,,,,,,,,,,,,,,,,,,
Stockport,North West,3549,3514,3396,35,34,,,,,,,,,,,,,,,,,,,,,,,,,
Stockton,North East,2303,2208,2017,95,95,,,,,,,,,,,,,,,,,,,,,,,,,
Stoke-on-Trent,West Midlands,2425,0,0,2425,1827,,,,,,,,,,,,,,,,,,,,,,,,,
Suffolk,East of England,0,0,0,0,0,,,,,,,,,,,,,,,,,,,,,,,,,
Sunderland,North East,781,0,0,781,409,,,,,,,,,,,,,,,,,,,,,,,,,
Surrey,South East,2057,0,0,2057,1027,,,,,,,,,,,,,,,,,,,,,,,,,
Sutton,London,460,460,160,0,0,,,,,,,,,,,,,,,,,,,,,,,,,
Swindon,South West,1479,1479,1301,0,0,,,,,,,,,,,,,,,,,,,,,,,,,
Tameside,North West,..,..,..,..,..,,,,,,,,,,,,,,,,,,,,,,,,,
Telford and the Wrekin,West Midlands,288,0,0,288,140,,,,,,,,,,,,,,,,,,,,,,,,,
Thurrock,East of England,1067,1067,0,0,0,,,,,,,,,,,,,,,,,,,,,,,,,
Torbay,South West,0,0,0,0,0,,,,,,,,,,,,,,,,,,,,,,,,,
Tower Hamlets,London,..,..,..,..,..,,,,,,,,,,,,,,,,,,,,,,,,,
Trafford,North West,..,..,..,..,..,,,,,,,,,,,,,,,,,,,,,,,,,
Wakefield,Yorkshire and the Humber,1577,1577,1577,..,..,,,,,,,,,,,,,,,,,,,,,,,,,
Walsall,West Midlands,..,0,0,0,0,,,,,,,,,,,,,,,,,,,,,,,,,
Waltham Forest,London,0,0,0,0,0,,,,,,,,,,,,,,,,,,,,,,,,,
Wandsworth,London,1935,1500,1394,435,330,,,,,,,,,,,,,,,,,,,,,,,,,
Warrington,North West,1730,1625,1583,105,105,,,,,,,,,,,,,,,,,,,,,,,,,
Warwickshire,West Midlands,176,176,151,0,0,,,,,,,,,,,,,,,,,,,,,,,,
West Berkshire,South East,1506,569,544,937,919,,,,,,,,,,,,,,,,,,,,,,,,
West Sussex,South East,0,0,0,0,0,,,,,,,,,,,,,,,,,,,,,,,,
Westminster,London,..,..,..,..,..,,,,,,,,,,,,,,,,,,,,,,,,
Wigan,North West,..,..,..,..,..,,,,,,,,,,,,,,,,,,,,,,,,
Wiltshire,South West,28,0,0,28,15,,,,,,,,,,,,,,,,,,,,,,,,
Windsor & Maidenhead,South East,..,..,..,..,..,,,,,,,,,,,,,,,,,,,,,,,,
Wirral,North West,3436,3436,3422,0,0,,,,,,,,,,,,,,,,,,,,,,,,
Wokingham,South East,52,0,0,52,52,,,,,,,,,,,,,,,,,,,,,,,,
Wolverhampton,West Midlands,..,..,..,..,1028,,,,,,,,,,,,,,,,,,,,,,,,
Worcestershire,West Midlands,0,0,0,0,0,,,,,,,,,,,,,,,,,,,,,,,,
York,Yorkshire and the Humber,1912,0,0,1912,1868,,,,,,,,,,,,,,,,,,,,,,,,
1 Medical assessments conducted between 1 April 2008 and 31 March 2009.,,,,,,Source: DfT Blue Badge Survey,,,,,,,,,,,,,,,,,,,,,,,,
"2 Figures are only shown where an authority supplied raw data, therefore figures in this table will not necessarily sum to regional/national totals",,,,,,Last updated: 17 November 2011,,,,,,,,,,,,,,,,,,,,,,,,
" shown elsewhere, which include imputed values where raw data is missing.",,,,,,Next Updated: Autumn 2012,,,,,,,,,,,,,,,,,,,,,,,,
Telephone: 020 7944 4139,,,,,,,,,,,,,,,,,,,,,,,,,,,,,,
Email: parking.data@dft.gsi.gov.uk,,,,,,
Notes & definitions (http://assets.dft.gov.uk/statistics/series/disabled-parking-badges/documentation.pdf),,,,,,
,,,,,,
,,,,,,
,,,,,,
,,,,,,
,,,,,,
