Department for Transport statistics,,,,,,
Blue Badge Statistics (http://www.dft.gov.uk/statistics/series/disabled-parking-badges),,,,,,
Table DIS0105,,,,,,
"Valid Blue Badges held and population measures by region in England, 20111",,,,,,
,,,,,,Thousands/percentage
Region,Valid Blue Badges1,Retired population2,Ratio of retired people to badge holders,Badge holders as a percentage of the population,Retired people as a percentage of the population,Total population
North East,148,533, 3.6 : 1 ,5.7,20.4,"2,607"
North West,403,"1,378", 3.4 : 1 ,5.8,19.9,"6,936"
Yorkshire and the Humber,244,"1,031", 4.2 : 1 ,4.6,19.4,"5,301"
East Midlands,264,915, 3.5 : 1 ,5.9,20.4,"4,481"
West Midlands,283,"1,106", 3.9 : 1 ,5.2,20.3,"5,455"
East of England,263,"1,209", 4.6 : 1 ,4.5,20.7,"5,832"
South East,416,"1,742", 4.2 : 1 ,4.9,20.4,"8,523"
South West,293,"1,220", 4.2 : 1 ,5.6,23.1,"5,274"
London,247,"1,078", 4.4 : 1 ,3.2,13.8,"7,825"
England,"2,561","10,211", 4.0 : 1 ,4.9,19.5,"52,234"
1 Blue Badge counts are at 31 March in year shown. Population estimates relate to mid-point of previous calendar year.
2 The retired population is defined as men aged 65 or over and women aged 60 or over.
"Source: DfT Blue Badge Survey, Office for National Statistics population estimates"
Last updated: 17 November 2011
Next update: Autumn 2012
Telephone: 020 7944 4139
Email: parking.data@dft.gsi.gov.uk
Notes & definitions (http://assets.dft.gov.uk/statistics/series/disabled-parking-badges/documentation.pdf)
The figures in this table are National Statistics
