Department for Transport statistics,,,,,,,
Blue Badge Statistics (http://www.dft.gov.uk/statistics/series/disabled-parking-badges),,,,,,,
Table DIS0109,,,,,,,
"Valid Blue Badges held1,3 and population measures: England, by Local Authority 2009",,,,,,,
The figures in this table fall outside the scope of National Statistics,,,,,,,Thousands/percentage
Local Authority,Region,Number of valid parking badges on issue at 31 March1,Number of retired people2,Ratio of retired people to badge holders,Badge holders as a percentage of the population,Retired people as a percentage of the population,Total population
Bath & NE Somerset,South West,..,31, .. ,..,17.1,180
Barking and Dagenham,London,6.5,20,3.1 : 1,3.9,12,169
Barnet,London,..,46,..,..,13.9,332
Barnsley,Yorkshire and the Humber,14,37,2.6 : 1,6.2,16.3,226
Bedfordshire,East of England,..,61,..,..,14.8,411
Bexley,London,11.6,36,3.1 : 1,5.2,16.1,223
Birmingham,West Midlands,..,136,..,..,13.4,"1,017"
Blackburn with Darwen,North West,10,18,1.8 : 1,7.1,12.8,141
Blackpool,North West,9.2,27,2.9 : 1,6.5,19,142
Bolton,North West,9,40,4.5 : 1,3.4,15.4,263
Bournemouth,South West,11.9,32,2.7 : 1,7.2,19.5,164
Bracknell Forest,South East,3.3,14,4.1 : 1,2.9,11.8,115
Bradford,Yorkshire and the Humber,15.3,68,4.4 : 1,3,13.5,502
Brent,London,7.2,32,4.5 : 1,2.7,12,271
Brighton & Hove,South East,..,37,..,..,14.2,257
Bristol,South West,..,55,..,..,13,421
Bromley,London,..,50,..,..,16.6,303
Buckinghamshire,South East,..,78,..,..,15.8,493
Bury,North West,6,28,4.7 : 1,3.3,15.4,183
Calderdale,Yorkshire and the Humber,9.8,31,3.2 : 1,4.9,15.4,202
Cambridgeshire,East of England,..,93,..,..,15.4,605
Camden,London,5.5,21,3.8 : 1,2.3,8.9,236
Cheshire,North West,..,124,..,..,18,690
City of London,London,..,1,..,0,13.5,8
Cornwall,South West,34,110,3.2 : 1,6.4,20.7,532
Coventry,West Midlands,..,46,..,..,14.8,310
Croydon,London,10.6,44,4.2 : 1,3.1,12.9,342
Cumbria,North West,30.6,98,3.2 : 1,6.2,19.7,497
Darlington,North East,6.6,17,2.6 : 1,6.5,17.2,101
Derby,East Midlands,..,37,..,..,15.7,239
Derbyshire,East Midlands,..,134,..,..,17.6,762
Devon,South West,..,160,..,..,21.3,755
Doncaster,Yorkshire and the Humber,15.9,49,3.1 : 1,5.5,16.9,292
Dorset,South West,..,99,..,..,24.4,408
Dudley,West Midlands,19.3,55,2.9 : 1,6.3,18,306
Durham,North East,..,87,..,..,17.2,508
Ealing,London,5.7,35,6.2 : 1,1.8,11.3,309
East Riding of Yorkshire,Yorkshire and the Humber,7.5,67,9.0 : 1,2.2,20,335
East Sussex,South East,..,116,..,..,22.8,510
Enfield,London,1.8,38,21.5 : 1,0.6,13.3,288
Essex,East of England,..,242,..,..,17.4,"1,396"
Gateshead,North East,10.2,34,3.3 : 1,5.3,17.7,191
Gloucestershire,South West,28.1,106,3.8 : 1,4.8,18.3,583
Greenwich,London,..,26,..,..,11.6,223
Hackney,London,..,18,..,..,8.6,212
Halton,North West,7.8,17,2.1 : 1,6.6,14.1,120
Hammersmith and Fulham,London,..,18,..,..,10.2,172
Hampshire,South East,..,226,..,..,17.6,"1,286"
Haringey,London,..,21,..,..,9.3,226
Harrow,London,..,31,..,..,14.3,216
Hartlepool,North East,4.5,15,3.3 : 1,4.9,16.2,92
Havering,London,..,40,..,..,17.5,230
Herefordshire,West Midlands,6.3,38,6.0 : 1,3.5,21.1,179
Hertfordshire,East of England,..,165,..,..,15.3,"1,078"
Hillingdon,London,10.1,34,3.4 : 1,4,13.4,253
Hounslow,London,..,24,..,..,10.8,223
Hull,Yorkshire and the Humber,11.1,36,3.3 : 1,4.3,14,259
Isle of Wight,South East,7.7,32,4.2 : 1,5.5,23,140
Isles of Scilly,South West,0,0,23.9 : 1,0.9,22.4,2
Islington,London,..,17,..,0,8.8,191
Kensington and Chelsea,London,..,23,..,..,12.9,180
Kent,South East,..,247,..,..,17.6,"1,407"
Kingston upon Thames,London,4.9,19,4.0 : 1,3,12.1,160
Kirklees,Yorkshire and the Humber,..,59,..,..,14.6,404
Knowsley,North West,8.3,23,2.8 : 1,5.5,15.3,151
Lambeth,London,..,23,..,..,8.4,275
Lancashire,North West,..,203,..,..,17.3,"1,169"
Leeds,Yorkshire and the Humber,35.2,111,3.1 : 1,4.6,14.3,771
Leicester,East Midlands,5.8,36,6.2 : 1,2,12.1,295
Leicestershire,East Midlands,..,108,..,..,16.7,646
Lewisham,London,7.1,25,3.5 : 1,2.7,9.5,262
Lincolnshire,East Midlands,14.1,140,9.9 : 1,2,20,698
Liverpool,North West,..,64,..,..,14.6,435
Luton,East of England,6.9,23,3.4 : 1,3.6,12.2,192
Manchester,North West,19.4,51,2.6 : 1,4.2,11,464
Medway Towns,South East,12.1,35,2.9 : 1,4.8,13.7,254
Merton,London,6.7,24,3.5 : 1,3.3,11.7,201
Middlesbrough,North East,6.6,21,3.2 : 1,4.8,15.1,139
Milton Keynes,South East,..,25,..,..,10.9,232
Newcastle,North East,10.9,41,3.8 : 1,4,15,274
Newham,London,4.8,20,4.2 : 1,1.9,8.1,250
Norfolk,East of England,38.5,176,4.6 : 1,4.5,20.7,851
North East Lincolnshire,Yorkshire and the Humber,6.8,27,4.0 : 1,4.3,17.3,158
North Lincolnshire,Yorkshire and the Humber,..,29,..,..,17.8,160
North Somerset,South West,..,41,..,..,19.6,207
North Tyneside,North East,10.1,34,3.4 : 1,5.1,17.3,197
North Yorkshire,Yorkshire and the Humber,..,116,..,..,19.3,599
Northamptonshire,East Midlands,..,100,..,..,14.6,685
Northumberland,North East,18,60,3.3 : 1,5.8,19.2,311
Nottingham,East Midlands,..,35,..,..,11.9,292
Nottinghamshire,East Midlands,..,135,..,..,17.3,776
Oldham,North West,10.7,32,3.0 : 1,4.9,14.6,220
Oxfordshire,South East,2.9,96,32.6 : 1,0.5,15,640
Peterborough,East of England,..,23,..,..,14.1,164
Plymouth,South West,15.4,40,2.6 : 1,6.1,15.8,253
Poole,South West,8.3,29,3.5 : 1,6,20.8,139
Portsmouth,South East,10.2,27,2.7 : 1,5.1,13.7,200
Reading,South East,4.6,18,3.9 : 1,3.2,12.3,146
Redbridge,London,..,33,..,..,12.6,258
Redcar & Cleveland,North East,9.1,25,2.8 : 1,6.5,18.3,139
Richmond upon Thames,London,..,23,..,..,12.8,180
Rochdale,North West,12.7,30,2.3 : 1,6.2,14.4,206
Rotherham,Yorkshire and the Humber,16.2,42,2.6 : 1,6.4,16.4,254
Rutland,East Midlands,1.9,7,3.9 : 1,4.8,18.9,39
Salford,North West,13.3,34,2.5 : 1,6,15.1,221
Sandwell,West Midlands,6.6,46,6.9 : 1,2.3,15.9,289
Sefton,North West,..,55,..,..,20.1,275
Sheffield,Yorkshire and the Humber,21.8,84,3.9 : 1,4.1,15.7,534
Shropshire,West Midlands,..,59,..,..,20.1,293
Slough,South East,3.8,14,3.6 : 1,3.1,11.3,121
Solihull,West Midlands,11.4,37,3.2 : 1,5.6,17.8,206
Somerset,South West,..,107,..,..,20.4,526
South Gloucestershire,South West,13.2,41,3.1 : 1,5.1,15.9,258
South Tyneside,North East,7.9,27,3.4 : 1,5.2,17.9,152
Southampton,South East,9.8,31,3.1 : 1,4.2,13.1,235
Southend,East of England,7.8,30,3.8 : 1,4.7,18.1,164
Southwark,London,..,25,..,..,9.1,278
St. Helens,North West,..,30,..,..,16.7,178
Staffordshire,West Midlands,..,145,..,..,17.5,829
Stockport,North West,14.8,49,3.3 : 1,5.3,17.4,281
Stockton,North East,10.5,29,2.8 : 1,5.5,15,192
Stoke-on-Trent,West Midlands,14.2,38,2.7 : 1,5.9,16,240
Suffolk,East of England,36.5,136,3.7 : 1,5.1,19.1,716
Sunderland,North East,14.5,46,3.2 : 1,5.2,16.4,280
Surrey,South East,54.7,182,3.3 : 1,4.9,16.4,"1,110"
Sutton,London,6.8,26,3.8 : 1,3.6,13.8,188
Swindon,South West,9.6,27,2.8 : 1,5,14,193
Tameside,North West,..,33,..,..,15.3,215
Telford and the Wrekin,West Midlands,7.5,23,3.1 : 1,4.6,14.2,162
Thurrock,East of England,2.6,20,7.7 : 1,1.7,13.1,152
Torbay,South West,3.3,31,9.3 : 1,2.5,23.1,134
Tower Hamlets,London,4.2,17,4.0 : 1,1.9,7.5,221
Trafford,North West,..,34,..,..,16.1,213
Wakefield,Yorkshire and the Humber,23.5,52,2.2 : 1,7.3,16.1,322
Walsall,West Midlands,15.4,44,2.9 : 1,6,17.2,255
Waltham Forest,London,6.7,24,3.6 : 1,3,10.7,223
Wandsworth,London,7.4,27,3.6 : 1,2.6,9.4,284
Warrington,North West,11.7,30,2.6 : 1,6,15.4,196
Warwickshire,West Midlands,32.5,92,2.8 : 1,6.1,17.3,531
West Berkshire,South East,5.8,22,3.8 : 1,3.8,14.2,153
West Sussex,South East,58.5,159,2.7 : 1,7.5,20.4,781
Westminster,London,..,26,..,..,11,236
Wigan,North West,24.9,48,1.9 : 1,8.1,15.8,307
Wiltshire,South West,..,80,..,..,17.7,455
Windsor & Maidenhead,South East,..,22,..,..,15.3,143
Wirral,North West,19.9,58,2.9 : 1,6.4,18.7,309
Wokingham,South East,6.2,21,3.5 : 1,3.9,13.4,159
Wolverhampton,West Midlands,10.5,40,3.8 : 1,4.4,17,236
Worcestershire,West Midlands,29.5,101,3.4 : 1,5.3,18.1,558
York,Yorkshire and the Humber,7.3,32,4.4 : 1,3.7,16.6,195
1 Blue Badge counts are at 31 March in year shown. Population estimates relate to mid-point of previous calendar year.,,,,,,,
2 The retired population is defined as men aged 65 or over and women aged 60 or over.,,,,,,,
"3 Figures are only shown where an authority supplied raw data, therefore figures in this table will not necessarily sum to regional and national totals shown elsewhere, which include imputed values where raw data is missing.",,,,,,,
Source: DfT Blue Badge Survey and Office for National Statistics population estimates,,,,,,,
Last updated: 17 November 2011
Next update: Autumn 2012

Telephone: 020 7944 4139
Email: parking.data@dft.gsi.gov.uk
Notes & definitions (http://assets.dft.gov.uk/statistics/series/disabled-parking-badges/documentation.pdf)
