Department for Transport statistics,,,,,,,,,,,,,,,,,,,,,,,,,,,,
Blue Badge Statistics (http://www.dft.gov.uk/statistics/series/disabled-parking-badges),,,,,,,,,,,,,,,,,,,,,,,,,,,,
Table DIS0206,,,,,,,,,,,,,,,,,,,,,,,,,,,,
"Applications for Blue Badges by result: England by Local Authority, during 2008/091,4",,,,,,,,,,,,,,,,,,,,,,,,,,,,
The figures in this table fall outside the scope of National Statistics,,,,,,,,,,,,Number,,,,,,,,,,,,,,,,
Local Authority,Region,Total new applications received2,Of which were successful at the first application,Of which were rejected at the first application but awarded following an appeal,Of which were rejected at the first application and no appeal was made,Of which were rejected at the first application and rejected again following an appeal,Total renewal applications     received3,Of which were successful,Total Unsuccessful Renewal applications,Of which badges which were not renewered because the applicant was no longer eligible,Of which badges which were not renewed due to improper use,Badges which were not renewed due to other reasons,,,,,,,,,,,,,,,,
Barking and Dagenham,London,..,..,..,..,..,..,..,..,..,..,..,,,,,,,,,,,,,,,,
Barnet,London,..,..,..,..,..,..,3917,1,..,..,..,,,,,,,,,,,,,,,,
Barnsley,Yorkshire and the Humber,1614,1479,31,94,10,3742,3694,48,45,0,3,,,,,,,,,,,,,,,,
Bath & NE Somerset,South West,1583,..,..,..,..,1956,1952,4,4,0,..,,,,,,,,,,,,,,,,
Bedford,East of England,..,..,..,..,..,..,..,..,..,..,..,,,,,,,,,,,,,,,,
Bexley,London,1430,1329,24,76,1,2650,2596,54,54,0,0,,,,,,,,,,,,,,,,
Birmingham,West Midlands,..,..,..,..,..,..,..,..,..,..,..,,,,,,,,,,,,,,,,
Blackburn with Darwen,North West,1042,910,21,91,20,3066,2429,637,95,539,3,,,,,,,,,,,,,,,,
Blackpool,North West,1500,1393,10,90,7,1855,1855,0,0,0,0,,,,,,,,,,,,,,,,
Bolton,North West,1694,1415,55,204,20,1752,1716,36,26,10,..,,,,,,,,,,,,,,,,
Bournemouth,South West,..,..,..,..,..,900,900,0,..,0,..,,,,,,,,,,,,,,,,,,,
Bracknell Forest,South East,526,493,6,27,0,728,728,0,0,0,0,,,,,,,,,,,,,,,,,,,
Bradford,Yorkshire and the Humber,2936,2338,4,594,0,4057,3940,117,104,0,13,,,,,,,,,,,,,,,,,,,
Brent,London,..,..,..,..,..,..,..,..,..,..,..,,,,,,,,,,,,,,,,,,,
Brighton & Hove,South East,..,..,..,..,..,..,225,0,..,..,..,,,,,,,,,,,,,,,,,,,
Bristol,South West,..,..,..,..,..,..,..,..,..,..,..,,,,,,,,,,,,,,,,,,,
Bromley,London,..,..,..,..,..,..,1997,0,..,..,..,,,,,,,,,,,,,,,,,,,
Buckinghamshire,South East,9059,8243,630,161,25,5157,4870,287,287,0,0,,,,,,,,,,,,,,,,,,,
Bury,North West,..,1336,234,..,..,3361,2678,683,678,5,0,,,,,,,,,,,,,,,,,,,
Calderdale,Yorkshire and the Humber,1136,1130,0,6,0,2347,2344,3,0,2,1,,,,,,,,,,,,,,,,,,,
Cambridgeshire,East of England,5226,4865,0,0,361,1116,1111,5,2,2,1,,,,,,,,,,,,,,,,,,,
Camden,London,740,370,140,200,30,1728,1600,128,128,0,0,,,,,,,,,,,,,,,,,,,
Central Bedfordshire,East of England,..,..,..,..,..,..,..,..,..,..,..,,,,,,,,,,,,,,,,,,,
Cheshire East,North West,..,..,..,..,..,..,..,..,..,..,..,,,,,,,,,,,,,,,,,,,
Cheshire West and Chester,North West,..,..,..,..,..,..,..,..,..,..,..,,,,,,,,,,,,,,,,,,,
City of London,London,12,8,0,4,0,39,34,5,5,0,0,,,,,,,,,,,,,,,,,,,
Cornwall,South West,3689,3686,0,3,0,7663,7663,0,0,0,0,,,
Coventry,West Midlands,..,..,..,..,..,4052,4043,9,9,..,..,,,
Croydon,London,1975,1519,9,370,77,2459,2434,25,25,0,0,,,
Cumbria,North West,4771,3578,13,1174,6,7787,7709,78,68,10,0,,,
Darlington,North East,660,609,2,49,0,2237,1820,417,0,0,417,,,
Derby,East Midlands,..,..,..,..,..,..,..,..,..,..,..,,,
Derbyshire,East Midlands,6161,6007,25,120,9,11818,11633,185,3,0,182,,,
Devon,South West,8110,..,..,..,..,5430,4104,1326,..,..,1326,,,
Doncaster,Yorkshire and the Humber,1638,..,..,..,..,11879,5611,6268,4938,0,1330,,,
Dorset,South West,4026,3524,101,362,39,7118,5640,1437,136,1,1300,,,
Dudley,West Midlands,2385,..,..,..,..,5353,5208,145,5,4,136,,,
Durham,North East,3559,..,..,..,..,11987,10104,1883,0,0,1883,,,
Ealing,London,..,..,..,..,..,..,..,..,..,..,..,,,
East Riding of Yorkshire,Yorkshire and the Humber,2847,2722,9,115,1,4999,4861,138,122,2,14,,,
East Sussex,South East,5305,4519,33,573,180,7023,5582,1441,119,0,1322,,,
Enfield,London,1109,677,10,405,17,2259,1591,1090,715,0,375,,,
Essex,East of England,9126,8559,33,534,0,12617,12595,22,0,0,22,,,,,,,,,,,,,,,,,,,
Gateshead,North East,1370,1224,28,118,0,2581,2575,6,6,0,0,,,,,,,,,,,,,,,,,,,
Gloucestershire,South West,4322,4038,40,239,5,6684,6643,41,0,0,41,,,,,,,,,,,,,,,,,,,
Greenwich,London,..,..,..,..,..,..,..,..,..,..,..,,,,,,,,,,,,,,,,,,,
Hackney,London,..,..,..,..,..,..,..,..,..,..,..,,,,,,,,,,,,,,,,,,,
Halton,North West,1119,..,..,..,..,2066,2049,17,..,..,17,,,,,,,,,,,,,,,,,,,
Hammersmith and Fulham,London,..,..,..,..,..,..,..,..,..,..,..,,,,,,,,,,,,,,,,,,,
Hampshire,South East,8000,7920,0,79,1,16000,15840,160,159,1,0,,,,,,,,,,,,,,,,,,,
Haringey,London,..,..,..,..,..,..,..,..,..,..,..,,,,,,,,,,,,,,,,,,,
Harrow,London,..,..,..,..,..,..,..,..,..,..,..,,,,,,,,,,,,,,,,,,,
Hartlepool,North East,692,595,17,73,7,1014,982,32,32,0,0,,,,,,,,,,,,,,,,,,,
Havering,London,..,..,..,..,..,2927,2927,0,..,..,..,,,,,,,,,,,,,,,,,,,
Herefordshire,West Midlands,1160,948,60,..,36,2417,2246,171,171,0,0,,,,,,,,,,,,,,,,,,,
Hertfordshire,East of England,..,..,..,..,..,..,..,..,..,..,..,,,,,,,,,,,,,,,,,,,
Hillingdon,London,..,..,..,..,..,..,..,..,..,..,..,,,,,,,,,,,,,,,,,,,
Hounslow,London,..,..,..,..,..,..,..,..,..,..,..,,,,,,,,,,,,,,,,,,,
Hull,Yorkshire and the Humber,1549,1328,70,146,5,3122,3036,86,86,0,0,,,
Isle of Wight,South East,3032,2759,7,263,3,2581,1773,808,1,9,798,,,
Isles of Scilly,South West,3,1,0,2,0,1,1,0,0,0,0,,,
Islington,London,..,..,..,..,..,..,..,..,..,0,..,,,
Kensington and Chelsea,London,..,..,..,..,..,..,..,..,..,..,..,,,
Kent,South East,..,25664,0,0,0,1848,1848,0,0,0,0,,,
Kingston upon Thames,London,531,499,5,26,1,1148,1147,1,1,0,0,,,
Kirklees,Yorkshire and the Humber,..,..,..,..,..,..,..,..,..,..,..,,,
Knowsley,North West,..,..,..,..,..,2365,2365,0,..,..,0,,,
Lambeth,London,..,..,..,..,..,..,..,..,..,..,..,,,
Lancashire,North West,10142,..,..,..,..,18017,18017,0,..,..,..,,,
Leeds,Yorkshire and the Humber,..,..,..,..,..,..,..,..,..,0,..,,,
Leicester,East Midlands,..,1560,306,..,..,3077,2903,174,174,..,..,,,
Leicestershire,East Midlands,..,..,..,..,..,..,..,..,..,..,..,,,
Lewisham,London,1030,..,..,..,..,1753,1747,6,3,0,3,,,
Lincolnshire,East Midlands,5120,5036,69,12,3,285,247,38,..,..,38,,,
Liverpool,North West,..,..,..,..,..,..,..,..,..,..,..,,,,,,,,,,,,,,,,,,,
Luton,East of England,916,609,101,143,63,2962,2498,464,464,0,0,,,,,,,,,,,,,,,,,,,
Manchester,North West,2569,2321,23,188,37,4988,4946,42,0,0,42,,,,,,,,,,,,,,,,,,,
Medway Towns,South East,2564,..,..,..,..,2620,2493,127,45,..,82,,,,,,,,,,,,,,,,,,,
Merton,London,..,..,..,..,..,..,..,..,..,..,..,,,,,,,,,,,,,,,,,,,
Middlesbrough,North East,778,752,3,15,8,1747,1744,3,3,0,0,,,,,,,,,,,,,,,,,,,
Milton Keynes,South East,1179,1059,0,117,3,2372,2372,0,0,0,0,,,,,,,,,,,,,,,,,,,
Newcastle,North East,..,..,..,..,..,..,..,..,..,..,..,,,,,,,,,,,,,,,,,,,
Newham,London,801,723,19,55,4,2213,2134,79,0,0,79,,,,,,,,,,,,,,,,,,,
Norfolk,East of England,5218,4098,194,807,119,10249,9062,1187,875,0,312,,,,,,,,,,,,,,,,,,,
North East Lincolnshire,Yorkshire and the Humber,848,826,13,4,5,2059,2004,55,55,0,0,,,,,,,,,,,,,,,,,,,
North Lincolnshire,Yorkshire and the Humber,..,..,..,..,..,..,..,..,..,..,..,,,,,,,,,,,,,,,,,,,
North Somerset,South West,..,..,..,..,..,..,..,..,..,..,..,,,,,,,,,,,,,,,,,,,
North Tyneside,North East,1710,1649,18,28,15,2207,1857,350,347,0,3,,,,,,,,,,,,,,,,,,,
North Yorkshire,Yorkshire and the Humber,4104,3761,25,254,64,6777,6721,56,56,0,0,,,,,,,,,,,,,,,,,,,
Northamptonshire,East Midlands,..,..,..,..,..,..,..,..,..,..,..,,,,,,,,,,,,,,,,,,,
Northumberland,North East,2336,2236,19,81,0,2693,2691,2,2,0,0,,,,,,,,,,,,,,,,,,,
Nottingham,East Midlands,..,..,..,..,..,..,..,..,..,..,..,,,,,,,,,,,,,,,,,,,
Nottinghamshire,East Midlands,8570,7957,104,471,38,9639,9118,521,281,0,240,,,,,,,,,,,,,,,,,,,
Oldham,North West,1332,434,797,101,0,2763,2629,134,29,0,105,,,,,,,,,,,,,,,,,,,
Oxfordshire,South East,3345,3078,41,226,0,3193,3125,68,22,0,46,,,,,,,,,,,,,,,,,,,
Peterborough,East of England,931,851,3,77,0,1819,1791,28,28,0,0,,,,,,,,,,,,,,,,,,,
Plymouth,South West,1734,1636,29,66,3,4296,4268,28,26,0,2,,,,,,,,,,,,,,,,,,,
Poole,South West,1111,1058,6,47,0,2091,2084,7,7,0,0,,,,,,,,,,,,,,,,,,,
Portsmouth,South East,1028,994,0,30,4,1997,1987,10,10,0,0,,,,,,,,,,,,,,,,,,,
Reading,South East,705,687,1,17,0,1460,1161,299,3,1,295,,,,,,,,,,,,,,,,,,,
Redbridge,London,..,..,..,..,..,..,..,..,..,..,..,,,,,,,,,,,,,,,,,,,
Redcar & Cleveland,North East,1078,1051,0,27,0,2268,2207,61,3,0,58,,,,,,,,,,,,,,,,,,,
Richmond upon Thames,London,..,..,..,..,..,..,1085,0,0,0,0,,,,,,,,,,,,,,,,,,,
Rochdale,North West,..,..,..,..,..,..,..,..,..,..,..,,,,,,,,,,,,,,,,,,,
Rotherham,Yorkshire and the Humber,1916,..,..,..,..,4364,4301,63,63,..,..,,,,,,,,,,,,,,,,,,,
Rutland,East Midlands,239,212,1,24,2,390,389,1,1,..,..,,,,,,,,,,,,,,,,,,,
Salford,North West,1497,1423,12,61,1,3548,3526,22,21,0,1,,,
Sandwell,West Midlands,2255,2133,7,108,7,4743,4719,24,24,0,0,,,
Sefton,North West,1810,..,..,..,..,4272,3984,288,..,..,288,,,
Sheffield,Yorkshire and the Humber,3296,2553,47,667,29,6707,6237,470,470,0,0,,,
Shropshire,West Midlands,1916,1451,24,404,37,3458,3401,57,57,0,0,,,
Slough,South East,..,..,..,..,..,1840,920,920,60,5,855,,,
Solihull,West Midlands,1310,1241,2,67,0,2860,2814,46,46,0,0,,,
Somerset,South West,..,..,..,..,..,..,..,..,..,..,..,,,
South Gloucestershire,South West,1685,..,..,..,..,3177,3135,42,42,..,..,,,
South Tyneside,North East,1157,1008,23,121,5,2204,1885,319,105,0,214,,,
Southampton,South East,1102,880,44,158,20,3697,2946,751,332,4,415,,,
Southend,East of England,1126,1034,0,92,0,1797,1730,67,0,0,67,,,
Southwark,London,..,..,..,..,..,..,..,..,..,..,..,,,
St. Helens,North West,1332,1322,2,3,5,3263,3233,30,..,0,30,,,
Staffordshire,West Midlands,6370,6224,0,146,0,11585,11534,51,51,0,0,,,
Stockport,North West,1887,1793,76,10,8,3427,3396,31,31,0,0,,,
Stockton,North East,1474,1354,0,120,0,2661,2596,65,0,0,65,,,,,,,,,,,,,,,,,,,
Stoke-on-Trent,West Midlands,7634,5684,86,1858,6,..,..,..,0,0,0,,,,,,,,,,,,,,,,,,,
Suffolk,East of England,13907,..,..,..,..,14596,8665,5931,0,0,5931,,,,,,,,,,,,,,,,,,,
Sunderland,North East,2560,1756,6,793,5,4742,3537,1205,5,0,1200,,,,,,,,,,,,,,,,,,,
Surrey,South East,9583,8838,215,325,205,11712,11255,457,456,0,1,,,,,,,,,,,,,,,,,,,
Sutton,London,641,527,30,66,18,264,250,14,14,0,0,,,,,,,,,,,,,,,,,,,
Swindon,South West,1194,1107,84,3,0,1828,1597,231,0,0,231,,,,,,,,,,,,,,,,,,,
Tameside,North West,..,..,..,..,..,..,..,..,..,..,..,,,,,,,,,,,,,,,,,,,
Telford and the Wrekin,West Midlands,864,719,2,142,1,1941,1317,624,66,0,558,,,,,,,,,,,,,,,,,,,
Thurrock,East of England,..,921,28,..,..,1259,1107,152,2,8,142,,,,,,,,,,,,,,,,,,,
Torbay,South West,1258,1200,8,50,0,2852,2830,22,22,0,0,,,,,,,,,,,,,,,,,,,
Tower Hamlets,London,..,..,..,..,..,..,..,..,..,..,..,,,,,,,,,,,,,,,,,,,
Trafford,North West,..,..,..,..,..,..,..,..,..,..,..,,,,,,,,,,,,,,,,,,,
Wakefield,Yorkshire and the Humber,..,..,..,..,..,6235,5976,259,258,0,1,,,,,,,,,,,,,,,,,,,
Walsall,West Midlands,2056,2002,0,54,0,3784,3746,38,38,..,..,,,,,,,,,,,,,,,,,,,
Waltham Forest,London,..,1017,31,0,0,2001,2000,1,1,0,0,,,,,,,,,,,,,,,,,,,
Wandsworth,London,..,..,..,..,..,..,..,..,..,..,..,,,,,,,,,,,,,,,,,,,
Warrington,North West,1297,1263,0,34,0,2877,2862,15,9,0,6,,,,,,,,,,,,,,,,,,,
Warwickshire,West Midlands,3577,3499,30,0,48,7095,7095,0,0,0,0,,,,,,,,,,,,,,,,,,,
West Berkshire,South East,863,816,0,47,0,1836,1177,659,0,0,659,,,,,,,,,,,,,,,,,,,
West Sussex,South East,..,..,..,..,..,..,..,..,..,..,..,,,,,,,,,,,,,,,,,,,
Westminster,London,..,..,..,..,..,..,..,..,..,..,..,,,,,,,,,,,,,,,,,,,
Wigan,North West,8555,8430,0,125,0,..,..,..,..,..,..,,,,,,,,,,,,,,,,,,,
Wiltshire,South West,3579,3477,75,13,14,5464,5452,12,12,0,0,,,,,,,,,,,,,,,,,,,
Windsor & Maidenhead,South East,..,..,..,..,..,..,..,..,..,..,..,,,,,,,,,,,,,,,,,,,
Wirral,North West,1854,1816,29,0,9,5302,3591,1711,1,1,1709,,,,,,,,,,,,,,,,,,,
Wokingham,South East,..,..,..,..,..,..,..,..,..,..,..,,,,,,,,,,,,,,,,,,,
Wolverhampton,West Midlands,1436,1257,21,158,0,2535,2535,0,0,0,0,,,,,,,,,,,,,,,,,,,
Worcestershire,West Midlands,4192,4014,4,171,3,6827,6748,79,35,0,44,,,,,,,,,,,,,,,,,,,
York,Yorkshire and the Humber,1099,981,11,102,5,2096,2066,30,15,0,15,,,,,,,,,,,,,,,,,,,
1 Applications received between 1 April 2008 and 31 March 2009,,,,,,,,,,,,Source: DfT Blue Badge Survey,,,,,,,,,,,,,,,,,,,
2 New applications received between 1 April 2008 and 31 March 2009,,,,,,,,,,,,Last updated: 17 November 2011,,,,,,,,,,,,,,,,,,,
3 Renewal applications received between 1 April 2008 and 31 March 2009,,,,,,,,,,,,Next update: Autumn 2012,,,
"4 Figures are only shown where an authority supplied raw data, therefore figures in this table will not necessarily sum to regional and national totals shown elsewhere, which include imputed values where raw data is missing.",,,,,,,,,,,,,,,
Telephone: 020 7944 4139,,,,,,,,,,,,,,,
Email: parking.statistics@dft.gsi.gov.uk,,,,,,,,,,,,,,,
Notes & definitions (http://assets.dft.gov.uk/statistics/series/disabled-parking-badges/documentation.pdf),,,,,,,,,,,,,,,
,,,,,,,,,,,,,,,
,,,,,,,,,,,,,,,
,,,,,,,,,,,,,,,
,,,,,,,,,,,,,,,
