Department for Transport statistics,,,,,,,,,,,,,,,,,,,
Blue Badge Statistics (http://www.dft.gov.uk/statistics/series/disabled-parking-badges),,,,,,,,,,,,,,,,,,,
Table DIS0107,,,,,,,,,,,,,,,,,,,
"Valid Blue Badges issued to disabled people by category by region in England, 2010/11 1",,,,,,,,,,,,,,,,,,,
,,,,Thousands/percentage,,,,,,,,,,,,,,,
Region,Blue Badges issued without further assessment2,Blue Badges issued subject to further assessment3,Blue Badges issued to organisations ,Total Blue Badges issued,,,,,,,,,,,,,,,
Badges issued (thousands),,,,,,,,,,,,,,,,,,,
North East, 22 , 33 ,0, 55 ,,,,,,,,,,,,,,,
North West, 69 , 84 , 1 , 154 ,,,,,,,,,,,,,,,
Yorkshire and the Humber, 43 , 49 , 1 , 93 ,,,,,,,,,,,,,,,
East Midlands, 30 , 44 , 1 , 75 ,,,,,,,,,,,,,,,
West Midlands, 43 , 63 , 1 , 107 ,,,,,,,,,,,,,,,
East of England, 26 , 71 , 1 , 98 ,,,,,,,,,,,,,,,
South East, 50 , 96 , 2 , 148 ,,,,,,,,,,,,,,,
South West, 36 , 78 , 1 , 115 ,,,,,,,,,,,,,,,
London, 39 , 53 , 1 , 94 ,,,,,,,,,,,,,,,
England, 358 , 571 , 9 , 939 ,,
Percentage of total badges issued,,,,,,
North East,40,60,0,100,,
North West,45,55,1,100,,
Yorkshire and the Humber,46,53,1,100,,
East Midlands,40,59,1,100,,
West Midlands,40,59,1,100,,
East of England,27,72,1,100,,
South East,34,65,1,100,,
South West,31,68,1,100,,
London,41,56,1,100,,
England,38,61,1,100,,
1 Issued between 1 April 2010 and 31 March 2011.,,,,Source: DfT Blue Badge Survey,,
"2 Previously known as the automatic criteria, people within this category have to meet certain criteria",,,,Last updated: 17 November 2011,,
 (see background notes) which automatically entitles them to a valid parking badge. ,,,,Next update: Autumn 2012,,
"3 This assessment is carried out by the local authority, where people also meet certain criteria",,,,,,
(see background notes).,,,,,,,
Telephone: 020 7944 4139,,,,,,,
Email: parking.data@dft.gsi.gov.uk,,,,,,,
Notes & definitions (http://assets.dft.gov.uk/statistics/series/disabled-parking-badges/documentation.pdf),,,,,,,
The figures in this table are National Statistics,,,,,,,
,,,,,,,
