Department for Transport statistics,,,,,,,,,,,,,,,,,,,,,,,,,,
Blue Badge Statistics (http://www.dft.gov.uk/statistics/series/disabled-parking-badges),,,,,,,,,,,,,,,,,,,,,,,,,,
Table DIS0108 ii,,,,,,,,,,,,,,,,,,,,,,,,,,
"Valid Blue Badges held1,7, England by Local Authority 2010",,,,,,,,,,,,,,,,,,,,,,,,,,
The figures in this table fall outside the scope of National Statistics,,,,,,,,,,,,,,,,,,,,,,,,,,
Local Authority,Region,Valid Blue Badges held without further assessment,Of which on higher rate Mobility2,Of which on War Pensioner's Mobility supplement3,Of which were registered Blind,Valid Blue Badges held subject to further assessment,Of which motorists with severe disabilities in both arms5,Of which people with permamenent and substancial disability6,Of which children under the age of two4,Valid Blue Badges held by organisations,Total valid Blue Badges held by organisations and individuals,Number of organisations holding Blue Badges,,,,,,,,,,,,,,
Barking and Dagenham,London,"3,991","3,828",8,155,"2,697",0,"2,688",9,36,"6,724",15,,,,,,,,,,,,,,
Barnet,London,..,..,..,..,..,..,..,..,..,..,..,,,,,,,,,,,,,,
Barnsley,Yorkshire and the Humber,"8,092","7,862",42,188,"5,311",0,"5,311",0,27,"13,430",18,,,,,,,,,,,,,,
Bath & NE Somerset,South West,"1,244","1,113",12,119,4,2,..,2,168,"1,416",..,,,,,,,,,,,,,,
Bedford,East of England,"1,577","1,485",1,91,"6,067",0,"6,063",4,139,"7,783",86,,,,,,,,,,,,,,
Bexley,London,"3,773","3,558",19,196,"8,383",1,"8,377",5,84,"12,240",40,,,,,,,,,,,,,,
Birmingham,West Midlands,..,..,..,..,..,..,..,..,..,..,..,,,,,,,,,,,,,,
Blackburn with Darwen,North West,"5,450","5,324",8,118,"5,045",0,"5,044",1,94,"10,589",41,,,,,,,,,,,,,,
Blackpool,North West,"5,575","5,421",47,107,"3,230",0,"3,226",4,115,"8,920",90,,,,,,,,,,,,,,
Bolton,North West,..,..,..,..,..,..,..,..,..,..,..,,,,,,,,,,,,,,
Bournemouth,South West,"3,119","2,776",39,304,"8,100",0,"8,097",3,..,"11,219",136,,,,,,,,,,,,,,,,,
Bracknell Forest,South East,914,828,11,75,"2,109",0,"2,102",7,28,"3,051",28,,,,,,,,,,,,,,,,,
Bradford,Yorkshire and the Humber,"9,268","8,759",46,463,"6,726",..,"6,724",2,202,"16,196",202,,,,,,,,,,,,,,,,,
Brent,London,..,..,..,..,..,..,..,..,..,..,..,,,,,,,,,,,,,,,,,
Brighton & Hove,South East,..,..,..,..,..,..,..,..,..,..,..,,,,,,,,,,,,,,,,,
Bristol,South West,..,..,..,..,..,..,..,..,..,..,..,,,,,,,,,,,,,,,,,
Bromley,London,..,0,0,..,..,0,0,0,0,0,0,,,,,,,,,,,,,,,,,
Buckinghamshire,South East,"5,938","5,125",171,642,"24,074",888,"23,170",16,336,"30,348",231,,,,,,,,,,,,,,,,,
Bury,North West,..,..,..,..,..,..,..,..,..,..,..,,,,,,,,,,,,,,,,,
Calderdale,Yorkshire and the Humber,"3,082","2,882",11,189,"6,230",15,"6,215",0,142,"9,454",63,,,,,,,,,,,,,,,,,
Cambridgeshire,East of England,"9,009","7,999",158,852,11,..,..,11,382,"9,402",382,,,,,,,,,,,,,,,,,
Camden,London,..,..,..,..,..,..,..,..,..,..,..,,,,,,,,,,,,,,,,,
Central Bedfordshire,East of England,"2,453","2,269",12,172,"3,990",0,0,0,92,"6,535",98,,,,,,,,,,,,,,,,,
Cheshire East,North West,"6,476","6,043",23,410,"15,183",3,"15,172",8,273,"21,932",138,,,,,,,,,,,,,,,,,
Cheshire West and Chester,North West,"8,369","7,915",28,426,"14,691",0,"14,664",27,219,"23,279",94,,,,,,,,,,,,,,,,,
City of London,London,5,5,0,0,3,1,2,0,0,8,0,,,,,,,,,,,,,,,,,
Cornwall,South West,..,..,..,..,..,..,..,..,..,..,..
Coventry,West Midlands,..,..,..,..,..,..,..,..,..,..,..
Croydon,London,"4,859","4,545",2,312,"5,587",0,"5,559",28,72,"10,518",46
Cumbria,North West,"11,674","11,077",28,569,"20,770",10,"20,744",16,175,"32,619",156
Darlington,North East,"1,899","1,765",14,120,"4,577",5,"4,570",2,86,"6,562",42
Derby,East Midlands,..,..,..,..,..,..,..,..,..,..,..
Derbyshire,East Midlands,"11,207","10,346",87,774,"39,122",10,"39,104",8,601,"50,930",248
Devon,South West,..,..,..,..,..,..,..,..,..,..,..
Doncaster,Yorkshire and the Humber,"11,027","10,602",113,312,"9,202",21,..,..,264,"20,493",101
Dorset,South West,"5,367","4,659",159,549,"20,382",5,"20,367",10,269,"26,018",100
Dudley,West Midlands,"5,373","5,159",16,198,"10,020",40,"9,969",11,534,"15,927",108
Durham,North East,"10,575","10,240",..,335,"25,230",..,"25,229",1,138,"35,943",127
Ealing,London,..,..,..,..,..,..,..,..,..,..,..
East Riding of Yorkshire,Yorkshire and the Humber,"1,265","1,143",16,106,"5,726",2,"5,724",0,81,"7,072",58
East Sussex,South East,"5,688","5,172",57,459,"26,740",38,"26,685",17,203,"32,631",203
Enfield,London,"2,120","1,987",2,131,"6,858",0,0,"6,858",236,"8,978",84
Essex,East of England,"33,788","30,964",305,"2,519","88,731",26,"88,677",28,70,"122,589",35,,,,,,,,,,,,,,,,,
Gateshead,North East,"3,746","3,557",34,155,"6,357",6,"6,351",0,52,"10,155",52,,,,,,,,,,,,,,,,,
Gloucestershire,South West,"8,625","8,306",51,268,"20,712",1,"20,704",7,346,"29,683",217,,,,,,,,,,,,,,,,,
Greenwich,London,"3,806","3,668",19,119,"3,863",3,"3,860",..,..,"7,669",..,,,,,,,,,,,,,,,,,
Hackney,London,"1,210","1,171",1,38,"1,377",..,"1,374",3,17,"2,604",17,,,,,,,,,,,,,,,,,
Halton,North West,"4,951","4,853",26,72,"2,626",15,"2,611",..,283,"7,860",46,,,,,,,,,,,,,,,,,
Hammersmith and Fulham,London,..,..,..,..,..,..,..,..,28,28,18,,,,,,,,,,,,,,,,,
Hampshire,South East,"17,945","16,906",471,568,"53,581",16,"53,500",65,850,"72,376",460,,,,,,,,,,,,,,,,,
Haringey,London,..,..,..,..,..,..,..,..,..,..,..,,,,,,,,,,,,,,,,,
Harrow,London,..,..,..,..,..,..,..,..,..,..,..,,,,,,,,,,,,,,,,,
Hartlepool,North East,"2,377","2,289",18,70,"1,808",0,"1,802",6,52,"4,237",37,,,,,,,,,,,,,,,,,
Havering,London,..,..,..,..,..,..,..,..,..,..,..,,,,,,,,,,,,,,,,,
Herefordshire,West Midlands,"3,792","3,508",32,252,"9,225",10,"9,209",6,480,"13,497",480,,,,,,,,,,,,,,,,,
Hertfordshire,East of England,..,..,..,..,..,..,..,..,..,..,..,,,,,,,,,,,,,,,,,
Hillingdon,London,"3,054","2,805",21,228,"7,052",13,"7,039",..,170,"10,276",170,,,,,,,,,,,,,,,,,
Hounslow,London,..,..,..,..,..,..,..,..,43,43,26,,,,,,,,,,,,,,,,,
Hull,Yorkshire and the Humber,"6,678","6,416",24,238,"4,506",1,"4,505",0,105,"11,289",74
Isle of Wight,South East,"2,543","2,331",38,174,"2,974",7,"2,965",2,277,"5,794",181
Isles of Scilly,South West,..,0,0,0,..,0,0,0,0,..,0
Islington,London,..,..,..,..,..,..,..,..,88,"7,013",..
Kensington and Chelsea,London,..,..,..,..,..,..,..,..,..,..,..
Kent,South East,"26,093","24,567",226,"1,300","44,414",0,"44,384",30,340,"70,847",168
Kingston upon Thames,London,"1,254","1,065",6,183,"3,284",2,"3,281",1,127,"4,665",51
Kirklees,Yorkshire and the Humber,"10,266","9,825",27,414,"9,221",1,"9,220",..,80,"19,567",..
Knowsley,North West,"6,136","5,984",17,135,"2,819",2,"2,804",13,53,"9,008",13
Lambeth,London,..,..,..,..,..,..,..,..,..,..,..
Lancashire,North West,"29,188","27,452",246,"1,490","43,293",4,"43,265",24,967,"73,448",472
Leeds,Yorkshire and the Humber,"5,497","5,179",27,291,"6,853",1,"6,839",13,..,"12,350",..
Leicester,East Midlands,"5,637","5,175",26,436,"6,766",1,"6,765",..,166,"12,569",152
Leicestershire,East Midlands,..,..,..,..,..,..,..,..,..,..,..
Lewisham,London,"3,744","3,493",13,238,"2,992",0,"2,991",1,119,"6,855",52
Lincolnshire,East Midlands,"17,830","16,629",197,"1,004","31,871",12,"31,859",..,163,"49,864",163
Liverpool,North West,"16,527","16,150",87,290,17,..,..,17,60,"27,194",60,,,,,,,,,,,,,,,,,
Luton,East of England,"3,183","3,072",4,107,"4,210",18,"4,165",27,26,"7,419",26,,,,,,,,,,,,,,,,,
Manchester,North West,"8,969","8,706",16,247,"12,647",29,"12,612",6,315,"21,931",137,,,,,,,,,,,,,,,,,
Medway Towns,South East,"4,211","4,011",32,168,"8,034",36,"7,998",..,121,"12,366",43,,,,,,,,,,,,,,,,,
Merton,London,..,..,..,..,..,..,..,..,..,..,..,,,,,,,,,,,,,,,,,
Middlesbrough,North East,"3,322","3,189",17,116,"3,682",3,"3,678",1,97,"7,101",37,,,,,,,,,,,,,,,,,
Milton Keynes,South East,0,0,0,0,..,0,0,0,0,..,0,,,,,,,,,,,,,,,,,
Newcastle,North East,"5,334","5,001",15,318,"5,727",2,"5,720",5,46,"11,107",..,,,,,,,,,,,,,,,,,
Newham,London,"4,536","4,329",12,195,"1,849",0,"1,847",2,3,"6,388",3,,,,,,,,,,,,,,,,,
Norfolk,East of England,..,..,..,..,..,..,..,..,..,..,..,,,,,,,,,,,,,,,,,
North East Lincolnshire,Yorkshire and the Humber,"3,168","2,973",30,165,"3,650",2,"3,648",..,98,"6,916",53,,,,,,,,,,,,,,,,,
North Lincolnshire,Yorkshire and the Humber,..,..,..,..,..,..,..,..,..,..,..,,,,,,,,,,,,,,,,,
North Somerset,South West,"11,449","11,101",55,293,"7,374",..,"7,374",..,258,"19,081",158,,,,,,,,,,,,,,,,,
North Tyneside,North East,"4,192","4,057",17,118,"6,051",0,"6,051",0,48,"10,291",38,,,,,,,,,,,,,,,,,
North Yorkshire,Yorkshire and the Humber,"12,534","11,487",147,900,"19,815",2,"19,811",2,535,"32,884",0,,,,,,,,,,,,,,,,,
Northamptonshire,East Midlands,..,..,..,..,..,..,..,..,..,..,..,,,,,,,,,,,,,,,,,
Northumberland,North East,"6,391","6,094",48,249,"10,406",1,"10,405",0,238,"17,035",107,,,,,,,,,,,,,,,,,
Nottingham,East Midlands,..,..,..,..,..,..,..,..,..,..,..,,,,,,,,,,,,,,,,,
Nottinghamshire,East Midlands,"21,270","19,993",110,"1,167","21,782",75,"21,696",11,500,"43,552",500,,,,,,,,,,,,,,,,,
Oldham,North West,"6,085","5,819",23,243,"5,155",..,"5,155",..,106,"11,346",106,,,,,,,,,,,,,,,,,
Oxfordshire,South East,"4,144","3,611",43,490,"12,968",2,"12,963",3,721,"17,833",283,,,,,,,,,,,,,,,,,
Peterborough,East of England,..,..,..,..,..,..,..,..,..,..,..,,,,,,,,,,,,,,,,,
Plymouth,South West,"6,728","6,366",184,178,"8,820",5,"8,803",12,242,"15,790",86,,,,,,,,,,,,,,,,,
Poole,South West,"2,169","1,955",36,178,"6,047",6,"6,039",2,124,"8,340",45,,,,,,,,,,,,,,,,,
Portsmouth,South East,..,..,..,..,..,..,..,..,..,"9,824",..,,,,,,,,,,,,,,,,,
Reading,South East,"1,351","1,298",2,51,"3,710",4,"3,702",4,159,"5,220",60,,,,,,,,,,,,,,,,,
Redbridge,London,..,..,..,..,..,..,..,..,..,..,..,,,,,,,,,,,,,,,,,
Redcar & Cleveland,North East,"4,352","4,072",117,163,"6,653",0,"6,653",0,64,"11,069",30,,,,,,,,,,,,,,,,,
Richmond upon Thames,London,"1,482","1,315",14,153,"3,254",1,"3,253",..,..,"4,742",..,,,,,,,,,,,,,,,,,
Rochdale,North West,"5,285","4,960",28,297,"7,785",20,"7,765",..,228,"13,298",..,,,,,,,,,,,,,,,,,
Rotherham,Yorkshire and the Humber,"8,682","8,374",24,284,"7,675",0,"7,667",8,104,"16,461",54,,,,,,,,,,,,,,,,,
Rutland,East Midlands,..,..,..,..,..,..,..,..,..,"1,397",..,,,,,,,,,,,,,,,,,
Salford,North West,"6,138","5,947",6,185,"7,306",7,"7,291",8,42,"13,486",33
Sandwell,West Midlands,10,10,0,0,18,0,18,0,0,28,..
Sefton,North West,..,0,0,0,..,0,0,0,0,0,0
Sheffield,Yorkshire and the Humber,"13,164","12,774",35,355,"7,711",3,"7,708",0,79,"20,954",77
Shropshire,West Midlands,"5,977","5,508",44,425,"7,794",5,"7,781",8,304,"13,771",210
Slough,South East,"1,487","1,368",10,109,"3,560",0,"3,553",7,77,"5,124",22
Solihull,West Midlands,"4,214","3,922",18,274,"7,793",1,"7,786",6,113,"12,120",53
Somerset,South West,..,..,..,..,..,..,..,..,510,"27,770",..
South Gloucestershire,South West,"3,642","3,358",35,249,"8,226",8,"8,218",0,109,"11,977",81
South Tyneside,North East,"4,518","4,342",19,157,"3,729",1,"3,724",4,42,"8,289",23
Southampton,South East,"4,075","3,809",30,236,"5,510",0,"5,503",7,72,"9,657",16
Southend,East of England,"2,757","2,541",15,201,"5,716",0,"5,716",0,73,"8,546",73
Southwark,London,..,..,..,..,..,..,..,..,..,..,..
St. Helens,North West,..,..,..,..,..,..,..,..,..,..,..
Staffordshire,West Midlands,"17,118","16,375",71,672,"30,970",0,"30,970",0,655,"48,743",332
Stockport,North West,"4,982","4,712",24,246,"9,853",18,"9,835",0,218,"15,053",100
Stockton,North East,"4,282","4,116",35,131,"5,608",1,"5,598",9,82,"9,972",38,,,,,,,,,,,,,,,,,
Stoke-on-Trent,West Midlands,"9,074","8,827",41,206,"5,254",0,"5,254",0,152,"14,480",80,,,,,,,,,,,,,,,,,
Suffolk,East of England,"9,135","8,535",91,509,"3,838",34,"3,803",1,38,"13,011",38,,,,,,,,,,,,,,,,,
Sunderland,North East,"7,194","6,932",45,217,"7,368",2,"7,365",1,213,"14,775",72,,,,,,,,,,,,,,,,,
Surrey,South East,"12,036","10,613",158,"1,265","41,505",3,"41,502",..,"2,100","55,641",500,,,,,,,,,,,,,,,,,
Sutton,London,..,..,..,..,..,..,..,..,..,..,..,,,,,,,,,,,,,,,,,
Swindon,South West,"3,036","2,776",27,233,"6,589",28,"6,554",7,101,"9,726",60,,,,,,,,,,,,,,,,,
Tameside,North West,..,..,..,..,..,..,..,..,..,..,..,,,,,,,,,,,,,,,,,
Telford and the Wrekin,West Midlands,"3,994","3,836",31,127,"3,802",1,"3,801",..,59,"7,855",17,,,,,,,,,,,,,,,,,
Thurrock,East of England,"1,189","1,155",2,32,"1,595",12,"1,581",2,19,"2,803",11,,,,,,,,,,,,,,,,,
Torbay,South West,"2,731","2,456",5,270,"3,775",0,"3,761",14,203,"6,709",117,,,,,,,,,,,,,,,,,
Tower Hamlets,London,"2,533","2,411",4,118,"1,964",2,"1,945",17,43,"4,540",24,,,,,,,,,,,,,,,,,
Trafford,North West,"4,413","4,162",24,227,"7,802",2,"7,798",2,113,"12,328",31,,,,,,,,,,,,,,,,,
Wakefield,Yorkshire and the Humber,"10,205","9,962",37,206,"12,896",0,"12,870",26,72,"23,173",72,,,,,,,,,,,,,,,,,
Walsall,West Midlands,"5,532","5,294",21,217,"9,099",22,"9,077",..,119,"14,750",..,,,,,,,,,,,,,,,,,
Waltham Forest,London,"3,441","3,199",8,234,"5,132",1,"5,130",1,96,"8,669",43,,,,,,,,,,,,,,,,,
Wandsworth,London,"2,708","2,602",0,106,"4,777",1,"4,776",0,136,"7,621",4,,,,,,,,,,,,,,,,,
Warrington,North West,"4,854","4,711",29,114,"6,152",0,"6,147",5,25,"11,031",19,,,,,,,,,,,,,,,,,
Warwickshire,West Midlands,"5,396","4,840",87,469,"23,379",32,"23,313",34,2,"28,777",2,,,,,,,,,,,,,,,,,
West Berkshire,South East,"1,569","1,422",14,133,"4,311",2,"4,303",6,154,"6,034",49,,,,,,,,,,,,,,,,,
West Sussex,South East,"10,415","8,990",108,"1,317","44,007",309,"43,630",68,871,"55,293",..,,,,,,,,,,,,,,,,,
Westminster,London,..,..,..,..,..,..,..,..,95,"4,627",..,,,,,,,,,,,,,,,,,
Wigan,North West,"9,931","9,707",30,194,"12,888",1,"12,887",0,272,"23,091",..,,,,,,,,,,,,,,,,,
Wiltshire,South West,414,..,18,396,..,..,..,..,266,680,..,,,,,,,,,,,,,,,,,
Windsor & Maidenhead,South East,..,0,0,0,..,0,0,0,0,..,0,,,,,,,,,,,,,,,,,
Wirral,North West,"12,340","11,966",31,343,"13,081",1,"13,080",0,59,"25,480",54,,,,,,,,,,,,,,,,,
Wokingham,South East,"1,196","1,066",10,120,"3,359",2,"3,357",..,24,"4,579",7,,,,,,,,,,,,,,,,,
Wolverhampton,West Midlands,"6,179","5,941",0,238,"4,840",0,"4,840",0,116,"11,135",52,,,,,,,,,,,,,,,,,
Worcestershire,West Midlands,"10,972","10,239",130,603,"18,995",19,"18,960",16,277,"30,244",250,,,,,,,,,,,,,,,,,
York,Yorkshire and the Humber,"2,337","2,120",14,203,"5,050",0,"5,049",1,97,"7,484",73,,,,,,,,,,,,,,,,,
1 Valid as at 31 March 2010,,,,,,,,,,,,Source: DfT Blue Badge Survey,,,,,,,,,,,,,,,,,
2 On higher Rate Mobility Component of the Disability Living Allowance,,,,,,,,,,,,Last updated: 18 November 2011,,,,,,,,,,,,,,,,,
3 On War Pensioner's Supplement,,,,,,,,,,,,Next update: Autumn 2012
"4 Children under the age of two who are dependent upon bulky medical equipment, or need to be near their vehicle in case they need emergency medical treatment",,,,,,,,,,,,
"5 Motorists with very severe disabilitites in  both arms (who are unable to operate, or have considerable difficulty in operating, all or some types of parking meters)",,,,,,,,,,,,
6 People who have a permanent and substantial disability which causes inability to walk or very considerable difficulty in walking,,,,,,,,,,,,
"7 Figures are only shown where an authority supplied raw data, therefore figures in this table will not necessarily sum to regional and national totals shown elsewhere, which include imputed values where raw data is missing.",,,,,,,,,,,,
Telephone: 020 7944 4139,,,,,,,,,,,,
Email: parking.data@dft.gsi.gov.uk,,,,,,,,,,,,
Notes & definitions (http://assets.dft.gov.uk/statistics/series/disabled-parking-badges/documentation.pdf),,,,,,,,,,,,
,,,,,,,,,,,,
,,,,,,,,,,,,
