Department for Transport statistics,,,,,,,,,,,,,,,,,,,,,,,,,,
Blue Badge Statistics (http://www.dft.gov.uk/statistics/series/disabled-parking-badges),,,,,,,,,,,,,,,,,,,,,,,,,,
Table DIS0201,,,,,,,,,,,,,,,,,,,,,,,,,,
"New applications for Blue Badges by result: England, annual from 2008/09",,,,,,,,,,,,,,,,,,,,,,,,,,
,,,,,Thousands/ percentage,,,,,,,,,,,,,,,,,,,,,
,New applications,New applications accepted,New applications rejected,Acceptance rate (percentage),Rejection rate (percentage),,,,,,,,,,,,,,,,,,,,,
2008/09,424,367,58,86,14,,,,,,,,,,,,,,,,,,,,,
2009/10,418,349,69,84,16,,,,,,,,,,,,,,,,,,,,,
2010/11,395,324,71,82,18,,,,,,,,,,,,,,,,,,,,,
,,,,,Source: DfT Blue Badge Survey,,,,,,,,,,,,,,,,,,,,,
Telephone: 020 7944 4139,,,,,Last updated: 17 November 2011,,,,,,,,,,,,,,,,,,,,,
Email: parking.data@dft.gsi.gov.uk,,,,,Next update: Autumn 2012,,,,,,,,,,,,,,,,,,,,,
Notes & definitions (http://assets.dft.gov.uk/statistics/series/disabled-parking-badges/documentation.pdf),,,,,,,,,,,,,,,,,,,,,,,,,,
,,,,,,,,,,,,,,,,,,,,,,,,,,
The figures in this table are National Statistics,,,,,,,,,,,,,,,,,,,,,,,,,,
,,,,,,,,,,,,,,,,,,,,,,,,,,
