Department for Transport statistics,,,,,,,,
Blue Badge Statistics (http://www.dft.gov.uk/statistics/series/disabled-parking-badges),,,,,,,,
Table DIS0109,,,,,,,,
"Valid Blue Badges held1,3 and population measures: England, by Local Authority 2011",,,,,,,,
The figures in this table fall outside the scope of National Statistics,,,,,,,,Thousands/percentage
ONS Code,Local Authority,Region,Number of valid parking badges on issue at 31 March,Retired population2,Ratio of retired people to badge holders,Badge holders as a percentage of the population,Retired people as a percentage of the population,Total population
E09000002,Barking & Dagenham,London,7,24, 3.4 : 1 ,3.9,13.3,180
E09000003,Barnet,London, .. ,57,..,..,16.4,348
E08000016,Barnsley,Yorkshire and the Humber,14,46,3.3 : 1,6.1,20.2,228
E06000022,Bath & NE Somerset,South West, .. ,37, .. ,..,20.6,180
E06000055,Bedford,East of England,8,30,3.8 : 1,5,18.6,161
E09000004,Bexley,London,13,43,3.3 : 1,5.7,18.9,228
E08000025,Birmingham,West Midlands, .. ,159,..,..,15.3,"1,037"
E06000008,Blackburn with Darwen,North West, .. ,22,..,..,15.7,140
E06000009,Blackpool,North West,9,32,3.6 : 1,6.4,22.9,140
E08000001,Bolton,North West,8,51,6.4 : 1,3,19.2,266
E06000028,Bournemouth,South West,4,37,9.3 : 1,2.4,22,168
E06000036,Bracknell Forest,South East,4,17,4.3 : 1,3.4,14.5,117
E08000032,Bradford,Yorkshire and the Humber,17,82,4.8 : 1,3.3,16,513
E09000005,Brent,London, .. ,38,..,..,14.8,257
E06000043,Brighton & Hove,South East, .. ,42,..,..,16.2,259
E06000023,Bristol,South West,20,65,3.3 : 1,4.5,14.7,441
E09000006,Bromley,London, .. ,61,..,..,19.6,312
E10000002,Buckinghamshire,South East, .. ,99,..,..,19.9,498
E08000002,Bury,North West,4,35,8.8 : 1,2.2,19,184
E08000033,Calderdale,Yorkshire and the Humber,9,39,4.3 : 1,4.4,19.2,203
E10000003,Cambridgeshire,East of England,34,119,3.5 : 1,5.5,19.3,616
E09000007,Camden,London, .. ,26,..,..,11.1,235
E06000056,Central Bedfordshire,East of England, .. ,47,..,..,18.4,255
E06000049,Cheshire East,North West,20,83,4.2 : 1,5.5,22.8,364
E06000050,Cheshire West and Chester,North West, .. ,72,..,..,22,327
E09000001,City of London,London, .. ,1,..,..,8.3,12
E06000052,Cornwall,South West,35,138,3.9 : 1,6.5,25.8,535
E08000026,Coventry,West Midlands, .. ,54,..,..,17.1,316
E09000008,Croydon,London,11,54,4.9 : 1,3.2,15.6,346
E10000006,Cumbria,North West,36,120,3.3 : 1,7.3,24.3,494
E06000005,Darlington,North East,7,21,3.0 : 1,6.9,20.8,101
E06000015,Derby,East Midlands,14,45,3.2 : 1,5.7,18.2,247
E10000007,Derbyshire,East Midlands, .. ,169,..,..,22.1,764
E10000008,Devon,South West,47,197,4.2 : 1,6.3,26.3,750
E08000017,Doncaster,Yorkshire and the Humber,16,60,3.8 : 1,5.5,20.6,291
E10000009,Dorset,South West,26,121,4.7 : 1,6.4,29.9,405
E08000027,Dudley,West Midlands,21,67,3.2 : 1,6.8,21.8,307
E06000047,Durham,North East,36,109,3.0 : 1,7,21.3,511
E09000009,Ealing,London, .. ,42,..,..,13.2,319
E06000011,East Riding of Yorkshire,Yorkshire and the Humber, .. ,85,..,..,25.1,339
E10000011,East Sussex,South East,26,141,5.4 : 1,5,27.3,516
E09000010,Enfield,London,8,46,5.8 : 1,2.7,15.6,295
E10000012,Essex,East of England,79,305,3.9 : 1,5.6,21.6,"1,413"
E08000020,Gateshead,North East,10,40,4.0 : 1,5.2,20.8,192
E10000013,Gloucestershire,South West,31,132,4.3 : 1,5.2,22.2,594
E09000011,Greenwich,London,8,30,3.8 : 1,3.5,13.1,229
E09000012,Hackney,London,1,22,22.0 : 1,0.5,10,219
E06000006,Halton,North West,8,21,2.6 : 1,6.7,17.6,119
E09000013,Hammersmith and Fulham,London, .. ,21,..,..,12.4,170
E10000014,Hampshire,South East,68,285,4.2 : 1,5.2,22,"1,297"
E09000014,Haringey,London,8,26,3.3 : 1,3.6,11.6,225
E09000015,Harrow,London, .. ,38,..,..,16.5,230
E06000001,Hartlepool,North East,5,18,3.6 : 1,5.5,19.8,91
E09000016,Havering,London, .. ,49,..,..,20.8,236
E06000019,Herefordshire,West Midlands,5,47,9.4 : 1,2.8,26.3,179
E10000015,Hertfordshire,East of England, .. ,203,..,..,18.3,"1,108"
E09000017,Hillingdon,London,11,41,3.7 : 1,4.1,15.4,266
E09000018,Hounslow,London, .. ,30,..,..,12.7,237
E06000010,Hull,Yorkshire and the Humber,11,43,3.9 : 1,4.2,16.3,264
E06000046,Isle of Wight,South East,5,40,8.0 : 1,3.6,28.6,140
E06000053,Isles of Scilly,South West, .. ,1,..,..,50,2
E09000019,Islington,London, .. ,20,..,..,10.3,194
E09000020,Kensington and Chelsea,London, .. ,29,..,..,17.2,169
E10000016,Kent,South East,75,308,4.1 : 1,5.3,21.6,"1,427"
E09000021,Kingston upon Thames,London, .. ,24,..,..,14.2,169
E08000034,Kirklees,Yorkshire and the Humber,18,74,4.1 : 1,4.4,18,410
E08000011,Knowsley,North West,11,27,2.5 : 1,7.4,18.1,149
E09000022,Lambeth,London, .. ,27,..,..,9.5,284
E10000017,Lancashire,North West,75,250,3.3 : 1,6.4,21.4,"1,169"
E08000035,Leeds,Yorkshire and the Humber,28,133,4.8 : 1,3.5,16.6,799
E06000016,Leicester,East Midlands, .. ,42,..,..,13.7,307
E10000018,Leicestershire,East Midlands,39,137,3.5 : 1,6,21.1,649
E09000023,Lewisham,London,7,30,4.3 : 1,2.6,11.3,266
E10000019,Lincolnshire,East Midlands,52,174,3.3 : 1,7.4,24.8,703
E08000012,Liverpool,North West, .. ,75,..,..,16.9,445
E06000032,Luton,East of England, .. ,29,..,..,14.6,199
E08000003,Manchester,North West,21,59,2.8 : 1,4.2,11.8,499
E06000035,Medway Towns,South East, .. ,44,..,..,17.1,257
E09000024,Merton,London,9,29,3.2 : 1,4.3,13.9,209
E06000002,Middlesbrough,North East,7,25,3.6 : 1,4.9,17.6,142
E06000042,Milton Keynes,South East, .. ,34,..,..,14.1,241
E08000021,Newcastle,North East,11,48,4.4 : 1,3.8,16.4,292
E09000025,Newham,London, .. ,24,..,..,10,240
E10000020,Norfolk,East of England, .. ,217,..,..,25.2,862
E06000012,North East Lincolnshire,Yorkshire and the Humber,6,33,5.5 : 1,3.8,21,157
E06000013,North Lincolnshire,Yorkshire and the Humber, .. ,36,..,..,22.4,161
E06000024,North Somerset,South West, .. ,51,..,..,24.1,212
E08000022,North Tyneside,North East, .. ,41,..,..,20.7,198
E10000023,North Yorkshire,Yorkshire and the Humber, .. ,144,..,..,24,600
E10000021,Northamptonshire,East Midlands, .. ,129,..,..,18.8,687
E06000048,Northumberland,North East,17,75,4.4 : 1,5.4,24,312
E06000018,Nottingham,East Midlands, .. ,40,..,..,13,307
E10000024,Nottinghamshire,East Midlands,43,168,3.9 : 1,5.5,21.5,780
E08000004,Oldham,North West,11,40,3.6 : 1,5,18.2,220
E10000025,Oxfordshire,South East,22,120,5.5 : 1,3.4,18.5,649
E06000031,Peterborough,East of England, .. ,29,..,..,16.8,173
E06000026,Plymouth,South West, .. ,49,..,..,18.9,259
E06000029,Poole,South West, .. ,35,..,..,24.6,142
E06000044,Portsmouth,South East, .. ,33,..,..,15.9,207
E06000038,Reading,South East,5,21,4.2 : 1,3.2,13.6,154
E09000026,Redbridge,London, .. ,40,..,..,14.8,271
E06000003,Redcar & Cleveland,North East, .. ,31,..,..,22.6,137
E09000027,Richmond upon Thames,London, .. ,30,..,..,15.7,191
E08000005,Rochdale,North West,11,37,3.4 : 1,5.4,18,205
E08000018,Rotherham,Yorkshire and the Humber,17,52,3.1 : 1,6.7,20.4,255
E06000017,Rutland,East Midlands, .. ,9,..,..,23.1,39
E08000006,Salford,North West,13,39,3.0 : 1,5.7,17,229
E08000028,Sandwell,West Midlands,17,54,3.2 : 1,5.8,18.4,293
E08000014,Sefton,North West, .. ,66,..,..,24.2,273
E08000019,Sheffield,Yorkshire and the Humber,20,100,5.0 : 1,3.6,18,556
E06000051,Shropshire,West Midlands,14,74,5.3 : 1,4.8,25.3,293
E06000039,Slough,South East,1,16,16.0 : 1,0.8,12.2,131
E08000029,Solihull,West Midlands,13,46,3.5 : 1,6.3,22.3,206
E10000027,Somerset,South West, .. ,133,..,..,25.3,525
E06000025,South Gloucestershire,South West, .. ,52,..,..,19.6,265
E08000023,South Tyneside,North East,8,32,4.0 : 1,5.2,20.8,154
E06000045,Southampton,South East, .. ,37,..,..,15.4,240
E06000033,Southend,East of England,8,36,4.5 : 1,4.8,21.8,165
E09000028,Southwark,London, .. ,30,..,..,10.5,287
E08000013,St. Helens,North West, .. ,37,..,..,20.9,177
E10000028,Staffordshire,West Midlands,52,185,3.6 : 1,6.3,22.3,831
E08000007,Stockport,North West,15,60,4.0 : 1,5.3,21.1,285
E06000004,Stockton,North East, .. ,36,..,..,18.8,192
E06000021,Stoke-on-Trent,West Midlands, .. ,46,..,..,19.2,240
E10000029,Suffolk,East of England,26,170,6.5 : 1,3.6,23.6,720
E08000024,Sunderland,North East,12,56,4.7 : 1,4.2,19.7,284
E10000030,Surrey,South East,51,226,4.4 : 1,4.5,20.1,"1,127"
E09000029,Sutton,London,2,32,16.0 : 1,1,16.5,194
E06000030,Swindon,South West, .. ,34,..,..,16.8,202
E08000008,Tameside,North West,2,41,20.5 : 1,0.9,18.9,217
E06000020,Telford and the Wrekin,West Midlands, .. ,30,..,..,18.4,163
E06000034,Thurrock,East of England, .. ,25,..,..,15.6,160
E06000027,Torbay,South West, .. ,37,..,..,27.6,134
E09000030,Tower Hamlets,London, .. ,19,..,..,8,238
E08000009,Trafford,North West,12,41,3.4 : 1,5.5,18.9,217
E08000036,Wakefield,Yorkshire and the Humber,23,65,2.8 : 1,7.1,19.9,326
E08000030,Walsall,West Midlands, .. ,53,..,..,20.6,257
E09000031,Waltham Forest,London, .. ,28,..,..,12.3,227
E09000032,Wandsworth,London,7,32,4.6 : 1,2.4,11,290
E06000007,Warrington,North West,11,38,3.5 : 1,5.5,19.1,199
E10000031,Warwickshire,West Midlands, .. ,116,..,..,21.6,536
E06000037,West Berkshire,South East,6,28,4.7 : 1,3.9,18.2,154
E10000032,West Sussex,South East, .. ,195,..,..,24.4,800
E09000033,Westminster,London, .. ,33,..,..,13,253
E08000010,Wigan,North West,23,62,2.7 : 1,7.5,20.1,308
E06000054,Wiltshire,South West, .. ,101,..,..,22,460
E06000040,Windsor & Maidenhead,South East, .. ,27,..,..,18.5,146
E08000015,Wirral,North West, .. ,70,..,..,22.7,309
E06000041,Wokingham,South East,4,28,7.0 : 1,2.5,17.2,163
E08000031,Wolverhampton,West Midlands,11,47,4.3 : 1,4.6,19.7,239
E10000034,Worcestershire,West Midlands,30,128,4.3 : 1,5.4,23,557
E06000014,York,Yorkshire and the Humber, .. ,39,..,..,19.3,202
1 Blue Badge counts are at 31 March in year shown. Population estimates relate to mid-point of previous calendar year.,,,,,,,,
2 The retired population is defined as men aged 65 or over and women aged 60 or over.,,,,,,,,
"3 Figures are only shown where an authority supplied raw data, therefore figures in this table will not necessarily sum to regional and national totals shown elsewhere, which include imputed values where raw data is missing."
Source: DfT Blue Badge Survey and Office for National Statistics population estimates
Last updated: 17 November 2011
Next update: Autumn 2012
Telephone: 020 7944 4139
Email: parking.data@dft.gsi.gov.uk
Notes & definitions (http://assets.dft.gov.uk/statistics/series/disabled-parking-badges/documentation.pdf)
