Department for Transport statistics,,,,,,,,,,,,,,,,,,,,,,,,,,,,
Blue Badge Statistics (http://www.dft.gov.uk/statistics/series/disabled-parking-badges),,,,,,,,,,,,,,,,,,,,,,,,,,,,
Table DIS0301,,,,,,,,,,,,,,,,,,,,,,,,,,,,
"Blue Badge withdrawals, prosecutions, lost and stolen badges: England by local authority, during 2008/091,2",,,,,,,,,,,,,,,,,,,,,,,,,,,,
The figures in this table fall outside the scope of National Statistics,,,,,,,,,,,Number,,,,,,,,,,,,,,,,,
Local authority,Region,All badges withdrawn,Badges withdrawn due to misuse,Badges withdrawn because the holder ceased to be eligible,All prosecutions for abuse of blue badge system,Prosectutions targeted at the actual blue badge holder,Prosectutions targeted at a non-badge holder using another persons blue badge,All lost and stolen badges,Lost badges,Stolen badges,Replacement badges issued,,,,,,,,,,,,,,,,,
Barking and Dagenham,London,..,0,0,..,0,0,95,59,36,106,,,,,,,,,,,,,,,,,
Barnet,London,..,..,..,..,..,..,..,..,..,..,,,,,,,,,,,,,,,,,
Barnsley,Yorkshire and the Humber,45,0,45,..,0,0,..,..,..,41,,,,,,,,,,,,,,,,,
Bath & NE Somerset,South West,17,13,4,..,0,0,40,30,10,40,,,,,,,,,,,,,,,,,
Bedfordshire exc Luton,East of England,..,..,..,..,..,..,..,..,..,..,,,,,,,,,,,,,,,,,
Bexley,London,..,0,0,..,0,0,69,44,25,73,,,,,,,,,,,,,,,,,
Birmingham,West Midlands,..,..,..,..,..,..,..,..,..,..,,,,,,,,,,,,,,,,,
Blackburn with Darwen,North West,407,0,407,..,0,0,98,78,20,103,,,,,,,,,,,,,,,,,
Blackpool,North West,337,2,335,..,0,0,48,35,13,48,,,,,,,,,,,,,,,,,
Bolton,North West,39,38,1,41,0,41,122,100,22,106,,,,,,,,,,,,,,,,,
Bournemouth,South West,..,0,0,..,0,0,87,71,16,100,,,,,,,,,,,,,,,,,,,,
Bracknell Forest,South East,1,0,1,..,0,0,10,10,0,0,,,,,,,,,,,,,,,,,,,,
Bradford,Yorkshire and the Humber,5,5,0,..,0,0,288,236,52,288,,,,,,,,,,,,,,,,,,,,
Brent,London,..,0,0,2,0,2,278,194,84,278,,,,,,,,,,,,,,,,,,,,
Brighton & Hove,South East,..,..,..,..,..,..,..,..,..,..,,,,,,,,,,,,,,,,,,,,
Bristol,South West,..,..,..,..,..,..,..,..,..,..,,,,,,,,,,,,,,,,,,,,
Bromley,London,..,..,..,..,..,..,..,..,..,..,,,,,,,,,,,,,,,,,,,,
Buckinghamshire,South East,..,0,0,..,0,0,189,161,28,189,,,,,,,,,,,,,,,,,,,,
Bury,North West,221,5,216,..,0,0,135,120,15,135,,,,,,,,,,,,,,,,,,,,
Calderdale,Yorkshire and the Humber,1,1,0,..,0,0,..,..,..,0,,,,,,,,,,,,,,,,,,,,
Cambridgeshire,East of England,"1,111",10,"1,101",..,..,..,388,..,388,..,,,,,,,,,,,,,,,,,,,,
Camden,London,208,208,0,117,0,117,175,95,80,175,,,,,,,,,,,,,,,,,,,,
Cheshire,North West,..,..,..,..,..,..,56,..,56,..,,,,,,,,,,,,,,,,,,,,
City of London,London,3,0,3,..,0,0,..,..,..,..,,,,,,,,,,,,,,,,,,,,
Cornwall,South West,..,0,0,..,0,0,..,..,..,108,,,,,,,,,,,,,,,,,,,,
Coventry,West Midlands,..,0,..,..,0,0,..,..,..,..,,,,,,,,,,,,,,,,,,,,
Croydon,London,35,34,1,..,0,0,177,107,70,257,,,
Cumbria,North West,..,0,0,..,0,0,256,241,15,380,,,
Darlington,North East,..,0,0,..,0,0,55,43,12,49,,,
Derby,East Midlands,..,..,..,..,..,..,..,..,..,..,,,
Derbyshire,East Midlands,3,0,3,2,0,2,586,527,59,449,,,
Devon,South West,..,0,..,..,..,..,..,..,..,374,,,
Doncaster,Yorkshire and the Humber,1,1,..,..,0,0,163,114,49,..,,,
Dorset,South West,4,1,3,1,0,1,189,163,26,189,,,
Dudley,West Midlands,..,..,..,..,0,0,..,..,..,118,,,
Durham,North East,..,0,0,..,0,0,315,266,49,333,,,
Ealing,London,..,..,..,2,0,2,..,..,..,..,,,
East Riding of Yorkshire,Yorkshire and the Humber,2,2,0,..,0,0,101,94,7,..,,,
East Sussex,South East,120,1,119,..,0,0,269,229,40,249,,,
Enfield,London,..,0,0,..,0,0,214,147,67,234,,,
Essex,East of England,1,1,0,1,0,1,..,..,..,..,,,
Gateshead,North East,1,1,0,..,0,0,..,..,..,104,,,
Gloucestershire,South West,"2,118",0,"2,118",..,0,0,231,209,22,209,,,,,,,,,,,,,,,,,,,,
Greenwich,London,..,..,..,..,..,..,..,..,..,..,,,,,,,,,,,,,,,,,,,,
Hackney,London,..,..,..,..,..,..,..,..,..,..,,,,,,,,,,,,,,,,,,,,
Halton,North West,..,..,..,..,0,0,..,..,..,116,,,,,,,,,,,,,,,,,,,,
Hammersmith and Fulham,London,1,1,0,..,0,0,148,64,84,..,,,,,,,,,,,,,,,,,,,,
Hampshire,South East,2,2,0,..,0,0,238,215,23,"2,600",,,,,,,,,,,,,,,,,,,,
Haringey,London,..,..,..,..,..,..,..,..,..,..,,,,,,,,,,,,,,,,,,,,
Harrow,London,..,..,..,..,..,..,1,0,1,1,,,,,,,,,,,,,,,,,,,,
Hartlepool,North East,..,0,0,..,0,0,28,26,2,28,,,,,,,,,,,,,,,,,,,,
Havering,London,..,0,0,..,0,0,..,..,..,..,,,,,,,,,,,,,,,,,,,,
Herefordshire,West Midlands,172,1,171,1,1,0,36,10,26,36,,,,,,,,,,,,,,,,,,,,
Hertfordshire,East of England,..,..,..,..,..,..,..,..,..,..,,,,,,,,,,,,,,,,,,,,
Hillingdon,London,..,..,..,..,..,..,..,..,..,..,,,,,,,,,,,,,,,,,,,,
Hounslow,London,..,..,..,..,..,..,..,..,..,..,,,,,,,,,,,,,,,,,,,,
Hull,Yorkshire and the Humber,"1,370",2,"1,368",..,0,0,142,117,25,170,,,,,,,,,,,,,,,,,,,,
Isle of Wight,South East,3,2,1,..,0,0,56,48,8,64,,,,,,,,,,,,,,,,,,,,
Isles of Scilly,South West,..,0,0,..,0,0,..,0,0,0,,
Islington,London,80,80,..,21,0,21,..,..,..,..,,
Kensington and Chelsea,London,..,..,..,..,..,..,..,..,..,..,,
Kent,South East,..,..,..,..,..,..,..,..,..,..,,
Kingston upon Thames,London,2,2,0,..,0,0,53,38,15,27,,
Kirklees,Yorkshire and the Humber,..,..,..,..,..,..,..,..,..,..,,
Knowsley,North West,..,0,0,..,0,0,..,..,..,139,,
Lambeth,London,..,..,..,..,..,..,..,..,..,..,,
Lancashire,North West,..,0,0,..,0,0,652,585,67,852,,
Leeds,Yorkshire and the Humber,..,..,..,..,0,0,116,102,14,441,,
Leicester,East Midlands,..,..,..,..,..,..,..,..,..,..,,
Leicestershire,East Midlands,..,..,..,..,..,..,..,..,..,..,,
Lewisham,London,1,1,0,..,0,0,35,17,18,0,,
Lincolnshire,East Midlands,520,..,520,..,..,..,31,26,5,33,,
Liverpool,North West,..,..,..,..,..,..,..,..,..,..,,
Luton,East of England,..,0,0,..,0,0,..,..,..,..,,
Manchester,North West,..,0,0,..,..,..,275,210,65,333,,,,,,,,,,,,,,,,,,,,
Medway Towns,South East,..,..,..,..,..,..,1,..,1,..,,,,,,,,,,,,,,,,,,,,
Merton,London,320,1,319,..,..,..,100,66,34,..,,,,,,,,,,,,,,,,,,,,
Middlesbrough,North East,..,0,0,..,0,0,72,69,3,77,,,,,,,,,,,,,,,,,,,,
Milton Keynes,South East,..,0,0,..,0,0,82,74,8,86,,,,,,,,,,,,,,,,,,,,
Newcastle,North East,1,0,1,3,0,3,250,150,100,250,,,,,,,,,,,,,,,,,,,,
Newham,London,2,1,1,2,1,1,56,31,25,1,,,,,,,,,,,,,,,,,,,,
Norfolk,East of England,16,16,0,1,1,0,137,131,6,0,,,,,,,,,,,,,,,,,,,,
North East Lincolnshire,Yorkshire and the Humber,..,0,0,..,0,0,62,31,31,62,,,,,,,,,,,,,,,,,,,,
North Lincolnshire,Yorkshire and the Humber,..,..,..,..,..,..,..,..,..,..,,,,,,,,,,,,,,,,,,,,
North Somerset,South West,..,..,..,..,..,..,..,..,..,..,,,,,,,,,,,,,,,,,,,,
North Tyneside,North East,..,0,0,..,0,0,96,96,0,101,,,,,,,,,,,,,,,,,,,,
North Yorkshire,Yorkshire and the Humber,..,0,0,..,0,0,284,282,2,277,,,,,,,,,,,,,,,,,,,,
Northamptonshire,East Midlands,..,..,..,..,..,..,..,..,..,..,,,,,,,,,,,,,,,,,,,,
Northumberland,North East,18,0,18,..,0,0,104,94,10,104,,,,,,,,,,,,,,,,,,,,
Nottingham,East Midlands,..,..,..,..,..,..,..,..,..,..,,,,,,,,,,,,,,,,,,,,
Nottinghamshire,East Midlands,..,0,0,..,0,0,..,0,..,0,,,,,,,,,,,,,,,,,,,,
Oldham,North West,407,..,407,..,..,..,45,36,9,65,,,,,,,,,,,,,,,,,,,,
Oxfordshire,South East,801,0,801,..,0,0,245,204,41,380,,,,,,,,,,,,,,,,,,,,
Peterborough,East of England,..,0,0,1,0,1,57,50,7,57,,,,,,,,,,,,,,,,,,,,
Plymouth,South West,..,0,0,..,0,0,35,32,3,0,,,,,,,,,,,,,,,,,,,,
Poole,South West,..,0,0,..,..,..,31,28,3,71,,,,,,,,,,,,,,,,,,,,
Portsmouth,South East,..,0,0,..,..,..,94,89,5,94,,,,,,,,,,,,,,,,,,,,
Reading,South East,4,1,3,..,..,..,40,28,12,66,,,,,,,,,,,,,,,,,,,,
Redbridge,London,..,..,..,..,..,..,..,..,..,..,,,,,,,,,,,,,,,,,,,,
Redcar & Cleveland,North East,..,0,0,..,0,0,35,30,5,0,,,,,,,,,,,,,,,,,,,,
Richmond upon Thames,London,..,0,0,..,0,0,80,61,19,0,,,,,,,,,,,,,,,,,,,,
Rochdale,North West,..,..,..,..,..,..,..,0,..,0,,,,,,,,,,,,,,,,,,,,
Rotherham,Yorkshire and the Humber,..,..,..,..,..,..,28,..,28,104,,,,,,,,,,,,,,,,,,,,
Rutland,East Midlands,..,0,0,..,..,..,4,2,2,4,,,,,,,,,,,,,,,,,,,,
Salford,North West,..,0,0,..,0,0,211,167,44,208,,,,,,,,,,,,,,,,,,,,
Sandwell,West Midlands,..,0,0,..,0,0,100,88,12,44,,,,,,,,,,,,,,,,,,,,
Sefton,North West,16,12,4,..,..,..,136,113,23,..,,,,,,,,,,,,,,,,,,,,
Sheffield,Yorkshire and the Humber,..,0,0,..,0,0,245,175,70,234,,,,,,,,,,,,,,,,,,,,
Shropshire,West Midlands,57,0,57,..,0,0,118,109,9,105,,,,,,,,,,,,,,,,,,,,
Slough,South East,18,17,1,..,0,0,36,13,23,36,,,,,,,,,,,,,,,,,,,,
Solihull,West Midlands,6,0,6,..,..,..,122,94,28,115,,,,,,,,,,,,,,,,,,,,
Somerset,South West,..,..,..,..,..,..,..,..,..,..,,,,,,,,,,,,,,,,,,,,
South Gloucestershire,South West,62,20,42,..,0,0,198,112,86,198,,,,,,,,,,,,,,,,,,,,
South Tyneside,North East,121,0,121,..,0,0,53,45,8,60,,,,,,,,,,,,,,,,,,,,
Southampton,South East,336,4,332,6,0,6,99,66,33,99,,,,,,,,,,,,,,,,,,,,
Southend,East of England,..,0,0,..,0,0,130,130,0,125,,,,,,,,,,,,,,,,,,,,
Southwark,London,..,..,..,..,..,..,..,..,..,..,,,,,,,,,,,,,,,,,,,,
St. Helens,North West,..,..,..,..,..,..,..,..,..,..,,,,,,,,,,,,,,,,,,,,
Staffordshire,West Midlands,51,0,51,..,0,0,38,36,2,248,,,,,,,,,,,,,,,,,,,,
Stockport,North West,..,0,0,..,0,0,126,93,33,128,,,,,,,,,,,,,,,,,,,,
Stockton,North East,..,0,0,..,0,0,124,111,13,124,,,,,,,,,,,,,,,,,,,,
Stoke-on-Trent,West Midlands,2,2,0,..,0,0,243,243,0,243,,,,,,,,,,,,,,,,,,,,
Suffolk,East of England,..,0,0,..,0,0,..,0,0,0,,,,,,,,,,,,,,,,,,,,
Sunderland,North East,5,0,5,..,0,0,109,92,17,140,,,,,,,,,,,,,,,,,,,,
Surrey,South East,..,0,0,..,0,0,456,338,118,450,,,,,,,,,,,,,,,,,,,,
Sutton,London,..,0,0,..,0,0,70,50,20,70,,,,,,,,,,,,,,,,,,,,
Swindon,South West,..,..,..,..,..,..,4,4,0,83,,,,,,,,,,,,,,,,,,,,
Tameside,North West,..,..,..,..,..,..,..,..,..,..,,,,,,,,,,,,,,,,,,,,
Telford and the Wrekin,West Midlands,66,0,66,..,0,0,26,26,0,26,,,,,,,,,,,,,,,,,,,,
Thurrock,East of England,1,0,1,..,0,0,73,0,73,0,,,,,,,,,,,,,,,,,,,,
Torbay,South West,2,0,2,..,0,0,..,..,..,74,,,,,,,,,,,,,,,,,,,,
Tower Hamlets,London,..,..,..,..,..,..,..,..,..,..,,,,,,,,,,,,,,,,,,,,
Trafford,North West,..,..,..,..,..,..,..,..,..,..,,,,,,,,,,,,,,,,,,,,
Wakefield,Yorkshire and the Humber,258,0,258,..,0,0,320,253,67,0,,,,,,,,,,,,,,,,,,,,
Walsall,West Midlands,1,1,0,..,0,0,..,..,..,..,,,,,,,,,,,,,,,,,,,,
Waltham Forest,London,..,0,0,..,0,0,273,152,121,0,,,,,,,,,,,,,,,,,,,,
Wandsworth,London,3,3,0,57,0,57,141,82,59,141,,,,,,,,,,,,,,,,,,,,
Warrington,North West,4,0,4,..,0,0,44,39,5,70,,,,,,,,,,,,,,,,,,,,
Warwickshire,West Midlands,99,0,99,..,0,0,..,..,..,317
West Berkshire,South East,..,0,0,..,0,0,18,14,4,17
West Sussex,South East,..,0,0,..,0,0,..,..,..,..
Westminster,London,..,..,..,..,..,..,..,..,..,..
Wigan,North West,..,..,..,..,..,..,..,..,..,..
Wiltshire,South West,..,0,0,..,0,0,..,..,..,171
Windsor & Maidenhead,South East,..,..,..,..,..,..,..,..,..,..
Wirral,North West,2,1,1,3,3,0,259,213,46,261
Wokingham,South East,..,0,..,..,..,..,15,14,1,..
Wolverhampton,West Midlands,1,1,0,..,0,0,..,..,..,92
Worcestershire,West Midlands,1,1,0,..,0,0,193,159,34,192
York,Yorkshire and the Humber,3,2,1,..,0,0,64,58,6,64
1 Between 1 April 2008 and 31 March 2009,,,,,,,,,,,Source: DfT Blue Badge Survey
"2 Figures are only shown where an authority supplied raw data, therefore figures in this table will not necessarily sum to regional and national totals shown elsewhere, which include imputed values where raw data is missing.",,,,,,,,,,,
Telephone: 020 7944 4139,,,,,,,,,,,Last updated: 17 November 2011
Email: parking.data@dft.gsi.gov.uk,,,,,,,,,,,Next update: Autumn 2012
Notes & definitions (http://assets.dft.gov.uk/statistics/series/disabled-parking-badges/documentation.pdf),,,,,,
,,,,,,
,,,,,,
,,,,,,
,,,,,,
