Department for Transport statistics,,,,,,,
Blue Badge Statistics (http://www.dft.gov.uk/statistics/series/disabled-parking-badges),,,,,,,
Table DIS0109,,,,,,,
"Valid Blue Badges held1,3 and population measures: England, by Local Authority 2010",,,,,,,
The figures in this table fall outside the scope of National Statistics,,,,,,,Thousands/percentage
Local Authority,Region,Number of valid parking badges on issue at 31 March,Retired population2,Ratio of retired people to badge holders,Badge holders as a percentage of the population,Retired people as a percentage of the population,Total population
Barking and Dagenham,London,6.7,24,3.5 : 1,3.8,13.4,176
Barnet,London,..,56,..,..,16.4,343
Barnsley,Yorkshire and the Humber,13.4,45,3.4 : 1,5.9,19.9,226
Bath & NE Somerset,South West,1.4,37, 25.8 : 1 ,0.8,20.5,178
Bedford,East of England,7.8,29,3.7 : 1,4.9,18.4,158
Bexley,London,12.2,43,3.5 : 1,5.4,18.9,226
Birmingham,West Midlands,..,159,..,..,15.4,"1,029"
Blackburn with Darwen,North West,10.6,22,2.0 : 1,7.6,15.4,140
Blackpool,North West,8.9,32,3.5 : 1,6.4,22.6,140
Bolton,North West,..,50,..,..,18.7,265
Bournemouth,South West,11.2,37,3.3 : 1,6.8,22.1,165
Bracknell Forest,South East,3.1,17,5.5 : 1,2.7,14.7,115
Bradford,Yorkshire and the Humber,16.2,81,5.0 : 1,3.2,16,507
Brent,London,..,38,..,..,14.9,256
Brighton & Hove,South East,..,42,..,..,16.4,256
Bristol,South West,..,65,..,..,14.9,433
Bromley,London,..,61,..,..,19.6,310
Buckinghamshire,South East,..,96,..,..,19.4,495
Bury,North West,..,35,..,..,18.9,183
Calderdale,Yorkshire and the Humber,9.5,38,4.0 : 1,4.7,18.8,202
Cambridgeshire,East of England,..,115,..,..,19,607
Camden,London,..,25,..,..,10.9,231
Central Bedfordshire,East of England,6.5,46,7.0 : 1,2.6,18.1,253
Cheshire East,North West,21.9,82,3.7 : 1,6,22.5,363
Cheshire West and Chester,North West,23.3,70,3.0 : 1,7.1,21.6,327
City of London,London,0,1,..,0.1,12.2,12
Cornwall,South West,..,135,..,..,25.4,531
Coventry,West Midlands,..,54,..,..,17.1,313
Croydon,London,10.5,53,5.0 : 1,3.1,15.5,343
Cumbria,North West,32.6,118,3.6 : 1,6.6,23.8,495
Darlington,North East,6.6,21,3.2 : 1,6.5,20.7,100
Derby,East Midlands,..,44,..,..,18.2,244
Derbyshire,East Midlands,..,165,..,..,21.7,760
Devon,South West,..,194,..,..,25.9,747
Doncaster,Yorkshire and the Humber,20.5,59,2.9 : 1,7.1,20.5,290
Dorset,South West,..,119,..,..,29.4,404
Dudley,West Midlands,15.9,66,4.2 : 1,5.2,21.6,307
Durham,North East,..,106,..,..,21,506
Ealing,London,..,42,..,..,13.2,317
East Riding of Yorkshire,Yorkshire and the Humber,7.1,83,11.7 : 1,2.1,24.5,337
East Sussex,South East,..,139,..,..,27.1,512
Enfield,London,9,46,5.1 : 1,3.1,15.6,291
Essex,East of England,..,298,..,..,21.3,"1,399"
Gateshead,North East,10.2,40,3.9 : 1,5.3,21,191
Gloucestershire,South West,29.7,129,4.3 : 1,5,21.9,589
Greenwich,London,7.7,30,4.0 : 1,3.4,13.4,226
Hackney,London,2.6,22,8.4 : 1,1.2,10.1,216
Halton,North West,7.9,21,2.7 : 1,6.6,17.6,119
Hammersmith and Fulham,London,..,21,..,0,12.2,170
Hampshire,South East,..,277,..,..,21.5,"1,289"
Haringey,London,..,26,..,..,11.3,226
Harrow,London,..,38,..,..,16.5,228
Hartlepool,North East,4.2,18,4.2 : 1,4.7,19.5,91
Havering,London,..,49,..,..,20.7,234
Herefordshire,West Midlands,13.5,46,3.4 : 1,7.5,25.6,179
Hertfordshire,East of England,..,200,..,..,18.2,"1,096"
Hillingdon,London,10.3,41,4.0 : 1,3.9,15.5,263
Hounslow,London,..,29,..,0,12.6,234
Hull,Yorkshire and the Humber,11.3,43,3.8 : 1,4.3,16.3,262
Isle of Wight,South East,5.8,39,6.7 : 1,4.1,27.7,140
Isles of Scilly,South West,..,1,..,..,27.3,2
Islington,London,7,20,2.9 : 1,3.7,10.5,192
Kensington and Chelsea,London,..,29,..,..,16.9,170
Kent,South East,..,301,..,..,21.4,"1,411"
Kingston upon Thames,London,4.7,24,5.1 : 1,2.8,14.3,167
Kirklees,Yorkshire and the Humber,19.6,72,3.7 : 1,4.8,17.7,407
Knowsley,North West,9,27,3.0 : 1,6,18.2,149
Lambeth,London,..,27,..,..,9.6,283
Lancashire,North West,..,245,..,..,21,"1,166"
Leeds,Yorkshire and the Humber,12.4,132,10.6 : 1,1.6,16.7,788
Leicester,East Midlands,12.6,42,3.3 : 1,4.1,13.7,305
Leicestershire,East Midlands,..,134,..,..,20.7,645
Lewisham,London,6.9,30,4.3 : 1,2.6,11.2,265
Lincolnshire,East Midlands,49.9,170,3.4 : 1,7.1,24.4,698
Liverpool,North West,27.2,75,2.7 : 1,6.1,16.9,442
Luton,East of England,7.4,28,3.8 : 1,3.8,14.5,194
Manchester,North West,21.9,59,2.7 : 1,4.5,12.2,484
Medway Towns,South East,12.4,43,3.5 : 1,4.9,16.9,255
Merton,London,..,28,..,..,13.8,206
Middlesbrough,North East,7.1,25,3.5 : 1,5.1,17.6,141
Milton Keynes,South East,..,33,..,..,13.7,237
Newcastle,North East,11.1,48,4.3 : 1,3.9,16.8,284
Newham,London,6.4,24,3.7 : 1,2.6,9.8,241
Norfolk,East of England,..,213,..,..,24.9,853
North East Lincolnshire,Yorkshire and the Humber,6.9,33,4.7 : 1,4.4,20.8,157
North Lincolnshire,Yorkshire and the Humber,..,35,..,..,21.6,161
North Somerset,South West,19.1,50,2.6 : 1,9.1,23.9,209
North Tyneside,North East,10.3,41,4.0 : 1,5.2,20.7,197
North Yorkshire,Yorkshire and the Humber,..,141,..,..,23.6,598
Northamptonshire,East Midlands,..,125,..,..,18.3,684
Northumberland,North East,17,73,4.3 : 1,5.5,23.6,311
Nottingham,East Midlands,..,40,..,..,13.4,301
Nottinghamshire,East Midlands,..,165,..,..,21.2,777
Oldham,North West,11.3,39,3.4 : 1,5.2,17.9,219
Oxfordshire,South East,17.8,118,6.6 : 1,2.8,18.4,640
Peterborough,East of England,..,28,..,..,16.5,171
Plymouth,South West,15.8,48,3.0 : 1,6.2,18.7,257
Poole,South West,8.3,34,4.1 : 1,5.9,24.4,141
Portsmouth,South East,9.8,32,3.3 : 1,4.8,15.9,204
Reading,South East,5.2,21,4.0 : 1,3.4,13.8,152
Redbridge,London,..,39,..,..,14.6,268
Redcar & Cleveland,North East,11.1,31,2.8 : 1,8.1,22.3,138
Richmond upon Thames,London,4.7,29,6.1 : 1,2.5,15.4,189
Rochdale,North West,13.3,36,2.7 : 1,6.5,17.7,205
Rotherham,Yorkshire and the Humber,16.5,51,3.1 : 1,6.5,20,254
Rutland,East Midlands,1.4,9,6.4 : 1,3.6,23.4,38
Salford,North West,13.5,39,2.9 : 1,6,17.4,225
Sandwell,West Midlands,..,54,..,0,18.5,291
Sefton,North West,..,65,..,0,23.8,273
Sheffield,Yorkshire and the Humber,21,100,4.7 : 1,3.8,18.2,547
Shropshire,West Midlands,..,72,..,..,24.7,292
Slough,South East,5.1,16,3.2 : 1,4,12.7,128
Solihull,West Midlands,12.1,45,3.7 : 1,5.9,21.9,205
Somerset,South West,27.8,130,4.7 : 1,5.3,24.8,524
South Gloucestershire,South West,12,51,4.2 : 1,4.6,19.3,262
South Tyneside,North East,8.3,32,3.8 : 1,5.4,20.9,152
Southampton,South East,9.7,36,3.7 : 1,4.1,15.3,237
Southend,East of England,8.5,35,4.1 : 1,5.2,21.4,164
Southwark,London,..,30,..,..,10.4,286
St. Helens,North West,..,36,..,..,20.4,177
Staffordshire,West Midlands,..,180,..,..,21.7,829
Stockport,North West,15.1,59,3.9 : 1,5.3,20.9,284
Stockton,North East,10,35,3.5 : 1,5.2,18.4,191
Stoke-on-Trent,West Midlands,14.5,46,3.2 : 1,6.1,19.2,239
Suffolk,East of England,13,166,12.7 : 1,1.8,23.2,714
Sunderland,North East,14.8,55,3.7 : 1,5.2,19.6,282
Surrey,South East,55.6,221,4.0 : 1,5,19.9,"1,113"
Sutton,London,..,32,..,..,16.5,192
Swindon,South West,9.7,33,3.4 : 1,4.9,16.8,199
Tameside,North West,..,40,..,..,18.6,215
Telford and the Wrekin,West Midlands,7.9,29,3.7 : 1,4.8,17.8,162
Thurrock,East of England,2.8,25,8.9 : 1,1.8,15.8,157
Torbay,South West,6.7,37,5.5 : 1,5,27.3,134
Tower Hamlets,London,4.5,19,4.2 : 1,1.9,8.1,235
Trafford,North West,12.3,41,3.3 : 1,5.7,19,215
Wakefield,Yorkshire and the Humber,23.2,64,2.7 : 1,7.2,19.6,324
Walsall,West Midlands,14.8,52,3.5 : 1,5.8,20.4,256
Waltham Forest,London,8.7,28,3.3 : 1,3.9,12.6,224
Wandsworth,London,7.6,32,4.1 : 1,2.7,11,287
Warrington,North West,11,38,3.4 : 1,5.6,19,198
Warwickshire,West Midlands,28.8,113,3.9 : 1,5.4,21.2,535
West Berkshire,South East,6,27,4.5 : 1,3.9,17.8,153
West Sussex,South East,55.3,191,3.5 : 1,7,24.1,793
Westminster,London,4.6,32,6.9 : 1,1.9,12.8,249
Wigan,North West,23.1,60,2.6 : 1,7.5,19.7,307
Wiltshire,South West,..,98,..,..,21.6,456
Windsor & Maidenhead,South East,..,27,..,..,18.6,144
Wirral,North West,25.5,69,2.7 : 1,8.3,22.4,309
Wokingham,South East,4.6,28,6.0 : 1,2.8,17,162
Wolverhampton,West Midlands,11.1,47,4.2 : 1,4.7,19.5,239
Worcestershire,West Midlands,30.2,124,4.1 : 1,5.4,22.3,557
York,Yorkshire and the Humber,7.5,39,5.2 : 1,3.8,19.4,199
1 Blue Badge counts are at 31 March in year shown. Population estimates relate to mid-point of previous calendar year.,,,,,,,
2 The retired population is defined as men aged 65 or over and women aged 60 or over.,,,,,,,
"3 Figures are only shown where an authority supplied raw data, therefore figures in this table will not necessarily sum to regional and national totals shown elsewhere, which include imputed values where raw data is missing."
Source: DfT Blue Badge Survey and Office for National Statistics population estimates
Last updated: 17 November 2011
Next update: Autumn 2012
Telephone: 020 7944 4139
Email: parking.data@dft.gsi.gov.uk
Notes & definitions (http://assets.dft.gov.uk/statistics/series/disabled-parking-badges/documentation.pdf)
