Department for Transport statistics,,,,,,,,,,,,
Blue Badge Statistics (http://www.dft.gov.uk/statistics/series/disabled-parking-badges),,,,,,,,,,,,
Table DIS0301,,,,,,,,,,,,
"Blue Badge withdrawals, prosecutions, lost and stolen badges: England by Local Authority, during 2010/111,2",,,,,,,,,,,,
The figures in this table fall outside the scope of National Statistics,,,,,,,,,,,,Number
ONS Code,Local Authority,Region,All badges withdrawn,Badges withdrawn due to misuse,Badges withdrawn because the holder ceased to be eligible,All prosecutions for abuse of blue badge system,Prosectutions targeted at the actual blue badge holder,Prosectutions targeted at a non-badge holder using another persons blue badge,All lost and stolen badges,Lost badges,Stolen badges,Replacement badges issued
E09000002,Barking and Dagenham,London,..,..,..,..,..,..,101,52,49,101
E09000003,Barnet,London,..,..,..,..,..,..,..,..,..,..
E08000016,Barnsley,Yorkshire and the Humber,6,0,6,0,0,0,71,68,3,66
E06000022,Bath & NE Somerset,South West,..,..,..,..,..,..,..,..,0,0
E06000055,Bedford,East of England,0,0,0,0,0,0,72,64,8,72
E09000004,Bexley,London,2,0,2,2,0,2,82,50,32,82
E08000025,Birmingham,West Midlands,..,..,..,..,..,..,..,..,..,..
E06000008,Blackburn with Darwen,North West,0,0,0,1,0,1,..,..,..,90
E06000009,Blackpool,North West,6,5,1,0,0,0,58,57,1,58
E08000001,Bolton,North West,30,15,15,15,15,0,40,33,7,40
E06000028,Bournemouth,South West,0,0,0,0,0,0,35,25,10,35
E06000036,Bracknell Forest,South East,..,..,..,..,..,..,..,..,..,..
E08000032,Bradford,Yorkshire and the Humber,2,2,0,1,0,1,215,173,42,150
E09000005,Brent,London,0,0,0,1,1,0,195,117,78,195
E06000043,Brighton & Hove,South East,..,..,..,..,..,..,..,..,..,..
E06000023,Bristol,South West,0,0,0,0,0,0,196,176,20,196
E09000006,Bromley,London,..,..,..,..,..,..,..,..,..,..
E10000002,Buckinghamshire,South East,..,..,..,..,..,..,..,..,..,..
E08000002,Bury,North West,0,0,0,0,0,0,100,86,14,100
E08000033,Calderdale,Yorkshire and the Humber,0,0,0,0,0,0,18,9,9,18
E10000003,Cambridgeshire,East of England,0,0,0,0,0,0,225,184,41,225
E09000007,Camden,London,..,..,..,..,..,..,..,..,..,..
E06000056,Central Bedfordshire,East of England,0,0,0,0,0,0,94,94,0,94
E06000049,Cheshire East,North West,0,0,0,0,0,0,142,128,14,142
E06000050,Cheshire West and Chester,North West,..,..,..,..,..,..,..,..,..,..
E09000001,City of London,London,..,..,..,..,..,..,..,..,..,..
E06000052,Cornwall,South West,0,0,0,0,0,0,256,256,0,..
E08000026,Coventry,West Midlands,0,0,0,0,0,0,95,73,22,84
E09000008,Croydon,London,195,0,195,0,0,0,161,98,63,171
E10000006,Cumbria,North West,44,1,43,0,0,0,255,225,30,235
E06000005,Darlington,North East,0,0,0,0,0,0,81,72,9,81
E06000015,Derby,East Midlands,0,0,0,0,0,0,140,127,13,140
E10000007,Derbyshire,East Midlands,..,..,..,..,..,..,..,..,..,..
E10000008,Devon,South West,0,0,0,0,0,0,99,82,17,99
E08000017,Doncaster,Yorkshire and the Humber,718,0,718,1,0,1,140,101,39,123
E10000009,Dorset,South West,2,2,0,0,0,0,136,122,14,136
E08000027,Dudley,West Midlands,3,2,1,0,0,0,148,130,18,148
E06000047,Durham,North East,0,0,0,0,0,0,402,336,66,402
E09000009,Ealing,London,..,..,..,..,..,..,..,..,..,..
E06000011,East Riding of Yorkshire,Yorkshire and the Humber,..,..,..,..,..,..,..,..,..,..
E10000011,East Sussex,South East,5,5,0,0,0,0,288,51,237,288
E09000010,Enfield,London,591,0,591,77,0,77,162,102,60,162
E10000012,Essex,East of England,0,0,0,0,0,0,672,545,127,672
E08000020,Gateshead,North East,1,0,1,0,0,0,31,31,0,31
E10000013,Gloucestershire,South West,"1,937",0,"1,937",14,0,14,0,0,0,12
E09000011,Greenwich,London,..,..,..,..,..,..,..,..,..,..
E09000012,Hackney,London,0,0,0,0,0,0,307,146,161,142
E06000006,Halton,North West,0,0,0,0,0,0,33,33,0,33
E09000013,Hammersmith and Fulham,London,..,..,..,..,..,..,..,..,..,..
E10000014,Hampshire,South East,1,1,0,0,0,0,374,330,44,374
E09000014,Haringey,London,..,..,..,..,..,..,..,..,..,..
E09000015,Harrow,London,..,..,..,..,..,..,..,..,..,..
E06000001,Hartlepool,North East,0,0,0,0,0,0,5,4,1,5
E09000016,Havering,London,..,..,..,..,..,..,..,..,..,..
E06000019,Herefordshire,West Midlands,0,0,0,0,0,0,50,35,15,50
E10000015,Hertfordshire,East of England,0,0,0,0,0,0,396,326,70,396
E09000017,Hillingdon,London,6,4,2,0,0,0,143,118,25,0
E09000018,Hounslow,London,..,..,..,..,..,..,..,..,..,..
E06000010,Hull,Yorkshire and the Humber,"1,011",0,"1,011",0,0,0,92,77,15,67
E06000046,Isle of Wight,South East,0,0,0,0,0,0,85,77,8,85
E06000053,Isles of Scilly,South West,0,0,0,0,0,0,1,1,0,1
E09000019,Islington,London,..,..,..,..,..,..,..,..,..,..
E09000020,Kensington and Chelsea,London,..,..,..,..,..,..,..,..,..,..
E10000016,Kent,South East,..,..,..,..,..,..,..,..,..,..
E09000021,Kingston upon Thames,London,..,..,..,..,..,..,..,..,..,..
E08000034,Kirklees,Yorkshire and the Humber,0,0,0,0,0,0,152,126,26,143
E08000011,Knowsley,North West,0,0,0,0,0,0,102,102,0,102
E09000022,Lambeth,London,..,..,..,..,..,..,..,..,..,..
E10000017,Lancashire,North West,0,0,0,0,0,0,702,502,200,702
E08000035,Leeds,Yorkshire and the Humber,0,0,0,0,0,0,176,154,22,176
E06000016,Leicester,East Midlands,..,..,..,..,..,..,..,..,..,..
E10000018,Leicestershire,East Midlands,0,0,0,0,0,0,..,..,..,431
E09000023,Lewisham,London,0,0,0,2,0,2,102,74,28,102
E10000019,Lincolnshire,East Midlands,775,1,774,1,1,0,"1,012","1,000",12,"1,112"
E08000012,Liverpool,North West,..,..,..,..,..,..,..,..,..,..
E06000032,Luton,East of England,..,..,..,..,..,..,..,..,..,..
E08000003,Manchester,North West,26,26,0,0,0,0,218,181,37,268
E06000035,Medway Towns,South East,..,..,..,..,..,..,..,..,..,..
E09000024,Merton,London,..,..,..,..,..,..,..,..,..,..
E06000002,Middlesbrough,North East,0,0,0,0,0,0,74,69,5,74
E06000042,Milton Keynes,South East,..,..,..,..,..,..,..,..,..,..
E08000021,Newcastle,North East,0,0,0,0,0,0,265,159,106,265
E09000025,Newham,London,..,..,..,..,..,..,..,..,..,..
E10000020,Norfolk,East of England,..,..,..,..,..,..,..,..,..,..
E06000012,North East Lincolnshire,Yorkshire and the Humber,0,0,0,0,0,0,94,47,47,47
E06000013,North Lincolnshire,Yorkshire and the Humber,..,..,..,..,..,..,..,..,..,..
E06000024,North Somerset,South West,..,..,..,..,..,..,..,..,..,..
E08000022,North Tyneside,North East,..,..,..,..,..,..,..,..,..,..
E10000023,North Yorkshire,Yorkshire and the Humber,..,..,..,..,..,..,..,..,..,..
E10000021,Northamptonshire,East Midlands,..,..,..,..,..,..,..,..,..,..
E06000048,Northumberland,North East,0,0,0,0,0,0,123,111,12,123
E06000018,Nottingham,East Midlands,..,..,..,..,..,..,..,..,..,..
E10000024,Nottinghamshire,East Midlands,..,..,..,..,..,..,..,..,..,..
E08000004,Oldham,North West,24,5,19,0,0,0,12,10,2,36
E10000025,Oxfordshire,South East,0,0,0,0,0,0,171,150,21,171
E06000031,Peterborough,East of England,..,..,..,..,..,..,..,..,..,..
E06000026,Plymouth,South West,..,..,..,..,..,..,..,..,..,..
E06000029,Poole,South West,..,..,..,..,..,..,..,..,..,..
E06000044,Portsmouth,South East,..,..,..,..,..,..,..,..,..,..
E06000038,Reading,South East,4,1,3,1,0,1,42,16,26,34
E09000026,Redbridge,London,..,..,..,..,..,..,..,..,..,..
E06000003,Redcar & Cleveland,North East,..,..,..,..,..,..,..,..,..,..
E09000027,Richmond upon Thames,London,..,..,..,..,..,..,..,..,..,..
E08000005,Rochdale,North West,..,..,..,..,..,..,..,..,..,..
E08000018,Rotherham,Yorkshire and the Humber,4,4,0,19,0,19,89,73,16,89
E06000017,Rutland,East Midlands,..,..,..,..,..,..,..,..,..,..
E08000006,Salford,North West,0,0,0,0,0,0,173,146,27,173
E08000028,Sandwell,West Midlands,0,0,0,0,0,0,83,70,13,67
E08000014,Sefton,North West,..,..,..,..,..,..,..,..,..,..
E08000019,Sheffield,Yorkshire and the Humber,0,0,0,0,0,0,242,195,47,239
E06000051,Shropshire,West Midlands,57,0,57,0,0,0,120,110,10,106
E06000039,Slough,South East,30,0,30,0,0,0,43,30,13,19
E08000029,Solihull,West Midlands,0,0,0,0,0,0,119,97,22,78
E10000027,Somerset,South West,..,..,..,..,..,..,..,..,..,..
E06000025,South Gloucestershire,South West,..,..,..,..,..,..,..,..,..,..
E08000023,South Tyneside,North East,0,0,0,0,0,0,38,37,1,47
E06000045,Southampton,South East,..,..,..,..,..,..,..,..,..,..
E06000033,Southend,East of England,0,0,0,0,0,0,83,81,2,83
E09000028,Southwark,London,..,..,..,..,..,..,..,..,..,..
E08000013,St. Helens,North West,..,..,..,..,..,..,..,..,..,..
E10000028,Staffordshire,West Midlands,0,0,0,0,0,0,179,153,26,97
E08000007,Stockport,North West,0,0,0,0,0,0,135,108,27,127
E06000004,Stockton,North East,..,..,..,..,..,..,..,..,..,..
E06000021,Stoke-on-Trent,West Midlands,..,..,..,..,..,..,..,..,..,..
E10000029,Suffolk,East of England,52,0,52,0,0,0,114,100,14,214
E08000024,Sunderland,North East,0,0,0,0,0,0,96,96,0,96
E10000030,Surrey,South East,0,0,0,0,0,0,295,232,63,300
E09000029,Sutton,London,5,5,0,3,1,2,48,34,14,48
E06000030,Swindon,South West,..,..,..,..,..,..,..,..,..,..
E08000008,Tameside,North West,0,0,0,0,0,0,12,10,2,12
E06000020,Telford and the Wrekin,West Midlands,..,..,..,..,..,..,..,..,..,..
E06000034,Thurrock,East of England,..,..,..,..,..,..,..,..,..,..
E06000027,Torbay,South West,..,..,..,..,..,..,..,..,..,..
E09000030,Tower Hamlets,London,..,..,..,..,..,..,..,..,..,..
E08000009,Trafford,North West,0,0,0,0,0,0,135,67,68,135
E08000036,Wakefield,Yorkshire and the Humber,0,0,0,0,0,0,276,220,56,276
E08000030,Walsall,West Midlands,..,..,..,..,..,..,..,..,..,..
E09000031,Waltham Forest,London,..,..,..,..,..,..,..,..,..,..
E09000032,Wandsworth,London,0,0,0,51,1,50,103,53,50,103
E06000007,Warrington,North West,6,0,6,0,0,0,95,83,12,95
E10000031,Warwickshire,West Midlands,..,..,..,..,..,..,..,..,..,..
E06000037,West Berkshire,South East,0,0,0,0,0,0,28,21,7,28
E10000032,West Sussex,South East,..,..,..,..,..,..,..,..,..,..
E09000033,Westminster,London,..,..,..,..,..,..,..,..,..,..
E08000010,Wigan,North West,3,0,3,0,0,0,44,35,9,44
E06000054,Wiltshire,South West,2,2,0,0,0,0,109,54,55,99
E06000040,Windsor & Maidenhead,South East,0,0,0,0,0,0,79,79,0,79
E08000015,Wirral,North West,..,..,..,..,..,..,..,..,..,..
E06000041,Wokingham,South East,0,0,0,0,0,0,23,17,6,23
E08000031,Wolverhampton,West Midlands,0,0,0,0,0,0,96,72,24,96
E10000034,Worcestershire,West Midlands,695,1,694,0,0,0,204,166,38,232
E06000014,York,Yorkshire and the Humber,..,..,..,..,..,..,..,..,..,..
1 Between 1 April 2010 and 31 March 2011.,,,,,,,,,,,,Source: DfT Blue Badge Survey
"2 Figures are only shown where an authority supplied raw data, therefore figures in this table will not necessarily sum to regional and national totals shown elsewhere, which include imputed values where raw data is missing.",,,,,,,,,,,,
Telephone: 020 7944 4139,,,,,,,,,,,,Last updated: 17 November 2011
Email: parking.data@dft.gsi.gov.uk,,,,,,,,,,,,Next update: Autumn 2012
Notes & definitions (http://assets.dft.gov.uk/statistics/series/disabled-parking-badges/documentation.pdf),,,,,,,,,,,,
