Department for Transport statistics,,,,,,,,,,,,,,,,,,,,,,,
Blue Badge Statistics (http://www.dft.gov.uk/statistics/series/disabled-parking-badges),,,,,,,,,,,,,,,,,,,,,,,
Table DIS0101,,,,,,,,,,,,,,,,,,,,,,,
"Valid Blue Badges held by disabled people by category in England, annual1 from 1997",,,,,,,,,,,,,,,,,,,,,,,
,,,,Thousands/percentage,,,,,,,,,,,,,,,,,,,
Year,Valid Blue Badges  held without further assessment 2,Valid Blue Badges held subject to further assessment 3,Valid Blue Badges held by organisations ,Valid Blue Badges held,,,,,,,,,,,,,,,,,,,
Valid badges (thousands),,,,,,,,,,,,,,,,,,,,,,,
1997, 672 , 938 , 26 ," 1,636 ",,,,,,,,,,,,,,,,,,,
1998, 702 , 985 , 26 ," 1,713 ",,,,,,,,,,,,,,,,,,,
1999, 712 ," 1,082 ", 28 ," 1,821 ",,,,,,,,,,,,,,,,,,,
2000, 685 ," 1,141 ", 27 ," 1,854 ",,,,,,,,,,,,,,,,,,,
2001, 714 ," 1,184 ", 27 ," 1,925 ",,,,,,,,,,,,,,,,,,,
2002, 761 ," 1,229 ", 30 ," 2,019 ",,,,,,,,,,,,,,,,,,,
2003, 825 ," 1,178 ", 26 ," 2,030 ",,,,,,,,,,,,,,,,,,,
2004, 806 ," 1,220 ", 27 ," 2,054 ",,,,,,,,,,,,,,,,,,,
2005, 843 ," 1,223 ", 26 ," 2,092 ",,,,,,,,,,,,,,,,,,,
2006, 825 ," 1,404 ", 28 ," 2,258 ",,,,,,,,,,
2007, 827 ," 1,452 ", 29 ," 2,307 ",,,,,,,,,,
2008, 894 ," 1,476 ", 26 ," 2,398 ",,,,,,,,,,
2009, 918 ," 1,530 ", 27 ," 2,475 ",,,,,,,,,,
2010, 905 ," 1,611 ", 29 ," 2,545 ",,,,,,,,,,
2011, 930 ," 1,603 ", 28 ," 2,561 ",,,,,,,,,,
Percentage of valid badges,,,,,,,,,,,,,,
1997,41,57,2, 100 ,,,,,,,,,,
1998,41,57,2, 100 ,,,,,,,,,,
1999,39,59,2, 100 ,,,,,,,,,,
2000,37,62,1, 100 ,,,,,,,,,,
2001,37,62,1, 100 ,,,,,,,,,,
2002,38,61,1, 100 ,,,,,,,,,,
2003,41,58,1, 100 ,,,,,,,,,,
2004,39,59,1, 100 ,,,,,,,,,,
2005,40,58,1, 100 ,,,,,,,,,,
2006,37,62,1, 100 ,,,,,,,,,,
2007,36,63,1, 100 ,,,,,,,,,,
2008,37,62,1, 100 ,,,,,,,,,,
2009,37,62,1, 100 ,,,,,,,,,,
2010,36,63,1, 100 ,,,,,,,,,,
2011,36,63,1, 100 ,,,,,,,,,,
1 As at 31st March.,,,,Source: DfT Blue Badge Survey,,,,,,,,,,
"2 Previously known as the automatic criteria, people within this category have to meet certain",,,,Last updated: 17 November 2011,,,,,,,,,,
criteria (see background notes) which automatically entitles them to a valid parking badge. ,,,,Next update: Autumn 2012,,,,,,,,,,
"3 This assessment is carried out by the local authority, where people also meet certain criteria",,,,,,,,,,,,,,
(see background notes).,,,,,,,,,,,,,,
Telephone: 020 7944 4139,,,,,,,,,,,,,,
Email: parking.data@dft.gsi.gov.uk ,,,,,,,,,,,,,,
Notes & definitions (http://assets.dft.gov.uk/statistics/series/disabled-parking-badges/documentation.pdf),,,,,,,,,,,,,,
The figures in this table are National Statistics,,,,,,,,,,,,,,
