Department for Transport statistics,,,,,,,,,,,,,,,,,,,,,,,,,,,,
Blue Badge Statistics (http://www.dft.gov.uk/statistics/series/disabled-parking-badges),,,,,,,,,,,,,,,,,,,,,,,,,,,,
Table DIS0207,,,,,,,,,,,,,,,,,,,,,,,,,,,,
"Mobility assessments, England by Local Authority, during 2010/111,3",,,,,,,,,,,,,,,,,,,,,,,,,,,,
The figures in this table fall outside the scope of National Statistics,,,,,,,,,,,,,,,,,,,,,,,,,,,,
,,,,,,,,,,,,,,Number,,,,,,,,,,,,,,
ONS Code,Local Authority,Region,Total mobility assessments conducted2,Mobility assessments conducted by the applicant's GP,Of which resulted in the applicant receiving a badge,Mobility assessments conducted by an independent medical professional,Of which resulted in the applicant receving a badge,Desk-based mobility assessments,Of which resulted in the applicant receving a badge,Total mobility assessments conducted2 for new applications,Mobility assessments conducted by the applicant's GP for new applications,Of which resulted in the applicant receiving a badge,Mobility assessments conducted by an independent medical professional for new applications,Of which resulted in the applicant receving a badge,,,,,,,,,,,,,,
E09000002,Barking and Dagenham,London,..,..,..,..,..,..,..,..,..,..,..,..,,,,,,,,,,,,,,
E09000003,Barnet,London,..,..,..,..,..,..,..,..,..,..,..,..,,,,,,,,,,,,,,
E08000016,Barnsley,Yorkshire and the Humber,"2,058","1,859","1,846",17,17,182,182,892,826,826,3,3,,,,,,,,,,,,,,
E06000022,Bath & NE Somerset,South West,..,..,..,..,..,"1,038","1,038",..,..,..,..,..,,,,,,,,,,,,,,
E06000055,Bedford,East of England,474,474,404,0,0,321,0,474,474,404,0,0,,,,,,,,,,,,,,
E09000004,Bexley,London,"2,795","1,800","1,743",0,0,995,995,"1,201","1,201","1,147",0,0,,,,,,,,,,,,,,
E08000025,Birmingham,West Midlands,..,..,..,..,..,..,..,..,..,..,..,..,,,,,,,,,,,,,,
E06000008,Blackburn with Darwen,North West,"1,658",80,..,0,0,"1,578",..,..,..,..,..,..,,,,,,,,,,,,,,
E06000009,Blackpool,North West,140,0,0,140,75,"1,533","1,211",85,0,0,85,44,,,,,,,,,,,,,,
E08000001,Bolton,North West,96,0,0,96,13,10,10,44,0,0,44,13,,,,,,,,,,,,,,,,,
E06000028,Bournemouth,South West,"2,500","2,500","2,200",0,0,600,500,"1,000","1,000",850,0,0,,,,,,,,,,,,,,,,,
E06000036,Bracknell Forest,South East,752,45,44,41,40,0,0,390,17,17,27,27,,,,,,,,,,,,,,,,,
E08000032,Bradford,Yorkshire and the Humber,"1,243",0,0,"1,243","1,045","2,134","1,783","1,150",0,0,"1,150",952,,,,,,,,,,,,,,,,,
E09000005,Brent,London,"1,700",0,0,"1,700","1,000",350,..,..,..,..,..,..,,,,,,,,,,,,,,,,,
E06000043,Brighton & Hove,South East,..,..,..,..,..,..,..,..,..,..,..,..,,,,,,,,,,,,,,,,,
E06000023,Bristol,South West,800,730,690,50,45,"3,150","2,620",550,..,..,..,..,,,,,,,,,,,,,,,,,
E09000006,Bromley,London,..,..,..,..,..,..,..,..,..,..,..,..,,,,,,,,,,,,,,,,,
E10000002,Buckinghamshire,South East,..,..,..,..,..,..,..,..,..,..,..,..,,,,,,,,,,,,,,,,,
E08000002,Bury,North West,128,..,..,128,..,..,..,..,..,..,..,..,,,,,,,,,,,,,,,,,
E08000033,Calderdale,Yorkshire and the Humber,"1,011","1,011","1,007",0,0,0,0,"1,011","1,011","1,007",0,0,,,,,,,,,,,,,,,,,
E10000003,Cambridgeshire,East of England,"9,130",229,128,0,0,"8,901","8,842","3,612",193,111,0,0,,,,,,,,,,,,,,,,,
E09000007,Camden,London,..,..,..,..,..,..,..,..,..,..,..,..,,,,,,,,,,,,,,,,,
E06000056,Central Bedfordshire,East of England,"1,348","1,348","1,268",0,0,0,0,"1,348","1,348","1,268",0,0,,,,,,,,,,,,,,,,,
E06000049,Cheshire East,North West,..,..,..,..,..,..,..,..,..,..,..,..,,,,,,,,,,,,,,,,,
E06000050,Cheshire West and Chester,North West,..,..,..,..,..,..,..,..,..,..,..,..,,,,,,,,,,,,,,,,,
E09000001,City of London,London,..,..,..,..,..,..,..,..,..,..,..,..
E06000052,Cornwall,South West,157,157,73,0,0,"7,249","7,241",26,26,26,0,0
E08000026,Coventry,West Midlands,"1,174",0,0,"1,174",959,762,700,854,0,0,854,115
E09000008,Croydon,London,"2,360","1,090",..,452,261,828,..,..,..,..,..,..
E10000006,Cumbria,North West,"2,444","2,444","2,320",0,0,0,0,"2,333","2,333","2,212",0,0
E06000005,Darlington,North East,"1,443","1,443","1,389",0,0,0,0,720,720,667,0,0
E06000015,Derby,East Midlands,902,902,..,..,..,..,..,902,902,..,0,0
E10000007,Derbyshire,East Midlands,..,..,..,..,..,..,..,..,..,..,..,..
E10000008,Devon,South West,960,0,0,960,377,960,377,960,..,0,960,377
E08000017,Doncaster,Yorkshire and the Humber,577,554,505,23,19,"2,460","2,337",464,442,398,22,18
E10000009,Dorset,South West,"8,539","8,539","8,270",0,0,0,0,0,..,..,..,..
E08000027,Dudley,West Midlands,"4,577","4,577","4,577",0,0,"2,529","2,529","1,625","1,625","1,625",0,0
E06000047,Durham,North East,..,..,..,..,..,..,..,..,..,..,..,..
E09000009,Ealing,London,..,..,..,..,..,..,..,..,..,..,..,..
E06000011,East Riding of Yorkshire,Yorkshire and the Humber,..,..,..,..,..,..,..,..,..,..,..,..
E10000011,East Sussex,South East,"6,380","6,030","6,002",50,34,300,276,"2,965","2,953","2,542",12,10
E09000010,Enfield,London,780,0,0,780,421,"1,404",576,..,..,..,..,..,,,,,,,,,,,,,,,,,
E10000012,Essex,East of England,"21,266","21,266","20,172",0,0,0,0,"7,457","7,457","6,363",0,0,,,,,,,,,,,,,,,,,
E08000020,Gateshead,North East,"2,381","2,381","2,044",0,0,0,0,835,835,498,0,0,,,,,,,,,,,,,,,,,
E10000013,Gloucestershire,South West,"3,437","3,437","3,394",0,0,0,0,"1,168","1,168","1,143",0,0,,,,,,,,,,,,,,,,,
E09000011,Greenwich,London,..,..,..,..,..,..,..,..,..,..,..,..,,,,,,,,,,,,,,,,,
E09000012,Hackney,London,74,..,..,..,..,..,..,..,..,..,..,..,,,,,,,,,,,,,,,,,
E06000006,Halton,North West,"1,454","1,451","1,320",3,3,40,30,569,566,488,3,3,,,,,,,,,,,,,,,,,
E09000013,Hammersmith and Fulham,London,..,..,..,..,..,..,..,..,..,..,..,..,,,,,,,,,,,,,,,,,
E10000014,Hampshire,South East,"8,000","8,000","7,200",0,0,"62,000","60,200","2,500","2,500","2,250",0,0,,,,,,,,,,,,,,,,,
E09000014,Haringey,London,..,..,..,..,..,..,..,..,..,..,..,..,,,,,,,,,,,,,,,,,
E09000015,Harrow,London,..,..,..,..,..,..,..,..,..,..,..,..,,,,,,,,,,,,,,,,,
E06000001,Hartlepool,North East,940,940,859,0,0,0,0,..,..,..,..,..,,,,,,,,,,,,,,,,,
E09000016,Havering,London,..,..,..,..,..,..,..,..,..,..,..,..,,,,,,,,,,,,,,,,,
E06000019,Herefordshire,West Midlands,"1,641",25,20,0,0,"1,641","1,587",661,10,10,0,0,,,,,,,,,,,,,,,,,
E10000015,Hertfordshire,East of England,"17,116",100,92,0,0,"17,006","16,845","8,000",..,..,..,..,,,,,,,,,,,,,,,,,
E09000017,Hillingdon,London,..,..,..,..,..,..,..,..,..,..,..,..,,,,,,,,,,,,,,,,,
E09000018,Hounslow,London,..,..,..,..,..,..,..,..,..,..,..,..
E06000046,Isle of Wight,South East,961,0,0,961,953,0,0,856,0,0,856,0
E06000053,Isles of Scilly,South West,6,0,0,6,6,0,0,6,0,0,6,6
E09000019,Islington,London,..,..,..,..,..,..,..,..,..,..,..,..
E09000020,Kensington and Chelsea,London,..,..,..,..,..,..,..,..,..,..,..,..
E10000016,Kent,South East,..,..,..,..,..,..,..,..,..,..,..,..
E06000010,Kingston upon Hull,Yorkshire and the Humber,..,..,..,..,..,..,..,..,..,..,..,..
E09000021,Kingston upon Thames,London,..,..,..,..,..,..,..,..,..,..,..,..
E08000034,Kirklees,Yorkshire and the Humber,480,480,250,0,0,"4,359","3,746",380,380,200,0,0
E08000011,Knowsley,North West,"1,258",25,25,310,310,923,923,467,..,..,..,..
E09000022,Lambeth,London,..,..,..,..,..,..,..,..,..,..,..,..
E10000017,Lancashire,North West,"4,591","4,581","3,918",10,10,0,0,0,..,..,..,..
E08000035,Leeds,Yorkshire and the Humber,"8,909","8,909","8,229",0,0,0,0,0,..,..,..,..
E06000016,Leicester,East Midlands,..,..,..,..,..,..,..,..,..,..,..,..
E10000018,Leicestershire,East Midlands,"6,198","6,022",..,176,..,100,..,..,..,..,..,..
E09000023,Lewisham,London,982,..,..,982,..,..,..,..,..,..,..,..
E10000019,Lincolnshire,East Midlands,623,623,375,0,0,"16,108","15,733",0,..,..,..,..,,,,,,,,,,,,,,,,,
E08000012,Liverpool,North West,..,..,..,..,..,..,..,..,..,..,..,..,,,,,,,,,,,,,,,,,
E06000032,Luton,East of England,..,..,..,..,..,..,..,..,..,..,..,..,,,,,,,,,,,,,,,,,
E08000003,Manchester,North West,"3,878",0,0,"3,878","3,706","3,663",0,"1,077",0,0,"1,077",816,,,,,,,,,,,,,,,,,
E06000035,Medway Towns,South East,..,..,..,..,..,..,..,..,..,..,..,..,,,,,,,,,,,,,,,,,
E09000024,Merton,London,..,..,..,..,..,..,..,..,..,..,..,..,,,,,,,,,,,,,,,,,
E06000002,Middlesbrough,North East,"1,395","1,395","1,375",0,0,20,15,661,661,628,0,0,,,,,,,,,,,,,,,,,
E06000042,Milton Keynes,South East,..,..,..,..,..,..,..,..,..,..,..,..,,,,,,,,,,,,,,,,,
E08000021,Newcastle,North East,"2,250","2,250","1,931",0,0,0,0,"2,250",..,..,..,..,,,,,,,,,,,,,,,,,
E09000025,Newham,London,..,..,..,..,..,..,..,..,..,..,..,..,,,,,,,,,,,,,,,,,
E10000020,Norfolk,East of England,..,..,..,..,..,..,..,..,..,..,..,..,,,,,,,,,,,,,,,,,
E06000012,North East Lincolnshire,Yorkshire and the Humber,51,0,0,51,26,"1,120","1,094",30,0,0,30,13,,,,,,,,,,,,,,,,,
E06000013,North Lincolnshire,Yorkshire and the Humber,..,..,..,..,..,..,..,..,..,..,..,..,,,,,,,,,,,,,,,,,
E06000024,North Somerset,South West,..,..,..,..,..,..,..,..,..,..,..,..,,,,,,,,,,,,,,,,,
E08000022,North Tyneside,North East,..,..,..,..,..,..,..,..,..,..,..,..,,,,,,,,,,,,,,,,,
E10000023,North Yorkshire,Yorkshire and the Humber,..,..,..,..,..,..,..,..,..,..,..,..,,,,,,,,,,,,,,,,,
E10000021,Northamptonshire,East Midlands,..,..,..,..,..,..,..,..,..,..,..,..,,,,,,,,,,,,,,,,,
E06000048,Northumberland,North East,387,387,372,0,0,0,0,0,..,..,..,..,,,,,,,,,,,,,,,,,
E06000018,Nottingham,East Midlands,..,..,..,..,..,..,..,..,..,..,..,..,,,,,,,,,,,,,,,,,
E10000024,Nottinghamshire,East Midlands,..,..,..,..,..,..,..,..,..,..,..,..,,,,,,,,,,,,,,,,,
E08000004,Oldham,North West,"1,882",0,0,"1,882","1,705",0,0,"1,882",0,0,"1,882","1,705",,,,,,,,,,,,,,,,,
E10000025,Oxfordshire,South East,"7,367","7,367","7,001",0,0,0,0,"3,187","3,187","3,099",0,0,,,,,,,,,,,,,,,,,
E06000031,Peterborough,East of England,..,..,..,..,..,..,..,..,..,..,..,..,,,,,,,,,,,,,,,,,
E06000026,Plymouth,South West,..,..,..,..,..,..,..,..,..,..,..,..,,,,,,,,,,,,,,,,,
E06000029,Poole,South West,..,..,..,..,..,..,..,..,..,..,..,..,,,,,,,,,,,,,,,,,
E06000044,Portsmouth,South East,..,..,..,..,..,..,..,..,..,..,..,..,,,,,,,,,,,,,,,,,
E06000038,Reading,South East,..,0,0,0,0,"1,306","1,144",..,..,..,..,..,,,,,,,,,,,,,,,,,
E09000026,Redbridge,London,..,0,0,0,0,0,0,0,..,..,..,..,,,,,,,,,,,,,,,,,
E06000003,Redcar & Cleveland,North East,..,..,..,..,..,..,..,..,..,..,..,..,,,,,,,,,,,,,,,,,
E09000027,Richmond upon Thames,London,..,..,..,..,..,..,..,..,..,..,..,..,,,,,,,,,,,,,,,,,
E08000005,Rochdale,North West,..,..,..,..,..,..,..,..,..,..,..,..,,,,,,,,,,,,,,,,,
E08000018,Rotherham,Yorkshire and the Humber,..,0,0,0,0,"2,829","2,686",..,..,..,..,..,,,,,,,,,,,,,,,,,
E06000017,Rutland,East Midlands,..,..,..,..,..,..,..,..,..,..,..,..
E08000006,Salford,North West,"2,968",0,0,"2,968","2,859",0,0,"1,000",0,0,"1,000",935
E08000028,Sandwell,West Midlands,"1,186",826,826,0,0,495,495,944,652,652,0,0
E08000014,Sefton,North West,..,..,..,..,..,..,..,..,..,..,..,..
E08000019,Sheffield,Yorkshire and the Humber,..,..,..,..,..,..,..,..,..,..,..,..
E06000051,Shropshire,West Midlands,"16,925",0,0,925,685,"1,649","1,510",775,0,0,775,535
E06000039,Slough,South East,"1,159","1,159",976,0,0,0,0,402,402,376,0,0
E08000029,Solihull,West Midlands,"1,440","1,205","1,135",235,98,0,0,703,556,517,147,58
E10000027,Somerset,South West,..,..,..,..,..,..,..,..,..,..,..,..
E06000025,South Gloucestershire,South West,..,..,..,..,..,..,..,..,..,..,..,..
E08000023,South Tyneside,North East,"1,379",439,379,940,771,0,0,0,..,..,..,..
E06000045,Southampton,South East,..,..,..,..,..,..,..,..,..,..,..,..
E06000033,Southend,East of England,425,268,268,157,157,196,155,425,268,268,157,157
E09000028,Southwark,London,..,..,..,..,..,..,..,..,..,..,..,..
E08000013,St. Helens,North West,..,..,..,..,..,..,..,..,..,..,..,..
E10000028,Staffordshire,West Midlands,..,..,..,..,..,..,..,..,..,..,..,..
E08000007,Stockport,North West,"3,762","3,724","3,648",38,37,0,0,0,..,..,..,..,,,,,,,,,,,,,,,,,
E06000004,Stockton,North East,..,..,..,..,..,..,..,..,..,..,..,..,,,,,,,,,,,,,,,,,
E06000021,Stoke-on-Trent,West Midlands,..,..,..,..,..,..,..,..,..,..,..,..,,,,,,,,,,,,,,,,,
E10000029,Suffolk,East of England,144,144,144,0,0,0,0,0,..,..,..,..,,,,,,,,,,,,,,,,,
E08000024,Sunderland,North East,"2,910",405,405,437,433,"2,061","1,821",0,..,..,..,..,,,,,,,,,,,,,,,,,
E10000030,Surrey,South East,"1,333",0,0,"1,333",900,"7,900","6,090","1,000",0,0,"1,000",670,,,,,,,,,,,,,,,,,
E09000029,Sutton,London,..,..,..,..,..,..,..,..,..,..,..,..,,,,,,,,,,,,,,,,,
E06000030,Swindon,South West,..,..,..,..,..,..,..,..,..,..,..,..,,,,,,,,,,,,,,,,,
E08000008,Tameside,North West,"1,600","1,600",..,..,..,..,..,..,..,..,..,..,,,,,,,,,,,,,,,,,
E06000020,Telford and the Wrekin,West Midlands,..,..,..,..,..,..,..,..,..,..,..,..,,,,,,,,,,,,,,,,,
E06000034,Thurrock,East of England,..,..,..,..,..,..,..,..,..,..,..,..,,,,,,,,,,,,,,,,,
E06000027,Torbay,South West,..,..,..,..,..,..,..,..,..,..,..,..,,,,,,,,,,,,,,,,,
E09000030,Tower Hamlets,London,..,..,..,..,..,..,..,..,..,..,..,..,,,,,,,,,,,,,,,,,
E08000009,Trafford,North West,"2,870","2,870","2,546",0,0,0,0,"1,063","1,063",896,0,0,,,,,,,,,,,,,,,,,
E08000036,Wakefield,Yorkshire and the Humber,"9,110","1,252","1,252",0,0,"7,858","7,392","3,359",59,59,0,0,,,,,,,,,,,,,,,,,
E08000030,Walsall,West Midlands,..,..,..,..,..,..,..,..,..,..,..,..,,,,,,,,,,,,,,,,,
E09000031,Waltham Forest,London,..,..,..,..,..,..,..,..,..,..,..,..,,,,,,,,,,,,,,,,,
E09000032,Wandsworth,London,"1,839",732,732,"1,107",842,0,0,"1,007",0,0,949,710,,,,,,,,,,,,,,,,,
E06000007,Warrington,North West,"2,077","2,020","1,988",57,57,0,0,801,774,751,27,27,,,,,,,,,,,,,,,,,
E10000031,Warwickshire,West Midlands,..,..,..,..,..,..,..,..,..,..,..,..,,,,,,,,,,,,,,,,,
E06000037,West Berkshire,South East,..,..,..,..,..,"1,586","1,527",..,..,..,..,..,,,,,,,,,,,,,,,,,
E10000032,West Sussex,South East,..,..,..,..,..,..,..,..,..,..,..,..,,,,,,,,,,,,,,,,,
E09000033,Westminster,London,597,0,0,597,403,0,0,..,..,..,..,..,,,,,,,,,,,,,,,,,
E08000010,Wigan,North West,610,0,0,610,396,0,0,..,..,..,..,..,,,,,,,,,,,,,,,,,
E06000054,Wiltshire,South West,..,0,0,0,0,"8,074","7,781",..,..,..,..,..,,,,,,,,,,,,,,,,,
E06000040,Windsor & Maidenhead,South East,"1,060",0,0,"1,060","1,060","1,060","1,060","1,060",0,0,"1,060","1,060",,,,,,,,,,,,,,,,,
E08000015,Wirral,North West,..,..,..,..,..,..,..,..,..,..,..,..,,,,,,,,,,,,,,,,,
E06000041,Wokingham,South East,140,0,0,140,0,"1,707","1,382",..,..,..,..,..,,,,,,,,,,,,,,,,,
E08000031,Wolverhampton,West Midlands,355,..,..,355,..,..,..,355,0,0,355,..,,,,,,,,,,,,,,,,,
E10000034,Worcestershire,West Midlands,..,..,..,..,..,..,..,..,..,..,..,..,,,,,,,,,,,,,,,,,
E06000014,York,Yorkshire and the Humber,..,..,..,..,..,..,..,..,..,..,..,..,,,,,,,,,,,,,,,,,
1 Medical assessments conducted between 1 April 2010 and 31 March 2011.,,,,,,,,,,,,,,,,,,,,,,,,,,,,,,,
2 Applicants not automatically eligible for a badge are assessed by the Local Authority for eligibility. This may be a desk-based assessment or a medical assessment.,,,,,,,,,,,,,,,,
"   Medical assessments may be conducted by the applicant's GP, or by an independent medical professional.",,,,,,,,,,,,,,,,
"3 Figures are only shown where an authority supplied raw data, therefore figures in this table will not necessarily sum to regional and national totals",,,,,,,,,,,,,,,,
" shown elsewhere, which include imputed values where raw data is missing.",,,,,,,,,,,,,,,,
Source: DfT Blue Badge Survey,,,,,,,,,,,,,,,,
Last updated: 17 November 2011,,,,,,,,,,,,,,,,
Next update: Autumn 2012,,,,,,,,,,,,,,,,
Telephone: 020 7944 4139,,,,,,,,,,,,,,,,
Email: parking.data@dft.gsi.gov.uk,,,,,,,,,,,,,,,,
Notes & definitions (http://assets.dft.gov.uk/statistics/series/disabled-parking-badges/documentation.pdf),,,,,,,,,,,,,,,,
,,,,,,,,,,,,,,,,
