Department for Transport statistics,,,,,
Blue Badge Statistics (http://www.dft.gov.uk/statistics/series/disabled-parking-badges),,,,,
Table DIS0106,,,,,
"Valid Blue Badges held without further assessment with population measures by region in England, 20111",,,,,
,,,Thousands/percentage,,
Region,"Valid Blue Badges held without further assessment1,2",Population automatically entitled to a Blue Badge3,Percentage of those automatically entitled to a Blue Badge who hold one,,
North East, 59 , 114 ,52,,
North West, 176 , 309 ,57,,
Yorkshire and the Humber, 115 , 192 ,60,,
East Midlands, 98 , 144 ,68,,
West Midlands, 106 , 186 ,57,,
East of England, 72 , 137 ,53,,
South East, 121 , 186 ,65,,
South West, 90 , 145 ,62,,
London, 93 , 179 ,52,,
England, 930 ," 1,591 ",58,,
1 Count of Blue Badges is as at 31 March of relevant year. ,,,,,
2 Disabled people who meet certain criteria are automatically entitled to a Blue Badge without any further assessment,,,,,
 (see background notes).,,,,,
3 Disabled population is based on most recent available data for each year (see background notes).,,,,,
"Source: DfT Blue Badge Survey, other sources. See background notes.",,,,,
Last updated: 17 November 2011,,,,,
Next update: Autumn 2012,,,,,
Telephone: 020 7944 4139,,,,,
Email: parking.data@dft.gsi.gov.uk,,,,,
Notes & definitions (http://assets.dft.gov.uk/statistics/series/disabled-parking-badges/documentation.pdf),,,,,
The figures in this table are National Statistics,,,,,
,,,,,
,,,,,
,,,,,
,,,,,
