Department for Transport statistics,,,,,,,,,,,,,,,,,,,,,,,,,,,,,
Blue Badge Statistics (http://www.dft.gov.uk/statistics/series/disabled-parking-badges),,,,,,,,,,,,,,,,,,,,,,,,,,,,,
Table DIS0104,,,,,,,,,,,,,,,,,,,,,,,,,,,,,
"Valid Blue Badges held by disabled people by category by region in England, 20111",,,,,,,,,,,,,,,,,,,,,,,,,,,,,
,,,,Thousands/percentage,,,,,,,,,,,,,,,,,,,,,,,,,
Region,Valid Blue Badges held without further assessment2,Valid Blue Badges held subject to further assessment3,Valid Blue Badges held by organisations,Valid Blue Badges1,,,,,,,,,,,,,,,,,,,,,,,,,
Valid badges (thousands),,,,,,,,,,,,,,,,,,,,,,,,,,,,,
North East, 59 , 88 , 1 , 148 ,,,,,,,,,,,,,,,,,,,,,,,,,
North West, 176 , 224 , 4 , 403 ,,,,,,,,,,,,,,,,,,,,,,,,,
Yorkshire and the Humber, 115 , 127 , 2 , 244 ,,,,,,,,,,,,,,,,,,,,,,,,,
East Midlands, 98 , 164 , 2 , 264 ,,,,,,,,,,,,,,,,,,,,,,,,,
West Midlands, 106 , 174 , 3 , 283 ,,,,,,,,,,,,,,,,,,,,,,,,,
East of England, 72 , 189 , 3 , 263 ,,,,,,,,,,,,,,,,,,,,,,,,,
South East, 121 , 289 , 6 , 416 ,,,,,,,,,,,,,,,,,,,,,,,,,
South West, 90 , 198 , 4 , 293 ,,,,,,,,,,,,,,,,,,,,,,,,,
London, 93 , 150 , 3 , 247 ,,,,,,,,,,,,,,,,,,,,,,,,,
England, 930 ," 1,603 ", 28 ," 2,561 ",,,,,,,,,,
Percentage of total valid badges,,,,,,,,,,,,,,
North East,40,59,1, 100 ,,,,,,,,,,
North West,44,56,1, 100 ,,,,,,,,,,
Yorkshire and the Humber,47,52,1, 100 ,,,,,,,,,,
East Midlands,37,62,1, 100 ,,,,,,,,,,
West Midlands,37,61,1, 100 ,,,,,,,,,,
East of England,27,72,1, 100 ,,,,,,,,,,
South East,29,69,1, 100 ,,,,,,,,,,
South West,31,68,1, 100 ,,,,,,,,,,
London,38,61,1, 100 ,,,,,,,,,,
England,36,63,1, 100 ,,,,,,,,,,
1 As at 31 March 2011.,,,,Source: DfT Blue Badge Survey,,,,,,,,,,
"2 Previously known as the automatic criteria, people within this category have to meet certain criteria",,,,Last updated: 17 November 2011,,,,,,,,,,
 (see background notes) which automatically entitles them to a valid parking badge. ,,,,Next update: Autumn 2012,,,,,,,,,,
"3 This assessment is carried out by the local authority, where people also meet certain criteria",,,,,,,,,,,,,,
(see background notes).,,,,,,,,,,,,,,,
Telephone: 020 7944 4139,,,,,,,,,,,,,,,
Email: parking.data@dft.gsi.gov.uk,,,,,,,,,,,,,,,
Notes & definitions (http://assets.dft.gov.uk/statistics/series/disabled-parking-badges/documentation.pdf),,,,,,,,,,,,,,,
The figures in this table are National Statistics,,,,,,,,,,,,,,,
,,,,,,,,,,,,,,,
