Department for Transport statistics,,,,,,,,,,,,,,,
Blue Badge Statistics (http://www.dft.gov.uk/statistics/series/disabled-parking-badges),,,,,,,,,,,,,,,
Table DIS0110,,,,,,,,,,,,,,,
"Valid Blue Badges held without assessment by disabled people1,2 and population measures: England by Local Authority 2010",,,,,,,,,,,,,,,
The figures in this table fall outside the scope of National Statistics,,,,Thousands/percentage,,,,,,,,,,,
Local Authority,Region,Valid Blue Badges issued without further assessment3,Population automatically entitled to a Blue Badge4,Percentage of those automatically entitled to a Blue Badge who hold one,,,,,,,,,,,
Barking and Dagenham,London,4.0,5.6,72,,,,,,,,,,,
Barnet,London,..,6.2,..,,,,,,,,,,,
Barnsley,Yorkshire and the Humber,8.1,14.6,56,,,,,,,,,,,
Bath & NE Somerset,South West,1.2,3.5,35,,,,,,,,,,,
Bedford,East of England,1.6,3.3,48,,,,,,,,,,,
Bexley,London,3.8,5.5,69,,,,,,,,,,,
Birmingham,West Midlands,..,36.0,..,,,,,,,,,,,
Blackburn with Darwen,North West,5.5,7.0,78,,,,,,,,,,,
Blackpool,North West,5.6,8.4,66,,,,,,,,,,,
Bolton,North West,..,11.6,..,,,,,,,,,,,
Bournemouth,South West,3.1,4.6,67,,,,,,,,,,,,,,
Bracknell Forest,South East,0.9,1.8,52,,,,,,,,,,,,,,
Bradford,Yorkshire and the Humber,9.3,17.2,54,,,,,,,,,,,,,,
Brent,London,..,6.9,..,,,,,,,,,,,,,,
Brighton & Hove,South East,..,7.4,..,,,,,,,,,,,,,,
Bristol,South West,..,11.6,..,,,,,,,,,,,,,,
Bromley,London,..,5.8,..,,,,,,,,,,,,,,
Buckinghamshire,South East,..,7.6,..,,,,,,,,,,,,,,
Bury,North West,..,7.1,..,,,,,,,,,,,,,,
Calderdale,Yorkshire and the Humber,3.1,6.1,50,,,,,,,,,,,,,,
Cambridgeshire,East of England,..,12.6,..,,,,,,,,,,,,,,
Camden,London,..,4.9,..,,,,,,,,,,,,,,
Central Bedfordshire,East of England,2.5,4.5,55,,,,,,,,,,,,,,
Cheshire East,North West,6.5,9.5,68,,,,,,,,,,,,,,
Cheshire West and Chester,North West,8.4,11.7,72,,,,,,,,,,,,,,
City of London,London,0.0,0.1,5,,,,,,,,,,,,,,
Cornwall,South West,..,19.2,..
Coventry,West Midlands,..,10.3,..
Croydon,London,4.9,7.7,63
Cumbria,North West,11.7,19.1,61
Darlington,North East,1.9,3.7,51
Derby,East Midlands,..,8.2,..
Derbyshire,East Midlands,..,29.5,..
Devon,South West,..,19.9,..
Doncaster,Yorkshire and the Humber,11.0,14.4,76
Dorset,South West,..,10.4,..
Dudley,West Midlands,5.4,11.3,48
Durham,North East,..,27.4,..
Ealing,London,..,7.3,..
East Riding of Yorkshire,Yorkshire and the Humber,1.3,11.4,11
East Sussex,South East,..,14.8,..
Enfield,London,2.1,6.2,34
Essex,East of England,..,34.3,..,,,,,,,,,,,,,,
Gateshead,North East,3.7,8.5,44,,,,,,,,,,,,,,
Gloucestershire,South West,8.6,13.6,63,,,,,,,,,,,,,,
Greenwich,London,3.8,7.0,55,,,,,,,,,,,,,,
Hackney,London,1.2,5.7,21,,,,,,,,,,,,,,
Halton,North West,5.0,7.5,66,,,,,,,,,,,,,,
Hammersmith and Fulham,London,..,4.0,..,,,,,,,,,,,,,,
Hampshire,South East,..,26.7,..,,,,,,,,,,,,,,
Haringey,London,..,5.8,..,,,,,,,,,,,,,,
Harrow,London,..,4.4,..,,,,,,,,,,,,,,
Hartlepool,North East,2.4,4.4,54,,,,,,,,,,,,,,
Havering,London,..,5.7,..,,,,,,,,,,,,,,
Herefordshire,West Midlands,3.8,5.4,70,,,,,,,,,,,,,,
Hertfordshire,East of England,..,20.4,..,,,,,,,,,,,,,,
Hillingdon,London,3.1,5.4,56,,,,,,,,,,,,,,
Hounslow,London,..,5.8,..,,,,,,,,,,,,,,
Hull,Yorkshire and the Humber,6.7,11.3,59
Isle of Wight,South East,2.5,4.7,55
Isles of Scilly,South West,..,0.0,..
Islington,London,..,5.7,..
Kensington and Chelsea,London,..,3.1,..
Kent,South East,..,39.7,..
Kingston upon Thames,London,1.3,2.2,58
Kirklees,Yorkshire and the Humber,10.3,14.4,71
Knowsley,North West,6.1,11.4,54
Lambeth,London,..,6.5,..
Lancashire,North West,..,46.5,..
Leeds,Yorkshire and the Humber,5.5,23.8,23
Leicester,East Midlands,5.6,9.4,60
Leicestershire,East Midlands,..,14.1,..
Lewisham,London,3.7,6.7,56
Lincolnshire,East Midlands,17.8,24.3,73
Liverpool,North West,16.5,29.1,57,,,,,,,,,,,,,,
Luton,East of England,3.2,4.4,73,,,,,,,,,,,,,,
Manchester,North West,9.0,19.7,46,,,,,,,,,,,,,,
Medway Towns,South East,4.2,6.8,62,,,,,,,,,,,,,,
Merton,London,..,3.4,..,,,,,,,,,,,,,,
Middlesbrough,North East,3.3,6.0,55,,,,,,,,,,,,,,
Milton Keynes,South East,0.0,5.7,0,,,,,,,,,,,,,,
Newcastle,North East,5.3,9.8,54,,,,,,,,,,,,,,
Newham,London,4.5,8.1,56,,,,,,,,,,,,,,
Norfolk,East of England,..,23.8,..,,,,,,,,,,,,,,
North East Lincolnshire,Yorkshire and the Humber,3.2,5.2,61,,,,,,,,,,,,,,
North Lincolnshire,Yorkshire and the Humber,..,6.1,..,,,,,,,,,,,,,,
North Somerset,South West,11.4,5.7,201,,,,,,,,,,,,,,
North Tyneside,North East,4.2,7.9,53,,,,,,,,,,,,,,
North Yorkshire,Yorkshire and the Humber,..,15.5,..,,,,,,,,,,,,,,
Northamptonshire,East Midlands,..,17.1,..,,,,,,,,,,,,,,
Northumberland,North East,6.4,11.6,55,,,,,,,,,,,,,,
Nottingham,East Midlands,..,11.0,..,,,,,,,,,,,,,,
Nottinghamshire,East Midlands,..,28.9,..,,,,,,,,,,,,,,
Oldham,North West,6.1,9.3,66,,,,,,,,,,,,,,
Oxfordshire,South East,4.1,11.0,38,,,,,,,,,,,,,,
Peterborough,East of England,..,4.8,..,,,,,,,,,,,,,,
Plymouth,South West,6.7,10.2,66,,,,,,,,,,,,,,
Poole,South West,2.2,3.8,57,,,,,,,,,,,,,,
Portsmouth,South East,..,5.0,..,,,,,,,,,,,,,,
Reading,South East,1.4,2.6,51,,,,,,,,,,,,,,
Redbridge,London,..,6.4,..,,,,,,,,,,,,,,
Redcar & Cleveland,North East,4.4,6.1,71,,,,,,,,,,,,,,
Richmond upon Thames,London,1.5,2.5,59,,,,,,,,,,,,,,
Rochdale,North West,5.3,10.0,53,,,,,,,,,,,,,,
Rotherham,Yorkshire and the Humber,8.7,13.4,65,,,,,,,,,,,,,,
Rutland,East Midlands,..,0.6,..,,,,,,,,,,,,,,
Salford,North West,6.1,11.9,52
Sandwell,West Midlands,0.0,13.1,0
Sefton,North West,..,14.1,..
Sheffield,Yorkshire and the Humber,13.2,19.9,66
Shropshire,West Midlands,..,8.6,..
Slough,South East,1.5,2.6,58
Solihull,West Midlands,4.2,5.8,73
Somerset,South West,..,14.6,..
South Gloucestershire,South West,3.6,5.7,64
South Tyneside,North East,4.5,7.4,61
Southampton,South East,4.1,6.4,64
Southend,East of England,2.8,4.2,66
Southwark,London,..,6.8,..
St. Helens,North West,..,10.5,..
Staffordshire,West Midlands,..,27.2,..
Stockport,North West,5.0,8.7,57
Stockton,North East,4.3,6.8,63,,,,,,,,,,,,,,
Stoke-on-Trent,West Midlands,9.1,12.8,71,,,,,,,,,,,,,,
Suffolk,East of England,9.1,17.9,51,,,,,,,,,,,,,,
Sunderland,North East,7.2,15.3,47,,,,,,,,,,,,,,
Surrey,South East,12.0,16.6,73,,,,,,,,,,,,,,
Sutton,London,..,3.7,..,,,,,,,,,,,,,,
Swindon,South West,3.0,4.8,63,,,,,,,,,,,,,,
Tameside,North West,..,9.9,..,,,,,,,,,,,,,,
Telford and the Wrekin,West Midlands,4.0,6.2,64,,,,,,,,,,,,,,
Thurrock,East of England,1.2,3.8,31,,,,,,,,,,,,,,
Torbay,South West,2.7,5.5,49,,,,,,,,,,,,,,
Tower Hamlets,London,2.5,4.9,52,,,,,,,,,,,,,,
Trafford,North West,4.4,7.2,61,,,,,,,,,,,,,,
Wakefield,Yorkshire and the Humber,10.2,17.4,59,,,,,,,,,,,,,,
Walsall,West Midlands,5.5,10.5,53,,,,,,,,,,,,,,
Waltham Forest,London,3.4,5.6,62,,,,,,,,,,,,,,
Wandsworth,London,2.7,5.2,52,,,,,,,,,,,,,,
Warrington,North West,4.9,7.6,64,,,,,,,,,,,,,,
Warwickshire,West Midlands,5.4,14.5,37,,,,,,,,,,,,,,
West Berkshire,South East,1.6,2.3,68,,,,,,,,,,,,,,
West Sussex,South East,10.4,18.7,56,,,,,,,,,,,,,,
Westminster,London,..,5.0,..,,,,,,,,,,,,,,
Wigan,North West,9.9,15.7,63,,,,,,,,,,,,,,
Wiltshire,South West,..,9.7,..,,,,,,,,,,,,,,
Windsor & Maidenhead,South East,..,2.1,..,,,,,,,,,,,,,,
Wirral,North West,12.3,17.3,71,,,,,,,,,,,,,,
Wokingham,South East,1.2,2.0,59,,,,,,,,,,,,,,
Wolverhampton,West Midlands,6.2,9.3,67,,,,,,,,,,,,,,
Worcestershire,West Midlands,11.0,15.1,73,,,,,,,,,,,,,,
York,Yorkshire and the Humber,2.3,3.6,64,,,,,,,,,,,,,,
1 Count of Blue Badges is as at 31 March of relevant year. Disabled population is based on most recent available data for each year (see background notes).,,,,,,,,,,,,,,,,,,
"2 Figures are only shown where an authority supplied raw data, therefore figures in this table will not necessarily sum to regional and national totals shown elsewhere,",,,,,,,,,,,,,,,,,,
 which include imputed values where raw data is missing.,,,,
3 Disabled people who meet certain criteria are automatically entitled to a Blue Badge without any further assessment (see background notes).,,,,
4 Disabled population is based on most recent available data for each year (see background notes).,,,,
"Source: DfT Blue Badge survey, other sources. See background notes.",,,,
Last updated: 17 November 2011,,,,
Next update: Autumn 2012,,,,
Telephone: 020 7944 4139,,,,
Email: parking.data@dft.gsi.gov.uk,,,,
Notes & definitions (http://assets.dft.gov.uk/statistics/series/disabled-parking-badges/documentation.pdf),,,,
,,,,
