Department for Transport statistics,,,,,,,,,,,,
Opinions (Omnibus) survey,,,,,,,,,,,,
,,,,,,,,,,,,
Table ATT0218,,,,,,,,,,,,
"Proportion of adults willing to cycle more often instead of travelling by car, broken down by opinions on achievability",,,,,,,,,,,,
,,,,,,,,,,,,
,,,,,,,,,,,,
,,,,,Adults willing to cycle more often instead of travelling by car,,,,,,,
,,,,,Cycling more often instead of travelling by car is achievable within my lifestyle.,,,,,Base numbers,,
,,"Strongly 
agree","Tend to 
agree",Neither agree nor disagree,Tend to disagree,"Strongly 
disagree","Don't 
know",All adults willing to cycle more often instead of travelling by car,Willing to cycle more often instead of travelling by car and agreeing that this is achievable within their lifestyle,Adults willing to  cycle more often instead of travelling by car,All respondents,
2010 (Aug),,11%,10%,1%,3%,2%,0%,27%,21%,229,993,
2011 (Aug),,9%,12%,2%,3%,1%,-,27%,21%,257,1095,
,,,,,,,,,,,,
,,,,,,,,,,,,
Gender,Male,13%,17%,2%,3%,1%,-,35%,29%,158,523,
,Female,5%,8%,2%,3%,2%,0%,20%,13%,99,572,
,,,,,,,,,,,
Data: 2010 - 2011 Office for National Statistics Omnibus/Opinions Surveys.,,,,,,,,,,,Published 26 Jan 2012
Source: Department for Transport,,,,,,,,,,,
,,,,,,,,,,,
Telephone: 020 7944 4129,,,,,,,,,,,
Email: environment.stats@dft.gsi.gov.uk,,,,,,,,,,,
