Department for Transport statistics,,,,,,,,,,,,
Opinions (Omnibus) survey,,,,,,,,,,,,
,,,,,,,,,,,,
Table ATT0212,,,,,,,,,,,,
"Proportion of drivers willing to share car journeys more often rather than driving alone, broken down by opinions on achievability - full licence holders only",,,,,,,,,,,,
,,,,,,,,,,,,
All drivers,,Drivers willing to share car journeys more often with other people instead of driving alone,,,,,,,Willing to share car journeys more often with other people instead of driving alone and agreeing that this is achievable with in their lifestyle,,Base numbers,
,,Sharing car journeys more often with other people instead of driving on my own is achievable within my lifestyle.,,,,,,,,,,
,,"Strongly 
agree","Tend to 
agree",Neither agree nor disagree,"Tend to 
disagree","Strongly 
disagree","Don't 
know",All adults willing to share car journeys more often instead of driving alone,,,Drivers willing to share car journeys more often with other people instead of driving alone,All respondents
2010 (Aug),,15%,24%,4%,13%,6%,-,62%,39%,,446,729
2011 (Aug),,14%,22%,6%,13%,4%,-,59%,36%,,452,797
,,,,,,,,,,,,
,,,,,,,,,,,,
Gender,Male,12%,23%,5%,11%,5%,0%,57%,36%,,233,437
,Female,15%,21%,8%,15%,3%,-,63%,36%,,219,360
Age group,16-44,18%,26%,8%,13%,4%,0%,69%,44%,,198,295
,45-64,10%,20%,4%,14%,6%,0%,54%,30%,,174,337
,65 and over,10%,17%,5%,13%,2%,0%,47%,27%,,80,165
Education level,Degree or equivalent,17%,23%,11%,15%,5%,0%,70%,40%,,119,173
,Lower ,12%,22%,5%,12%,4%,-,56%,35%,,333,624
Socio-economic category,Managerial and professional occupations,13%,20%,8%,18%,5%,0%,64%,33%,,195,315
,Intermediate occupations,11%,24%,8%,12%,1%,-,57%,35%,,98,185
,Routine and manual occupations,14%,23%,4%,9%,6%,0%,55%,37%,,148,278
Frequency of car use (driver or passenger),At least once a day,10%,23%,6%,15%,5%,0%,59%,33%,,286,503
,Less than once a day,20%,21%,7%,9%,4%,-,61%,41%,,166,294
,,,,,,,,,,,,
Data: 2010 - 2011 Office for National Statistics Omnibus/Opinions Surveys.,,,,,,,,,,,,Published 26 Jan 2012
Source: Department for Transport,,,,,,,,,,,,
,,,,,,,,,,,,
Telephone: 020 7944 4129,,,,,,,,,,,,
Email: environment.stats@dft.gsi.gov.uk,,,,,,,,,,,,
