Department for Transport statistics,,,,,,,,,,,,
Opinions (Omnibus) survey,,,,,,,,,,,,
,,,,,,,,,,,,
Table ATT0220,,,,,,,,,,,,
"Proportion of adults willing to walk more instead of travelling by car, broken down by opinions on achievability",,,,,,,,,,,,
,,,,,,,,,,,,
,,,,,Adults willing to walk more often instead of travelling by car,,,,,,,
,,,,,Walking more often instead of travelling by car is achievable within my lifestyle,,,,,Base numbers,,
All respondents,,"Strongly 
agree","Tend to 
agree",Neither agree nor disagree,Tend to disagree,"Strongly 
disagree","Don't 
know",All adults willing to walk more often instead of travelling by car,Willing to walk more often instead of travelling by car and agreeing that this is achievable within their lifestyle,Adults willing to walk more often instead of travelling by car,All respondents,
2010 (Aug),,23%,23%,3%,6%,2%,-,58%,46%,564,995,
2011 (Aug),,17%,28%,4%,5%,3%,0%,55%,44%,584,1109,
,,,,,,,,,,,,
,,,,,,,,,,,,
Gender,Male,16%,26%,4%,5%,3%,0%,54%,42%,272,529,
,Female,17%,29%,3%,5%,2%,0%,56%,47%,312,580,
Age group,16-44,21%,29%,3%,5%,3%,0%,61%,50%,256,426,
,45-64,15%,28%,4%,6%,3%,0%,56%,43%,211,396
,65 and over,11%,22%,4%,2%,1%,0%,39%,33%,117,287
Education level,Degree or equivalent,25%,26%,3%,9%,6%,0%,70%,51%,131,194
,Lower ,15%,28%,4%,4%,2%,0%,52%,43%,453,915
Socio-economic category,Managerial and professional occupations,18%,30%,3%,8%,3%,0%,62%,48%,219,361
,Intermediate occupations,19%,25%,4%,2%,3%,0%,53%,44%,116,236
,Routine and manual occupations,13%,24%,4%,4%,3%,0%,48%,37%,207,440
Frequency of car use (driver or passenger),At least once a day,10%,28%,4%,7%,3%,0%,53%,38%,282,547
,Less than once a day but at least 3 times a week,23%,27%,5%,2%,1%,0%,59%,50%,132,226
,Twice a week or less,25%,27%,1%,3%,2%,0%,58%,52%,170,336

Data: 2010 - 2011 Office for National Statistics Omnibus/Opinions Surveys.,,,,,,,,,,,Published 26 Jan 2012
Source: Department for Transport,,,,,,,,,,,
,,,,,,,,,,,
Telephone: 020 7944 4129,,,,,,,,,,,
Email: environment.stats@dft.gsi.gov.uk,,,,,,,,,,,
