Department for Transport statistics,,,,,,,,
Opinions (Omnibus) survey,,,,,,,,
,,,,,,,,
Table ATT0205,,,,,,,,
Perceived contributors to climate change,,,,,,,,
What types of things do you think contribute to climate change?,,,,,,,,
,,,,,,,,
,,,Survey year,,,,,
,2006,2007,2008,2009,2010,2011,,
,(Aug),(Apr & Aug),(Feb & Aug),(Aug),(Aug),(Aug),,
Destruction of forests/cutting down trees,28%,25%,26%,25%,22%,22%,,
Emissions from road transport,72%,69%,68%,65%,59%,55%,,
Emissions from planes,40%,43%,39%,37%,36%,31%,,
Emissions from power stations,35%,32%,34%,32%,30%,30%,,
Other CO2 Emissions,30%,29%,28%,30%,31%,30%,,
Burning fossil fuels for energy,30%,31%,28%,29%,25%,26%,,
Aerosols/CFCs,21%,16%,15%,13%,13%,13%,
Use of electricity/gas at home,14%,18%,18%,15%,16%,13%,
Use of electricity/gas by businesses,19%,18%,20%,16%,16%,13%,
Natural causes,10%,16%,14%,11%,15%,16%,
None of the above,1%,1%,1%,1%,-,1%,
Other,13%,14%,16%,22%,13%,17%,
Don't know,7%,5%,6%,6%,9%,10%,
Don't believe in climate change,1%,1%,1%,1%,5%,5%,
Base number,1155,2156,2090,968,999,1124,
,,,,,,,
1. Respondents could choose more than one response and provide their own response not included on the list.,,,,,,,
,,,,,,,
Data: 2006 - 2011 Office for National Statistics Omnibus/Opinions Surveys.,,,,,,Published 26 Jan 2012,
Source: Department for Transport,,,,,,,
,,,,,,,
Telephone: 020 7944 4129,,,,,,,
Email: environment.stats@dft.gsi.gov.uk,,,,,,,
,,,,,,,
,,,,,,,
,,,,,,,
,,,,,,,
,,,,,,,
