Department for Transport statistics,,,,,,,,
Opinions (Omnibus) survey,,,,,,,,
,,,,,,,,
Table ATT0206,,,,,,,,
A Which forms of transport are perceived as being major contributors to climate change?,,,,,,,,
"Thinking now of the overall impact of different forms of transport in this country at the present time, which of the following, if any, do you think are major contributors to climate change?",,,,,,,,
,,,,,,,,
,,,Survey year,,,,,
,2006,2007,2008,2009,2010,2011,,
,(Aug),(Apr & Aug),(Feb & Aug),(Aug),(Aug),(Aug),,
Cars,80%,75%,76%,73%,70%,68%,,
Buses and coaches,62%,58%,54%,54%,48%,53%,,
Vans and lorries,78%,75%,77%,71%,63%,64%,,
Aeroplanes,75%,78%,76%,77%,72%,66%,,
Trains,24%,24%,23%,23%,18%,21%,,
Ships/ferries,25%,28%,27%,28%,21%,22%,,
Motorbikes,30%,28%,25%,30%,24%,23%,
None,1%,3%,2%,2%,5%,4%,
Don't know,1%,2%,2%,2%,4%,4%,
Base number,1215,2236,2176,999,997,1129,
,,,,,,,
1. Respondents could choose more than one response. ,,,,,,,
,,,,,,,
B Which form of transport is perceived as contributing the most to climate change?,,,,,,,
,,,,,,,
,,,Survey year,,,,
,2006,2007,2008,2009,2010,2011,
,(Aug),(Apr & Aug),(Feb & Aug),(Aug),(Aug),(Aug),
Cars,39%,33%,36%,38%,35%,38%,
Buses and coaches,4%,4%,3%,3%,4%,6%,
Vans and lorries,16%,14%,18%,16%,13%,17%,
Aeroplanes,35%,40%,34%,37%,38%,29%,
Trains,1%,1%,-,0%,0%,1%,
Ships/ferries,1%,1%,2%,2%,1%,1%,
Motorbikes,-,-,-,0%,0%,-,
None,2%,5%,4%,2%,5%,4%,
Don't know,1%,2%,2%,2%,4%,4%,
Base number,1215,2236,2176,999,997,1129,
,,,,,,,
Data: 2006 - 2011 Office for National Statistics Omnibus/Opinions Surveys.,,,,,,,
Source: Department for Transport,,,,,,,
,,,,,,,
Telephone: 020 7944 4129,,,,,,Published 26 Jan 2012,
Email: environment.stats@dft.gsi.gov.uk,,,,,,,
