Department for Transport statistics,,,,,,,,,,,,
Opinions (Omnibus) survey,,,,,,,,,,,,
,,,,,,,,,,,,
Table ATT0215,,,,,,,,,,,,
"Proportion of adults willing to use public transport more often instead of travelling by car, broken down by opinions on achievability",,,,,,,,,,,,
,,,,,,,,,,,,
All respondents,,Adults willing to use public transport more often instead of travelling by car.,,,,,,,Willing to use public transport more often instead of travelling by car and agreeing that this is achievable within their lifestyle,,Base numbers,
,,Using public transport more often instead of travelling by car is achievable within my lifestyle.,,,,,,,,,Adults willing to use public transport more often instead of travelling by car,All respondents
,,"Strongly 
agree","Tend to 
agree",Neither agree nor disagree,Tend to disagree,"Strongly 
disagree","Don't 
know",All adults willing to use public transport more often instead of travelling by car,,,,
2010 (Aug),,17%,20%,2%,4%,4%,-,47%,37%,,462,995
2011 (Aug),,14%,21%,3%,4%,2%,0%,44%,35%,,487,1122
,,,,,,,,,,,,
Gender,Male,13%,19%,4%,5%,2%,0%,42%,32%,,220,537
,Female,15%,22%,3%,3%,3%,0%,46%,37%,,267,585
Age group,16-44,13%,22%,3%,5%,2%,0%,46%,36%,,179,429
,45-64,12%,18%,2%,3%,3%,0%,40%,31%,,159,398
,65 and over,18%,18%,6%,5%,1%,0%,47%,36%,,149,295
Education level,Degree or equivalent,21%,19%,4%,8%,4%,0%,57%,40%,,106,196
,Lower ,12%,21%,3%,3%,2%,0%,41%,33%,,381,926
Socio-economic category,Managerial and professional occupations,14%,20%,3%,6%,3%,0%,45%,34%,,170,362
,Intermediate occupations,18%,15%,3%,4%,4%,0%,43%,33%,,96,237
,Routine and manual occupations,12%,19%,4%,3%,1%,0%,39%,31%,,182,449
Frequency of car use (driver or passenger),At least once a day,4%,15%,3%,6%,3%,0%,31%,19%,,173,552
,Less than once a day but at least 3 times a week,16%,28%,5%,2%,3%,0%,54%,45%,,119,227
,Twice a week or less,30%,26%,2%,2%,1%,0%,60%,55%,,195,343
,,,,,,,,,,,,
Data: 2010 - 2011 Office for National Statistics Omnibus/Opinions Surveys.,,,,,,,,,,,,Published 26 Jan 2012
Source: Department for Transport,,,,,,,,,,,,
,,,,,,,,,,,,
Telephone: 020 7944 4129,,,,,,,,,,,,
Email: environment.stats@dft.gsi.gov.uk,,,,,,,,,,,,
