Department for Transport statistics,,,,,,,,,,,,,,,
Opinions (Omnibus) survey,,,,,,,,,,,,,,,
,,,,,,,,,,,,,,,
Table ATT0210,,,,,,,,,,,,,,,
"Proportion of adults willing to reduce their car use, broken down by opinions on achievability",,,,,,,,,,,,,,,
,,,,,,,,,,,,,,,
,,,,,Adults willing to reduce their car use,,,,,,,,,,
,,,,,Reducing the amount I travel by car is achievable within my lifestyle,,,,,Base numbers,,,,,
All respondents,,"Strongly 
agree","Tend to 
agree",Neither agree nor disagree,Tend to disagree,"Strongly 
disagree","Don't 
know",All adults willing to reduce their car use,Willing to reduce car use and agreeing that this is achievable within their lifestyle,Adults willing to reduce their car use,All respondents,,,,
2010 (Aug),,16%,21%,4%,4%,1%,-,46%,37%,443,994,,,,
2011 (Aug),,13%,22%,1%,5%,1%,-,42%,35%,439,1113,,,,
,,,,,,,,,,,,,,,
,,,,,,,,,,,,,,,
Gender,Male,12%,21%,2%,5%,1%,0%,41%,34%,212,531,,,,
,Female,13%,22%,1%,4%,2%,-,43%,35%,227,582,,,,
Age group,16-44,16%,23%,2%,4%,1%,0%,46%,39%,187,427,,,,
,45-64,9%,22%,1%,7%,3%,0%,42%,32%,164,396,,,,
,65 and over,11%,17%,1%,1%,1%,-,31%,28%,88,290,,,,
Education level,Degree or equivalent,23%,23%,2%,6%,1%,0%,55%,47%,105,194,,,,
,Lower ,10%,21%,1%,4%,1%,-,38%,32%,334,919,,,,
Socio-economic category,Managerial and professional occupations,14%,21%,1%,7%,2%,0%,45%,35%,162,359,,,,
,Intermediate occupations,17%,17%,1%,3%,3%,-,43%,35%,92,236,,,,
,Routine and manual occupations,11%,20%,2%,4%,-,-,38%,31%,157,446,,,,
Frequency of car use (driver or passenger),At least once a day,7%,22%,1%,6%,2%,0%,38%,29%,208,552,,,,
,Less than once a day but at least 3 times a week,21%,27%,1%,2%,-,-,51%,47%,113,225,,,,
,Twice a week or less,18%,18%,3%,3%,-,-,42%,36%,118,336,,,,
,,,,,,,,,,,,,,,
Data: 2010 - 2011 Office for National Statistics Omnibus/Opinions Surveys.,,,,,,,,,,,Published 26 Jan 2012,,,,
Source: Department for Transport,,,,,,,,,,,,,,,
,,,,,,,,,,,,,,,
Telephone: 020 7944 4129,,,,,,,,,,,,,,,
Email: environment.stats@dft.gsi.gov.uk,,,,,,,,,,,,,,,
,,,,,,,,,,,
,,,,,,,,,,,
,,,,,,,,,,,
,,,,,,,,,,,
,,,,,,,,,,,
,,,,,,,,,,,
