Department for Transport statistics,,,,,,,,,
http://www.dft.gov.uk/statistics/releases/reported-road-casualties-gb-main-results-2011,,,,,,,,,
Table RAS10001,,,,,,,,,
"Reported accidents by speed limit, road class and severity, Great Britain, 2011",,,,,,,,,
,,,,,,,,,Number/percentage change compared to 2010
,             Fatal,,               Serious,,                 Slight,,           All accidents,,Road traffic1
Type of road,,%,,%,,%,,%,%
______________,Number,change,Number,change,Number,change,Number,change,change
Motorways,92,-19,610,-9,"5,117",-11,"5,819",-10,1
Built-up roads ,,,,,,,,,
20 mph,7,17,279,35,"1,649",23,"1,935",25,..
30 mph,612,12,"12,548",4,"85,957",-2,"99,117",-1,..
40 mph,163,0,"1,775",9,"10,396",-3,"12,334",-1,..
All built-up roads,782,10,"14,602",5,"98,002",-2,"113,386",-1,..
Non built-up roads ,,,,,,,,,
50 mph,117,19,792,12,"4,141",2,"5,050",4,..
60 mph,659,0,"4,263",-3,"17,236",-6,"22,158",-5,..,,,
70 mph,147,-2,719,-7,"4,195",-7,"5,061",-7,..,,,
All non built-up roads,923,2,"5,774",-2,"25,572",-5,"32,269",-4,..,,,
Major roads2,"1,133",5,"10,323",3,"64,252",-2,"75,708",-1,0,,,
Minor roads3,664,2,"10,663",2,"64,439",-3,"75,766",-2,-1,,,
All roads4,"1,797",4,"20,986",3,"128,691",-3,"151,474",-2,0,,,
,,,,,,,,,,,,
1 Motor vehicle traffic only.,,,,,,,,,,,,
"2 Motorways, A(M) and A roads (ie motorways, trunk and principal roads).",,,,,,,,,,,,
"3 B, C and unclassified roads (ie other roads).",,,,,,,,,,,,
4 Includes unknown road class and speed limit.,,,,,,,,,,,,
,,,,,,,,,,,,
Telephone: 020 7944 6595,,,,,,,,,,,,
Email: roadacc.stats@dft.gsi.gov.uk,,,,,,,,,,,,
Notes & Definitions,,,,,,,,,,,,
,,,,,,,,,,,,
"Source: STATS19, DfT National Road Traffic Survey",,,,,,,,,
Last updated: 28 June 2012,,,,,,,,,
Next update: June 2013,,,,,,,,,
,,,,,,,,,
The figures in this table are National Statistics,,,,,,,,,
