Department for Transport statistics,,,,,,,,,
http://www.dft.gov.uk/statistics/releases/reported-road-casualties-gb-main-results-2011,,,,,,,,,
Table RAS30006,,,,,,,,,
"Reported casualties by speed limit, road class and severity, Great Britain, 2011",,,,,,,,,
,,,,,,,,,Number/percentage change compared to 2010
,            Killed,,       Seriously injured,,         Slightly injured,,        All casualties,,Road traffic1
Type of road,,%,,%,,%,,%,%
______________,Number,change,Number,change,Number,change,Number,change,change
Motorways,106,-10,740,-7,"8,896",-6,"9,742",-6,1
Built-up roads ,,,,,,,,,
20 mph,7,17,289,39,"1,966",22,"2,262",24,..
30 mph,636,13,"13,168",4,"111,690",-2,"125,494",-1,..
40 mph,173,2,"1,972",10,"15,629",-3,"17,774",-2,..
All built-up roads,816,10,"15,429",5,"129,285",-2,"145,530",-1,..
Non built-up roads ,,,,,,,,,
50 mph,124,12,972,15,"6,635",4,"7,731",6,..
60 mph,701,-3,"5,126",-5,"27,402",-7,"33,229",-6,..,,,
70 mph,154,-4,855,-8,"6,709",-6,"7,718",-6,..,,,
All non built-up roads,979,-1,"6,953",-3,"40,746",-5,"48,678",-4,..,,,
Major roads2,"1,215",4,"11,658",3,"93,092",-2,"105,965",-2,0,,,
Minor roads3,686,1,"11,464",1,"85,835",-3,"97,985",-3,-1,,,
All roads4,"1,901",3,"23,122",2,"178,927",-3,"203,950",-2,0,,,
,,,,,,,,,,,,
1 Motor vehicle traffic only.,,,,,,,,,,,,
"2 Motorways, A(M) and A roads (ie motorways, trunk and principal roads).",,,,,,,,,,,,
"3 B, C and unclassified roads (ie other roads).",,,,,,,,,,,,
4 Includes unknown road class and speed limit.,,,,,,,,,,,,
,,,,,,,,,,,,
Telephone: 020 7944 6595,,,,,,,,,,,,
Email: roadacc.stats@dft.gsi.gov.uk,,,,,,,,,,,,
Notes & Definitions,,,,,,,,,,,,
,,,,,,,,,,,,
"Source: STATS19, DfT National Road Traffic Survey",,,,,,,,,
Last updated: 28 June 2012,,,,,,,,,
Next update: June 2013,,,,,,,,,
,,,,,,,,,
The figures in this table are National Statistics,,,,,,,,,
