Department for Transport statistics,,,,,,,,,,,
http://www.dft.gov.uk/statistics/releases/reported-road-casualties-gb-main-results-2011,,,,,,,,,,,
Table RAS30002,,,,,,,,,,,
"Reported casualties by road user type, age and severity, Great Britain, 2011",,,,,,,,,,,
,,,,,,,,,,Number/percentage change compared to 2010,
, Killed,, Seriously injured,, Slightly injured,, All casualties,,,Road traffic,
,,%,,%,,%,,%,%,,
,Number,change,Number,change,Number,change,Number,change,change,,
Pedestrians,,,,,,,,,,,
Children: 0-15 years,33,27,"1,569",-3,"6,205",-1,"7,807",-2,..,,
Young people: 0-17 years,47,31,"1,789",-2,"7,186",-1,"9,022",-1,..,,
Adults: 18-59 years,222,4,"2,441",7,"10,011",0,"12,674",1,..,,
60 and over,184,19,"1,146",12,"2,583",6,"3,913",9,..,,
All casualties1,453,12,"5,454",5,"20,291",0,"26,198",1,..,,
Pedal cyclists,,,,,,,,,,,
Children: 0-15 years,6,-14,392,0,"2,483",2,"2,881",2,..,,
Young people: 0-17 years,10,0,488,0,"3,156",3,"3,654",3,..
Adults: 18-59 years,69,-4,"2,287",21,"11,723",14,"14,079",15,..
60 and over,28,-3,266,9,762,10,"1,056",9,..
All casualties1,107,-4,"3,085",16,"16,023",11,"19,215",12,2
Car occupants,,,,,,,,,
Children: 0-15 years,21,17,315,-8,"7,235",-3,"7,571",-3,..
Young people: 0-17 years,54,-18,652,-12,"11,078",-6,"11,784",-7,..
Adults: 18-59 years,595,10,"5,919",-7,"89,647",-7,"96,161",-7,..
60 and over,234,3,"1,675",1,"13,397",0,"15,306",0,..
All casualties1,883,6,"8,342",-6,"115,699",-6,"124,924",-6,0
Motorcycle users,362,-10,"5,247",10,14541,8,"20,150",8,1
Bus and coach occupants,7,-22,325,-17,"5,845",0,"6,177",-1,-8
Light goods veh occupants,34,0,306,-6,"4,159",1,"4,499",0,1
HGV occupants,28,0,167,-9,"1,220",-11,"1,415",-10,-3
All road users,,,,,,,,,
Children: 0-15 years,60,9,"2,352",-4,"17,062",0,"19,474",0,..
Young people: 0-17 yrs,125,-3,"3,472",-4,"24,880",-1,"28,477",-2,..,,,
Adults: 18-59 years,"1,263",1,"15,694",3,"130,977",-3,"147,934",-3,..,,,
60 and over,513,9,"3,688",5,"19,778",1,"23,979",2,..,,,
All casualties1,"1,901",3,"23,122",2,"178,927",-3,"203,950",-2,0,2,,
,,,,,,,,,,,,
1  Includes cases where age was not reported.,,,,,,,,,,,,
2  Includes pedal cycles.,,,,,,,,,,,,
,,,,,,,,,,,,
Telephone: 020 7944 6595,,,,,,,,,,,,
Email: roadacc.stats@dft.gsi.gov.uk,,,,,,,,,,,,
Notes & Definitions,,,,,,,,,,,,
,,,,,,,,,,,,
"Source: STATS19, DfT National Road Traffic Survey",,,,,,,,,,,,
Last updated: 28 June 2012,,,,,,,,,,,,
Next update: June 2013,,,,,,,,,,,,
,,,,,,,,,,,,
The figures in this table are National Statistics
