Department for Transport statistics,,,,,
http://www.dft.gov.uk/statistics/releases/reported-road-casualties-gb-main-results-2011,,,,,
Table RAS30007,,,,,
"Reported casualties by severity, by police force area, Great Britain, 2011",,,,,
,,,,,Number
,,,Killed or,,
,,Seriously, seriously,Slightly,All
Police force area   ,Killed,    injured,    injured,injured,casualties
Avon and Somerset,46,436,482,"4,278","4,760"
Bedfordshire,16,187,203,"1,959","2,162"
Cambridgeshire,33,380,413,"2,777","3,190"
Cheshire,37,580,617,"3,645","4,262"
City of London,0,49,49,360,409
Cleveland,12,144,156,"1,189","1,345"
Cumbria,30,219,249,"1,506","1,755"
Derbyshire,39,383,422,"3,456","3,878"
Devon and Cornwall,43,518,561,"5,379","5,940"
Dorset,19,310,329,"2,175","2,504"
Durham,18,213,231,"1,755","1,986"
Essex,41,718,759,"4,623","5,382"
Gloucestershire,20,224,244,"1,328","1,572"
Greater Manchester,76,668,744,"6,427","7,171"
Hampshire,45,"1,112","1,157","5,205","6,362"
Hertfordshire,36,320,356,"3,313","3,669"
Humberside,29,445,474,"3,301","3,775"
Kent,48,535,583,"5,951","6,534"
Lancashire,45,745,790,"5,114","5,904"
Leicestershire,45,305,350,"2,992","3,342"
Lincolnshire,47,438,485,"2,838","3,323"
Merseyside,22,500,522,"3,871","4,393"
Metropolitan Police,159,"2,602","2,761","26,121","28,882"
Norfolk,43,312,355,"2,136","2,491"
North Yorkshire,49,468,517,"2,361","2,878"
Northamptonshire,19,286,305,"1,356","1,661"
Northumbria,28,439,467,"4,230","4,697"
Nottinghamshire,37,568,605,"3,413","4,018"
South Yorkshire,30,441,471,"4,388","4,859"
Staffordshire,49,224,273,"3,939","4,212"
Suffolk,30,296,326,"2,204","2,530"
Surrey,28,554,582,"5,173","5,755"
Sussex,64,864,928,"4,312","5,240"
Thames Valley,73,898,971,"6,822","7,793"
Warwickshire,33,280,313,"1,765","2,078"
West Mercia,47,369,416,"3,446","3,862"
West Midlands,61,957,"1,018","6,475","7,493"
West Yorkshire,65,839,904,"6,881","7,785"
Wiltshire,32,297,329,"1,600","1,929"
England,"1,594","20,123","21,717","160,064","181,781"
Dyfed-Powys,33,326,359,"1,663","2,022"
Gwent,17,134,151,864,"1,015"
North Wales,36,341,377,"1,920","2,297"
South Wales,35,325,360,"3,712","4,072"
Wales,121,"1,126","1,247","8,159","9,406"
Central,9,110,119,598,717
Dumfries and Galloway,9,84,93,330,423
Fife,11,92,103,494,597
Grampian,23,311,334,901,"1,235"
Lothian and Borders,22,349,371,"2,296","2,667"
Northern,22,109,131,664,795
Strathclyde,65,619,684,"4,658","5,342"
Tayside,25,199,224,763,987
Scotland,186,"1,873","2,059","10,704","12,763"
Great Britain,"1,901","23,122","25,023","178,927","203,950"
,,,,,
,,,,,,,,,,,,
Telephone: 020 7944 6595,,,,,,,,,,,,
Email: roadacc.stats@dft.gsi.gov.uk,,,,,,,,,,,,
Notes & Definitions,,,,,,,,,,,,
,,,,,,,,,,,,
Source: STATS19,,,,,,,,,,,,
Last updated: 28 June 2012,,,,,,,,,,,,
Next update: June 2013,,,,,,,,,,,,
,,,,,,,,,,,,
The figures in this table are National Statistics,,,,,,,,,,,,
