Department for Transport statistics,,,,,,,,,,
http://assets.dft.gov.uk/statistics/release/road-accidents-and-safety-drink-drive-estimates/,,,,,,,,,,
Table RAS51021,,,,,,,,,,
Reported number of male and female drivers screened for breath-alcohol by outcome of test: Great Britain 2010 � 2011,,,,,,,,,,
,,,,,,,,,,Number
,,,,2010,,,,2011,,
,,,,,,,,,,
,Gender,Age Group,,Failed or refused breath test,Passed breath test: below limit,Total breath tests requested,,Failed or refused breath test,Passed breath test: below limit,Total breath tests requested
,,,,,,,,,,
,Male,< 16,,1,46,47,,3,24,27
,Male,16-19,,298,"7,972","8,270",,283,"7,310","7,593"
,Male,20-24,,786,"11,441","12,227",,777,"11,022","11,799"
,Male,25-29,,591,"10,344","10,935",,605,"10,025","10,630"
,Male,30-34,,398,"9,324","9,722",,466,"9,301","9,767"
,Male,35-39,,333,"9,636","9,969",,339,"8,921","9,260"
,Male,40-44,,279,"10,103","10,382",,312,"9,861","10,173"
,Male,45-49,,240,"9,249","9,489",,234,"9,238","9,472"
,Male,50-54,,140,"7,466","7,606",,142,"7,473","7,615"
,Male,55-59,,121,"5,708","5,829",,121,"5,639","5,760"
,Male,60-64,,80,"4,750","4,830",,70,"4,712","4,782"
,Male,65-69,,40,"2,620","2,660",,51,"2,840","2,891"
,Male,70+,,45,"4,820","4,865",,53,"5,072","5,125"
,Male,Unknown,,42,"1,072","1,114",,49,"1,033","1,082"
,Male,Total,,"3,394","94,551","97,945",,"3,505","92,471","95,976"
,,,,,,,,,,
,Female,< 16,,0,4,4,,0,3,3
,Female,16-19,,75,"3,521","3,596",,72,"3,175","3,247"
,Female,20-24,,168,"6,162","6,330",,166,"5,950","6,116"
,Female,25-29,,135,"5,222","5,357",,107,"5,047","5,154"
,Female,30-34,,108,"4,337","4,445",,99,"4,305","4,404"
,Female,35-39,,93,"4,309","4,402",,90,"4,167","4,257"
,Female,40-44,,85,"4,600","4,685",,98,"4,653","4,751"
,Female,45-49,,75,"4,084","4,159",,74,"4,093","4,167",,,
,Female,50-54,,54,"3,003","3,057",,48,"3,031","3,079",,,
,Female,55-59,,30,"2,256","2,286",,32,"2,174","2,206",,,
,Female,60-64,,23,"1,630","1,653",,19,"1,698","1,717",,,
,Female,65-69,,6,990,996,,8,"1,124","1,132",,,
,Female,70+,,7,"1,687","1,694",,14,"1,829","1,843",,,
,Female,Unknown,,12,367,379,,8,298,306,,,
,Female,Total,,871,"42,172","43,043",,835,"41,547","42,382",,,
,,,,,,,,,,,,,
,,,,,,,,,,Source: STATS19,,,
,Telephone: 020 7944 6595,,,,,,,,,,,,
,Email: roadacc.stats@dft.gsi.gov.uk,,,,,,,,,,,,
,A note on methodology can be found at:,,,,,,,,,,,,
,,,,,,,,,,,,,
,http://assets.dft.gov.uk/statistics/releases/road-accidents-and-safety-drink-drive-estimates-2011/methodology-notes-drink-drive.pdf,,,,,,,,,,,,
,Notes and definitions see: http://www.dft.gov.uk/statistics/series/road-accidents-and-safety/,,,,,,,,,,,,
,"Source: STATS19, Coroners and Procurators Fiscal",,,,,,,,,,,,
,Last updated: 17 August 2012,,,,,,,,,,,,
,Next update: August 2013,,,,,,,,,,,,
,,,,,,,,,,,,,
,The figures in this table are National Statistics,,,,,,,,,,,,
