Department for Transport statistics,,,,,,,,,,,,,
Walking and Cycling Statistics (http://www.dft.gov.uk/statistics/series/walking-and-cycling/),,,,,,,,,,,,,
Table CW0102,,,,,,,,,,,,,
"Proportion of residents1 who do any walking2 or cycling3, at least once per month",,,,,,,,,,,,,
95% CI refers to the 95% confidence interval4,,,,,,,,,,,,,
The figures in this table are outside the scope of National Statistics,,,,,,,,,,,,,
,,,,,Walk,,,Cycle,,,Walk or cycle,,
Code,Region,,Sample size5,,%,95% CI,,%,95% CI,,%,95% CI,
E12000001,North East,,"6,510",,89,"-2.0 , +1.7",,13,"-1.9 , +2.1",,90,"-2.0 , +1.7",
E12000002,North West,,"22,044",,89,"-0.9 , +0.8",,13,"-0.9 , +1.0",,90,"-0.9 , +0.8",
E12000003,Yorkshire and the Humber,,"10,516",,90,"-2.0 , +1.7",,13,"-1.9 , +2.2",,90,"-2.0 , +1.7",
E12000004,East Midlands,,"20,069",,90,"-0.7 , +0.6",,15,"-0.8 , +0.8",,91,"-0.7 , +0.6",
E12000005,West Midlands,,"15,612",,90,"-0.9 , +0.8",,12,"-0.9 , +0.9",,90,"-0.9 , +0.8",
E12000006,East of England,,"23,554",,90,"-0.4 , +0.4",,17,"-0.5 , +0.5",,91,"-0.4 , +0.4",
E12000007,London,,"16,621",,92,"-0.4 , +0.4",,16,"-0.5 , +0.5",,93,"-0.4 , +0.4",
E12000008,South East,,"33,528",,91,"-0.4 , +0.3",,18,"-0.5 , +0.5",,92,"-0.3 , +0.3",
E12000009,South West,,"18,204",,91,"-0.9 , +0.8",,17,"-1.1 , +1.1",,92,"-0.8 , +0.8",,,
E92000001,ENGLAND,,"166,658",,90,"-0.3 , +0.3",,15,"-0.4 , +0.4",,91,"-0.3 , +0.3",,,
"1  Results are grouped according to the area where respondents live, which may not be the same as the area where they walk or cycle.",,,,,,,,,,,,,,,
"2  ""Walk"" in this table refers to any continuous walk of at least 5 minutes, irrespective of purpose.",,,,,,,,,,,,,,,
"3  ""Cycle"" in this table refers to any cycling, irrespective of length or purpose.",,,,,,,,,,,,,,,
"4  95% CI refers to 95% Confidence Interval, calculated using the Wilson Score method (see Notes and Definitions document).",,,,,,,,,,,,,,,
"5  Sample excludes those who responded ""don�t know"" to the relevant question, but includes those who stated that they are unable to walk.",,,,,,,,,,,,,,,
"6 Percentages are rounded to the nearest 1 per cent. Percentages lower than 0.5 per cent are supressed and the symbol ""-"" is shown.",,,,,,,,,,,,,,,
,,,,,,,,,,,,,,,
,,,,,,,,,,,,Source: Active People Survey - Sport England,,,
Telephone: 020 7944 6104,,,,,,,,,,,,Last updated: 30 August 2012,,,
Email: subnational.stats@dft.gsi.gov.uk,,,,,,,,,,,,Next update: Spring 2013,,,
