Department for Transport statistics,,,,,,,,,,,,,,,,,,,,,
Walking and Cycling Statistics (http://www.dft.gov.uk/statistics/series/walking-and-cycling/),,,,,,,,,,,,,,,,,,,,,
Table CW0222,,,,,,,,,,,,,,,,,,,,,
Proportion of residents1 who walk2 for at least 30 minutes at a given frequency,,,,,,,,,,,,,,,,,,,,,
95% CI refers to the 95% confidence interval3,,,,,,,,,,,,,,,,,,,,,
The figures in this table are outside the scope of National Statistics,,,,,,,,,,,,,,,,,,,,,
,,,,,"Walk for at least 30 minutes, at least",,,,,95% CI,,,,,,,,,,,
Code,Region,,Sample size4,,1 x per month,1 x per week,3 x per week,5 x per week,,1 x per month,1 x per week,3 x per week,5 x per week,,,,,,,,
E12000001,North East,,"6,429",,69,55,28,21,,"-2.9 , +2.7","-3.0 , +3.0","-2.6 , +2.8","-2.3 , +2.6",,,,,,,,
E12000002,North West,,"21,728",,70,55,29,21,,"-1.3 , +1.3","-1.4 , +1.4","-1.2 , +1.3","-1.1 , +1.2",,,,,,,,
E12000003,Yorkshire and the Humber,,"10,355",,71,57,30,21,,"-2.8 , +2.7","-3.0 , +3.0","-2.7 , +2.8","-2.4 , +2.6",,,,,,,,
E12000004,East Midlands,,"19,773",,71,55,28,21,,"-1.0 , +1.0","-1.1 , +1.1","-1.0 , +1.0","-0.9 , +0.9",,,,,,,,
E12000005,West Midlands,,"15,376",,68,53,28,20,,"-1.3 , +1.3","-1.4 , +1.4","-1.2 , +1.3","-1.1 , +1.1",,,,,,,,
E12000006,East of England,,"23,188",,70,54,28,21,,"-0.6 , +0.6","-0.7 , +0.7","-0.6 , +0.6","-0.5 , +0.6",,,,,,,,
E12000007,London,,"16,260",,70,53,27,20,,"-0.7 , +0.7","-0.7 , +0.7","-0.6 , +0.6","-0.6 , +0.6",,,,,,,,
E12000008,South East,,"32,998",,73,56,29,21,,"-0.6 , +0.5","-0.6 , +0.6","-0.6 , +0.6","-0.5 , +0.5",,,,,,,,
E12000009,South West,,"17,903",,74,58,31,22,,"-1.3 , +1.2","-1.4 , +1.4","-1.3 , +1.4","-1.2 , +1.2",,,,,,,,
E92000001,ENGLAND,,"164,010",,71,55,29,21,,"-0.5 , +0.5","-0.5 , +0.5","-0.5 , +0.5","-0.4 , +0.4",,,,,,,,
"1  Results are grouped according to the area where respondents live, which may not be the same as the area where they walk or cycle.",,,,,,,,,,,,,,,,,,,,,
"2  ""Walk"" in this table refers to any walking, of at least 30 minutes, irrespective of purpose.",,,,,,,,,,,,,,,,,,,,,
"3  95% CI refers to 95% Confidence Interval, calculated using the Wilson Score method (see Notes and Definitions document).",,,,,,,,,,,,,,,,,,,,,
"4  Sample excludes those who responded ""don�t know"" to the relevant question, but includes those who stated that they are unable to walk.",,,,,,,,,,,,,,,,,,,,,
"5 Percentages are rounded to the nearest 1 per cent. Percentages lower than 0.5 per cent are supressed and the symbol ""-"" is shown.",,,,,,,,,,,,,,,,,,,,,
,,,,,,,,,,,,,,,,,,,,,
,,,,,,,,,,,,,Source: Active People Survey - Sport England,,,,,,,,
Telephone: 020 7944 6104,,,,,,,,,,,,,Last updated: 30 August 2012,,,,,,,,
Email: subnational.stats@dft.gsi.gov.uk,,,,,,,,,,,,,Next update: Spring 2013,,,,,,,,
