Department for Transport statistics,,,,,,,,,,,,,,,,,,,,,
Walking and Cycling Statistics (http://www.dft.gov.uk/statistics/series/walking-and-cycling/),,,,,,,,,,,,,,,,,,,,,
Table CW0312,,,,,,,,,,,,,,,,,,,,,
Proportion of residents1 who walk2 for at least 30 minutes for utility purposes3 at a given frequency,,,,,,,,,,,,,,,,,,,,,
95% CI refers to the 95% confidence interval4,,,,,,,,,,,,,,,,,,,,,
The figures in this table are outside the scope of National Statistics,,,,,,,,,,,,,,,,,,,,,
,,,,,"Walk for at least 30 minutes, at least",,,,,95% CI,,,,,,,,,,,
Code,Region,,Sample size5,,1 x per month,1 x per week,3 x per week,5 x per week,,1 x per month,1 x per week,3 x per week,5 x per week,,,,,,,,
E12000001,North East,,"6,395",,32,23,10,6,,"-2.8 , +2.9","-2.4 , +2.6","-1.7 , +2.0","-1.3 , +1.6",,,,,,,,
E12000002,North West,,"21,596",,33,23,11,7,,"-1.3 , +1.3","-1.2 , +1.2","-0.8 , +0.9","-0.7 , +0.7",,,,,,,,
E12000003,Yorkshire and the Humber,,"10,290",,34,24,12,6,,"-2.8 , +2.9","-2.5 , +2.7","-1.8 , +2.1","-1.3 , +1.7",,,,,,,,
E12000004,East Midlands,,"19,653",,33,22,10,6,,"-1.0 , +1.0","-0.9 , +0.9","-0.7 , +0.7","-0.5 , +0.5",,,,,,,,
E12000005,West Midlands,,"15,302",,33,23,10,6,,"-1.3 , +1.3","-1.2 , +1.2","-0.8 , +0.9","-0.7 , +0.7",,,,,,,,
E12000006,East of England,,"23,050",,35,23,11,7,,"-0.6 , +0.6","-0.6 , +0.6","-0.4 , +0.4","-0.3 , +0.3",,,,,,,,
E12000007,London,,"16,090",,44,30,14,9,,"-0.7 , +0.7","-0.7 , +0.7","-0.5 , +0.5","-0.4 , +0.4",,,,,,,,
E12000008,South East,,"32,813",,35,23,11,6,,"-0.6 , +0.6","-0.5 , +0.5","-0.4 , +0.4","-0.3 , +0.3",,,,,,,,
E12000009,South West,,"17,793",,34,23,11,6,,"-1.4 , +1.4","-1.2 , +1.2","-0.9 , +0.9","-0.6 , +0.7",,,,,,,,
E92000001,ENGLAND,,"162,982",,35,24,11,7,,"-0.5 , +0.5","-0.4 , +0.4","-0.3 , +0.3","-0.3 , +0.3",,,,,,,,
"1  Results are grouped according to the area where respondents live, which may not be the same as the area where they walk or cycle.",,,,,,,,,,,,,,,,,,,,,
"2  ""Walk"" in this table refers to any continuous walk of at least 30 minutes, for utility purposes.",,,,,,,,,,,,,,,,,,,,,
"3 ""Utility purposes"" are purposes other than recreation, health, training or competition - i.e. just to get from place to place.",,,,,,,,,,,,,,,,,,,,,
"4  95% CI refers to 95% Confidence Interval, calculated using the Wilson Score method (see Notes and Definitions document).",,,,,,,,,,,,,,,,,,,,,
"5  Sample excludes those who responded ""don�t know"" to the relevant question, but includes those who stated that they are unable to walk.",,,,,,,,,,,,,,,,,,,,,
"6 Percentages are rounded to the nearest 1 per cent. Percentages lower than 0.5 per cent are supressed and the symbol ""-"" is shown.",,,,,,,,,,,,,,,,,,,,,
,,,,,,,,,,,,,,,,,,,,,
,,,,,,,,,,,,,Source: Active People Survey - Sport England,,,,,,,,
Telephone: 020 7944 6104,,,,,,,,,,,,,Last updated: 30 August 2012,,,,,,,,
Email: subnational.stats@dft.gsi.gov.uk,,,,,,,,,,,,,Next update: Spring 2013,,,,,,,,
