Department for Transport statistics,,,,,,,,,,,,,,,,,,,,
Walking and Cycling Statistics (http://www.dft.gov.uk/statistics/series/walking-and-cycling/),,,,,,,,,,,,,,,,,,,,
Table CW0302,,,,,,,,,,,,,,,,,,,,
"Proportion of residents1 who walk2 or cycle3  for at least 30 minutes, at least once per month, for utility purposes4",,,,,,,,,,,,,,,,,,,,
95% CI refers to the 95% confidence interval5,,,,,,,,,,,,,,,,,,,,
The figures in this table are outside the scope of National Statistics,,,,,,,,,,,,,,,,,,,,
,,,,,Walk,,,Cycle,,,Walk or cycle,,,,,,,,,
Code,Region,,Sample size6,,%,95% CI,,%,95% CI,,%,95% CI,,,,,,,,
E12000001,North East,,"6,393",,32,"-2.8 , +2.9",,2,"-0.6 , +1.0",,33,"-2.8 , +2.9",,,,,,,,
E12000002,North West,,"21,588",,33,"-1.3 , +1.3",,2,"-0.4 , +0.4",,34,"-1.3 , +1.3",,,,,,,,
E12000003,Yorkshire and the Humber,,"10,288",,34,"-2.8 , +2.9",,2,"-0.6 , +1.0",,35,"-2.8 , +3.0",,,,,,,,
E12000004,East Midlands,,"19,646",,33,"-1.0 , +1.0",,2,"-0.3 , +0.3",,34,"-1.0 , +1.1",,,,,,,,
E12000005,West Midlands,,"15,297",,33,"-1.3 , +1.3",,2,"-0.3 , +0.4",,33,"-1.3 , +1.3",,,,,,,,
E12000006,East of England,,"23,052",,35,"-0.6 , +0.6",,3,"-0.2 , +0.2",,36,"-0.6 , +0.7",,,,,,,,
E12000007,London,,"16,094",,44,"-0.7 , +0.7",,5,"-0.3 , +0.3",,46,"-0.7 , +0.7",,,,,,,,
E12000008,South East,,"32,814",,35,"-0.6 , +0.6",,3,"-0.2 , +0.2",,36,"-0.6 , +0.6",,,,,,,,
E12000009,South West,,"17,787",,34,"-1.4 , +1.4",,3,"-0.5 , +0.6",,35,"-1.4 , +1.4",,,,,,,,
E92000001,ENGLAND,,"162,959",,35,"-0.5 , +0.5",,3,"-0.2 , +0.2",,36,"-0.5 , +0.5",,,,,,,,
"1  Results are grouped according to the area where respondents live, which may not be the same as the area where they walk or cycle.",,,,,,,,,,,,,,,,,,,,
"2  ""Walk"" in this table refers to any continuous walk of at least 30 minutes, for utility purposes.",,,,,,,,,,,,,,,,,,,,
"3  ""Cycle"" in this table refers to any cycling, of at least 30 minutes, for utility purposes.",,,,,,,,,,,,,,,,,,,,
"4 ""Utility purposes"" are purposes other than recreation, health, training or competition - i.e. just to get from place to place.",,,,,,,,,,,,,,,,,,,,
"5  95% CI refers to 95% Confidence Interval, calculated using the Wilson Score method (see Notes and Definitions document).",,,,,,,,,,,,,,,,,,,,
"6  Sample excludes those who responded ""don�t know"" to the relevant question, but includes those who stated that they are unable to walk.",,,,,,,,,,,,,,,,,,,,
"7 Percentages are rounded to the nearest 1 per cent. Percentages lower than 0.5 per cent are supressed and the symbol ""-"" is shown.",,,,,,,,,,,,,,,,,,,,
,,,,,,,,,,,,,,,,,,,,
,,,,,,,,,,,,Source: Active People Survey - Sport England,,,,,,,,
Telephone: 020 7944 6104,,,,,,,,,,,,Last updated: 30 August 2012,,,,,,,,
Email: subnational.stats@dft.gsi.gov.uk,,,,,,,,,,,,Next update: Spring 2013,,,,,,,,
