Department for Transport statistics,,,,,,,,,,,,,,,,
Walking and Cycling Statistics (http://www.dft.gov.uk/statistics/series/walking-and-cycling/),,,,,,,,,,,,,,,,
Table CW0701,,,,,,,,,,,,,,,,
Proportion of cyclists2 who usually or always cycle for more or less than 30 minutes,,,,,,,,,,,,,,,,
,,,,,,,,,,,,,,,,
The figures in this table are outside the scope of National Statistics,,,,,,,,,,,,,,,,
,,,,,Proportion who cycle for a given length of time,,,,,,,,,,,
Code,Region,,Sample size3,,Always < 30 min,Mostly < 30 min,Mostly ? 30 min4,Always ? 30 min,,,,,,,,
E12000001,North East,,646,,24,9,13,54,,,,,,,,
E12000002,North West,,"2,269",,21,10,10,59,,,,,,,,
E12000003,Yorkshire and the Humber,,"1,273",,28,10,10,52,,,,,,,,
E12000004,East Midlands,,"2,514",,26,11,11,53,,,,,,,,
E12000005,West Midlands,,"1,712",,25,10,11,54,,,,,,,,
E12000006,East of England,,"3,513",,32,14,12,43,,,,,,,,
E12000007,London,,"2,123",,29,14,13,44,,,,,,,,
E12000008,South East,,"5,020",,28,11,12,48,,,,,,,,
E12000009,South West,,"2,588",,26,10,11,52,,,,,,,,
E92000001,ENGLAND,,"21,658",,27,11,11,50,,,,,,,,
"1  Results are grouped according to the area where respondents live, which may not be the same as the area where they walk or cycle.",,,,,,,,,,,,,,,,
"2  ""Cyclist"" in this table refers to any resident who cycles at least once per month, irrespective of purpose. ",,,,,,,,,,,,,,,,
3  Sample size is all who cycle at least once per month.,,,,,,,,,,,,,,,,
"4 Respondents whose cycling is split half and half between < 30 minutes and ? 30 minutes are counted in the ""Mostly ? 30 min"" category.",,,,,,,,,,,,,,,,
5 The survey data used to derive these measures has not been weighted.,,,,,,,,,,,,,,,,
6 Percentages may not sum to 100 due to rounding.,,,,,,,,,,,,,,,,

Telephone: 020 7944 6104,,,,,,,,Source: Active People Survey - Sport England,,,,,,,,
Email: subnational.stats@dft.gsi.gov.uk,,,,,,,,Last updated: 30 August 2012,,,,,,,,
,,,,,,,,Next update: Spring 2013,,,,,,,,
