Department for Transport statistics,,,,,,,,,,,,,,,,
Walking and Cycling Statistics (http://www.dft.gov.uk/statistics/series/walking-and-cycling/),,,,,,,,,,,,,,,,
Table CW0801,,,,,,,,,,,,,,,,
Proportion of cyclists2 who always or usually cycle for recreational3 or utility4 purposes,,,,,,,,,,,,,,,,
(excludes cycle rides of less than 30 minutes),,,,,,,,,,,,,,,,
The figures in this table are outside the scope of National Statistics,,,,,,,,,,,,,,,,
,,,,,Proportion with given cycle ride purpose split,,,,,,,,,,,
Code,Region,,Sample size5,,Always recreational,Mostly recreational,Mostly utility6,Always utility,,,,,,,,
E12000001,North East,,491,,82,1,3,13,,,,,,,,
E12000002,North West,,"1,798",,82,3,5,11,,,,,,,,
E12000003,Yorkshire and the Humber,,918,,82,2,4,12,,,,,,,,
E12000004,East Midlands,,"1,861",,82,2,4,12,,,,,,,,
E12000005,West Midlands,,"1,272",,82,2,3,13,,,,,,,,
E12000006,East of England,,"2,373",,74,2,5,18,,,,,,,,
E12000007,London,,"1,498",,58,3,9,29,,,,,,,,
E12000008,South East,,"3,590",,77,3,5,16,,,,,,,,
E12000009,South West,,"1,904",,78,1,6,14,,,,,,,,
E92000001,ENGLAND,,"15,705",,77,2,5,16,,,,,,,,
"1  Results are grouped according to the area where respondents live, which may not be the same as the area where they walk or cycle.",,,,,,,,,,,,,,,,
"2 ""Cyclist"" in this table refers to any resident who cycles for at least 30 minutes, at least once per month. ",,,,,,,,,,,,,,,,
"3 ""Recreational purposes"" are health, recreation, training or competition and not just to get from place to place.",,,,,,,,,,,,,,,,
"4 ""Utility purposes"" are purposes other than recreation, health, training or competition - i.e. just to get from place to place.",,,,,,,,,,,,,,,,
"5  Sample size is all who cycle for at least 30 minutes, at least once per month.",,,,,,,,,,,,,,,,
"6 Respondents whose cycling is split half and half between recreation and utility are counted in the ""Mostly utility"" category.",,,,,,,,,,,,,,,,
7 The survey data used to derive these measures has not been weighted.,,,,,,,,,,,,,,,,
8 Percentages may not sum to 100 due to rounding.,,,,,,,,,,,,,,,,

Telephone: 020 7944 6104,,,,,,,,Source: Active People Survey - Sport England,,,,,,,,
Email: subnational.stats@dft.gsi.gov.uk,,,,,,,,Last updated: 30 August 2012,,,,,,,,
,,,,,,,,Next update: Spring 2013,,,,,,,,
