Department for Transport statistics,,,,,,,,,,,,,,,,
Walking and Cycling Statistics (http://www.dft.gov.uk/statistics/series/walking-and-cycling/),,,,,,,,,,,,,,,,
Table CW0802,,,,,,,,,,,,,,,,
Proportion of all those who walk2 who always or usually do so for recreational3 or utility4 purposes,,,,,,,,,,,,,,,,
(excludes walks of less than 30 minutes),,,,,,,,,,,,,,,,
The figures in this table are outside the scope of National Statistics,,,,,,,,,,,,,,,,
,,,,,Proportion with given walking purpose split,,,,,,,,,,,
Code,Region,,Sample size,,Always recreational,Mostly recreational,Mostly utility6,All utility,,,,,,,,
E12000001,North East,,"4,180",,54,7,14,25,,,,,,,,
E12000002,North West,,"14,337",,55,7,15,23,,,,,,,,
E12000003,Yorkshire and the Humber,,"7,020",,56,7,15,22,,,,,,,,
E12000004,East Midlands,,"13,335",,57,8,14,21,,,,,,,,
E12000005,West Midlands,,"10,266",,56,7,14,23,,,,,,,,
E12000006,East of England,,"15,641",,54,7,15,24,,,,,,,,
E12000007,London,,"10,798",,38,8,19,35,,,,,,,,
E12000008,South East,,"22,912",,55,8,16,22,,,,,,,,
E12000009,South West,,"12,719",,59,8,15,19,,,,,,,,
E92000001,ENGLAND,,"111,208",,54,7,15,23,,,,,,,,
"1  Results are grouped according to the area where respondents live, which may not be the same as the area where they walk or cycle.",,,,,,,,,,,,,,,,
"2  ""Walk"" in this table refers to any walking of at least 30 minutes, at least once per month. ",,,,,,,,,,,,,,,,
"3 ""Recreational purposes"" are health, recreation, training or competition and not just to get from place to place.",,,,,,,,,,,,,,,,
"4 ""Utility purposes"" are purposes other than recreation, health, training or competition - i.e. just to get from place to place.",,,,,,,,,,,,,,,,
"5  Sample size is all who walk for at least 30 minutes, at least once per month.",,,,,,,,,,,,,,,,
"6 Respondents whose walking is split half and half between recreation and utility are counted in the ""Mostly utility"" category.",,,,,,,,,,,,,,,,
7 The survey data used to derive these measures has not been weighted.,,,,,,,,,,,,,,,,
8 Percentages may not sum to 100 due to rounding.,,,,,,,,,,,,,,,,

Telephone: 020 7944 6104,,,,,,,,Source: Active People Survey - Sport England,,,,,,,,
Email: subnational.stats@dft.gsi.gov.uk,,,,,,,,Last updated: 30 August 2012,,,,,,,,
,,,,,,,,Next update: Spring 2013,,,,,,,,
