Department for Transport statistics,,,,,,,,,,
Aviation,,,,,,,,,,
Table AVI0302 (TSGB0213)  ,,,,,,,,,,
"Passenger traffic via major airlines1: worldwide, 2010",,,,,,,,,,
,,,,,,,,,,
,,,All scheduled traffic,,,International scheduled traffic,,,Charter traffic,
Country,Airline,,Passengers uplifted (millions),Passenger kilometres (billions),,Passengers uplifted (millions),Passenger kilometres (billions),,Passenger kilometres (billions),International passenger kilometres (billions)
United States,Delta2,,108.1,262.5,,20.3,118.3,,0.7,0.3
United States,American,,86.1,201.8,,20.4,80.5,,0.1,0.0
Ireland,Ryanair,,..,..,,..,..,,..,..
China,China Southern Airlines,,60.9,92.5,,4.6,13.9,,0.7,0.6
Germany,Lufthansa,,56.7,129.7,,44.5,124.6,,0.1,0.1
United States,United,,54.1,164.9,,10.8,74.6,,0.0,0.0
United States,US Airways,,51.8,94.8,,6.7,25.0,,..,..
China,China Eastern Airlines,,50.2,72.4,,5.5,19.8,,1.2,0.8
France,Air France,,47.0,125.0,,30.8,115.7,,0.1,0.1
China,Air China,,46.0,85.3,,6.2,31.1,,0.7,0.7
Japan,All Nippon Airways,,43.6,56.1,,4.7,21.4,,1.1,1.1
United States,Continental,,43.5,128.1,,12.9,62.9,,0.2,0.1
United Kingdom,Easyjet,,42.4,49.2,,37.7,47.0,,0.0,0.0
Japan,JAL,,37.0,63.2,,8.6,40.0,,1.7,1.7
Brazil,Tam Linhas Aereas,,31.8,49.2,,3.7,20.3,,1.3,0.3
United Kingdom,British Airways,,29.7,104.9,,26.0,103.2,,0.1,0.1
United Arab Emirates,Emirates,,28.4,132.2,,28.4,132.2,,..,..
United States,Airtran Airways,,24.6,31.2,,0.5,0.9,,0.2,0.2
United States,Skywest Airlines,,24.2,21.3,,1.6,2.3,,..,..
United States,Jetblue Airways,,24.2,45.5,,3.1,6.5,,..,..
Canada,Air Canada,,23.6,77.5,,12.2,56.1,,0.1,0.1
Netherlands,KLM,,22.8,76.1,,22.8,76.1,,..,..
Republic Of Korea,Korean Air,,22.6,59.7,,14.8,57.0,,0.8,0.8
Australia,Qantas,,22.5,72.9,,5.7,48.4,,..,..
Scandinavia,SAS,,21.5,23.5,,12.4,19.0,,3.7,3.7

"1. Based information reported to ICAO. Complete data for all airlines was not available at the time of publication. No data was available for Ryanair, although this is estimated to",,,,,,,,,,
    be the third busiest airline in terms of terminal passengers in 2010.,,,,,,,,,,
"2. There was a marked increase in passengers on Delta, following their acquisition of Northwest Airlines.",,,,,,,,,,
,,,,,,,,,,
Telephone: 020 7944 3088,,,,,,,,,,Source: International Civil Aviation Organization (ICAO)
Email: aviation.stats@dft.gsi.gov.uk ,,,,,,,,,,
Notes and definitions,,,,,,,,,,Last updated: October 2011
,,,,,,,,,,Next update: July 2012
The figures in this table are outside the scope of National Statistics,,,,,,,,,,
