Department for Transport statistics,,,,,,,,,,,,,,,,,,,,,,,,,,,,,,,,
Aviation,,,,,,,,,,,,,,,,,,,,,,,,,,,,,,,,
Table AVI0104 (TSGB0204) ,,,,,,,,,,,,,,,,,,,,,,,,,,,,,,,,
"Forecasts of terminal passengers at United Kingdom airports1, 2008-2050",,,,,,,,,,,,,,,,,,,,,,,,,,,,,,,,
,,,,,,Million terminal passengers at UK airports2,,,,,,,,,,,,,,,,,,,,,,,,,,
,,2008,2020,2030,2040,2050,,,,,,,,,,,,,,,,,,,,,,,,,,
International3,Low,.,220,255,295,330,,,,,,,,,,,,,,,,,,,,,,,,,,
,Mid,200,230,285,340,395,,,,,,,,,,,,,,,,,,,,,,,,,,
,High,.,245,315,.,.,,,,,,,,,,,,,,,,,,,,,,,,,,
Domestic4,Low,.,35,40,45,55,,,,,,,,,,,,,,,,,,,,,,,,,,
,Mid,35,40,50,60,75,,,,,,,,,,,,,,,,,,,,,,,,,,
,High,.,45,65,.,.,,,,,,,,,,,,,,,,,,,,,,,,,,
Total5,Low,.,255,300,340,380,,,,,,,,,,,,,,,,,,,,,,,,,,
,Mid,235,270,335,405,470,,,,,,,,,,,,,,,,,,,,,,,,,,
,High6,.,295,380,465,515,,,,,,,,,,,,,,,,,,,,,,,,,,
,,,,,,,,,,,,,,,,,,,,,,,,,,,,,,,,
"1. Forecasts of UK teminal passengers, constrained by airport capacity, as published in the August 2011 ""UK Air Passenger Demand &",,,,,,,
"    CO2 forecasts"" report. The analysis assumes that maximum use is made of existing runway capacity.",,,,,,,
2. Figures are rounded to the nearest 5 million terminal passengers.,,,,,,,
3. Figures include international to international interlining passengers and domestic interlining  passengers transferring at UK airports but,,,,,,,
    not terminating in the UK.,,,,,,,
4. Figures are on a different basis from those in Table AVI0102(b) because passengers are counted at the airports at both ends of the,,,,,,,
    journey and only passengers who start and end their journey in the UK are included.,,,,,,,
"5. The total includes miscellaneous traffic, e.g. passengers to and from oil rigs. Figures may not equal sum of international and domestic ",,,,,,,
    due to rounding to nearest 5 million.  ,,,,,,,
"6. High scenario figures for 2040 and 2050 are generated using a model extension, and are not split into and are not split into domestic",,,,,,,
"    and international, as the National Air Passenger Allocation Model runs failed to complete. See the  August 2011 ""UK Air Passenger ",,,,,,,
"    Demand  CO2 forecasts"" report, Annex E, para E.11-E.14",,,,,,,
,,,,,,,
The August 2011 'UK Air Passenger Demand & CO2 Forecasts' report is available at:,,,,,,,
www.dft.gov.uk/publications/uk-aviation-forecasts-2011,,,,,,,
,,,,,,,
Telephone: 020 7944 6608,,,,,,"Source: Aviation Analysis, DfT",
E-mail: AviationForecasts@dft.gsi.gov.uk,,,,,,,
Notes and definitions,,,,,,Last updated: October 2011,
,,,,,,Next update: 2012,
The figures in this table are outside the scope of National Statistics,,,,,,,
,,,,,,,
,,,,,,,
,,,,,,,
,,,,,,,
,,,,,,,
,,,,,,,
,,,,,,,
,,,,,,,
,,,,,,,
,,,,,,,
,,,,,,,
,,,,,,,
,,,,,,,
,,,,,,,
,,,,,,,
,,,,,,,
,,,,,,,
