Department for Transport statistics,,,,,,,,,,,,
Aviation,,,,,,,,,,,,
Table AVI0102a (TSGB0202a) ,,,,,,,,,,,,
"Air traffic by type of service, operator and airport: United Kingdom1, 2000-2010",,,,,,,,,,,,
,,,,,,,,,,,,Thousands
(a) Air transport movements (aircraft landings and take-offs),,,,,,,,,,,,
,,2000,2001,2002,2003,2004,2005,2006,2007,2008,2009,2010
International (incl. traffic to/from oil rigs):,,,,,,,,,,,,
,Scheduled,"1,018","1,030","1,026","1,073","1,146","1,222","1,260","1,317","1,309","1,210",1153
,Non-scheduled,266,270,268,259,250,252,260,257,239,212,196
,Total,"1,284","1,300","1,295","1,332","1,396","1,474","1,520","1,574","1,548","1,422",1349
Domestic2: ,,,,,,,,,,,,
,Scheduled,314,328,329,343,370,393,393,386,372,333,309
,Non-scheduled,25,25,23,21,20,20,19,17,18,18,17
,Total,339,353,352,363,390,414,412,403,390,351,327
All traffic2:,,"1,623","1,654","1,647","1,695","1,786","1,887","1,932","1,976","1,938","1,773",1676
All traffic by airport3: ,,,,,,,,,,,,
,Heathrow,460,458,460,457,470,472,471,476,473,460,449
,Gatwick,251,244,234,234,241,252,254,259,256,245,234
,Manchester,178,182,178,192,208,218,213,207,191,162,149
,Stansted,144,151,152,169,177,178,190,192,177,156,143
,Edinburgh,86,98,105,105,112,116,116,115,114,106,101
,Aberdeen,78,83,80,77,81,89,98,103,100,94,88
,Birmingham,108,111,112,116,109,113,109,104,103,94,85
,Glasgow,88,91,87,88,92,97,97,94,87,74,69
,Luton,56,56,55,58,64,75,79,83,86,75,69
,London City,49,54,53,48,53,61,66,77,84,67,60
,Bristol,34,41,46,50,55,61,66,59,60,54,54
,East Midlands International,40,41,49,54,56,54,56,61,66,57,52
,Newcastle,43,46,44,42,50,55,58,58,55,50,47
,Liverpool (John Lennon),30,31,33,39,40,49,48,46,44,42,43
,Southampton,28,28,28,32,37,44,46,47,45,41,40
,Belfast International,41,46,38,40,43,48,48,52,54,44,39
,Belfast City (George Best),33,32,37,32,33,37,37,40,40,38,39
,Leeds Bradford,29,28,29,29,31,36,37,40,38,33,33
,Cardiff Wales,19,22,19,21,22,21,22,23,23,20,17
,Norwich,16,16,14,16,15,17,21,23,21,20,16
,Humberside,14,14,15,13,12,11,13,13,13,14,13
,Prestwick,11,13,15,19,19,21,19,20,20,15,13
,Scatsta,11,11,10,10,10,10,11,11,11,13,13
,Exeter,7,7,5,6,8,12,15,17,15,13,12
,Newquay,0,0,0,0,7,8,10,10,12,13,11
,Kirkwall,7,7,8,9,9,9,10,11,11,11,10
,Isles Of Scilly (St.Marys),11,11,12,12,12,11,11,12,11,11,10
,Inverness,8,9,10,12,15,16,17,15,14,12,10
,Blackpool,12,8,8,9,10,13,13,13,11,11,10
,Bournemouth,6,5,8,10,10,12,12,12,12,9,7
,Plymouth,7,7,5,4,6,6,5,5,6,8,7
,Doncaster Sheffield,0,0,0,0,0,5,8,9,7,6,7
,Sumburgh,5,5,5,4,5,6,7,8,8,7,7
,Stornoway,4,4,4,5,6,6,7,7,8,7,6
,Durham Tees Valley,10,10,9,9,10,12,12,11,9,6,6
,Lands End (St Just),0,0,0,5,5,4,4,5,5,5,5
,Penzance Heliport,7,7,7,7,7,7,6,6,6,5,5
,City Of Derry (Eglinton),3,5,4,4,4,4,5,6,6,4,4
,Dundee,2,3,3,3,2,2,2,3,4,4,4
,Benbecula,2,2,2,2,2,3,3,3,3,3,3
,Isles Of Scilly (Tresco),2,2,2,3,3,3,3,3,3,2,2
,Wick,2,2,2,2,2,3,3,2,2,2,2
,Gloucestershire,0,-,-,0,0,0,-,-,2,2,2
,Islay,1,1,1,1,1,1,1,1,1,1,1
,Lerwick (Tingwall),1,1,1,1,1,1,1,2,2,2,1
,Barra,1,1,1,1,1,1,1,1,1,1,1
,Manston (Kent Int),1,1,1,1,3,5,-,1,1,1,1
,Campbeltown,1,1,1,1,1,1,1,1,1,1,1
,Tiree,1,1,1,1,1,1,1,1,1,1,1
,Shoreham,1,1,1,1,2,2,1,2,2,1,1
,Lydd,-,-,-,1,1,-,-,-,-,-,-
,Oxford (Kidlington),0,0,0,0,0,0,0,0,0,-,-
,Southend,-,-,-,-,-,-,1,1,1,-,-
,Cambridge,2,2,-,-,-,-,-,-,-,-,-
,Metro London Heliport,2,0,0,0,0,0,0,0,0,0,0
,Biggin Hill,-,-,-,-,-,-,-,0,0,0,0
,Carlisle,-,-,-,-,0,0,0,0,0,0,0
,Coventry,3,4,4,2,7,10,8,7,4,1,0
,Hawarden,-,-,-,1,2,2,0,0,0,0,0
,Swansea,0,0,0,0,1,0,0,0,0,0,0
,Barrow-In-Furness,-,-,0,0,0,0,0,0,0,0,0
,Rochester (Uk),0,0,0,0,0,0,0,0,0,0,0
,Sheffield City,4,2,1,0,0,0,0,0,0,0,0
,Unst,1,-,0,0,0,0,0,0,0,0,0

"1. Excludes air-taxi operations, the Channel Islands and Isle of Man.",,,,,,,,,,,,
2. Adjusted to eliminate double counting.,,,,,,,,,,,,
3. Includes double counting.,,,,,,,,,,,,

Telephone: 020 7944 3088,,,,,,,,,,,,Source: Civil Aviation Authority (CAA)
Email: aviation.stats@dft.gsi.gov.uk ,,,,,,,,,,,,
Notes and definitions,,,,,,,,,,,,Last updated: October 2011
,,,,,,,,,,,,Next update: July 2012
The figures in this table are outside the scope of National Statistics,,,,,,,,,,,,
