Department for Transport statistics,,,,,,,,,,,,,,,,,,,,,,,,,,,,,,,,
Aviation,,,,,,,,,,,,,,,,,,,,,,,,,,,,,,,,
Table AVI0301 (TSGB0212) ,,,,,,,,,,,,,,,,,,,,,,,,,,,,,,,,
"Activity at major airports1: worldwide, 2010",,,,,,,,,,,,,,,,,,,,,,,,,,,,,,,,
,,,,,,,,,,,,,,,,,,,,,,,,,,,,,,,,
,,,,      Terminal passengers,,,,Total passengers,,,Commercial air transport movements,,,,,,,,,,,,,,,,,,,,,
,,,,,,ow:,,,,,,ow:,,,,,,,,,,,,,,,,,,,,
Country,Location,Name,,All                (millions),,International (millions),,Terminal and transit (millions),,All2               (thousands),,International (thousands),,,,,,,,,,,,,,,,,,,,
USA,"Atlanta, GA",Hartsfield-Jakson International,,89.2,,9.1,,89.3,,942,,62,,,,,,,,,,,,,,,,,,,,
China,Beijing,Capital International,,73.8,,15.9,,73.9,,510,,110,,,,,,,,,,,,,,,,,,,,
USA,Chicago. IL,O'Hare International,,67.0,,10.4,,67.0,,861,,81,,,,,,,,,,,,,,,,,,,,
UK,London,Heathrow,,65.7,,60.9,,65.9,,449,,402,,,,,,,,,,,,,,,,,,,,
Japan,Tokyo,Haneda (Tokyo International),,..,,..,,..,,..,,..,,,,,,,,,,,,,,,,,,,,
USA,"Los Angeles, CA",Los Angeles International,,59.0,,15.9,,59.0,,553,,..,,,,,,,,,,,,,,,,,,,,
France,Paris,Charles de Gaulle,,58.1,,53.2,,58.2,,492,,438,,,,,,,,,,,,,,,,,,,,
USA,"Dallas/Fort Worth, TX",Dallas-Fort Worth International,,56.8,,5.5,,56.8,,646,,..,,,,,,,,,,,,,,,,,,,,
Germany,Frankfurt,Frankfurt,,52.6,,46.4,,52.9,,456,,388
USA,"Denver, CO",Denver International,,52.2,,1.9,,52.2,,632,,..
China,Hong Kong,Hong Kong International,,49.8,,49.8,,50.3,,307,,307
Spain,Madrid,Barajas,,49.7,,31.0,,49.8,,427,,245
UAE,Dubai,Dubai International,,47.2,,46.3,,47.2,,307,,..
USA,"New York, NY",John F. Kennedy International,,46.5,,23.1,,46.5,,389,,145
Netherlands,Amsterdam,Amsterdam-Schiphol,,45.1,,45.1,,45.2,,390,,389
Indonesia,Jakarta,Jakarta Soekarno Hatta International,,..,,..,,..,,..,,..
Thailand,Bangkok,Bangkok Suvarnabhumi International,,41.3,,31.4,,42.8,,266,,192
Singapore,Singapore,Changi,,40.9,,40.9,,42.0,,264,,264
China,Guangzhou,Guangzhou Baiyun International,,40.9,,5.8,,41.0,,328,,53
China,Shanghai,Pudong,,40.4,,19.4,,40.6,,328,,155
USA,"Houston, TX",Houston George Bush Intercontinental,,40.5,,8.5,,40.5,,520,,..
USA,"Las Vegas, NV",Maccarran International,,39.8,,2.3,,39.8,,460,,..
USA,"San Francisco, CA",San Francisco International,,39.1,,8.8,,39.4,,372,,49
USA,"Phoenix, AZ",Sky Harbor International,,38.6,,2.1,,38.6,,425,,..
USA,"Charlotte, NC",Charlotte-Douglas International,,38.3,,2.5,,38.3,,503,,..,
,,,,,,,,,,,,,
1. Based information reported to ICAO. Complete data for all airports was not available at the time of publication.,,,,,,,,,,,,,
"    No data was available for Tokyo Haneda, although this is estimated to be the fifth busiest airport in terms of terminal passengers in 2010",,,,,,,,,,,,,
2. All commercial movements including positioning and local movements.,,,,,,,,,,,,,
,,,,,,,,,,,,,
Telephone: 020 7944 3088,,,,,,,,,,,,Source: International Civil Aviation Organization (ICAO),
Email: aviation.stats@dft.gsi.gov.uk ,,,,,,,,,,,,,
Notes and definitions,,,,,,,,,,,,Last updated: October 2011,
,,,,,,,,,,,,Next update: July 2012,
The figures in this table are outside the scope of National Statistics,,,,,,,,,,,,,
,,,,,,,,,,,,,
,,,,,,,,,,,,,











,,,,,,,,,,,,
,,,,,,,,,,,,
,,,,,,,,,,,,
,,,,,,,,,,,,
,,,,,,,,,,,,
,,,,,,,,,,,,
,,,,,,,,,,,,
,,,,,,,,,,,,
