Department for Transport statistics,,,,,,,,,,,,,,,,,,,,,,,,,,,,,,,
Aviation,,,,,,,,,,,,,,,,,,,,,,,,,,,,,,,
Table AVI0401 (TSGB0214) ,,,,,,,,,,,,,,,,,,,,,,,,,,,,,,,
"Casualties caused by aviation accidents: United Kingdom, 2000-2010",,,,,,,,,,,,,,,,,,,,,,,,,,,,,,,
,,,,,,,,,,,,,,Number,,,,,,,,,,,,,,,,,
,,,,2000,2001,2002,2003,2004,2005,2006 1,2007 1,2008 1,2009,2010,,,,,,,,,,,,,,,,,
(a) Casualties caused by accidents involving United Kingdom registered aircraft in United Kingdom airspace,,,,,,,,,,,,,,,,,,,,,,,,,,,,,,,
Airline and air taxi:,   Fixed-wing:,Crew:,Fatal,1 ,2 ,0 ,0 ,0 ,1 ,0 ,0 ,0 ,0 ,0 ,,,,,,,,,,,,,,,,,
,,,Total,4 ,2 ,0 ,3 ,0 ,1 ,1 ,1 ,4 ,0 ,0 ,,,,,,,,,,,,,,,,,
,,Passengers:,Fatal,4 ,0 ,0 ,0 ,0 ,1 ,0 ,0 ,0 ,0 ,0 ,,,,,,,,,,,,,,,,,
,,,Total,4 ,0 ,0 ,0 ,0 ,1 ,0 ,1 ,9 ,2 ,0 ,,,,,,,,,,,,,,,,,
,,Total fixed-wing 2,,8 ,2 ,0 ,3 ,0 ,2 ,1 ,3 ,13 ,2 ,1 ,,,,,,,,,,,,,,,,,
,  Rotary wing:,Crew:,Fatal,0 ,0 ,2 ,0 ,0 ,0 ,2 ,0 ,0 ,2 ,0 ,,,,,,,,,,,,,,,,,
,,,Total,1 ,2 ,3 ,3 ,0 ,0 ,2 ,0 ,0 ,2 ,1 ,,,,,,,,,,,,,,,,,
,,Passengers:,Fatal,0 ,0 ,9 ,0 ,0 ,0 ,5 ,0 ,0 ,14 ,0 ,,,,,,,,,,,,,,,,,
,,,Total,2 ,3 ,11 ,0 ,0 ,0 ,5 ,0 ,0 ,17 ,3 ,,,,,,,,,,,,,,,,,
,,Total rotary-wing 2,,3 ,6 ,14 ,3 ,0 ,0 ,7 ,0 ,0 ,19 ,4 
"Other (general aviation, etc.):",,Crew:,Fatal,20 ,18 ,9 ,8 ,12 ,17 ,8 ,14 ,7 ,14 ,5 
,,,Total,40 ,50 ,42 ,46 ,41 ,52 ,38 ,39 ,34 ,42 ,28 
,,Passengers:,Fatal,7 ,5 ,3 ,7 ,7 ,8 ,1 ,17 ,6 ,6 ,3 
,,,Total,22 ,17 ,14 ,21 ,14 ,17 ,22 ,27 ,24 ,22 ,7 
,,Total other 2,,63 ,68 ,58 ,68 ,55 ,70 ,60 ,66 ,61 ,67 ,38 
Overall total 2,,,Fatal,32 ,25 ,23 ,15 ,19 ,25 ,16 ,31 ,13 ,36 ,8 
,,,Total,74 ,76 ,72 ,74 ,55 ,70 ,68 ,69 ,74 ,88 ,43 
(b) Casualties caused by accidents involving United Kingdom registered aircraft in foreign airspace,,,,,,,,,,,,,,
Airline and air taxi:,   Fixed-wing:, Crew:,Fatal,3 ,0 ,0 ,0 ,0 ,0 ,0 ,0 ,0 ,0 ,0 
,,,Total,5 ,0 ,3 ,4 ,1 ,0 ,1 ,0 ,1 ,2 ,1 
,,Passengers:,Fatal,0 ,0 ,0 ,0 ,0 ,0 ,0 ,0 ,0 ,0 ,0 
,,,Total,14 ,0 ,1 ,1 ,3 ,0 ,2 ,0 ,3 ,1 ,0 
,,Total fixed-wing 2,,19 ,1 ,4 ,5 ,4 ,0 ,4 ,0 ,4 ,3 ,1 
"Other (general aviation, etc.):",,Crew:,Fatal,2 ,4 ,1 ,1 ,1 ,0 ,2 ,2 ,1 ,1 ,1 
,,,Total,3 ,7 ,1 ,2 ,4 ,1 ,2 ,4 ,4 ,4 ,2 
,,Passengers:,Fatal,1 ,2 ,3 ,1 ,1 ,0 ,1 ,1 ,3 ,2 ,1 
,,,Total,1 ,3 ,3 ,2 ,3 ,0 ,1 ,3 ,4 ,5 ,1 
,,Total other 2,,4 ,10 ,4 ,4 ,7 ,1 ,3 ,7 ,10 ,11 ,3 
Overall total 2,,,Fatal,6 ,7 ,4 ,2 ,2 ,0 ,3 ,3 ,4 ,3 ,2 
,,,Total,23 ,11 ,8 ,9 ,11 ,1 ,7 ,7 ,14 ,14 ,4 
(c) Casualties caused by accidents involving aircraft registered overseas in United Kingdom airspace ,,,,,,,,,,,,,,
Airline and air taxi:,   Fixed-wing:, Crew:,Fatal,0 ,0 ,0 ,0 ,0 ,0 ,0 ,0 ,0 ,0 ,0 
,,,Total,0 ,0 ,0 ,0 ,0 ,1 ,1 ,0 ,0 ,0 ,1 
,,Passengers:,Fatal,0 ,0 ,0 ,0 ,0 ,0 ,0 ,0 ,0 ,0 ,0 
,,,Total,0 ,0 ,0 ,0 ,0 ,24 ,0 ,0 ,0 ,0 ,0 
,,Total fixed-wing 2,,0 ,0 ,0 ,0 ,0 ,25 ,1 ,0 ,0 ,0 ,1 
"Other (general aviation, etc.):",,Crew:,Fatal,2 ,5 ,2 ,4 ,1 ,1 ,0 ,2 ,3 ,1 ,2 
,,,Total,4 ,9 ,6 ,5 ,4 ,5 ,2 ,4 ,5 ,2 ,2 
,,Passengers:,Fatal,4 ,0 ,3 ,2 ,0 ,1 ,0 ,2 ,4 ,1 ,3 
,,,Total,6 ,4 ,6 ,5 ,2 ,5 ,0 ,4 ,6 ,2 ,3 
,,Total other 2,,10 ,13 ,13 ,11 ,6 ,10 ,3 ,8 ,11 ,4 ,5 
Overall total 2,,,Fatal,6 ,5 ,5 ,6 ,1 ,2 ,0 ,4 ,7 ,2 ,5 
,,,Total,10 ,13 ,13 ,11 ,6 ,35 ,4 ,8 ,11 ,4 ,6 
,,,,,,,,,,,,,,
"1. Some figures have been revised in 2006, 2007 and 2008.",,,,,,,,,,,,,,
"2. These totals include 'third-party' casualties, not shown separately.",,,,,,,,,,,,,,
3. There were 25 minor injuries (1 crew and 24 passengers) in a single incident in March 2005 involving the evacuation of an aircraft.,,,,,,,,,,,,,,
,,,,,,,,,,,,,,
Telephone: 020 7944 3088,,,,,,,,,,,,,,Source: Civil Aviation Authority (CAA)
Email: aviation.stats@dft.gsi.gov.uk ,,,,,,,,,,,,,,
Notes and definitions,,,,,,,,,,,,,,Last updated: October 2011
,,,,,,,,,,,,,,Next update: July 2012
The figures in this table are outside the scope of National Statistics,,,,,,,,,,,,,,
,,,,,,,,,,,,,,
,,,,,,,,,,,,,,
,,,,,,,,,,,,,,
