Department for Transport statistics,,,,,,,,,,,,,,,,,,,,,,,,,,,,,,,,
Aviation,,,,,,,,,,,,,,,,,,,,,,,,,,,,,,,,
Table AVI0402 (TSGB0215),,,,,,,,,,,,,,,,,,,,,,,,,,,,,,,,
"Aircraft proximity (AIRPROX): number of incidents: United Kingdom airspace, 2000-2010",,,,,,,,,,,,,,,,,,,,,,,,,,,,,,,,
,,,,,,,,,,,,,Number,,,,,,,,,,,,,,,,,,,
,,,2000,2001,2002,2003,2004,2005,2006,2007,2008,2009,2010,,,,,,,,,,,,,,,,,,,
Civil and military:,Risk-bearing:,Risk of collision,28,33,17,14,15,19,15,9,13,11,12,,,,,,,,,,,,,,,,,,,
,,Safety not assured,44,42,68,58,53,51,40,39,38,36,33,,,,,,,,,,,,,,,,,,,
,,Total,72,75,85,72,68,70,55,48,51,47,45,,,,,,,,,,,,,,,,,,,
,No risk of collision,,123,115,129,108,131,116,103,106,100,97,116,,,,,,,,,,,,,,,,,,,
,Risk not determined,,3,5,7,1,8,2,1,0,4,3,6,,,,,,,,,,,,,,,,,,,
Total AIRPROX,,,198,195,221,181,207,188,159,154,155,147,167,,,,,,,,,,,,,,,,,,,
  ow: Commercial air transport: ,Risk-bearing:,Risk of collision,6,0,1,0,1,1,0,0,0,0,0,,,,,,,,,,,,,,,,,,,
,,Safety not assured,8,14,7,12,7,7,6,5,2,1,0,,,,,,,,,,,,,,,,,,,
,,Total,14,14,8,12,8,8,6,5,2,1,0,,,,,,,,,,,,,,,,,,,
,No risk of collision,,84,65,70,54,67,78,68,60,58,33,33,,,,,,,,,,,,,,,,,,,
,Risk not determined,,1,4,4,0,4,1,0,0,1,1,2
,Total commercial air transport,,99,83,82,66,79,87,74,65,61,35,35
,"Commercial air transport aircraft in risk-bearing AIRPROX per 100,000 hours flown in UK airspace",,1.0,1.0,0.6,0.9,0.5,0.5,0.4,0.3,0.1,0.1,0.0
,,,,,,,,,,,,,
Telephone: 020 7944 3088,,,,,,,,,,,,,Source: UK Airprox Board
Email: aviation.stats@dft.gsi.gov.uk ,,,,,,,,,,,,,
Notes and definitions,,,,,,,,,,,,,Last updated: October 2011
,,,,,,,,,,,,,Next update: July 2012
The figures in this table are outside the scope of National Statistics,,,,,,,,,,,,,
,,,,,,,,,,,,,
,,,,,,,,,,,,,
,,,,,,,,,,,,,
,,,,,,,,,,,,,
,,,,,,,,,,,,,
,,,,,,,,,,,,,
,,,,,,,,,,,,,
,,,,,
,,,,,
,,,,,
,,,,,
,,,,,
,,,,,
,,,,,
,,,,,
,,,,,
,,,,,
,,,,,
,,,,,
,,,,,
,,,,,
,,,,,
,,,,,
,,
,,
,,
