Department for Transport statistics,,,,,,,,,,,,,,,,,,,,,,,,,,,,,,,,
Aviation,,,,,,,,,,,,,,,,,,,,,,,,,,,,,,,,
Table AVI0103 (TSGB0203),,,,,,,,,,,,,,,,,,,,,,,,,,,,,,,,
"Punctuality at selected United Kingdom airports, 2008-20101",,,,,,,,,,,,,,,,,,,,,,,,,,,,,,,,
,,,Percentage of flights on time within 15 minutes,,,,Average delay (minutes),,,,,,,,,,,,,,,,,,,,,,,,,
,,,2008,2009,2010,,2008,2009,2010,,,,,,,,,,,,,,,,,,,,,,,
London airports,Gatwick,Scheduled,71.6,77.9,67.6,,17.0,13.5,21.3,,,,,,,,,,,,,,,,,,,,,,,
,,Charter,58.9,70.3,63.9,,32.8,23.4,32.9,,,,,,,,,,,,,,,,,,,,,,,
,,Total,69.7,77.0,67.1,,19.3,14.7,22.6,,,,,,,,,,,,,,,,,,,,,,,
,Heathrow,Scheduled,68.6,78.6,71.7,,17.2,12.2,16.3,,,,,,,,,,,,,,,,,,,,,,,
,,Charter,57.5,67.9,55.1,,22.5,19.3,29.8,,,,,,,,,,,,,,,,,,,,,,,
,,Total,68.6,78.6,71.7,,17.2,12.2,16.3,,,,,,,,,,,,,,,,,,,,,,,
,London City,Scheduled,74.6,86.4,83.5,,13.0,7.8,9.8,,,,,,,,,,,,,,,,,,,,,,,
,,Charter,55.6,87.5,50.0,,14.2,7.3,35.0,,,,,,,,,,,,,,,,,,,,,,,
,,Total,74.6,86.4,83.5,,13.0,7.8,9.8,,,,,,,,,,,,,,,,,,,,,,,
,Luton,Scheduled,71.9,78.5,67.6,,16.0,13.8,21.4,,,,,,,,,,,,,,,,,,,,,,,
,,Charter,67.5,76.3,65.7,,21.7,18.5,22.9
,,Total,71.7,78.4,67.6,,16.2,13.9,21.4
,Stansted,Scheduled,75.8,79.3,73.7,,12.7,11.5,15.2
,,Charter,61.6,78.0,69.3,,25.3,14.3,20.4
,,Total,75.4,79.3,73.5,,13.0,11.6,15.4
Regional airports,Birmingham,Scheduled,77.8,82.8,76.9,,13.8,11.0,15.9
,,Charter,66.2,79.5,70.2,,24.5,16.2,25.4
,,Total,76.4,82.5,76.2,,15.0,11.6,17.0
,Edinburgh,Scheduled,75.5,82.6,77.1,,14.1,10.8,14.4
,,Charter,64.0,68.0,58.6,,25.4,21.0,34.2
,,Total,75.3,82.4,76.8,,14.3,10.9,14.7
,Glasgow,Scheduled,75.8,83.3,79.0,,14.5,11.0,13.7
,,Charter,60.4,73.4,60.0,,32.5,20.4,35.6
,,Total,74.4,82.4,76.9,,16.2,11.9,16.1
,Manchester,Scheduled,73.4,79.7,72.8,,15.4,12.4,17.9
,,Charter,55.8,69.8,60.7,,32.8,22.8,36.2
,,Total,70.2,77.9,70.8,,18.6,14.2,21.0
,Newcastle,Scheduled,77.4,84.2,76.3,,13.4,10.3,16.3
,,Charter,72.2,81.5,70.3,,21.1,12.9,23.6
,,Total,76.7,83.8,75.6,,14.4,10.7,17.2
,,,,,,,,,
1.  The methodology for estimating punctuality was reivsed in 2009 (See Notes and Definitions).   ,,,,,,,,,
     Figures based on the revised methodology are available from 2008 onwards.,,,,,,,,,
,,,,,,,,,
Telephone: 020 7944 3088,,,,,,,,,Source: Civil Aviation Authority (CAA)
Email: aviation.stats@dft.gsi.gov.uk ,,,,,,,,,
Notes and definitions,,,,,,,,,Last updated: October 2011
,,,,,,,,,Next update: July 2012
The figures in this table are outside the scope of National Statistics,,,,,,,,,
,,,,,,,,,
,,,,,,,,,
,,,,,,,,,
