Department for Transport statistics,,,,,
Bus Statistics (http://www.dft.gov.uk/statistics/series/buses/),,,,,
Table BUS0502b,,,,,
"Estimated net support1 paid by central and local government (at 2010/11 prices2) for local bus services and concessionary travel by area type: England, annual from 1996/97",,,,,
,,,,,� Millions
Area / Financial Year,,Net Public Transport Support3,"Concessionary 
Travel4","Bus Service 
Operators Grant5",Total estimated net support1
England,,,,,
1996/97,R,282,571,267,"1,120"
1997/98,R,253,551,256,"1,060"
1998/99,R,296,562,298,"1,156"
1999/00,R,301,552,365,"1,218"
2000/01,R,377,546,391,"1,314"
2001/02,R,576,546,386,"1,508"
2002/03,R,850,518,390,"1,759"
2003/04,R,"1,027",511,398,"1,936"
2004/05,R,993,565,405,"1,962"
2005/06,R,"1,074",549,415,"2,039"
2006/07,R,"1,071",801,406,"2,278"
2007/08,R,"1,105",868,422,"2,395"
2008/09,7 R,"1,157",969,443,"2,569"
2009/10,R,"1,103",999,443,"2,545"
2010/11,,934,"1,004",420,"2,358"
London6,,,,,
1996/97,R,17,183,41,240
1997/98,R,1,167,41,210
1998/99,R,1,165,50,216
1999/00,R,1,157,61,218
2000/01,R,74,152,61,286
2001/02,R,256,141,71,468
2002/03,R,517,133,81,731
2003/04,R,669,126,96,891
2004/05,R,639,161,106,905
2005/06,R,681,173,109,962
2006/07,R,682,179,107,968
2007/08,R,711,189,111,"1,011"
2008/09,7 R,757,189,118,"1,064"
2009/10,R,711,188,115,"1,015"
2010/11,,564,191,108,862
English metropolitan areas,,,,,
1996/97,R,149,245,86,480
1997/98,R,134,241,84,460
1998/99,R,148,259,94,500
1999/00,R,133,256,110,500
2000/01,R,135,254,121,510
2001/02,R,139,250,116,506
2002/03,R,130,235,113,478
2003/04,R,135,228,108,471
2004/05,R,121,250,106,477
2005/06,R,133,218,108,459
2006/07,R,144,278,105,527
2007/08,R,144,285,109,538
2008/09,7 R,146,301,114,560
2009/10,R,141,319,113,573
2010/11,,127,309,108,543
English non-metropolitan areas,,,,,
1996/97,R,117,143,139,399
1997/98,R,118,142,131,391
1998/99,R,148,138,154,440
1999/00,R,167,139,194,500
2000/01,R,168,140,209,518
2001/02,R,181,155,199,535
2002/03,R,204,151,196,550
2003/04,R,223,157,194,574
2004/05,R,232,154,193,580
2005/06,R,260,158,199,617
2006/07,R,245,344,194,783
2007/08,R,250,394,202,846
2008/09,7 R,255,479,211,944
2009/10,R,251,492,215,958
2010/11,,243,504,205,953
1. Figures reflect net revenue cost to the public purse. ,,,,,
"Gross expenditure is offset by income sources, including local authority income from passenger fare receipts on some tendered or",,,,,
supported services. Capital funding support for local bus services is excluded.,,,,,
2. Adjusted for inflation using GDP deflator (as at 28 June 2011).,,,,,
"3. Public Transport Support is the total of all local authorities' net costs incurred in support of bus services, either directly or by subsidies",,,,,
to operators or individuals. The bulk of these costs will be accounted for by payments to operators providing tendered or supported bus,,,,,
"services (including non-local services in some cases). However, the figures also include administration costs and inter-authority transfers,",,,,,
meaning that a small proportion of the sums shown will not reach bus operators. In London it will also include depreciation on capital.,,,,,
4. Concessionary Fare Reimbursement is the total of all local authorities' net costs of statutory or discretionary concessionary bus travel.,,,,,
"Discretionary concessionary travel is decided by local authorites, and can include travel for those that not included within the statutory",,,,,
"concession, travel within the peak, or travel on other modes. These figures exclude travel on the London Underground, Mersey Ferries and",,,,,
"Rail, West Yorkshire PTE Rail and Light Rail Systems, however they do include funding for taxi tokens.",,,,,
"The figures include administration costs, meaning that a small proportion of the sums shown will not reach bus operators.",,,,,
5. Bus Service Operators Grant (BSOG) is a subsidy provided by Central Government to operators of local bus services.,,,,,
"The distribution of BSOG payments betweenLondon, English Metropolitan areas and English non-Metropolitan areas is an estimate.",,,,,
6. London runs an entirely tendered market and therefore some comparisons with the rest of country should be treated with care. For,,,,,
example concessionary travel is available on other modes than buses. Concessionary Fare Reimbursement in London includes,,,,,
"funding from London Councils, received through special grant. The figures are supplied by London Councils and will not necessarily",,,,,
equal RSG Funding plus London Councils' Special Grant.,,,,,
"7. Until 2009/10 figures in this table for public transport support, and concessionary travel outside London, were on a Financial Reporting ",,,,,
Standard 17 (FRS17) basis.  For 2009/10 they are on a non-FRS17 basis. For 2010/11 onwards they are on a non-International Accounting ,,,,,
Standard 19 (IAS19) basis.,,,,,
R Minor revisions have been made to earlier years data.,,,,,
,,,,,"Source: CLG RO forms, DfT BSOG returns, Transport for London, London Councils, HM Treasury GDP deflator"
Telephone: 020 7944 3094,,,,,Last updated: January 2012
Email: bus.statistics@dft.gsi.gov.uk,,,,,Next update: Autumn 2012
Notes & definitions (http://assets.dft.gov.uk/statistics/series/buses/bus-notes-definitions.pdf)

The figures in this table are National Statistics
