Department for Transport statistics,,,,,,,,,,,,,,,,,,,,,,,,,,,,,,,,,,,,,,,,,,,,,,,,,,,,,,,,,,,,,,,,,,,,,,,,,,,,,,,,,
Bus Statistics (http://www.dft.gov.uk/statistics/series/buses/),,,,,,,,,,,,,,,,,,,,,,,,,,,,,,,,,,,,,,,,,,,,,,,,,,,,,,,,,,,,,,,,,,,,,,,,,,,,,,,,,
Table BUS0601b,,,,,,,,,,,,,,,,,,,,,,,,,,,,,,,,,,,,,,,,,,,,,,,,,,,,,,,,,,,,,,,,,,,,,,,,,,,,,,,,,
"Public service vehicle3 stock4 by type of vehicle2, local bus operators only1 : Great Britain, annual from 2004/05",,,,,,,,,,,,,,,,,,,,,,,,,,,,,,,,,,,,,,,,,,,,,,,,,,,,,,,,,,,,,,,,,,,,,,,,,,,,,,,,,
,,,,Thousands,,,,,,,,,,,,,,,,,,,,,,,,,,,,,,,,,,,,,,,,,,,,,,,,,,,,,,,,,,,,,,,,,,,,,,,,,,,,,
Year,Buses5,Coaches 4 6,Minibuses 4 7,Total number of vehicles,,,,,,,,,,,,,,,,,,,,,,,,,,,,,,,,,,,,,,,,,,,,,,,,,,,,,,,,,,,,,,,,,,,,,,,,,,,,,
2004/05,41.8,7.5,2.5,51.8,,,,,,,,,,,,,,,,,,,,,,,,,,,,,,,,,,,,,,,,,,,,,,,,,,,,,,,,,,,,,,,,,,,,,,,,,,,,,
2005/06,42.0,7.4,2.2,51.5,,,,,,,,,,,,,,,,,,,,,,,,,,,,,,,,,,,,,,,,,,,,,,,,,,,,,,,,,,,,,,,,,,,,,,,,,,,,,
2006/07,43.0,7.4,1.9,52.3,,,,,,,,,,,,,,,,,,,,,,,,,,,,,,,,,,,,,,,,,,,,,,,,,,,,,,,,,,,,,,,,,,,,,,,,,,,,,
2007/08,43.1,8.6,2.4,54.1,,,,,,,,,,,,,,,,,,,,,,,,,,,,,,,,,,,,,,,,,,,,,,,,,,,,,,,,,,,,,,,,,,,,,,,,,,,,,
2008/09,42.0,8.4,1.8,52.3,,,,,,,,,,,,,,,,,,,,,,,,,,,,,,,,,,,,,,,,,,,,,,,,,,,,,,,,,,,,,,,,,,,,,,,,,,,,,
2009/10,42.6,8.2,1.7,52.4,,,,,,,,,,,,,,,,,,,,,,,,,,,,,,,,,,,,,,,,,,,,,,,,,,,,,,,,,,,,,,,,,,,,,,,,,,,,,
2010/11,42.1,7.7,1.7,51.5,,,,,,,,,,,,,,,,,,,,,,,,,,,,,,,,,,,,,,,,,,,,,,,,,,,,,,,,,,,,,,,,,,,,,,,,,,,,,
"1 This table covers all operators who run local bus services, including those who also do non-local work (e.g. private hire, school contracts).",,,,,,,,,,,,,,,,,,,,,,,,,,,,,,,,,,,,,,,,,,,,,,,,,,,,,,,,,,,,,,,,,,,,,,,,,,,,,,,,,
Operators who do solely non-local work are excluded.,,,,,,,,,,,,,,,,,,,,,,,,,,,,,,,,,,,,,,,,,,,,,,,,,,,,,,,,,,,,,,,,,,,,,,,,,,,,,,,,,
2 Figures in this table differ from those on buses and coaches published in DfT's Vehicle Licencing Statistics for several reasons.,,,,,,,,,,,,,,,,,,,,,,,,,,,,,,,,,,,,,,,,,,,,,,,,,,,,,,,,,,,,,,,,,,,,,,,,,,,,,,,,,
"The latter includes vehicles other than those kept by Public Service Vehicle operators, vehicles subject to a Statutory Off Road",,,,,,,,,
"Notification (SORN) and vehicles operated under a special restricted licence as taxis, none of which are counted here.",,,,,,,,,
3 Public Service Vehicles in the bus and coach taxation class having nine or more seats. Excludes ,,,,,,,,,
community buses and PSVs operated under a special restricted licence as taxis. ,,,,,,,,,
"4 This includes all types of operators, both local and non local, although the sample size is smaller for non-local operators who",,,,,,,,,
are less likely to keep buses than other vehicle types. As a consequence estimates for coaches and minibuses are somewhat,,,,,,,,,
less robust than those for buses.,,,,,,,,,
5 Buses are licenced for over 22 passengers (including standing).,,,,,,,,,
6 Coaches have 17 or more seats (with no standing),,,,,,,,,
7 Minibuses have 8 to 22 passengers (including standing),,,,,,,,,
Telephone: 020 7944 3094,,,,Source: DfT Public Service Vehicle Survey,,,,,
Email: bus.statistics@dft.gsi.gov.uk,,,,Last updated: 20 October 2011,,,,,
Notes & definitions (http://assets.dft.gov.uk/statistics/series/buses/bus-notes-definitions.pdf),,,,Next update: Autumn 2012,,,,,
The figures in this table are National Statistics,,,,,,,,,
,,,,,,,,,
,,,,,,,,,
,,,,,,,,,
,,,,,,,,,
,,,,,,,,,
,,,,,,,,,
,,,,,,,,,
,,,,,,,,,
,,,,,,,,,
,,,,,,,,,
,,,,,,,,,
,,,,,,,,,
,,,,,,,,,
,,,,,,,,,
,,,,,,,,,
,,,,,,,,,
,,,,,,,,,
,,,,,,,,,
,
,
,
,
,
