Department for Transport statistics,,,,,
Bus Statistics (http://www.dft.gov.uk/statistics/series/buses/),,,,,
Table BUS0502a,,,,,
"Estimated net support1 paid by central and local government (at current prices2) for local bus services and concessionary travel by area type: England, annual from 1996/97",,,,,
,,,,,� Millions
Area / Financial Year,,Net Public Transport Support3,"Concessionary 
Travel4","Bus Service 
Operators Grant5",Total estimated net support1
England,,,,,
1996/97,R,201,406,190,797
1997/98,R,185,402,187,774
1998/99,R,221,419,222,862
1999/00,R,229,420,277,926
2000/01,R,290,421,301,"1,012"
2001/02,R,454,430,304,"1,188"
2002/03,R,691,421,317,"1,430"
2003/04,R,859,427,332,"1,618"
2004/05,R,853,485,348,"1,686"
2005/06,R,939,481,363,"1,783"
2006/07,R,968,724,367,"2,059"
2007/08,R,"1,027",807,392,"2,227"
2008/09,7 R,"1,106",926,423,"2,455"
2009/10,R,"1,072",970,430,"2,472"
2010/11,,934,"1,004",420,"2,358"
London6,,,,,
1996/97,R,12,130,29,171
1997/98,R,1,122,30,153
1998/99,R,1,123,37,161
1999/00,R,1,119,46,166
2000/01,R,57,117,47,221
2001/02,R,201,111,56,368
2002/03,R,420,108,66,594
2003/04,R,560,105,80,745
2004/05,R,549,138,91,778
2005/06,R,595,151,95,841
2006/07,R,616,162,97,875
2007/08,R,661,176,103,940
2008/09,7 R,723,181,113,"1,017"
2009/10,R,690,183,112,985
2010/11,,564,191,108,862
English metropolitan areas,,,,,
1996/97,R,106,174,62,342
1997/98,R,98,176,62,336
1998/99,R,110,193,70,373
1999/00,R,101,195,84,380
2000/01,R,104,196,93,393
2001/02,R,110,197,92,398
2002/03,R,106,191,92,389
2003/04,R,113,191,90,394
2004/05,R,104,215,91,410
2005/06,R,116,191,94,402
2006/07,R,130,251,95,476
2007/08,R,134,265,102,500
2008/09,7 R,139,288,109,536
2009/10,R,137,310,109,556
2010/11,,127,309,108,543
English non-metropolitan areas,,,,,
1996/97,R,83,102,99,284
1997/98,R,86,104,96,286
1998/99,R,110,103,115,328
1999/00,R,127,106,147,380
2000/01,R,129,108,161,399
2001/02,R,143,122,156,421
2002/03,R,165,123,159,447
2003/04,R,187,131,162,480
2004/05,R,200,133,166,498
2005/06,R,228,139,174,540
2006/07,R,221,311,176,708
2007/08,R,233,366,188,786
2008/09,7 R,244,458,201,902
2009/10,R,244,477,209,930
2010/11,,243,504,205,953
1. Figures reflect net revenue cost to the public purse. ,,,,,
"Gross expenditure is offset by income sources, including local authority income from passenger fare receipts on some tendered or",,,,,
supported services. Capital funding support for local bus services is excluded.,,,,,
2. These figures are not adjusted for inflation.,,,,,
"3. Public Transport Support is the total of all local authorities' net costs incurred in support of bus services, either directly or by subsidies",,,,,
to operators or individuals. The bulk of these costs will be accounted for by payments to operators providing tendered or supported bus,,,,,
"services (including non-local services in some cases). However, the figures also include administration costs and inter-authority transfers,",,,,,
meaning that a small proportion of the sums shown will not reach bus operators. In London it will also include depreciation on capital.,,,,,
4. Concessionary Fare Reimbursement is the total of all local authorities' net costs of statutory or discretionary concessionary bus travel.,,,,,
"Discretionary concessionary travel is decided by local authorites, and can include travel for those that not included within the statutory",,,,,
"concession, travel within the peak, or travel on other modes. These figures exclude travel on the London Underground, Mersey Ferries and",,,,,
" Rail, West Yorkshire PTE Rail and Light Rail Systems, however they do include funding for taxi tokens.",,,,,
"The figures include administration costs, meaning that a small proportion of the sums shown will not reach bus operators.",,,,,
5. Bus Service Operators Grant (BSOG) is a subsidy provided by Central Government to operators of local bus services.,,,,,
"The distribution of BSOG payments betweenLondon, English Metropolitan areas and English non-Metropolitan areas is an estimate.",,,,,
6. London runs an entirely tendered market and therefore some comparisons with the rest of country should be treated with care. For,,,,,
example concessionary travel is available on other modes than buses. Concessionary Fare Reimbursement in London includes,,,,,
"funding from London Councils, received through special grant. The figures are supplied by London Councils and will not necessarily",,,,,
equal RSG Funding plus London Councils' Special Grant.,,,,,
"7. Until 2009/10 figures in this table for public transport support, and concessionary travel outside London, were on a Financial Reporting ",,,,,
Standard 17 (FRS17) basis.  For 2009/10 they are on a non-FRS17 basis. For 2010/11 onwards they are on a non-International Accounting ,,,,,
Standard 19 (IAS19) basis.,,,,,
R Minor revisions have been made to earlier years data.,,,,,
Telephone: 020 7944 3094,,,,,"Source: CLG RO forms, DfT BSOG returns, Transport for London, London Councils"
Email: bus.statistics@dft.gsi.gov.uk,,,,,Last updated: January 2012
Notes & definitions (http://assets.dft.gov.uk/statistics/series/buses/bus-notes-definitions.pdf),,,,,Next update: Autumn 2012
The figures in this table are National Statistics
