Department for Transport statistics,,,,,,,,,,,,,,,,
Light Rail Statistics (http://www.dft.gov.uk/statistics/series/light-rail-and-tram/),,,,,,,,,,,,,,,,
Table LRT0204,,,,,,,,,,,,,,,,
Route miles open for passenger traffic on light rail and trams by system 1: England - annual from 1995/96 ,,,,,,,,,,,,,,,,
,,,,,,,,,,,,,,,,
Financial year,,Docklands Light Railway,Croydon Tramlink,Nottingham Express Transit,Midland Metro,Sheffield Supertram ,Tyne and Wear Metro,Manchester Metrolink,Blackpool Tramway,England,,,,,,
1995/96,,14,.,.,.,18,37,19,11,99,,,,,,
1996/97,,14,.,.,.,18,37,19,11,99,,,,,,
1997/98,,14,.,.,.,18,37,19,11,99,,,,,,
1998/99,,14,.,.,.,18,37,19,11,99,,,,,,
1999/00,,17,.,.,13,18,37,24,11,119,,,,,,
2000/01,,17,18,.,13,18,37,24,11,137,,,,,,
2001/02,,17,18,.,13,18,48,24,11,149,,,,,,
2002/03,,17,18,.,13,18,48,24,11,149,,,,,,
2003/04,,17,18,9,13,18,48,24,11,157,,,,,,
2004/05,,17,18,9,13,18,48,24,11,157,,,,,,
2005/06,,19,18,9,13,18,48,24,11,160, ,,,,,,,,,
2006/07,,19,17,9,13,18,48,24,11,160,,,,,,,,,,
2007/08,,20,17,9,13,18,48,26,11,162,,,,,,,,,,
2008/09,,21,17,9,13,18,48,24,11,161,,,,,,,,,,
2009/10,,21,17,9,13,18,48,24,11,161,,,,,,,,,,
2010/11,,21,17,9,13,18,48,25,11,162,,,,,,,,,,
"1 For further information on these systems including infrastructure changes that may affect the figures, please refer to the technical information. ",,,,,,,,,,,,,,,,,,,,
Telephone: 020 7944 3094,,,,,,,,,,Source: DfT Light Rail and Tram Survey,,,,,,,,,,
Email: bus.statistics@dft.gsi.gov.uk,,,,,,,,,,Last updated: 25 August 2011,,,,,,,,,,
Notes and Definitions (http://assets.dft.gov.uk/statistics/series/light-rail-and-tram/light-rail-notes.pdf),,,,,,,,,,Next update: Autumn 2012,,,,,,,,,,
The figures in this table are National Statistics,,,,,,,,,,,,,,,,,,,,

,,,,,,,,,,,,,,,,,,,,
