Department for Transport statistics,,,,,,,,,,,,,,,,
Light Rail Statistics (http://www.dft.gov.uk/statistics/series/light-rail-and-tram/),,,,,,,,,,,,,,,,
Table LRT0201,,,,,,,,,,,,,,,,
Number of stations or stops on light rail and trams by system1: England - annual from 1995/96 ,,,,,,,,,,,,,,,,
,,,,,,,,,,,,,,,,
Financial year,,Docklands Light Railway,Croydon Tramlink,Nottingham Express Transit,Midland Metro,Sheffield Supertram ,Tyne and Wear Metro,Manchester Metrolink,Blackpool Tramway,England,,,,,,
1995/96,,28,.,.,.,45,46,26,124,269,,,,,,
1996/97,,28,.,.,.,45,46,26,124,269,,,,,,
1997/98,,29,.,.,.,46,46,26,124,271,,,,,,
1998/99,,29,.,.,.,47,46,26,124,272,,,,,,
1999/00,,34,.,.,23,47,46,36,124,310,,,,,,
2000/01,,34,38,.,23,47,46,36,124,348,,,,,,
2001/02,,34,38,.,23,48,58,36,124,361,,,,,,
2002/03,,34,38,.,23,48,58,37,124,362,,,,,,
2003/04,,34,38,23,23,48,58,37,124,385,,,,,,
2004/05,,34,38,23,23,48,58,37,124,385,,,,,,
2005/06,,38,39,23,23,48,59,37,124,391, ,,,,,,,,,
2006/07,,34,39,23,23,48,59,37,121,384,,,,,,,,,,
2007/08,,39,38,23,23,48,60,37,121,389,,,,,,,,,,
2008/09,,40,39,23,23,48,60,37,121,391,,,,,,,,,,
2009/10,,40,39,23,23,48,60,37,117,387,,,,,,,,,,
2010/11,,40,39,23,23,48,60,38,117,388,,,,,,,,,,
"1 For further information on these systems including infrastructure changes that may affect the figures, please refer to the technical information. ",,,,,,,,,,,,,,,,,,,,
Telephone: 020 7944 3094,,,,,,,,,,Source: DfT Light Rail and Tram Survey,,,,,,,,,,
Email: bus.statistics@dft.gsi.gov.uk,,,,,,,,,,Last updated: 25 August 2011,,,,,,,,,,
Notes and Definitions (http://assets.dft.gov.uk/statistics/series/light-rail-and-tram/light-rail-notes.pdf),,,,,,,,,,Next update: Autumn 2012,,,,,,,,,,
The figures in this table are National Statistics,,,,,,,,,,,,,,,,,,,,
