Department for Transport statistics,,,,,,,,,,,
Light Rail Statistics (http://www.dft.gov.uk/statistics/series/light-rail-and-tram/),,,,,,,,,,,

Table LRT9901,,,,,,,,,,,
"London Underground statistics, annual from 2000/01",,,,,,,,,,,
,,,,,,,,,,,
,2000/01,2001/02,2002/03,2003/04,2004/05,2005/06,2006/07,2007/08,2008/09,2009/10,2010/11
Passenger Journeys (millions),,,,,,,,,,,
 Ordinary 1,486,491,495,491,486,460,519,581,616,634,660
 Season ticket,484,462,446,457,490,510,521,515,473,425,447
All journeys,970,953,942,948,976,970,"1,040","1,096","1,089","1,059","1,107"
Passenger kilometres (millions),"7,470","7,451","7,367","7,340","7,606","7,586","7,947","8,352","8,646","8,457","8,875"
Receipts (� million),,,,,,,,,,,
 Ordinary 1,610,636,628,625,663,678,782,880,962,840,"1,151"
 Season ticket,519,515,510,536,578,630,635,645,654,612,608
 Traffic receipts,"1,129","1,151","1,138","1,161","1,241","1,308","1,417","1,525","1,615","1,635","1,759"
Traffic receipts at 2010/11 prices 2,"1,466","1,461","1,399","1,389","1,445","1,495","1,567","1,640","1,690","1,684","1,759",,,,,,,,,,,,
Loaded train kilometres (millions),64,65,66,69,69,69,70,70,71,69,69,,,,,,,,,,,,
Receipts per journey (�),1.16,1.21,1.21,1.22,1.27,1.35,1.36,1.39,1.48,1.54,1.59,,,,,,,,,,,,
Receipts per jny at 2010/11 prices 2,1.51,1.53,1.49,1.47,1.48,1.54,1.51,1.50,1.55,1.59,1.59,,,,,,,,,,,,
Operational data (number),,,,,,,,,,,,,,,,,,,,,,,
 Stations ,274,274,274,274,274,274,273,268,270,270,270,,,,,,,,,,,,
 Rail carriages,"3,954","3,954","3,954","3,959","3,959","4,070","4,070","4,070","4,070","4,078","4,134",,,,,,,,,,,,
 Route kilometres,408,408,408,408,408,408,408,408,408,400,400,,,,,,,,,,,,
1. Ordinary journeys include daily travelcards and those where concessionary fares apply.,,,,,,,,,,,,,,,,,,,,,,,
2. Adjustment to values using the HM Treasury GDP Deflator (as at 28 June 2011). 'Other' income no longer available on the same basis as previously published.,,,,,,,,,,,,,,,,,,,,,,,
,,,,,,,,,,,,,,,,,,,,,,,
Telephone: 020 7944 3094,,,,,,,,,,,Source: Transport for London,,,,,,,,,,,,
Email: bus.statistics@dft.gsi.gov.uk,,,,,,,,,,,Last updated: December 2011,,,,,,,,,,,,
,,,,,,,,,,,Next update: Autumn 2012,,,,,,,,,,,,
The figures in this table are outside the scope of National Statistics,,,,,,,,,,,,,,,,,,,,,,,
