Department for Transport statistics,,,,,,,,,
Light Rail Statistics (http://www.dft.gov.uk/statistics/series/light-rail-and-tram/),,,,,,,,,
,,,,,,,,,
Table LRT9902b [kilometres],,,,,,,,,
"Glasgow Underground statistics, annual from 1982/83",,,,,,,,,
,,,,,,,,,
,"Passenger
 journeys 
(millions)","Passenger kilometres
 (millions)","Passenger revenue at 2010/11 prices 
(� millions)",Route kilometres open for passenger traffic,Stations or stops served,"Loaded train or tram kilometres 
[also referred to as vehicle kilometres] 
(millions)","Passenger 
carriages 
or tramcars",,
1982/83,11.8,32.7,7.2,11.0,15,1.1,33,,
1983/84,12.3,34.6,8.7,11.0,15,1.1,33,,
1984/85,12.7,34.9,8.7,11.0,15,1.1,33,,
1985/86,13.1,36.2,8.3,11.0,15,1.1,33,,
1986/87,13.7,38.0,8.9,11.0,15,1.1,33,,
1987/88,13.6,39.1,8.9,11.0,15,1.1,33,,
1988/89,13.6,39.4,9.6,11.0,15,1.2,33,,
1989/90,13.5,39.1,9.2,11.0,15,1.2,33,,
1990/91,13.7,39.6,9.7,11.0,15,1.1,33,,
1991/92,13.6,39.3,9.8,11.0,15,1.1,33
1992/93,13.5,39.1,9.7,11.0,15,1.1,41
1993/94,14.3,41.4,10.3,11.0,15,1.1,41
1994/95,14.7,42.6,10.6,11.0,15,1.1,41
1995/96,14.3,41.4,11.5,11.0,15,1.1,41
1996/97,13.7,39.8,11.4,11.0,15,1.1,41
1997/98,14.1,45.2,11.8,11.0,15,1.1,41
1998/99,14.6,46.7,12.4,11.0,15,1.1,41
1999/00,14.7,47.0,13.1,11.0,15,1.2,41
2000/01,14.4,46.1,13.0,11.0,15,1.2,41
2001/02,13.8,44.1,12.8,11.0,15,1.2,41
2002/03,13.4,42.8,12.5,11.0,15,1.1,41
2003/04,13.3,42.7,12.4,11.0,15,1.1,41
2004/05,13.3,42.6,12.7,11.0,15,1.1,41
2005/06,13.2,42.1,12.8,10.4,15,1.2,41
2006/07,13.5,43.2,13.7,10.4,15,1.2,41
2007/08,14.5,46.3,13.9,10.4,15,1.2,41
2008/09,14.1,45.2,15.4,10.4,15,1.2,41
2009/10,13.1,41.8,14.5,10.4,15,1.2,41
2010/11,13.0,41.6,14.2,10.4,15,1.1,41
Telephone: 020 7944 3094,,,,,,,Source: DfT Light Rail and Tram Survey
Email: bus.statistics@dft.gsi.gov.uk,,,,,,,Last updated: November 2011
Notes and Definitions (http://assets.dft.gov.uk/statistics/series/light-rail-and-tram/light-rail-notes.pdf),,,,,,,Next update: Autumn 2012
The figures in this table are National Statistics,,,,,,,
