Department for Transport Statistics,,,,,,,,,,,,,,,,,,,
Rail Statistics (http://www.dft.gov.uk/statistics/series/rail/),,,,,,,,,,,,,,,,,,,
,,,,,,,,,,,,,,,,,,,
Table RAI0107,,,,,,,,,,,,,,,,,,,
London commuter rail services1: passengers in excess of capacity2: annual from 2000,,,,,,,,,,,,,,,,,,,
,,,,,,,,,,,Percentage,,,,,,,,
,2000,2001,2002,2003,2004,2005,2006,2007,2008,2009,2010,,,,,,,,
AM peak (07:00-09:59),5.1,5.0,3.7,3.8,4.1,4.0,4.7,4.2,4.0,2.9,4.0,,,,,,,,
PM peak (16:00-18:59),1.8,1.7,2.1,1.5,1.5,1.6,1.9,1.5,1.8,1.4,1.9,,,,,,,,
Both peaks,3.6,3.6,2.9,2.7,2.9,2.9,3.4,3.0,3.0,2.2,3.0,,,,,,,,
1. Includes London and South East train operators only.,,,,,,,,,,,,,,,,,,,
"2. Applies to Autumn weekday commuter trains on a typical weekday arriving in London during the AM peak, and those departing during the PM peak. The measure is",,,,,,,,,,,,,,,,,,,
"   derived from the number of passengers travelling in excess of capacity on all services, divided by the total number of people travelling, and expressed as a percentage",,,,,,,,,,,,,,,,,,,
   (see Notes and Definitions).,,,,,,,,,,,,,,,,,,,
,,,,,,,,,,,,,,,,,,,
Telephone: 020 7944 2419,,,,,,,,,,,Sources: Department for Transport and Transport for London,,,,,,,,
Email: rail.stats@dft.gsi.gov.uk,,,,,,,,,,,Last updated: December 2011,,,,,,,,
,,,,,,,,,,,Next updated: Autumn 2012,,,,,,,,
The figures in this table are outside the scope of National Statistics,,,,,,,,,,,,,,,,,,,
,,,,,,,,,,,,,,,,,,,
,,,,,,,,,,,,,,,,,,,
,,,,,,,,,,,,,,,,,,,
