Department for Transport Statistics,,,,,,,,,,,,,
Rail Statistics (http://www.dft.gov.uk/statistics/series/rail/),,,,,,,,,,,,,
,,,,,,,,,,,,,
Table RAI0102,,,,,,,,,,,,,
"National railways: passenger revenue1, from 2000/01",,,,,,,,,,,,,
,,,,,,,,,,,� Million,,
,2000/01,2001/02,2002/03,2003/043,2004/05,2005/06,2006/07,2007/083,2008/09,2009/10,2010/11,,
Ordinary fares,"2,463","2,585","2,693","2,890","3,088","3,323","3,714","4,120","4,443","4,608","4,965",,
Season tickets,950,964,970,"1,011","1,071","1,170","1,298","1,434","1,561","1,571","1,654",,
All tickets (current prices),"3,413","3,548","3,663","3,901","4,158","4,493","5,012","5,555","6,004","6,179","6,620",,
All tickets (2010/11 prices)2,"4,431","4,505","4,506","4,667","4,841","5,137","5,544","5,973","6,283","6,362","6,620",,
1. Franchised operators only.,,,,,,,,,,,,,
2. Adjusted to 2010/11 prices using the GDP market price deflator.,,,,,,,,,,,,,
3. Break in series due to change in methodology (see Notes and Definitions).,,,,,,,,,,,,,
,,,,,,,,,,,,,
Telephone: 020 7944 2419,,,,,,,,,,,Source: Office of Rail Regulation,,
Email: rail.stats@dft.gsi.gov.uk,,,,,,,,,,,Last updated: December 2011
,,,,,,,,,,,Next updated: Autumn 2012
The figures in this table are outside the scope of National Statistics,,,,,,,,,,,
