Department for Transport Statistics,,,,,,,,,,,
Rail Statistics (http://www.dft.gov.uk/statistics/series/rail/),,,,,,,,,,,
,,,,,,,,,,,
Table RAI0105,,,,,,,,,,,
"National railways: Public Performance Measure, annual from 2000/01",,,,,,,,,,,
,,,,,,,,,,,Percentage
Public Performance Measure (PPM)1,2000/01,2001/02,2002/03,2003/04,2004/05,2005/06,2006/072,2007/08,2008/09,2009/10R,2010/11
Long distance operators,69.1,70.2,70.6,73.4,79.1,82.2,84.9,86.2,87.3,88.9,87.9
London and South East operators,77.8,78.0,79.1,80.5,84.7,87.9,88.8,90.6,91.0,91.4,91.1
Regional operators,81.6,78.9,80.4,82.8,82.6,85.0,87.6,89.6,90.6,92.0,91.1
All franchised operators,79.1,78.0,79.2,81.2,83.5,86.4,88.1,89.9,90.6,91.5,90.8
1. PPM is a measure of the percentage of trains arriving on time.,,,,,,,,,,,
2. Break in the series due to change in methodology (see Notes and Definitions).,,,,,,,,,,,
R. All figures revised for 2009/10.,,,,,,,,,,,
,,,,,,,,,,,
Telephone: 020 7944 2419,,,,,,,,,,,Source: Office of Rail Regulation
Email: rail.stats@dft.gsi.gov.uk,,,,,,,,,,,Last updated: December 2011
,,,,,,,,,,,Next updated: Autumn 2012
The figures in this table are outside the scope of National Statistics,,,,,,,,,,,
