Department for Transport statistics,,,,,,,,,,,,,,,
Traffic (http://www.dft.gov.uk/statistics/series/traffic),,,,,,,,,,,,,,,
Table TRA0306,,,,,,,,,,,,,,,
"Average traffic distribution by day of the week in Great Britain, 2009",,,,,,,,,,,,,,,
,,,,,,,,,,,,,,,Index: Average day = 100
,Motorways,,,,All rural major and minor roads,,,,All urban major and minor roads,,,,All roads,,
,Cars & taxis,Goods vehicles ,All motor vehicles,,Cars & taxis,Goods vehicles ,All motor vehicles,,Cars & taxis,Goods vehicles ,All motor vehicles,,Cars & taxis,Goods vehicles ,All motor vehicles
Monday,100,117,103,,100,117,102,,100,115,101,,100,117,103
Tuesday,97,128,103,,100,130,104,,104,126,106,,99,128,104
Wednesday,100,129,106,,102,130,105,,107,128,109,,102,129,106
Thursday,103,130,108,,105,133,109,,108,129,109,,105,130,109
Friday,112,116,113,,113,117,113,,108,121,109,,111,116,112
Saturday,92,46,83,,94,44,88,,95,51,91,,93,46,85
Sunday,95,35,83,,85,30,78,,79,28,75,,90,34,81
,,,,,,,,,,,,,,,
Telephone: 020 7944 3095,,,,,,,,,,,,,,,Source: DfT Automatic Traffic Counters
Email: roadtraff.stats@dft.gsi.gov.uk,,,,,,,,,,,,,,,Last updated: June 2011
Notes & definitions (http://assets.dft.gov.uk/statistics/releases/traffic-estimates-2010/traffic-estimates-2010-notes.pdf),,,,,,,,,,,,,,,
The figures in this table are not National Statistics.,,,,,,,,,,,,,,,
,,,,,,,,,,,,,,,
,,,,,,,,,,,,,,,


,,,,,,,,,,,,,,,
,,,,,,,,,,,,,,,
,,,,,,,,,,,,,,,
,,,,,,,,,,,,,,,
,,,,,,,,,,,,,,,
,,,,,,,,,,,,,,,
,,,,,,,,,,,,,,,
