Department for Transport statistics,,,,,,,
Traffic (http://www.dft.gov.uk/statistics/series/traffic),,,,,,,
Table TRA0308,,,,,,,
"Car traffic distribution on all roads by time of day in Great Britain, 2006",,,,,,,
,,,Index: Average hour in week = 100,,,,
Time of day,Weekdays,Saturday,Sunday,,,,
00:00-01:00,14,24,28,,,,
01:00-02:00,8,15,17,,,,
02:00-03:00,6,10,11,,,,
03:00-04:00,6,9,8,,,,
04:00-05:00,10,11,8,,,,
05:00-06:00,29,19,12,,,,
06:00-07:00,83,36,21,,,,
07:00-08:00,172,63,35,,,,
08:00-09:00,191,100,54,,,,
09:00-10:00,148,138,94,,,,
10:00-11:00,135,174,141
11:00-12:00,138,192,168
12:00-13:00,142,190,176
13:00-14:00,147,179,170
14:00-15:00,154,165,167
15:00-16:00,171,156,172
16:00-17:00,202,154,177
17:00-18:00,216,154,168
18:00-19:00,174,133,150
19:00-20:00,120,103,127
20:00-21:00,82,73,102
21:00-22:00,61,53,75
22:00-23:00,45,44,50
23:00-00:00,29,38,31
,,,
Telephone: 020 7944 3095,,,Source: DfT Automatic Traffic Counters
Email: roadtraff.stats@dft.gsi.gov.uk,,,Last updated: June 2011
Notes & definitions (http://assets.dft.gov.uk/statistics/releases/traffic-estimates-2010/traffic-estimates-2010-notes.pdf),,,
The figures in this table are not National Statistics.,,,
,,,
,,,
,,,
,,,
,,,
,,,
,,,
,,,
,,,
,,,
,,,
,,,
,,,
,,,
,,,
,,,
,,,
,,,
,,,
,,,
,,,
,,,
,,,
,,,
,,,
,,,
,,,
,,,
,,,
,,,
,,,
,,,
