Department for Transport statistics,,,,,,,,,,,,,,,
Traffic (http://www.dft.gov.uk/statistics/series/traffic),,,,,,,,,,,,,,,
Table TRA0305,,,,,,,,,,,,,,,
"Average daily traffic flow (five year average) by month in Great Britain, 2007-2011 (average) 1",,,,,,,,,,,,,,,
,,,,,,,,,,,,,,,Index: Average daily traffic flow in month = 100
,Motorways,,,,All rural major and minor roads,,,,All urban major and minor roads,,,,All roads,,
,Cars & taxis,Goods vehicles ,All motor vehicles,,Cars & taxis,Goods vehicles ,All motor vehicles,,Cars & taxis,Goods vehicles ,All motor vehicles,,Cars & taxis,Goods vehicles ,All motor vehicles
January,88,93,88,,88,90,88,,96,91,95,,89,92,89
February,93,97,93,,92,97,92,,97,97,97,,93,97,93
March 2,98,102,99,,99,102,99,,103,103,103,,99,102,99
April 2,101,100,101,,102,100,102,,101,100,101,,101,100,101
May,102,99,101,,104,100,103,,101,99,101,,102,99,102
June,103,104,104,,106,105,106,,103,105,103,,104,105,104
July,106,104,106,,107,104,107,,102,105,102,,106,104,105
August,108,99,106,,109,102,108,,98,100,98,,106,99,105
September,106,105,106,,105,107,106,,102,105,102,,105,105,105
October,105,104,105,,103,105,103,,101,104,102,,104,104,104
November,99,104,100,,98,103,98,,101,103,101,,99,104,100
December 3,92,89,91,,90,86,89,,95,89,94,,92,89,91
,,,,,,,,,,,,,,,
1 Indices are based on average daily traffic and are not affected by the varying number of days in each month,,,,,,,,,,,,,,,Source: DfT Automatic traffic counters
2 Figures affected by Easter,,,,,,,,,,,,,,,Last updated: June 2012
3 Figures affected by Christmas,,,,,,,,,,,,,,,Next update: June 2013
Telephone: 020 7944 3095,,,,,,,,,,,,,,,
Email: roadtraff.stats@dft.gsi.gov.uk,,,,,,,,,,,,,,,
Notes & definitions (http://assets.dft.gov.uk/statistics/releases/traffic-estimates-2011/traffic-estimates-2011-notes.pdf),,,,,,,,,,,,,,,
The figures in this table are not National Statistics.,,,,,,,,,,,,,,,
,,,,,,,,,,,,,,,
,,,,,,,,,,,,,,,
