Department for Transport statistics,,,,,,,,,,,,,,,,,,,,,,,
Traffic (http://www.dft.gov.uk/statistics/series/traffic),,,,,,,,,,,,,,,,,,,,,,,
Table TRA0302,,,,,,,,,,,,,,,,,,,,,,,
"Motor vehicle flow by road class and region and country in Great Britain, 2011 1",,,,,,,,,,,,,,,,,,,,,,,
,,,,,,,,Thousand vehicles per day,,,,,,,,,,,,,,,
,,Major roads,,,,,,,,,,,,,,,,,,,,,
,,,'A' roads,,,Minor roads,,,,,,,,,,,,,,,,,
,,Motorway 2,Rural,Urban,All major roads,Rural,Urban,All roads,,,,,,,,,,,,,,,
North East,,54.3,13.5,21.5,17.0,0.6,2.1,3.1,,,,,,,,,,,,,,,
North West ,,77.1,10.3,17.6,22.2,0.9,1.9,4.1,,,,,,,,,,,,,,,
Yorkshire & the Humber,,68.1,12.2,18.4,19.7,1.0,1.9,3.5,,,,,,,,,,,,,,,
East Midlands,,91.7,13.7,19.0,18.3,1.0,2.1,3.6,,,,,,,,,,,,,,,
West Midlands,,80.4,11.5,19.7,21.2,0.9,2.5,4.0,,,,,,,,,,,,,,,
East of England,,88.0,18.4,17.8,22.7,1.2,2.5,3.8,,,,,,,,,,,,,,,
London,,97.1,28.5,26.6,29.1,1.2,2.2,5.4,,,,,,,,,,,,,,,
South East,,93.3,17.7,18.4,26.3,1.3,2.3,4.8,,,,,,,,,,,,,,,
South West,,72.6,11.0,19.1,15.9,0.8,2.3,2.7,,,,,,,,,,,,,,,
England,,81.3,13.8,20.0,21.3,1.0,2.2,3.8,,,,,,,,,,,,,,,
Wales,,64.1,8.1,17.4,11.0,0.6,1.9,2.2,,,,,,,,,,,,,,,
Scotland,,42.2,4.7,16.1,7.1,0.5,1.8,2.0,,,,,,,,,,,,,,,
Great Britain,,76.1,10.8,19.6,17.4,0.9,2.1,3.4,,,,,,,,,,,,,,,
,,,,,,,,,,,,,,,,,,,,,,,
1 The calculation for the average daily flow is estimated by dividing the annual traffic estimate by the road length and the number of days in the year,,,,,,,,Source: DfT National Road Traffic Survey,,,,,,,,,,,,,,,
2 Includes trunk motorways and principal motorways,,,,,,,,Last updated: June 2012,,,,,,,,,,,,,,,
Telephone: 020 7944 3095,,,,,,,,Next update: June 2013,,,,,,,,,,,,,,,
Email: roadtraff.stats@dft.gsi.gov.uk,,,,,,,,,,,,,,,,,,,,,,,
Notes & definitions (http://assets.dft.gov.uk/statistics/releases/traffic-estimates-2011/traffic-estimates-2011-notes.pdf),,,,,,,,,,,,,,,,,,,,,,,
The figures in this table are National Statistics.,,,,,,,,,,,,,,,,,,,,,,,
,,,,,,,,,,,,,,,,,,,,,,,
,,,,,,,,,,,,,,,,,,,,,,,
,,,,,,,,,,,,,,,,,,,,,,,
