Department for Transport statistics,,,,,,,,,,,,
Traffic (http://www.dft.gov.uk/statistics/series/traffic),,,,,,,,,,,,
Table TRA0204,,,,,,,,,,,,
"Road traffic (vehicle kilometres) by vehicle type and road class in Great Britain, annual 2011",,,,,,,,,,,,
,,,,,,,,Billion vehicle kilometres,,,,
,,Cars and taxis,Motorcycles,Buses & coaches,Light vans,Goods vehicles,All motor vehicles,Pedal cycles,,,,
Motorways 2,,74.8,0.4,0.4,12.4,11.1,99.2,-,,,,
Rural 'A' roads:,,,,,,,,,,,,
,Trunk 3,44.0,0.4,0.3,7.9,5.1,57.7,-,,,,
,Principal,66.2,0.8,0.6,11.4,4.1,83.1,0.2,,,,
,All rural 'A' roads,110.2,1.1,0.9,19.3,9.2,140.8,0.2,,,,
Urban 'A' roads: 1,,,,,,,,,,,,
,Trunk 3,4.2,-,-,0.7,0.3,5.3,-,,,,
,Principal,60.5,0.8,1.1,9.2,2.3,73.9,0.7,,,,
,All urban 'A' roads,64.7,0.8,1.2,9.9,2.6,79.2,0.7,,,,
All major roads 4,,249.7,2.4,2.5,41.6,22.9,319.2,0.9,,,,
Minor roads:,,,,,,,,,,,,
,Minor rural roads,52.8,0.8,0.5,10.8,1.4,66.3,1.1,,,,
,Minor urban roads 1,84.3,1.5,1.7,14.0,1.2,102.7,2.9,,,,
,All minor roads,137.1,2.3,2.1,24.9,2.6,169.0,4.0,,,,
All roads,,386.8,4.6,4.7,66.5,25.6,488.2,4.9,,,,
,,,,,,,,,,,,
"1 Urban roads: Major and minor roads within an urban area with a population of 10,000 or more. These are based on the 2001 urban settlements.  The definition for 'urban settlement' is in 'Urban and rural area definitions: a user guide which can be found on the CLG web site at: www.communities.gov.uk/planningandbuilding/planningbuilding/planningstatistics/urbanrural/",,,,,,,,Source: DfT National Road Traffic Survey,,,,
2 Includes trunk motorways and principal motorways,,,,,,,,Last updated: June 2012,,,,
3 Figures for trunk and principal roads in England since 2001 are affected by the detrunking programme,,,,,,,,Next update: June 2013,,,,
"4 Includes motorways, urban and rural 'A' roads",,,,,,,,,,,,
Telephone: 020 7944 3095,,,,,,,,,,,,
Email: roadtraff.stats@dft.gsi.gov.uk,,,,,,,,,,,,
Notes & definitions (http://assets.dft.gov.uk/statistics/releases/traffic-estimates-2011/traffic-estimates-2011-notes.pdf),,,,,,,,,,,,
The figures in this table are National Statistics.,,,,,,,,,,,,
