Department for Transport statistics,,,,,,,,,,,,,,,
Traffic (http://www.dft.gov.uk/statistics/series/traffic),,,,,,,,,,,,,,,
Table TRA0306,,,,,,,,,,,,,,,
"Average traffic distribution by day of the week in Great Britain, 2010",,,,,,,,,,,,,,,
,,,,,,,,,,,,,,,Index: Average day = 100
,Motorways,,,,All rural major and minor roads,,,,All urban major and minor roads,,,,All roads,,
,Cars & taxis,Goods vehicles ,All motor vehicles,,Cars & taxis,Goods vehicles ,All motor vehicles,,Cars & taxis,Goods vehicles ,All motor vehicles,,Cars & taxis,Goods vehicles ,All motor vehicles
Monday,101,116,104,,101,118,103,,101,117,102,,101,116,104
Tuesday,99,127,104,,101,129,105,,105,127,106,,100,127,105
Wednesday,101,131,107,,102,130,105,,105,127,107,,102,131,106
Thursday,104,130,109,,105,132,108,,107,128,109,,105,130,109
Friday,112,115,113,,114,117,115,,109,120,110,,112,116,113
Saturday,91,46,82,,93,44,87,,94,52,91,,92,46,84
Sunday,93,34,81,,85,30,78,,79,29,74,,89,33,80
,,,,,,,,,,,,,,,
Telephone: 020 7944 3095,,,,,,,,,,,,,,,Source: DfT Automatic Traffic Counters
Email: roadtraff.stats@dft.gsi.gov.uk,,,,,,,,,,,,,,,Last updated: June 2011
Notes & definitions (http://assets.dft.gov.uk/statistics/releases/traffic-estimates-2010/traffic-estimates-2010-notes.pdf),,,,,,,,,,,,,,,Next update: June 2012
The figures in this table are not National Statistics.,,,,,,,,,,,,,,,
,,,,,,,,,,,,,,,
,,,,,,,,,,,,,,,


,,,,,,,,,,,,,,,
,,,,,,,,,,,,,,,
,,,,,,,,,,,,,,,
,,,,,,,,,,,,,,,
,,,,,,,,,,,,,,,
,,,,,,,,,,,,,,,
,,,,,,,,,,,,,,,
