Department for Transport statistics,,,,,,,,,,,,,,,,
Traffic (http://www.dft.gov.uk/statistics/series/traffic),,,,,,,,,,,,,,,,
Table TRA3107,,,,,,,,,,,,,,,,
"Time difference between HGVs and the vehicle in front in Great Britain, 2011",,,,,,,,,,,,,,,,
,,,,,Per cent,,,,,,,,,,,
Vehicle type,,Under 2 seconds,2 to 4 seconds,4 to 6 seconds,Over 6 seconds,,,,,,,,,,,
Rigid HGVs,,23,29,19,29,,,,,,,,,,,
Articulated HGVs,,,,,,,,,,,,,,,,
,3 or 4 axles,13,28,20,39,,,,,,,,,,,
,5 axles,12,28,21,39,,,,,,,,,,,
,6 or more axles,12,29,21,38,,,,,,,,,,,
All HGVs,,15,29,20,36,,,,,,,,,,,
,,,,,,,,,,,,,,,,
,,,,,Source: DfT Automatic Traffic Counters,,,,,,,,,,,
Telephone: 020 7944 3095,,,,,Last updated: June 2012,,,,,,,,,,,
Email: roadtraff.stats@dft.gsi.gov.uk,,,,,Next update: June 2013,,,,,,,,,,,
Notes & definitions (http://assets.dft.gov.uk/statistics/releases/traffic-estimates-2011/traffic-estimates-2011-notes.pdf),,,,,,,,
The figures in this table are not National Statistics.,,,,,,,,
,,,,,,,,
,,,,,,,,
,,,,,,,,




,,,,,,,,
,,,,,,,,
,,,,,,,,
,,,,,,,,
,,,,,,,,
,,,,,,,,
,,,,,,,,
,,,,,
,,,,,
,,,,,
,,,,,
,,,,,
,,,,,
,,,,,
,,,,,
