Department for Transport statistics,,,,,,,,,,,,,,,,,,,,,,,,
Traffic (http://www.dft.gov.uk/statistics/series/traffic),,,,,,,,,,,,,,,,,,,,,,,,
Table TRA8903e,,,,,,,,,,,,,,,,,,,,,,,,
"Motor vehicle traffic (vehicle miles) excluding trunk roads by Local Authority in North East, annual from 1993 to 2011",,,,,,,,,,,,,,,,,,,,,,,,
,,,,,,,,,,,,,,,,,,,,Million vehicle miles,,,,
Local authority,,1993,1994,1995,1996,1997,1998,1999,2000,2001,2002,2003,2004,2005,2006,2007,2008,2009,2010,2011,,,,
North East,,"7,827","7,944","8,053","8,154","8,269","8,391","8,564","8,437","8,439","8,587","8,691","8,670","8,608","8,649","8,672","8,495","8,405","8,284","8,297",,,,
Darlington,,309,314,318,323,336,345,352,350,351,356,354,352,343,343,341,337,336,330,330,,,,
Durham,,"1,275","1,300","1,316","1,338","1,368","1,399","1,418","1,413","1,415","1,441","1,602","1,614","1,603","1,628","1,649","1,617","1,606","1,588","1,582",,,,
Gateshead,,778,789,798,810,815,824,840,828,824,834,828,815,796,786,788,769,758,739,746,,,,
Hartlepool,,291,295,299,303,313,315,322,314,317,323,319,318,313,311,305,303,300,293,294,,,,
Middlesbrough,,590,597,603,605,616,623,638,620,618,625,617,614,603,592,588,569,564,548,550,,,,
Newcastle upon Tyne,,851,860,871,862,869,878,899,881,880,902,884,876,861,842,848,830,819,803,806,,,,
North Tyneside,,633,636,646,657,666,674,690,671,681,692,676,686,681,670,676,664,660,660,663,,,,
Northumberland,,857,882,900,911,912,924,954,942,947,962,966,969,"1,024","1,052","1,068","1,041","1,027","1,020","1,034",,,,
Redcar and Cleveland,,491,498,506,514,521,525,538,525,514,520,523,515,516,529,533,526,512,507,510,,,,
South Tyneside,,360,365,369,375,379,381,389,388,389,394,396,393,384,389,382,378,374,379,378,
Stockton-on-Tees,,555,562,569,582,590,603,614,600,600,612,606,600,580,580,573,562,569,556,559,
Sunderland,,837,847,859,872,885,899,911,905,902,926,920,918,904,926,921,901,881,861,845,
,,,,,,,,,,,,,,,,,,,,,
1 The estimates presented here were revised for the period from 2000 to 2010 in February 2012 to take into account the minor road benchmarking exercise. Further details are available at http://assets.dft.gov.uk/statistics/releases/traffic-estimates-2010-revised/minor-road-benchmarking-frequently-asked-questions.pdf,,,,,,,,,,,,,,,,,,,,Source: DfT National Road Traffic Survey,
,,,,,,,,,,,,,,,,,,,,Last updated: June 2012,
Telephone: 020 7944 3095,,,,,,,,,,,,,,,,,,,,Next update: June 2013,
Email: roadtraff.stats@dft.gsi.gov.uk,,,,,,,,,,,,,,,,,,,,,
Notes & definitions (http://assets.dft.gov.uk/statistics/releases/traffic-estimates-2011/traffic-estimates-2011-notes.pdf),,,,,,,,,,,,,,,,,,,,,
,,,,,,,,,,,,,,,,,,,,,
The figures in this table are outside the scope of National Statistics,,,,,,,,,,,,,,,,,,,,,
,,,,,,,,,,,,,,,,,,,,,
,,,,,,,,,,,,,,,,,,,,,
,,,,,,,,,,,,,,,,,,,,,
