Department for Transport statistics,,,,,,,,,,,,
Domestic Waterborne Freight Statistics,,,,,,,,,,,,
DWF0501,,,,,,,,,,,,
"Coastwise and one-port oil traffic vessel employment, by flag, 2010",,,,,,,,,,,,
a) Goods lifted,,,,,,,,,,,,
,,,,,,,million tonnes,,,,,
,,,,,,,,,,,,
,,,,,,,,,,,,
Flag,Coastwise dry cargo,,Flag,Coastwise tanker,,Flag,One-port oil,,,,,
, ,,,,,,,,,,,
,,,,,,,,,,,,
Bahamas,4.31,,Bahamas,9.86,,Bahamas,4.01,,,,,
United Kingdom,2.42,,Isle of Man,2.73,,United Kingdom,1.25,,,,,
Cyprus,1.77,,Sweden,1.95,,Norway (NIS)1,0.89,,,,,
Netherlands,1.42,,Liberia,1.93,,Isle of Man,0.82,,,,,
Norway (NIS)1,1.98,,Hong Kong,1.50,,Marshall Islands,0.09,,,,,
Malta,0.95,,Netherlands,1.49,,Germany,0.06,,,,,,,
Bermuda,1.45,,Singapore,1.41,,Malta,0.02,,,,,,,
Isle of Man,0.98,,Greece,1.31,,Netherlands,0.01,,,,,,,
,,,,,,,,,,,,,,
Others,6.50,,Others,7.28,,Others,0.04,,,,,,,
,,,,,,,,,,,,,,
Total,21.76,,Total,28.68,,Total,7.19,,,,,,,
,,,,,,,,,,,,,,
,,,,,,,,,,,,,,
,,,,,,,,,,,,,,
,,,,,,,,,,,,,,
,,,,,,,,,,,,,,
b)  Goods moved,,,,,,,,,,,,,,
,,,,,,,billion tonne-kilometres,,,,,,,
,,,,,,,,,,,,,,
,,,,,,,,,,,,,,
Flag,Coastwise dry cargo,,Flag,Coastwise tanker 2,,Flag,One-port oil,,,,,
,,,,,,,,,,,,
 ,,,,,,,,,,,,
Bahamas,1.51,,Bahamas,7.26,,Bahamas,4.19,,,,,
United Kingdom,1.00,,Isle of Man,2.28,,United Kingdom,1.25,,,,,
Netherlands,0.94,,Liberia,1.78,,Norway,0.98,,,,,
Malta,0.73,,Greece,1.41,,Isle of Man,0.85,,,,,
Cyprus,0.51,,Singapore,1.35,,Marshall Islands,0.10,,,,,
Antigua & Barbuda,0.50,,"Hong Kong, China",0.92,,Germany,0.06,,,,,
Norway (NIS)1,0.47,,Panama,0.75,,Malta,0.02,,,,,
Isle of Man,0.29,,Norway (NIS)1,0.84,,Netherlands,0.01,,,,,
,,,,,,,,,,,,
Others,1.66,,Others,4.52,,Others,0.04,,,,,
,,,,,,,,,,,,
Total,8.89,,Total,21.11,,Total,7.51,,,,,
,,,,,,,,,,,,
,,,,,,,,,,,,
1. Norwegian International Ship Register,,,,,,,,,,,,
"2. UK flagged vessels moved a total of 0.540 billion tonne kilometres in coastwise tanker movements, ranking them 10th in the list.",,,,,,,,,,,,
,,,,,,,,,,,,
Technical Notes,,,,,,,,,,,,
Telephone: 020 7944 2021,,,,,,Source: DfT Port Statistics,,,,,,
Email: maritime.stats@dft.gsi.gov.uk,,,,,,Last updated: January 2012,,,,,,
,,,,,,Next update: November 2012,,,,,,
The figures in this table are National Statistics,,,,,,,,,,,,
