Department for Transport statistics,,,,,,,,,,,,,,,
Domestic Waterborne Freight Statistics,,,,,,,,,,,,,,,
DWF0201,,,,,,,,,,,,,,,
"Inland waters traffic, by area, 2010",,,,,,,,,,,,,,,
a)  Goods lifted,,,,,million tonnes,,,,,,,,,,
,Non-seagoing,,,,,,,,,,,,,,
,traffic,Seagoing traffic route,,,,,,,,,,,,,
,,,,,,,,,,,,,,,
,Internal,Coastwise,Foreign,One-port,Total traffic,,,,,,,,,,
Thames and Kent,1.88,0.92,11.80,2.80,17.40,,,,,,,,,,
Sussex and Hampshire,0.03,-,-,-,0.03,,,,,,,,,,
West Country,-,-,0.01,0.01,0.02,,,,,,,,,,
Bristol Channel,0.19,0.14,0.60,0.05,0.98,,,,,,,,,,
West and North Wales,-,-,-,-,-,,,,,,,,,,
Lancashire and Cumbria,0.26,1.39,4.09,-,5.74,,,,,,,,,,
Scotland West Coast,-,0.85,1.48,-,2.34,,,,,,,,,,
Scotland East Coast,-,2.18,6.32,0.05,8.55,,,,,,,,,,
North East,-,-,-,-,-,,,,,,,,,,
Humber,0.58,0.06,4.47,-,5.10,,,,,,,,,,
Wash and North East Anglia,-,-,0.04,-,0.04,,,,,,,,,,
Haven,-,0.48,2.45,0.12,3.05,,,,,,,,,,
Total,2.94,6.03,31.25,3.03,43.26,,,,,,,,,,
,,,,,,,,,,,,,,,
,,,,,,,,,,,,,,,
b)  Goods moved,,,,,billion tonne-kilometres,,,,,,,,,,
,Non-seagoing,,,,,,,,,,,,,,
,traffic,Seagoing traffic route,,,,,,,,,,,,,
,Internal,Coastwise,Foreign,One-port,Total traffic,,,,,,,,,,
Thames and Kent,0.09,0.03,0.36,0.11,0.58,,,,,,,,,,
Sussex and Hampshire,-,-,-,-,-,,,,,,,,,,
West Country,-,-,-,-,-,,,,,,,,,,
Bristol Channel,-,0.01,0.03,-,0.05,,,,,,,,,,
West and North Wales,-,-,-,-,-,,,,,,,,,,
Lancashire and Cumbria,0.01,0.04,0.12,-,0.16,,,,,,,,,,
Scotland West Coast,-,0.04,0.06,-,0.10,,,,,,,,,,
Scotland East Coast,-,0.05,0.14,-,0.19,,,,,,,,,,
North East,-,-,-,-,-,,,,,,,,,,
Humber,0.03,-,0.22,-,0.26,,,,,,,,,,
Wash and North East Anglia,-,-,-,-,-,,,,,,,,,,
Haven,-,0.01,0.04,-,0.05,,,,,,,,,,
Total,0.14,0.18,0.97,0.12,1.38,,,,,,,,,,
Technical Notes,,,,,,,,,,,,,,,
Telephone: 020 7944 2021,,,,,Source: DfT Port Statistics,,,,,,,,,,
Email: maritime.stats@dft.gsi.gov.uk,,,,,Last updated: January 2012,,,,,,,,,,
,,,,,Next update: November 2012,,,,,,,,,,
The figures in this table are National Statistics,,,,,,,,,,,,,,,
