Department for Transport statistics,,,,,
Domestic Waterborne Freight Statistics,,,,,
DWF0209,,,,,
"Inland waters traffic, by UK standard class of waterway and authority, 2010",,,,,
,,,,,
Goods moved,,,,,billion tonne-kilometres
UK Standard 1 ,,,,Authority,
,,,,,
Class,Draught (m),Barge deadweight capacity (tonnes),British Waterways,Other Authorities,Total
A,>9.0,,-,0.827,0.827
B,4.5 - 9.0,,-,0.490,0.490
C,3.0 - 4.4,,-,0.022,0.022
D,<3.0,551 - 850,0.017,-,0.017
E,<3.0,351 - 550,-,0.009,0.009
F,<3.0,151 - 350,-,-,-
G,<3.0,50 - 150,-,0.008,0.008
,,,,,,
Sheltered water,,,-,0.014,0.014,
Total,,,0.018,1.370,1.388,
,,,,,,
1. See Appendix 1 for full definition.,,,,,,
Technical Notes,,,,,,
Telephone: 020 7944 2021,,,,,Source: DfT Port Statistics,
Email: maritime.stats@dft.gsi.gov.uk,,,,,Last updated: January 2012,
,,,,,Next update: November 2012,
The figures in this table are National Statistics,,,,,,
