Department for Transport statistics,,,,,
Domestic Waterborne Freight Statistics,,,,,
DWF0210,,,,,
"Inland waters traffic, by ECMT1 class of waterway and authority, 2010",,,,,
,,,,,
Goods moved,,,,,billion tonne-kilometres
,,ECMT Standard,Authority,,
Class,,Deadweight capacity (tonnes),British Waterways,Other Authorities,Total
0,,50 - 249,-,-,-
1,,250 - 399,-,0.018,0.018
2,,400 - 649,0.017,-,0.017
3,,650 - 999,-,-,-
4,,1000 - 1499,-,0.009,0.009
5,,1500 - 2999,-,0.034,0.034
6,,3000+,-,1.308,1.309
Total (0-6),,,0.018,1.370,1.388
,,,,,
 1  ECMT:  European Conference of Ministers of Transport.  This is a definition of waterways categories used in Europe.,,,,,
Technical Notes,,,,,
Telephone: 020 7944 2021,,,,,Source: DfT Port Statistics
Email: maritime.stats@dft.gsi.gov.uk,,,,,Last updated: January 2012
,,,,,Next update: November 2012
The figures in this table are National Statistics,,,,,
