Department for Transport statistics,,,,,,,,,,,
Domestic Waterborne Freight Statistics,,,,,,,,,,,
DWF0301,,,,,,,,,,,
"Total coastwise traffic, goods lifted, by area of loading and discharge, 2000 - 2010",,,,,,,,,,,
,,,,,,,,,,,
a) Area of loading,,,,,,,,,,,million tonnes
,2000 1,2001,2002,2003,2004,2005,2006,2007,2008,2009,2010
Thames and Kent,2.0,1.0,1.0,1.1,1.8,1.1,1.5,1.3,0.6,0.6,0.7
Sussex and Hampshire,4.4,2.4,3.2,2.4,2.1,2.0,1.7,1.6,1.1,1.5,1.5
West Country,0.5,0.4,0.5,0.4,0.5,0.4,0.5,0.6,0.5,0.4,0.4
Bristol Channel,0.6,0.5,0.3,0.5,0.5,0.5,0.5,0.6,0.4,0.4,0.6
West and North Wales,5.8,5.4,6.3,5.9,5.7,5.8,5.2,5.2,5.6,5.0,4.4
Lancashire and Cumbria,5.9,5.1,4.6,4.7,4.8,4.7,4.8,4.9,4.4,3.9,3.9
Scotland West Coast,7.2,7.0,7.2,7.1,7.0,8.3,7.7,6.9,7.1,6.2,6.3
Scotland East Coast,17.5,13.6,12.0,12.4,13.5,17.3,12.9,15.9,16.2,13.7,11.6
Scotland,24.7,20.6,19.2,19.5,20.5,25.5,20.6,22.8,23.3,19.8,18.0
North East,8.9,10.2,12.2,11.5,14.0,14.2,12.0,10.9,12.2,14.1,10.9
Humber,4.0,3.1,3.5,3.3,2.9,3.2,2.5,2.2,2.3,1.8,1.9
Wash and North East Anglia,0.2,0.1,0.1,0.3,0.1,0.2,0.2,0.2,0.2,0.2,0.2
Haven,0.3,0.4,0.4,0.4,0.4,0.4,0.6,0.5,0.4,0.5,0.8
Channel Isles,0.2,0.5,0.3,0.1,0.1,0.2,0.1,0.1,0.1,0.1,0.1
Isle of Man,0.5,0.3,0.3,0.3,0.3,0.2,0.2,0.2,0.2,0.2,0.2
Northern Ireland,5.1,5.6,6.0,6.0,6.2,6.5,6.4,6.5,6.7,6.1,7.0
Total,63.1,55.5,57.9,56.5,59.8,65.1,56.7,57.6,58.1,54.6,50.5
,,,,,,,,,,,
,,,,,,,,,,,
b) Area of discharge,,,,,,,,,,,million tonnes
,2000 1,2001,2002,2003,2004,2005,2006,2007,2008,2009,2010
Thames and Kent,9.3,7.9,8.3,8.9,7.0,7.2,5.0,5.8,5.0,4.0,4.1
Sussex and Hampshire,5.8,4.9,6.5,6.1,4.4,5.1,4.1,4.0,6.1,6.4,4.7
West Country,1.5,1.5,1.4,1.3,1.4,1.5,1.4,1.6,1.6,1.4,1.1
Bristol Channel,3.4,3.1,2.7,2.9,3.3,2.6,2.0,2.0,1.9,1.8,2.5
West and North Wales,4.2,3.2,5.7,3.5,6.9,7.1,4.6,5.7,5.7,5.8,3.8
Lancashire and Cumbria,7.3,8.4,6.9,7.9,7.7,8.6,9.5,8.3,9.0,10.4,9.3
Scotland West Coast,2.7,2.8,2.5,2.9,3.1,3.7,3.6,3.7,3.3,2.8,3.7
Scotland East Coast,4.2,5.0,4.4,3.9,3.8,4.8,4.2,4.1,3.7,3.5,3.5
Scotland,6.9,7.8,7.0,6.8,6.9,8.5,7.8,7.8,7.0,6.3,7.3
North East,1.2,1.3,1.1,1.3,2.1,1.5,1.8,2.3,1.3,1.3,1.1
Humber,6.9,7.8,6.8,6.8,6.5,6.7,8.0,8.3,7.3,6.3,6.2
Wash and North East Anglia,0.5,0.4,0.4,0.4,0.3,0.5,0.3,0.3,0.3,0.2,0.3
Haven,0.6,0.8,1.1,1.0,0.9,0.8,0.7,0.7,0.7,0.6,0.7
Channel Isles,1.0,0.6,0.8,0.7,0.6,0.8,0.7,0.7,0.6,0.6,0.6
Isle of Man,1.0,0.7,0.7,0.7,0.6,0.3,0.5,0.5,0.5,0.4,0.4
Northern Ireland,10.9,10.0,10.1,10.3,10.9,11.6,11.7,11.0,10.1,8.8,9.3
Total,60.3,58.5,59.5,58.5,59.4,62.7,58.1,58.8,57.2,54.3,51.3
,,,,,,,,,,,
1  More accurate recording of the origin and destination of crude oil traffic from 2000 onwards has meant that figures for coastwise traffic are,,,,,,,,,,,
   not directly comparable with previous years.,,,,,,,,,,,
Technical Notes,,,,,,,,,,,
Telephone: 020 7944 2021,,,,,,,,,,,Source: DfT Port Statistics
Email: maritime.stats@dft.gsi.gov.uk,,,,,,,,,,,Last updated: January 2012
,,,,,,,,,,,Next update: November 2012
The figures in this table are National Statistics,,,,,,,,,,,
