Department for Transport statistics,,,,,,,,,,,,,,,,,,,,,,
Domestic Waterborne Freight Statistics,,,,,,,,,,,,,,,,,,,,,,
DWF0205,,,,,,,,,,,,,,,,,,,,,,
"Inland waters traffic, by cargo category and area, 2010",,,,,,,,,,,,,,,,,,,,,,
,,,,,,,,,,,,,,,,,,,,,,
a)  Goods lifted,,,,,,million tonnes,,,,,,,,,,,,,,,,
,Liquid bulk,Dry bulk,Forestry products,Other general cargo,Unitised traffic,Total,,,,,,,,,,,,,,,,
Thames and Kent,4.99,4.60,0.74,0.41,6.66,17.40,,,,,,,,,,,,,,,,
Sussex and Hampshire,0.03,-,-,-,-,0.03,,,,,,,,,,,,,,,,
West Country,-,0.02,-,-,-,0.02,,,,,,,,,,,,,,,,
Bristol Channel,-,0.70,-,0.28,-,0.98,,,,,,,,,,,,,,,,
West and North Wales,-,-,-,-,-,-,,,,,,,,,,,,,,,,
Lancashire and Cumbria,3.76,1.81,-,0.14,0.03,5.74,,,,,,,,,,,,,,,,
Scotland West Coast,0.68,1.48,0.11,0.02,0.05,2.34,,,,,,,,,,,,,,,,
Scotland East Coast,5.87,0.57,0.03,0.08,2.00,8.55,,,,,,,,,,,,,,,,
North East,-,-,-,-,-,,,,,,,,,,,,,,,,,
Humber,0.38,2.22,0.40,1.58,0.52,5.10,,,,,,,,,,,,,,,,
Wash and North East Anglia,-,-,-,0.04,-,0.04,,,,,,,,,,,,,,,,
Haven,0.15,2.21,0.08,0.16,0.45,3.05,,,,,,,,,,,,,,,,
Total,15.86,13.61,1.37,2.71,9.71,43.26,,,,,,,,,,,,,,,,
,,,,,,,,,,,,,,,,,,,,,,
,,,,,,,,,,,,,,,,,,,,,,
b)  Goods moved,,,,,,billion tonne-kilometres,,,,,,,,,,,,,,,,
,Liquid bulk,Dry bulk,Forestry products,Other general cargo,Unitised traffic,Total,,,,,,,,,,,,,,,,
Thames and Kent,0.15,0.20,0.01,0.01,0.24,0.60,,,,,,,,,,,,,,,,
Sussex and Hampshire,-,-,-,-,-,-,,,,,,,,,,,,,,,,
West Country,-,-,-,-,-,-,,,,,,,,,,,,,,,,
Bristol Channel,-,0.04,-,-,-,0.05,,,,,,,,,,,,,,,,
West and North Wales,-,-,-,-,-,-,,,,,,,,,,,,,,,,
Lancashire and Cumbria,0.10,0.06,-,-,-,0.16,,,,,,,,,,,,,,,,
Scotland West Coast,0.03,0.06,-,-,-,0.10,,,,,,,,,,,,,,,,
Scotland East Coast,0.12,0.02,-,-,0.04,0.19,,,,,,,,,,,,,,,,
North East,-,-,-,-,-,,,,,,,,,,,,,,,,,
Humber,0.02,0.11,0.02,0.09,0.03,0.26,,,,,,,,,,,,,,,,
Wash and North East Anglia,-,-,-,-,-,-,,,,,,,,,,,,,,,,
Haven,-,0.04,-,-,0.01,0.05,,,,,,,,,,,,,,,,
Total,0.42,0.52,0.04,0.11,0.32,1.40,,,,,,,,,,,,,,,,
Technical Notes,,,,,,,,,,,,,,,,,,,,,,
Telephone: 020 7944 2021,,,,,,Source: DfT Port Statistics,,,,,,,,,,,,,,,,
Email: maritime.stats@dft.gsi.gov.uk,,,,,,Last updated: January 2012,,,,,,,,,,,,,,,,
,,,,,,Next update: November 2012,,,,,,,,,,,,,,,,
The figures in this table are National Statistics,,,,,,,,,,,,,,,,,,,,,,
