Department for Transport statistics,,,,,,,,,,,,,,,,,,,,,,,,,,,,,,,,,
Domestic Waterborne Freight Statistics,,,,,,,,,,,,,,,,,,,,,,,,,,,,,,,,,
DWF0102,,,,,,,,,,,,,,,,,,,,,,,,,,,,,,,,,
"Waterborne transport within the United Kingdom by cargo category, 2010",,,,,,,,,,,,,,,,,,,,,,,,,,,,,,,,,
a) Goods lifted,,,,,,,,,,,,,,,,,,,,,,,,,,,,,,,,,
,,,,,,,million tonnes,,,,,,,,,,,,,,,,,,,,,,,,,,
,,,,,,,,,,,,,,,,,,,,,,,,,,,,,,,,,
,,,,,,,,,,,,,,,,,,,,,,,,,,,,,,,,,
,UK inland waters traffic,,,,Coastwise,,,,,,,,,,,,,,,,,,,,,,,,,,,,
,,,,,traffic,One-port, ,,,,,,,,,,,,,,,,,,,,,,,,,,
,,,,,between,traffic of,,,,,,,,,,,,,,,,,,,,,,,,,,,
Cargo category,Internal,Coastwise,Foreign,One-port,UK ports 1,UK ports 1,Total 2 ,,,,,,,,,,,,,,,,,,,,,,,,,,
, , ,,,,,,,,,,,,,,,,,,,,,,,,,,,,,,,
, ,,,,,,,,,,,,,,,,,,,,,,,,,,,,,,,,
Crude petroleum and petroleum products,0.4,2.7,10.6,0.1,28.2,7.0,46.4,,,,,,,,,,,,,,,,,,,,,,,,,,
Other liquid bulk,0.3,0.1,1.6,-,1.7,0.9,4.5,,,,,,,,,,,,,,,,,,,,,,,,,,
Ores,0.0,0.1,0.5,-,0.3,-,0.8,,,,,,,,,,,,,,,,,,,,,,,,,,
Coal,0.0,0.6,0.5,-,1.9,-,2.3,,,,,,,,,,,,,,,,,,,,,,,,,,
Agricultural products,0.1,0.2,2.3,-,0.9,-,3.2,,,,,,,,,,,,,,,,,,,,,,,,,,
Other dry bulk,1.3,1.7,3.4,3.0,4.5,10.5,19.8,,,,,,,,,,,,,,,,,,,,,,,,,,
Unitised,0.6,0.5,8.7,-,13.3,-,22.6,,,,,,,,,,,,,,,,,,,,,,,,,,
Forestry products,-,-,1.4,-,0.1,-,1.5,,,,,,,,,,,,,,,,,,,,,,,,,,
Iron and steel products,-,-,1.5,-,-,-,1.6,,,,,,,,,,,,,,,,,,,,,,,,,,
Other cargo,0.3,0.1,0.8,-,0.2,1.8,3.1,,,,,,,,,,,,,,,,,,,,,,,,,,
,,,,,,,,,,,,,,,,,,,,,,,,,,,,,,,,,
Total,2.9,6.0,31.3,3.0,51.3,20.3,105.8,,,,,,,,,,,,,,,,,,,,,,,,,,
,,,,,,,,,,,,,,,,,,,,,,,,,,,,,,,,,
,,,,,,,,,,,,,,,,,,,,,,,,,,,,,,,,,
,,,,,,,,,,,,,,,,,,,,,,,,,,,,,,,,,
b) Goods moved,,,,,,,,,,,,,,,,,,,,,,,,,,,,,,,,,
,,,,,,,billion tonne-kilometres,,,,,,,,,,,,,,,,,,,,,,,,,,
,,,,,,,,,,,,,,,,,,,,,,,,,,,,,,,,,
,,,,,,,,,,,,,,,,,,
,UK inland waters traffic,,,,Coastwise,,,,,,,,,,,,,
,,,,,traffic,One-port, ,,,,,,,,,,,
,,,,,between,traffic of,,,,,,,,,,,,
Cargo category,Internal,Coastwise,Foreign,One-port,UK ports 1,UK ports 1,Total 2 ,,,,,,,,,,,
, , ,,,,,,,,,,,,,,,,
, ,,,,,,,,,,,,,,,,,
Crude petroleum and petroleum products,-,0.1,0.3,-,20.6,7.4,28.3,,,,,,,,,,,
Other liquid bulk,-,-,-,-,0.9,1.0,1.9,,,,,,,,,,,
Ores,-,-,-,-,0.2,-,0.2,,,,,,,,,,,
Coal,-,-,-,-,1.0,-,1.0,,,,,,,,,,,
Agricultural products,-,-,0.1,-,0.8,-,0.8,,,,,,,,,,,
Other dry bulk,0.1,0.1,0.1,0.1,3.4,0.7,4.3,,,,,,,,,,,
Unitised,-,-,0.3,-,3.0,0.0,3.3,,,,,,,,,,,
Forestry products,-,-,-,-,-,-,0.1,,,,,,,,,,,
Iron and steel products,-,-,0.1,-,-,-,0.1,,,,,,,,,,,
Other cargo,-,-,-,-,0.1,1.8,1.9,,,,,,,,,,,
,,,,,,,,,,,,,,,,,,
Total,0.1,0.2,1.0,0.1,30.0,10.8,41.9,,,,,,,,,,,
,,,,,,,,,,,,,,,,,,
,,,,,,,,,,,,,,,,,,
,,,,,,,,,,,,,,,,,,
1. Includes the inland waters component,,,,,,,,,,,,,,,,,,
2. This is the sum of coastwise and one-port traffic together with the internal and foreign components of inland waters traffic,,,,,,,,,,,,,,,,,,
Technical Notes,,,,,,,,,,,,,,,,,,
Telephone: 020 7944 2021,,,,,,,Source: DfT Port Statistics,,,,,,,,,,,
Email: maritime.stats@dft.gsi.gov.uk,,,,,,,Last updated: January 2012,,,,,,,,,,,
,,,,,,,Next update: November 2012,,,,,,,,,,,
The figures in this table are National Statistics,,,,,,,,,,,,,,,,,,
