Department for Transport statistics ,,,,,,,,,,,,,,,,
Road Freight Statistics,,,,,,,,,,,,,,,,
,,,,,,,,,,,,,,,,
Table RFS0212,,,,,,,,,,,,,,,,
"Cabotage within the UK by country of registration of vehicle, 2000-2010",,,,,,,,,,,,,,,,
,,,,,,,,,,,,,,,,
,,,,,,,,,,,Million tonne kilometres,,,,,
Country of vehicle registration,2000,2001,2002,2003,2004,2005,2006,2007,2008,2009,2010,,,,,
EU27,,,,,,,,,,,,,,,,
Austria,15,3,7,6,9,5,10,*,*,*,*,,,,,
Belgium,55,86,379,270,252,241,252,166,117,114,70,,,,,
Czech Republic,*,*,*,*,*,*,*,*,*,*,10,,,,,
Denmark,21,8,*,10,*,*,6,*,*,6,4,,,,,
France,138,122,156,173,198,152,195,331,231,164,129,,,,,
Germany,43,121,96,121,128,146,173,179,203,127,136,,,,,
Hungary,*,*,*,*,*,*,*,*,9,9,9,,,,,
Ireland,686,508,396,461,465,442,378,374,544,289,312,,,,,
Italy,*,*,26,10,*,32,*,*,24,*,*,,,,,
Lithuania,*,*,*,*,*,*,8,10,21,*,6,,,,,
Luxembourg,*,11,4,9,17,19,16,8,5,4,7,,,,,
Netherlands,348,412,389,549,688,756,563,309,388,353,260,,,,,
Poland,*,*,*,*,52,36,117,109,117,124,187,,,,,
Sweden,*,7,*,*,*,*,*,*,*,*,*,,,,,
Total,"1,325","1,292","1,478","1,632","1,855","1,875","1,760","1,539","1,712","1,231","1,224",,,,,
,,,,,,,,,,,,,,,,
1. Countries where data were unavailable for all years have been excluded from this table.,,,,,,,,,,,,,,,,
,,,,,,,,,,,,,,,,
An asterisk (*) means data were negligible or unavailable.,,,,,,,,,,,,,,,,
,,,,,,,,,,,,,,,,
Telephone: 020 7944 4261,,,,,,,,,,,Source: Eurostat,,,,,
Email: roadfreight.stats@dft.gsi.gov.uk,,,,,,,,,,,Last updated: August 2011,,,,,
Notes & definitions,,,,,,,,,,,Next update: August 2012,,,,,
,,,,,,,,,,,
The figures in this table are National Statistics,,,,,,,,,,,
,,,,,,,,,,,





,,,,,,,,,,,
,,,,,,,,,,,
,,,,,,,,,,,
,,,,,,,,,,,
,,,,,,,,,,,
,,,,,,,,,,,
,,,,,,,,,,,
,,,,,,,,,,,
,,,,,
