Department for Transport statistics,,,,,,,,,,,,,,,,,,,,,,,,,,,,,,,,
Freight,,,,,,,,,,,,,,,,,,,,,,,,,,,,,,,,
Table TSGB0423,,,,,,,,,,,,,,,,,,,,,,,,,,,,,,,,
National Railways freight lifted by commodity: 1996/97-2010/11,,,,,,,,,,,,,,,,,,,,,,,,,,,,,,,,
,,,Million tonnes,,,,,,,,,,,,,,,,,,,,,,,,,,,,,
,Coal,Other,Total1,,,,,,,,,,,,,,,,,,,,,,,,,,,,,
1996/97,52.2,49.6,101.8,,,,,,,,,,,,,,,,,,,,,,,,,,,,,
1997/98,50.3,55.1,105.4,,,,,,,,,,,,,,,,,,,,,,,,,,,,,
1998/99,45.3,56.8,102.1,,,,,,,,,,,,,,,,,,,,,,,,,,,,,
1999/002,35.9,60.6,96.5,,,,,,,,,,,,,,,,,,,,,,,,,,,,,
2000/01,35.3,60.3,95.6,,,,,,,,,,,,,,,,,,,,,,,,,,,,,
2001/02,39.5,54.5,93.9,,,,,,,,,,,,,,,,,,,,,,,,,,,,,
2002/03,34.0,53.0,87.0,,,,,,,,,,,,,,,,,,,,,,,,,,,,,
2003/04,35.2,53.7,88.9,,,,,,,,,,,,,,,,,,,,,,,,,,,,,
2004/053,43.3,56.8,100.1,,,,,,,,,,,,,,,,,,,,,,,,,,,,,
2005/064,47.6,57.7,105.3,,,,,,,,,,,,,,,,,,,,,,,,,,,,,
2006/07,48.7,59.5,108.2,,
2007/085,43.3,59.1,102.4,,
2008/09,46.6,56.1,102.7,,
2009/10,37.9,49.3,87.2,,
2010/11,38.8,51.1,89.9,,
,,,,,
1  Any minor discrepancies between sub-categories and totals are caused by rounding.,,,,,
2  Break in the series; change in the source data from 1999/00.,,,,,
3  Break in the series; increase largely due to changes in data collection method.,,,,,
4  Break in the series; figures from 2005/06 onwards include some of the tonnes lifted by GB Railfreight.,,,,,
5  Break in the series; coal data was not supplied by GB Railfreight prior to 2007/08.,,,,,
,,,,,
Telephone: 020 7944 2419,,,Source: Office of Rail Regulation (ORR),,
E-mail: rail.stats@dft.gsi.gov.uk,,,,,
Notes and definitions,,,Last updated: November 2011,,
,,,Next update: November 2012,,
The figures in this table are outside the scope of National Statistics,,,
,,,
,,,
,,,
,,,
,,,
,,,
,,,
,,,
,,,
,,,
,,,
,,,
,,,
,,,
,,,
,,,
,,,
,,,
,,,
,,,
,,,
,,,
,,,
,,,
,,,
,,,
,,,
,,,
,,,
,,,
,,,
,,,
,,,
,,,
,,,
,,,
,,,
,,,
