Department for Transport statistics,,,,,,,,,,,,,,,,,,,,,,,,,,,,,,,,
Freight,,,,,,,,,,,,,,,,,,,,,,,,,,,,,,,,
Table TSGB0402,,,,,,,,,,,,,,,,,,,,,,,,,,,,,,,,
Domestic freight moved: by commodity: 20101,,,,,,,,,,,,,,,,,,,,,,,,,,,,,,,,
,,,,,,          Billion tonne kilometres/percentage,,,,,,,,,,,,,,,,,,,,,,,,,,
,"Road1,2",,Rail1,,Pipeline1,,,,,,,,,,,,,,,,,,,,,,,,,,,
Commodity group,Billion,,Billion,,Billion,,,,,,,,,,,,,,,,,,,,,,,,,,,
(NST3 Chapter),tonne-kms,Percentage,tonne-kms,Percentage,tonne-kms,Percentage,,,,,,,,,,,,,,,,,,,,,,,,,,
Agricultural products and live animals,11.7,7.8,..,..,..,..,,,,,,,,,,,,,,,,,,,,,,,,,,
Foodstuffs and animal fodder,39.2,26.0,..,..,..,..,,,,,,,,,,,,,,,,,,,,,,,,,,
Solid mineral fuels,1.5,1.0,5.5,28.4,..,..,,,,,,,,,,,,,,,,,,,,,,,,,,
Petroleum products,6.0,4.0,1.3,6.9,10.2,100.0,,,,,,,,,,,,,,,,,,,,,,,,,,
Ores and metal waste,1.1,0.8,..,..,..,..,,,,,,,,,,,,,,,,,,,,,,,,,,
Metal products,4.9,3.3,2.2,11.6,..,..,,,,,,,,,,,,,,,,,,,,,,,,,,
"Crude and manufactured 
minerals and building materials",19.5,12.9,3.2,16.6,..,..,,,,,,,,,,,,,,,,,,,,,,,,,,
Fertilisers,2.5,1.7,..,..,..,..,,,,,,,,,,,,,,,,,,,,,,,,,,
Chemicals,6.2,4.1,..,..,..,..,,,,,,
"Machinery, transport equipment, 
manufactured articles and miscellaneous articles",57.9,38.5,..,..,..,..,,,,,,
Not categorised4,..,..,7.0,36.6,-,-,,,,,,
All commodities,150.5,100.0,19.2,100.0,10.2,100.0,,,,,,
,,,,,,,,,,,,
"1  Figures for roads are for 2010, pipelines for 2009, rail for the financial year 2010/11.",,,,,,,,,,,,
"2  British-registered goods vehicles, including those 3.5 tonnes gross vehicle weight or less.",,,,,,,,,,,,
3  Standard EC classification for transport. See Notes and definitions.,,,,,,,,,,,,
"4  The rail categories provided by ORR do not all match the NST categories. Unmatched categories are recorded as ""Not categorised"".",,,,,,,,,,,,
   ,,,,,,,,,,,,
Telephone:,,,,,,Sources: Road and water - DfT; Rail - ORR; Pipeline - DECC ,,,,,,
Rail: 020 7944 2419,,,,,,,,,,,,
Road: 020 7944 4261,,,,,,Last updated: November 2011,,,,,,
Pipeline: 020 7215 2718,,,,,,Next update: November 2012,,,,,,
Notes and definitions,,,,,,,,,,,,
,,,,,,,,,,,,
The rail figures in this table are outside the scope of National Statistics,,,,
,,,,
,,,,
,,,,
,,,,
,,,,
,,,,
,,,,
,,,,
,,,,
,,,,
,,,,
,,,,
,,,,
,,,,
,,,,
,,,,
,,,,
,,,,
,,,,
,,,,
,,,,
,,,,
,,,,
,,,,
,,,,
,,,,
,,,,
,,,,
,,,,
,,,,
,,,,
,,,,
,,,,
,,,,
,,,,
,,,,
,,,,
,,,,
,,,,
,,,,
,,,,
,,,,
,,,,
,,,,
,,,,
,,,,
,,,,
,,
,,
,,
,,
,,
,,
,,
,,
,,
,,
,,
,,
,,
,,
,,
,,
,,
,,
,,
,,
,,
,,
,,
,,
,,
,,
