Department for Transport statistics,,,,,,,,,,,,,,,,
Bus Statistics (http://www.dft.gov.uk/statistics/series/buses/),,,,,,,,,,,,,,,,
Table BUS0703b,,,,,,,,,,,,,,,,
"Gross weekly earnings (at 2010/11 prices1), all occupations and bus drivers2: Great Britain, annual from 1995",,,,,,,,,,,,,,,,
,,,�,,,,,,,,,,,,,
Year,,Bus and Coach Drivers,All Occupations,,,,,,,,,,,,,
Median3,,,,,,,,,,,,,,,,
1997,,371.4,468.4,,,,,,,,,,,,,
1998,,371.4,472.2,,,,,,,,,,,,,
1999,,376.7,473.7,,,,,,,,,,,,,
2000,,369.7,481.8,,,,,,,,,,,,,
2001,,378.7,494.7,,,,,,,,,,,,,
2002,,392.1,508.1,,,,,,,,,,,,,
2003,,407.6,514.0,,,,,,,,,,,,,
2004excl4,,412.2,521.9,,,,,,,,,,,,,
2004inc4,,400.7,501.7,,,,,,,,,,,,,
2005,,417.1,502.7,,,,,,,,,
2006excl5,,430.7,511.1,,,,,,,,,
2006inc5,,417.6,492.6,,,,,,,,,
2007,,433.6,493.8,,,,,,,,,
2008,,421.2,500.3,,,,,,,,,
2009,,433.3,504.3,,,,,,,,,
2010,,447.9,500.4,,,,,,,,,
Mean3,,,,,,,,,,,,
1995,,369.6,511.1,,,,,,,,,
1996,,373.7,526.2,,,,,,,,,
1997,,386.7,544.8,,,,,,,,,
1998,,383.6,553.9,,,,,,,,,
1999,,387.6,559.8,,,,,,,,,
2000,,388.4,571.1,,,,,,,,,
2001,,408.2,592.1,,,,,,,,,
2002,,418.4,614.4,,,,,,,,,
2003,,432.2,620.6,,,,,,,,,,,,,,,,,
2004excl4,,442.7,625.3,,,,,,,,,,,,,,,,,
2004inc4,,429.4,597.0,,,,,,,,,,,,,,,,,
2005,,446.0,603.4,,,,,,,,,,,,,,,,,
2006excl5,,463.4,615.4,,,,,,,,,,,,,,,,,
2006inc5,,449.7,594.5,,,,,,,,,,,,,,,,,
2007,,459.0,594.2,,,,,,,,,,,,,,,,,
2008,,460.7,603.8,,,,,,,, ,,,,,,,,,
2009,,466.7,606.8,,,,,,,,,,,,,,,,,
2010,,470.3,600.9,,,,,,,,,,,,,,,,,
1 Adjusted for inflation using the GDP Deflator (published 28 June 2011),,,,,,,,,,,,,,,,,,,,
2 Full time employees only whose pay for the survey pay-period was not affected by absence.,,,,,,,,,,,,,,,,,,,,
3 ONS�s preferred choice for average for earnings statistics is the median,,,,,,,,,,,,,,,,,,,,
but mean averages are included for reference. ONS prefer to use the,,,,,,,,,,,,,,,,,,,,
median as its measure of average for earnings statistics due to the,,,,,,,,,,,,,,,,,,,,
"skewed nature of the earnings distribution, whereby a small proportion",,,,,,,,,,,,,,,,,,,,
of employees have very high earnings.
4 In 2004 additional supplementary surveys were introduced to improve the
coverage of the Annual Survey of Hours and Earnings. Figures are presented
both excluding and including the additional surveys for comparison purposes.
5 In 2006 a small number of methodological changes were introduced to
improve the quality of the survey. These include changes to the sample design
"itself, as well as the introduction of an automatic occupation coding tool."
Figures are presented both excluding and including these changes for comparison.
Telephone: 020 7944 3094
Email: bus.statistics@dft.gsi.gov.uk
Notes & definitions (http://assets.dft.gov.uk/statistics/series/buses/bus-notes-definitions.pdf)
Source: ONS Annual Survey of Hours and Earnings (ASHE)
Last updated: 20 October 2011
Next update: Autumn 2012
The figures in this table are National Statistics
