Department for Transport statistics,,,,,,,,
Bus Statistics (http://www.dft.gov.uk/statistics/series/buses/),,,,,,,,
Table BUS0406b,,,,,,,,
"Operating cost2 (at 2010/11 prices1) on local bus services by metropolitan area status and country: Great Britain outside London, annual from 2004/05",,,,,,,,
,,,,,,,,� million
Year,,London3,English metropolitan areas,English non-metropolitan areas,"England 
outside 
London",Scotland,Wales,"Great Britain 
outside 
London"
2004/05,,..,999,"1,385","2,384",463,120,"2,967"
2005/06,,..,"1,058","1,454","2,512",467,134,"3,113"
2006/07,,..,"1,157","1,613","2,771",524,148,"3,443"
2007/08,,..,"1,132","1,630","2,762",536,139,"3,438"
2008/09,,..,"1,120","1,691","2,811",559,154,"3,524"
2009/10,,..,"1,165","1,717","2,881",577,142,"3,600"
2010/11,,,"1,130","1,634","2,765",537,135,"3,437"
1 Adjusted for inflation using GDP deflator (as at 28 June 2011).,,,,,,,,
2 Operating cost includes administration and depreciation.,,,,,,,,
"3 Buses in London operate under a different regulatory model to the rest of the country, and comparisons on an operating costs basis",,,,,,,,
between London and the rest of the country would have little meaning. London figures are therefore excluded from this table.,,,,,,,,
Telephone: 020 7944 3094,,,,,,,,"Source: Department for Transport Public Service Vehicle Survey, Transport for London"
Email: bus.statistics@dft.gsi.gov.uk,,,,,,,,Last updated: 20 October 2011
Notes & definitions (http://assets.dft.gov.uk/statistics/series/buses/bus-notes-definitions.pdf),,,,,,,,Next update: Autumn 2012
The figures in this table are National Statistics,,,,,,,,
