Department for Transport statistics,,,,,,,,,,,,,,,,,,,,,,,,,,,,,,,,,
Bus Statistics (http://www.dft.gov.uk/statistics/series/buses/),,,,,,,,,,,,,,,,,,,,,,,,,,,,,,,,,
Table BUS0603,,,,,,,,,,,,,,,,,,,,,,,,,,,,,,,,,
"Number of disability accessible or low-floor buses used as Public Service Vehicles: Great Britain, annual from 2004/05",,,,,,,,,,,,,,,,,,,,,,,,,,,,,,,,,
,,,Thousands / Percentage,,,,,,,,,,,,,,,,,,,,,,,,,,,,,,
Year,Buses with accessibility certificate1,Buses with low floor access2,Total accessible or low-floor buses,,,,,,,,,,,,,,,,,,,,,,,,,,,,,,
Total number of buses (thousands),,,,,,,,,,,,,,,,,,,,,,,,,,,,,,,,,
2004/05,13.3,11.1,24.5,,,,,,,,,,,,,,,,,,,,,,,,,,,,,,
2005/06,15.6,10.6,26.2,,,,,,,,,,,,,,,,,,,,,,,,,,,,,,
2006/07,19.6,10.5,30.2,,,,,,,,,,,,,,,,,,,,,,,,,,,,,,
2007/08,21.5,11.4,33.0,,,,,,,,,,,,,,,,,,,,,,,,,,,,,,
2008/09,23.4,12.8,36.2,,,,,,,,,,,,,,,,,,,,,,,,,,,,,,
2009/10 (r),26.6,12.8,39.4,,,,,,,,,,,,,,,,,,,,,,,,,,,,,,
2010/11,27.8,11.6,39.4,,,,,,,,,,,,,,,,,,,,,,,,,,,,,,
Percentage of all buses,,,,,,,,,,,,,,,,,,,,,,,,,,,,,,,,,
2004/05,29,24,53,,,,,,,,,,,,,,,,,,,,,,,,,,,,,,
2005/06,34,23,56,,,,,,,,,,,,,,,,,,,,,,,,,,,,,,,
2006/07,41,22,64,,,,,,,,,,,,,,,,,,,,,,,,,,,,,,,
2007/08,46,24,70,,,,,,,,,,,,,,,,,,,,,,,,,,,,,,,
2008/09,50,27,77,,,,,,,,,,,,,,,,,,,,,,,,,,,,,,,
2009/10 (r),57,27,84,,,,,,,,,,,,,,,,,,,,,,,,,,,,,,,
2010/11,60,25,85,,,,,,,,,,,,,,,,,,,,,,,,,,,,,,,
1 Buses which have an Accessibility certificate issued under the Disability Discrimination Act PSV Accessibility ,,,,,,,,,,,,,,,,,,,,,,,,,,,,,,,,,,
Regulations 2000 (DDA PSVAR 2000 Certificate),,,,,,,,,,,,,,,,,,,,,,,,,,,,,,,,,,
"2 Buses which do not have a DDA PSVAR 2000 Certificate but which have low floor designs, suitable for wheelchair access",,,,,,,,,,,,,,,,,,,,,,,,,,,,,,,,,,
(r) Previously published figures have been revised,,,,,,,,,,,,,,,,,,,,,,,,,,,,,,,,,,
Telephone: 020 7944 3094,,,,,,,,,,,,,,,,,,,,,,,,,,,,,,,,,,
Email: bus.statistics@dft.gsi.gov.uk,,,,,,,,,,,,,,,,,,,,,,,,,,,,,,,,,,
Notes & definitions (http://assets.dft.gov.uk/statistics/series/buses/bus-notes-definitions.pdf),,,,,,,,,,,,,,,,,,,,,,,,,,,,,,,,,,
Source: DfT Public Service Vehicle Survey,,,,,,,,,,,,,,,,,,,,,,,,,,,,,,,,,,
Last updated: 20 October 2011,,,,,,,,,,,,,,,,,,,,,,,,,,,,,,,,,,
Next update: Autumn 2012,,,,,,,,,,,,,,,,,,,,,,,,,,,,,,,,,,
The figures in this table are National Statistics,,,,,,,,,
,,,,,,,,,
