Department for Transport statistics,,,,,,,,,,,,,,,,
Bus Statistics (http://www.dft.gov.uk/statistics/series/buses/),,,,,,,,,,,,,,,,
Table BUS0704,,,,,,,,,,,,,,,,
"Hours worked per week, all occupations and bus drivers1: Great Britain, annual from 1995",,,,,,,,,,,,,,,,
,,,Hours,,,,,,,,,,,,,
Year,,Bus and Coach Drivers,All Occupations,,,,,,,,,,,,,
Median2,,,,,,,,,,,,,,,,
1997,,46.0,37.9,,,,,,,,,,,,,
1998,,46.9,37.9,,,,,,,,,,,,,
1999,,46.7,37.8,,,,,,,,,,,,,
2000,,45.6,37.5,,,,,,,,,,,,,
2001,,46.0,37.5,,,,,,,,,,,,,
2002,,43.9,37.5,,,,,,,,,,,,,
2003,,45.1,37.3,,,,,,,,,,,,,
2004excl3,,44.2,37.5,,,,,,,,,,,,,
2004inc3,,44.0,37.5,,,,,,,,,,,,,
2005,,44.0,37.5,,,,,,,,,
2006excl4,,43.0,37.5,,,,,,,,,
2006inc4,,42.9,37.5,,,,,,,,,
2007,,43.8,37.5,,,,,,,,,
2008,,43.1,37.5,,,,,,,,,
2009,,41.8,37.5,,,,,,,,,
2010,,42.8,37.5,,,,,,,,,
Mean2,,,,,,,,,,,,
1995,,47.8,40.3,,,,,,,,,
1996,,48.3,40.2,,,,,,,,,
1997,,48.5,40.0,,,,,,,,,
1998,,48.4,40.0,,,,,,,,,
1999,,48.2,39.8,,,,,,,,,
2000,,47.4,39.7,,,,,,,,,
2001,,47.3,39.7,,,,,,,,,
2002,,46.3,39.6,,,,,,,,,
2003,,46.7,39.6,,,,,,,,,,,,,,,,,
2004excl3,,46.4,39.5,,,,,,,,,,,,,,,,,
2004inc3,,46.4,39.5,,,,,,,,,,,,,,,,,
2005,,46.1,39.4,,,,,,,,,,,,,,,,,
2006excl4,,46.0,39.4,,,,,,,,,,,,,,,,,
2006inc4,,45.9,39.4,,,,,,,,,,,,,,,,,
2007,,45.6,39.4,,,,,,,,,,,,,,,,,
2008,,45.4,39.5,,,,,,,, ,,,,,,,,,
2009,,44.3,39.0,,,,,,,,,,,,,,,,,
2010,,44.8,39.2,,,,,,,,,,,,,,,,,
1 Full time employees only whose pay for the survey pay-period was not affected by absence.,,,,,,,,,,,,,,,,,,,,
"2 Data have previously been published using the mean (the average), however ONS",,,,,,,,,,,,,,,,,,,,
"publish both mean and median (middle value), preferring the median as the main measure.",,,,,,,,,,,,,,,,,,,,
3 In 2004 additional supplementary surveys were introduced to improve the coverage of the,,,,,,,,,,,,,,,,,,,,
Annual Survey of Hours and Earnings.  Figures are presented both excluding and including the,,,,,,,,,,,,,,,,,,,,
additional surveys for comparison purposes.,,,,,,,,,,,,,,,,,,,,
4 In 2006 a small number of methodological changes were introduced to improve the quality of,,,,,
"the survey. These include changes to the sample design itself, as well as the introduction of an",,,,,
automatic occupation coding tool. Figures are presented both excluding and including these,,,,,
changes for comparison purposes.,,,,,
Telephone: 020 7944 3094,,,,,
Email: bus.statistics@dft.gsi.gov.uk,,,,,
Notes & definitions (http://assets.dft.gov.uk/statistics/series/buses/bus-notes-definitions.pdf),,,,,
Source: ONS Annual Survey of Hours and Earnings (ASHE),,,,,
Last updated: 20 October 2011,,,,,
Next update: Autumn 2012,,,,,
The figures in this table are National Statistics,,,,,
