Department for Transport statistics,,,,,,,,,
Bus Statistics (http://www.dft.gov.uk/statistics/series/buses/),,,,,,,,,
Table BUS0607,,,,,,,,,
"Percentage of buses with live ITSO Smart-card readers1 by metropolitan area status and country2: Great Britain, 2010/11 (figures as at end March 2011)",,,,,,,,,
,,,,,,,Percentage,,
Financial year,London3,English Metropolitan areas,English non-Metropolitan areas,"England
outside
London",Scotland,Wales,Great Britain outside London,,
2010/11,..,32,18,23,77,61,33,,
1 Excludes figures provided by a small number of operators whose vehicles were equipped but smartcards were not live as at 31 March 2011,,,,,,,,,
"These figures are based on survey returns only, and do not include imputation for operators who were not surveyed or did not respond",,,,,,,,,
Therefore the proportions shown may be slightly understated,,,,,,,,,
2 Vehicles are assigned to areas based on the main area of operation of the operator to which they belong.,,,,,,,,,
3 London buses (on local services) are equipped with non-ITSO (Oyster) smartcard readers.,,,,,,,,,
Telephone: 020 7944 3094,,,,,,,,,
Email: bus.statistics@dft.gsi.gov.uk,,,,,,,,,
Notes & definitions (http://assets.dft.gov.uk/statistics/series/buses/bus-notes-definitions.pdf),,,,,,,,,
,,,,,,,,,
Source: DfT Public Service Vehicle Survey,
Last updated: 20 October 2011,
Next update: Autumn 2012,

The figures in this table are National Statistics,
