Department for Transport statistics,,,,,,,,
Bus Statistics (http://www.dft.gov.uk/statistics/series/buses/),,,,,,,,
Table BUS0402a,,,,,,,,
"Operating revenue2 per passenger journey (at current prices1) on local bus services by metropolitan area status and country: Great Britain, annual from 2004/05",,,,,,,,
,,,,,,,,pence
Year,,London,English metropolitan areas,English non-metropolitan areas,England,Scotland,Wales,Great Britain
2004/05,R,84,100,126,100,99,128,101
2005/06,R,87,106,135,105,106,143,106
2006/07,R,86,107,142,107,117,147,109
2007/08,R,84,110,146,108,122,153,110
2008/09,R,85,114,154,112,125,155,114
2009/10,R,86,118,167,116,135,177,119
2010/11,,85,121,167,116,140,180,119
1 Not adjusted for inflation.,,,,,,,,
"2 Operating revenue includes Bus Service Operators Grant, Concessionary Fare Reimbursement, contracts, other public transport",,,,,,,,
support to operators and passenger fare receipts.,,,,,,,,
R Minor revisions have been made to earlier years data.,,,,,,,,
,,,,,,,,"Source: DfT Public Service Vehicle Survey, Transport for London, CLG RO forms, DfT BSOG returns, London Councils"
Telephone: 020 7944 3094,,,,,,,,Last updated: January 2012
Email: bus.statistics@dft.gsi.gov.uk,,,,,,,,Next update: Autumn 2012
Notes & definitions (http://assets.dft.gov.uk/statistics/series/buses/bus-notes-definitions.pdf),,,,,,,,
The figures in this table are National Statistics,,,,,,,,
