Department for Transport statistics,,,,,,,,,,,,,,,,
Bus Statistics (http://www.dft.gov.uk/statistics/series/buses/),,,,,,,,,,,,,,,,
Table BUS0701b,,,,,,,,,,,,,,,,
"Staff employed by local bus operators1: Great Britain, annual from 2004/05",,,,,,,,,,,,,,,,
,,,,,,,,Thousands,,,,,,,,
Year,,Drivers,Conductors,All Platform,Maintenance,Administration,All other,All,,,,,,,,
2004/05,,..,..,98,15,13,28,125,,,,,,,,
2005/06,,..,..,97,15,12,28,124,,,,,,,,
2006/07,,..,..,97,16,13,29,126,,,,,,,,
2007/08,,..,..,100,16,13,29,129,,,,,,,,
2008/09,,..,..,98,15,12,28,126,,,,,,,,
2009/10,,,,98,15,12,27,125,,,,,,,,
2010/11,,..,..,98,14,12,26,124,,,,,,,,
"1 This table covers all operators who run local bus services, including those who also do non-local work (e.g. private hire, school contracts).",,,,,,,,,,,,,,,,
Operators who do solely non-local work are excluded.,,,,,,,,,,,,,,,,
2 Deregulation of the bus market took place in October 1986,,,,,,,,,,,,,,,,
Telephone: 020 7944 3094,,,,,,,,,
Email: bus.statistics@dft.gsi.gov.uk,,,,,,,,,
Notes & definitions (http://assets.dft.gov.uk/statistics/series/buses/bus-notes-definitions.pdf),,,,,,,,,
Source: DfT Public Service Vehicle Survey,,,,,,,,,
Last updated: 20 October 2011,,,,,,,,,
Next update: Autumn 2012,,,,,,,,,
The figures in this table are National Statistics,,,,,,,,,
,,,,,,,,,
,,,,,,,,,
,,,,,,,,,
,,,,,,,,,
,,,,,,,,,
