Department for Transport statistics,,,,,,,,,,,,,,,,,,,,,,,,,,,,,,,,,,
Bus Statistics (http://www.dft.gov.uk/statistics/series/buses/),,,,,,,,,,,,,,,,,,,,,,,,,,,,,,,,,,
Table BUS0606,,,,,,,,,,,,,,,,,,,,,,,,,,,,,,,,,,
"Percentage of buses used as Public Service Vehicles with automatic vehicle location (AVL) device1 by metropolitan area status and country2: Great Britain, annual from 2006/07",,,,,,,,,,,,,,,,,,,,,,,,,,,,,,,,,,
,,,,,,,Percentage,,,,,,,,,,,,,,,,,,,,,,,,,,,
Year,London,English metropolitan areas,English non-metropolitan areas,England,Scotland,Wales,Great Britain,,,,,,,,,,,,,,,,,,,,,,,,,,,
2006/07,23,48,33,35,25,31,34,,,,,,,,,,,,,,,,,,,,,,,,,,,
2007/08,67,50,36,47,38,34,45,,,,,,,,,,,,,,,,,,,,,,,,,,,
2008/09,94,52,42,57,41,34,54,,,,,,,,,,,,,,,,,,,,,,,,,,,
2009/10,96,53,42,58,44,36,55,,,,,,,,,,,,,,,,,,,,,,,,,,,
2010/11,96,67,49,65,54,46,63,,,,,,,,,,,,,,,,,,,,,,,,,,,
1 Automatic Vehicle Location devices electronically measure the physical position of a bus. They can be used as part of real-time passenger information,,,,,,,,,,,,,,,,,,,,,,,,,,,,,,,,,,
systems (e.g. digital displays at bus stops) and also to measure service punctuality.,,,,,,,,,,,,,,,,,,,,,,,,,,,,,,,,,,
2 Vehicles are assigned to areas based on the main area of operation of the operator to which they belong.,,,,,,,,,,,,,,,,,,,,,,,,,,,,,,,,,,
Telephone: 020 7944 3094,,,,,,,Source: DfT Public Service Vehicle Survey,,,,,,,,,,,,,,,,,,,,,,,,,,,
Email: bus.statistics@dft.gsi.gov.uk,,,,,,,Last updated: 20 October 2011,,,,,,,,,,,,,,,,,,,,,,,,,,,
Notes & definitions (http://assets.dft.gov.uk/statistics/series/buses/bus-notes-definitions.pdf),,,,,,,Next update: Autumn 2012
The figures in this table are National Statistics,,,,,,,
