Department for Transport statistics,,,,,,,,
Bus Statistics (http://www.dft.gov.uk/statistics/series/buses/),,,,,,,,
Table BUS0408a [per kilometre],,,,,,,,
"Operating cost2 per vehicle kilometre (at current prices1) on local bus services by metropolitan area status and country: Great Britain outside London, annual from 2004/05",,,,,,,,
,,,,,,,,Pence
Year,,London3,English metropolitan areas,English non-metropolitan areas,"England 
outside 
London",Scotland,Wales,"Great Britain 
outside 
London"
2004/05,,..,145,111,123,108,78,118
2005/06,,..,160,120,134,107,90,127
2006/07,,..,177,133,148,122,110,142
2007/08,,..,178,139,153,128,107,146
2008/09,,..,183,150,161,146,117,156
2009/10,,..,201,155,171,148,114,164
2010/11,,..,201,152,169,152,111,163
1 Not adjusted for inflation.,,,,,,,,
2 Operating cost includes administration and depreciation.,,,,,,,,
"3 Buses in London operate under a different regulatory model to the rest of the country, and comparisons on an operating costs basis",,,,,,,,
between London and the rest of the country would have little meaning. London figures are therefore excluded from this table.,,,,,,,,
Telephone: 020 7944 3094,,,,,,,,Source: Department for Transport Public Service Vehicle Survey
Email: bus.statistics@dft.gsi.gov.uk,,,,,,,,Last updated: 20 October 2011
Notes & definitions (http://assets.dft.gov.uk/statistics/series/buses/bus-notes-definitions.pdf),,,,,,,,Next update: Autumn 2012
The figures in this table are National Statistics,,,,,,,,
