Department for Transport statistics,,,,,,,,,
Bus Statistics (http://www.dft.gov.uk/statistics/series/buses/),,,,,,,,,
Table BUS0106a,,,,,,,,,
"Passenger journeys on local bus services by metropolitan area status and country: Great Britain, quarterly from 2004/05 (seasonally adjusted)",,,,,,,,,
,,,,,,,,,Millions
,,,London,English metropolitan areas,English non-metropolitan areas,England,Scotland,Wales,Great Britain
2004/05 ,Apr-Jun,,436,268,285,989,115,30,"1,134"
,Jul-Sep,,445,266,283,994,115,30,"1,139"
,Oct-Dec,,465,268,285,"1,019",115,31,"1,165"
,Jan-Mar,,456,264,284,"1,003",115,30,"1,149"
2005/06 ,Apr-Jun,,462,261,289,"1,012",117,30,"1,158"
,Jul-Sep,,452,260,288,999,117,30,"1,146"
,Oct-Dec,,480,259,290,"1,029",116,30,"1,176"
,Jan-Mar,,488,257,291,"1,037",118,30,"1,184"
2006/07 ,Apr-Jun,,487,264,302,"1,052",119,30,"1,201"
,Jul-Sep,,494,263,307,"1,064",122,30,"1,216"
,Oct-Dec,,501,265,311,"1,078",120,30,"1,227"
,Jan-Mar,,512,268,316,"1,095",122,30,"1,247"
2007/08 ,Apr-Jun,,534,265,313,"1,111",123,30,"1,264"
,Jul-Sep,,538,270,319,"1,128",124,30,"1,282"
,Oct-Dec,,540,271,323,"1,134",125,30,"1,289"
,Jan-Mar,,549,269,328,"1,146",125,30,"1,302"
2008/09 ,Apr-Jun,,557,269,331,"1,156",125,32,"1,312"
,Jul-Sep,,561,273,334,"1,168",126,31,"1,325"
,Oct-Dec,,556,269,329,"1,154",121,31,"1,306"
,Jan-Mar,,555,269,323,"1,147",121,31,"1,299"
2009/10 ,Apr-Jun,,561,271,326,"1,158",120,30,"1,308"
,Jul-Sep,,558,264,322,"1,144",117,29,"1,290"
,Oct-Dec,,560,269,322,"1,151",117,29,"1,296"
,Jan-Mar,,559,270,322,"1,151",114,28,"1,293"
2010/11 ,Apr-Jun,,561,268,325,"1,154",111,29,"1,294"
,Jul-Sep,,563,264,326,"1,153",110,29,"1,292"
,Oct-Dec,,568,258,310,"1,135",109,27,"1,271"
,Jan-Mar,,577,265,325,"1,167",108,29,"1,304"
2011/12 ,Apr-Jun,,568,251,320,"1,139",110,29,"1,278"
,Jul-Sep,,573,257,319,"1,148",110,28,"1,287"
,Oct-Dec,,581,258,319,"1,158",111,29,"1,298"
Telephone: 020 7944 3094,,,,,,,,,Source: DfT Quarterly Panel Survey
Email: bus.statistics@dft.gsi.gov.uk,,,,,,,,,Last updated: 15 March 2012
Notes & definitions (http://assets.dft.gov.uk/statistics/series/buses/bus-notes-definitions.pdf),,,,,,,,,Next update: 21 June 2012
The figures in this table are National Statistics,,,,,,,,,
