Department for Transport statistics,,,,,,,,
Bus Statistics (http://www.dft.gov.uk/statistics/series/buses/),,,,,,,,
Table BUS0408b [per mile],,,,,,,,
"Operating cost2 per vehicle mile (at 2010/11 prices1) on local bus services by metropolitan area status and country: Great Britain outside London, annual from 2004/05",,,,,,,,
,,,,,,,,Pence
Year,,London3,English metropolitan areas,English non-metropolitan areas,"England 
outside 
London",Scotland,Wales,"Great Britain 
outside 
London"
2004/05,,..,272,207,230,202,146,220
2005/06,,..,295,220,247,197,166,233
2006/07,,..,315,237,264,218,196,252
2007/08,,..,308,240,264,221,184,252
2008/09,,..,308,252,272,246,197,263
2009/10,,..,333,258,284,245,189,271
2010/11,,..,324,245,272,244,179,262
1 Adjusted for inflation using GDP deflator (as at 28 June 2011).,,,,,,,,
2 Operating cost includes administration and depreciation.,,,,,,,,
"3 Buses in London operate under a different regulatory model to the rest of the country, and comparisons on an operating costs basis",,,,,,,,
between London and the rest of the country would have little meaning. London figures are therefore excluded from this table.,,,,,,,,
Telephone: 020 7944 3094,,,,,,,,"Source: Department for Transport Public Service Vehicle Survey, HM Treasury GDP deflator"
Email: bus.statistics@dft.gsi.gov.uk,,,,,,,,Last updated: 20 October 2011
Notes & definitions (http://assets.dft.gov.uk/statistics/series/buses/bus-notes-definitions.pdf),,,,,,,,Next update: Autumn 2012
The figures in this table are National Statistics,,,,,,,,
