Department for Transport statistics,,,,,,,,
Bus Statistics (http://www.dft.gov.uk/statistics/series/buses/),,,,,,,,
Table BUS0401b,,,,,,,,
"Operating revenue2 (at 2010/11 prices1) on local bus services by metropolitan area status and country: Great Britain, annual from 2004/05",,,,,,,,
,,,,,,,,� million
Year,,London,English metropolitan areas,English non-metropolitan areas,England,Scotland,Wales,Great Britain
2004/05,R,"1,760","1,242","1,672","4,674",531,180,"5,385"
2005/06,R,"1,864","1,260","1,790","4,915",569,196,"5,679"
2006/07,R,"1,898","1,260","1,936","5,094",623,192,"5,909"
2007/08,R,"1,950","1,277","2,015","5,242",653,198,"6,093"
2008/09,R,"1,989","1,293","2,117","5,399",646,203,"6,247"
2009/10,R,"1,985","1,308","2,219","5,512",651,212,"6,375"
2010/11,,"1,922","1,274","2,150","5,346",612,204,"6,161"
1 Adjusted for inflation using GDP deflator (as at 28 June 2011).,,,,,,,,
"2 Operating revenue includes Bus Service Operators Grant, Concessionary Fare Reimbursement, contracts, other public transport",,,,,,,,
support to operators and passenger fare receipts.,,,,,,,,
R Minor revisions have been made to earlier years data.,,,,,,,,
,,,,,,,,"Source: DfT Public Service Vehicle Survey, Transport for London, CLG RO forms, DfT BSOG returns, London Councils, GDP deflator"
Telephone: 020 7944 3094,,,,,,,,Last updated: January 2012
Email: bus.statistics@dft.gsi.gov.uk,,,,,,,,Next update: Autumn 2012
Notes & definitions (http://assets.dft.gov.uk/statistics/series/buses/bus-notes-definitions.pdf),,,,,,,,
The figures in this table are National Statistics,,,,,,,,
