Department for Transport statistics,,,,,,,,,
Bus Statistics (http://www.dft.gov.uk/statistics/series/buses/),,,,,,,,,
Table BUS0605,,,,,,,,,
"Average age of the bus fleet used as Public Service Vehicles by metropolitan area status and country1: Great Britain, annual from  2005/06",,,,,,,,,
,,,,,,,Years,,
Year,London,English metropolitan areas,English non-metropolitan areas,England,Scotland,Wales,Great Britain,,
2005/06,4.6,8.4,8.9,7.8,8.6,9.6,8.0,,
2006/07,5.0,8.1,8.6,7.7,8.2,10.0,7.9,,
2007/08,5.8,7.7,8.7,7.8,8.0,9.1,7.9,,
2008/09,6.1,7.7,8.3,7.7,8.1,9.3,7.8,,
2009/10,6.1,7.7,8.4,7.7,7.8,9.0,7.8,,
2010/11,5.9,7.9,8.8,7.8,7.9,9.2,7.9,,
1 Vehicles are assigned to areas based on the main area of operation of the operator to which they belong.,,,,,,,,,
Telephone: 020 7944 3094,,,,,,,Source: DfT Public Service Vehicle Survey,,
Email: bus.statistics@dft.gsi.gov.uk,,,,,,,Last updated: 20 October 2011,,
Notes & definitions (http://assets.dft.gov.uk/statistics/series/buses/bus-notes-definitions.pdf),,,,,,,Next update: Autumn 2012,,
The figures in this table are National Statistics
