Department for Transport statistics,,,,,,,,
Bus Statistics (http://www.dft.gov.uk/statistics/series/buses/),,,,,,,,
Table BUS0403b [per mile],,,,,,,,
"Operating revenue2 per vehicle mile (at 2010/11 prices1) on local bus services by metropolitan area status and country: Great Britain, annual from 2004/05",,,,,,,,
,,,,,,,,pence
Year,,London,English metropolitan areas,English non-metropolitan areas,England,Scotland,Wales,Great Britain
2004/05,R,603,339,250,352,232,219,329
2005/06,R,651,351,271,377,240,243,350
2006/07,R,657,343,284,381,259,253,357
2007/08,R,675,348,297,393,269,262,369
2008/09,R,675,356,316,406,285,260,382
2009/10,R,667,374,333,420,276,283,393
2010/11,,643,365,323,407,278,270,383
1 Adjusted for inflation using GDP deflator (as at 28 June 2011).,,,,,,,,
"2 Operating revenue includes Bus Service Operators Grant, Concessionary Fare Reimbursement, contracts, other public transport",,,,,,,,
support to operators and passenger fare receipts.,,,,,,,,
R Minor revisions have been made to earlier years data.,,,,,,,,
,,,,,,,,"Source: DfT Public Service Vehicle Survey, Transport for London, CLG RO forms, DfT BSOG returns, London Councils, GDP deflator"
Telephone: 020 7944 3094,,,,,,,,Last updated: January 2012
Email: bus.statistics@dft.gsi.gov.uk,,,,,,,,Next update: Autumn 2012
Notes & definitions (http://assets.dft.gov.uk/statistics/series/buses/bus-notes-definitions.pdf),,,,,,,,
The figures in this table are National Statistics,,,,,,,,
