Department for Transport statistics,,,,,,,,
Bus Statistics (http://www.dft.gov.uk/statistics/series/buses/),,,,,,,,
Table BUS0403a [per kilometre],,,,,,,,
"Operating revenue2 per vehicle kilometre (at current prices1) on local bus services by metropolitan area status and country: Great Britain, annual from 2004/05",,,,,,,,
,,,,,,,,pence
Year,,London,English metropolitan areas,English non-metropolitan areas,England,Scotland,Wales,Great Britain
2004/05,R,322,181,134,188,124,117,175
2005/06,R,354,191,147,205,130,132,190
2006/07,R,369,192,160,214,146,142,201
2007/08,R,390,201,172,227,156,151,213
2008/09,R,401,211,187,241,169,154,227
2009/10,R,403,226,201,253,167,171,237
2010/11,,399,227,200,253,173,168,238
1 Not adjusted for inflation.,,,,,,,,
"2 Operating revenue includes Bus Service Operators Grant, Concessionary Fare Reimbursement, contracts, other public transport",,,,,,,,
support to operators and passenger fare receipts.,,,,,,,,
R Minor revisions have been made to earlier years data.,,,,,,,,
,,,,,,,,"Source: DfT Public Service Vehicle Survey, Transport for London, CLG RO forms, DfT BSOG returns, London Councils"
Telephone: 020 7944 3094,,,,,,,,Last updated: January 2012
Email: bus.statistics@dft.gsi.gov.uk,,,,,,,,Next update: Autumn 2012
Notes & definitions (http://assets.dft.gov.uk/statistics/series/buses/bus-notes-definitions.pdf),,,,,,,,
The figures in this table are National Statistics,,,,,,,,
