Department for Transport statistics,,,,,,,,
Bus Statistics (http://www.dft.gov.uk/statistics/series/buses/),,,,,,,,
Table BUS0407a,,,,,,,,
"Operating cost2 per passenger journey (at current prices1) on local bus services by metropolitan area status and country: Great Britain outside London, annual from 2004/05",,,,,,,,
,,,,,,,,Pence
Year,,London3,English metropolitan areas,English non-metropolitan areas,"England 
outside 
London",Scotland,Wales,"Great Britain 
outside 
London"
2004/05,,..,81,105,93,86,85,92
2005/06,,..,89,110,100,87,98,98
2006/07,,..,99,118,109,98,113,107
2007/08,,..,98,118,109,100,108,107
2008/09,,..,99,123,112,108,118,112
2009/10,,..,105,129,118,120,118,119
2010/11,,..,107,127,118,123,119,119
1 Not adjusted for inflation.,,,,,,,,
2 Operating cost includes administration and depreciation.,,,,,,,,
"3 Buses in London operate under a different regulatory model to the rest of the country, and comparisons on an operating costs basis",,,,,,,,
between London and the rest of the country would have little meaning. London figures are therefore excluded from this table.,,,,,,,,
Telephone: 020 7944 3094,,,,,,,,Source: Department for Transport Public Service Vehicle Survey
Email: bus.statistics@dft.gsi.gov.uk,,,,,,,,Last updated: 20 October 2011
Notes & definitions (http://assets.dft.gov.uk/statistics/series/buses/bus-notes-definitions.pdf),,,,,,,,Next update: Autumn 2012
The figures in this table are National Statistics,,,,,,,,
