Department for Transport statistics,,,,,,,,,
Bus Statistics (http://www.dft.gov.uk/statistics/series/buses/),,,,,,,,,
Table BUS0504,,,,,,,,,
"Local bus contracts for subsidised services: Price increases and competition for tenders1: Great Britain, annual from 1998",,,,,,,,,
,,,,,,,,,
Year,,Average price increase for contracts renewed on a like for like basis2 (percentage),"Average number 
of bids per tender ","Percentage of tenders 
with only one bidder","Percentage of tenders
with no bidder",,,,
,,,,,,,,,
1998 ,,11.8,3.1,.,.,,,,
1999 ,,17.0,3.1,.,.,,,,
2000 ,,16.7,2.9,.,.,,,,
2001 ,,20.9,2.9,25.0,3.1,,,,
2002 ,,19.6,3.0,20.5,2.1,,,,
2003 ,,15.0,2.8,21.6,3.6,,,,
2004 ,,12.1,2.9,25.2,1.2,,,,
2005 ,,11.2,3.1,19.1,0.6,,,,
2006 ,,7.9,2.8,20.0,0.7,,,,
2007 ,,4.9,3.0,25.4,0.5,,
2008 ,,2.3,3.3,20.4,0.2,,
2009 ,,-1.1,4.0,11.0,1.0,,
2010 ,R,-7.8,3.9,10.6,0.7,,
2011 ,,-3.0,3.6,11.0,0.7,,
"1. This information is collected from Local Authorities by ATCO as part of their annual Price, Expenditure and Competition Survey.",,,,,,,
For further information please refer to www.atco.org.uk ,,,,,,,
"2. Figures relate to contracts renewed on a like-for-like basis in the twelve months to the end of September each year, and ",,,,,,,
therefore do not represent a year on year change in the price of all contracts as most contracts will run for more than one year,,,,,,,
Telephone: 020 7944 3094,,,,,Source: Association of Transport Co-Ordinating Officers (ATCO),,
Email: bus.statistics@dft.gsi.gov.uk,,,,,Last updated: 15 March 2012,,
Notes & definitions (http://assets.dft.gov.uk/statistics/series/buses/bus-notes-definitions.pdf),,,,,Next update: TBC,,
The figures in this table are outside the scope of National Statistics,,,,,,,
