Department for Transport statistics,,,,,,,,
Bus Statistics (http://www.dft.gov.uk/statistics/series/buses/),,,,,,,,
Table BUS0408a [per mile],,,,,,,,
"Operating cost2 per vehicle mile (at current prices1) on local bus services by metropolitan area status and country: Great Britain outside London, annual from 2004/05",,,,,,,,
,,,,,,,,Pence
Year,,London3,English metropolitan areas,English non-metropolitan areas,"England 
outside 
London",Scotland,Wales,"Great Britain 
outside 
London"
2004/05,,..,234,178,198,173,126,189
2005/06,,..,258,193,216,172,145,204
2006/07,,..,284,214,239,197,177,228
2007/08,,..,286,223,246,206,171,234
2008/09,,..,295,241,260,235,189,251
2009/10,,..,324,250,275,238,184,264
2010/11,,..,324,245,272,244,179,262
1 Not adjusted for inflation.,,,,,,,,
2 Operating cost includes administration and depreciation.,,,,,,,,
"3 Buses in London operate under a different regulatory model to the rest of the country, and comparisons on an operating costs basis",,,,,,,,
between London and the rest of the country would have little meaning. London figures are therefore excluded from this table.,,,,,,,,
Telephone: 020 7944 3094,,,,,,,,Source: Department for Transport Public Service Vehicle Survey
Email: bus.statistics@dft.gsi.gov.uk,,,,,,,,Last updated: 20 October 2011
Notes & definitions (http://assets.dft.gov.uk/statistics/series/buses/bus-notes-definitions.pdf),,,,,,,,Next update: Autumn 2012
The figures in this table are National Statistics,,,,,,,,
