Department for Transport statistics,,,,,,,,
Bus Statistics (http://www.dft.gov.uk/statistics/series/buses/),,,,,,,,
Table BUS0401a,,,,,,,,
"Operating revenue2 (at current prices1) on local bus services by metropolitan area status and country: Great Britain, annual from 2004/05",,,,,,,,
,,,,,,,,� million
Year,,London,English metropolitan areas,English non-metropolitan areas,England,Scotland,Wales,Great Britain
2004/05,R,"1,512","1,067","1,436","4,015",457,155,"4,626"
2005/06,R,"1,630","1,102","1,566","4,299",497,171,"4,968"
2006/07,R,"1,716","1,139","1,750","4,605",564,173,"5,342"
2007/08,R,"1,813","1,188","1,874","4,874",607,184,"5,666"
2008/09,R,"1,900","1,235","2,023","5,159",617,194,"5,970"
2009/10,R,"1,928","1,270","2,155","5,353",632,206,"6,191"
2010/11,,"1,922","1,274","2,150","5,346",612,204,"6,161"
1 Not adjusted for inflation.,,,,,,,,
"2 Operating revenue includes Bus Service Operators Grant, Concessionary Fare Reimbursement, contracts, other public transport",,,,,,,,
support to operators and passenger fare receipts.,,,,,,,,
R Minor revisions have been made to earlier years data.,,,,,,,,
,,,,,,,,"Source: DfT Public Service Vehicle Survey, Transport for London, CLG RO forms, DfT BSOG returns, London Councils"
Telephone: 020 7944 3094,,,,,,,,Last updated: January 2012
Email: bus.statistics@dft.gsi.gov.uk,,,,,,,,Next update: Autumn 2012
Notes & definitions (http://assets.dft.gov.uk/statistics/series/buses/bus-notes-definitions.pdf),,,,,,,,
The figures in this table are National Statistics,,,,,,,,
