Department for Transport statistics,,,,,,,,
Bus Statistics (http://www.dft.gov.uk/statistics/series/buses/),,,,,,,,
Table BUS0407b,,,,,,,,
"Operating cost2 per passenger journey (at 2010/11 prices1) on local bus services by metropolitan area status and country: Great Britain outside London, annual from 2004/05",,,,,,,,
,,,,,,,,Pence
Year,,London3,English metropolitan areas,English non-metropolitan areas,"England 
outside 
London",Scotland,Wales,"Great Britain 
outside 
London"
2004/05,,..,94,122,108,100,99,107
2005/06,,..,102,126,114,100,112,112
2006/07,,..,109,131,121,109,125,119
2007/08,,..,105,127,117,108,116,116
2008/09,,..,104,128,117,113,123,117
2009/10,,..,109,133,122,123,122,122
2010/11,,..,107,127,118,123,119,119
1 Adjusted for inflation using GDP deflator (as at 28 June 2011).,,,,,,,,
2 Operating cost includes administration and depreciation.,,,,,,,,
"3 Buses in London operate under a different regulatory model to the rest of the country, and comparisons on an operating costs basis",,,,,,,,
between London and the rest of the country would have little meaning. London figures are therefore excluded from this table.,,,,,,,,
Telephone: 020 7944 3094,,,,,,,,"Source: Department for Transport Public Service Vehicle Survey, HM Treasury GDP deflator"
Email: bus.statistics@dft.gsi.gov.uk,,,,,,,,Last updated: 20 October 2011
Notes & definitions (http://assets.dft.gov.uk/statistics/series/buses/bus-notes-definitions.pdf),,,,,,,,Next update: Autumn 2012
The figures in this table are National Statistics,,,,,,,,
