Department for Transport statistics,,,,,,,,
Bus Statistics (http://www.dft.gov.uk/statistics/series/buses/),,,,,,,,
Table BUS0404b [per kilometre],,,,,,,,
"Operating revenue2 per vehicle kilometre (at 2010/11 prices1) on local bus services by metropolitan area status and country: Great Britain, annual from 2004/05",,,,,,,,
,,,,,,,,pence
Year,,London,English metropolitan areas,English non-metropolitan areas,England,Scotland,Wales,Great Britain
2004/05,R,375,210,155,219,144,136,204
2005/06,R,404,218,169,234,149,151,217
2006/07,R,408,213,177,237,161,157,222
2007/08,R,419,216,185,244,167,163,229
2008/09,R,420,221,196,252,177,161,238
2009/10,R,415,233,207,261,172,176,244
2010/11,,399,227,200,253,173,168,238
1 Adjusted for inflation using GDP deflator (as at 28 June 2011).,,,,,,,,
"2 Operating revenue includes Bus Service Operators Grant, Concessionary Fare Reimbursement, contracts, other public transport",,,,,,,,
support to operators and passenger fare receipts.,,,,,,,,
R Minor revisions have been made to earlier years data.,,,,,,,,
,,,,,,,,"Source: DfT Public Service Vehicle Survey, Transport for London, CLG RO forms, DfT BSOG returns, London Councils, GDP deflator"
Telephone: 020 7944 3094,,,,,,,,Last updated: January 2012
Email: bus.statistics@dft.gsi.gov.uk,,,,,,,,Next update: Autumn 2012
Notes & definitions (http://assets.dft.gov.uk/statistics/series/buses/bus-notes-definitions.pdf),,,,,,,,
The figures in this table are National Statistics,,,,,,,,
