Department for Transport statistics,,,,,,,,
Bus Statistics (http://www.dft.gov.uk/statistics/series/buses/),,,,,,,,
Table BUS0409b [per kilometre],,,,,,,,
"Operating cost2 per vehicle kilometre (at 2010/11 prices1) on local bus services by metropolitan area status and country: Great Britain outside London, annual from 2004/05",,,,,,,,
,,,,,,,,Pence
Year,,London3,English metropolitan areas,English non-metropolitan areas,"England 
outside 
London",Scotland,Wales,"Great Britain 
outside 
London"
2004/05,,..,169,129,143,125,91,137
2005/06,,..,183,137,153,122,103,145
2006/07,,..,196,147,164,135,121,157
2007/08,,..,191,149,164,138,115,157
2008/09,,..,192,157,169,153,123,163
2009/10,,..,207,160,176,152,118,169
2010/11,,..,201,152,169,152,111,163
1 Adjusted for inflation using GDP deflator (as at 28 June 2011).,,,,,,,,
2 Operating cost includes administration and depreciation.,,,,,,,,
"3 Buses in London operate under a different regulatory model to the rest of the country, and comparisons on an operating costs basis",,,,,,,,
between London and the rest of the country would have little meaning. London figures are therefore excluded from this table.,,,,,,,,
Telephone: 020 7944 3094,,,,,,,,"Source: Department for Transport Public Service Vehicle Survey, HM Treasury GDP deflator"
Email: bus.statistics@dft.gsi.gov.uk,,,,,,,,Last updated: 20 October 2011
Notes & definitions (http://assets.dft.gov.uk/statistics/series/buses/bus-notes-definitions.pdf),,,,,,,,Next update: Autumn 2012
The figures in this table are National Statistics,,,,,,,,
