Department for Transport statistics,,,,,,,,,,,
Bus Statistics (http://www.dft.gov.uk/statistics/series/buses/),,,,,,,,,,,
Table BUS0109a,,,,,,,,,,,
"Passenger journeys on local bus services by local authority1,2: England, 2010/11",,,,,,,,,,,
,,,,Millions,,,,,,,
LA Code,Local Authority,,,2010/11,,,,,,,
E12000001,North East,,,,,,,,,,
E06000005,,Darlington,,7.9,,,,,,,
E06000047,,Durham,,27.8,,,,,,,
E06000001,,Hartlepool,,5.2,,,,,,,
E06000002,,Middlesbrough,,9.9,,,,,,,
E06000048,,Northumberland,,11.9,,,,,,,
E06000003,,Redcar and Cleveland,,6.3,,,,,,,
E06000004,,Stockton-on-Tees,,10.2,,,,,,,
E11000004,,Tyne and Wear ITA,3,126.4,,,,,,,
E12000002,North West,,,,,,,,,,
E06000008,,Blackburn with Darwen,,4.6
E06000009,,Blackpool,3,11.8
E06000049,,Cheshire East,,7.0
E06000050,,Cheshire West and Chester,,10.6
E10000006,,Cumbria,,17.6
E06000006,,Halton,,4.7
E10000017,,Lancashire,,60.6
E06000007,,Warrington,,11.1
E11000001,,Greater Manchester ITA,3,211.3
E11000002,,Merseyside ITA,,133.7
E12000003,Yorkshire and The Humber,,,
E06000011,,East Riding of Yorkshire,,6.9
E06000010,,"Kingston upon Hull, City of",,24.0
E06000012,,North East Lincolnshire,,7.9
E06000013,,North Lincolnshire,,4.4
E10000023,,North Yorkshire,,19.2
E06000014,,York,,15.2
E11000003,,South Yorkshire ITA,3,108.5
E11000006,,West Yorkshire ITA,,175.6
E12000004,East Midlands,,,
E06000015,,Derby,,14.8
E10000007,,Derbyshire,,31.1
E06000016,,Leicester,,30.6
E10000018,,Leicestershire,,16.4
E10000019,,Lincolnshire,,16.8
E10000021,,Northamptonshire,,19.1
E06000018,,Nottingham,3,41.6
E10000024,,Nottinghamshire,,39.7
E06000017,,Rutland,,0.1
E12000005,West Midlands,,,
E06000019,,"Herefordshire, County of",,3.2
E06000051,,Shropshire,,6.4
E10000028,,Staffordshire,,21.0
E06000021,,Stoke-on-Trent,,14.4
E06000020,,Telford and Wrekin,,5.9
E10000031,,Warwickshire,,16.5
E10000034,,Worcestershire,,16.0
E11000005,,West Midlands ITA,3,299.6
E12000006,East of England,,,
E06000055,,Bedford,,7.0
E10000003,,Cambridgeshire,,22.5
E06000056,,Central Bedfordshire,,1.4
E10000012,,Essex,,42.7
E10000015,,Hertfordshire,,25.9
E06000032,,Luton,,10.1
E10000020,,Norfolk,,29.9
E06000031,,Peterborough,,10.7
E06000033,,Southend-on-Sea,,8.5
E10000029,,Suffolk,,17.3
E06000034,,Thurrock,,3.2
E12000007,London,,3,2269.1
E12000008,South East,,,
E06000036,,Bracknell Forest,,2.4
E06000043,,Brighton and Hove,,42.2
E10000002,,Buckinghamshire,,14.7
E10000011,,East Sussex,,22.3
E10000014,,Hampshire,,31.5
E06000046,,Isle of Wight,,7.2
E10000016,,Kent,,56.0
E06000035,,Medway,,8.9
E06000042,,Milton Keynes,,8.8
E10000025,,Oxfordshire,,35.9
E06000044,,Portsmouth,,11.0
E06000038,,Reading,,14.5
E06000039,,Slough,,3.7
E06000045,,Southampton,,16.6
E10000030,,Surrey,,21.8
E06000037,,West Berkshire,,2.1
E10000032,,West Sussex,,24.8
E06000040,,Windsor and Maidenhead,,2.0
E06000041,,Wokingham,,3.2
E12000009,South West,,,
E06000022,,Bath and North East Somerset,,10.7
E06000028,,Bournemouth,,14.7
E06000023,,"Bristol, City of",,21.1
E06000052,,Cornwall,,10.8
E10000008,,Devon,,27.1
E10000009,,Dorset,,11.2
E10000013,,Gloucestershire,,18.6
E06000024,,North Somerset,,5.5
E06000026,,Plymouth,,20.6,
E06000029,,Poole,,8.9,
E10000027,,Somerset,,12.1,
E06000025,,South Gloucestershire,,5.6,
E06000030,,Swindon,,12.0,
E06000027,,Torbay,,7.7,
E06000054,,Wiltshire,,10.7,
"1 Data are only available at ITA or London level, and therefore figures are quoted for Transport for London. ",,,,,
"Greater Manchester ITA, Merseyside ITA, Tyne and Wear ITA, West Midlands ITA, South Yorkshire ITA ",,,,,
and West Yorkshire ITA respectively.  Isles of Scilly are not included.,,,,,
2 Estimates of local authority passenger boardings prior to 2010/11 are based on figures provided,,,,,
by local authorities which are not directly comparable with these figures derived from the DfT PSV survey,,,,,
"3 For these authorities, historic data from local authorities (shown in BUS0109b) also included journeys on light rail systems",,,,,
,,,,,
,,,,,
Notes & definitions (http://assets.dft.gov.uk/statistics/series/buses/bus-notes-definitions.pdf),,,,,
Telephone: 020 7944 3094,,,
Email: bus.statistics@dft.gsi.gov.uk,,,
,,,
Source: Department for Transport Public Service Vehicle Survey,,,
Last updated: 20 October 2011,,,
Next update: Autumn 2012,,,

The figures in this table are National Statistics,,,
