Department for Transport statistics,,,,,,,,
Bus Statistics (http://www.dft.gov.uk/statistics/series/buses/),,,,,,,,
Table BUS0702,,,,,,,,
"Employee jobs in transport industries1: Great Britain, annual (as at March) from 19962 ",,,,,,,,
,,,,,,Thousands,,
Year,,Employee jobs in all industries & services,Employee jobs in all Road passenger transport,"Of which, employee jobs in Bus and Coach passenger transport",Railways,UK airlines (world-wide),,
1996,,"23,216",410,146,80,61,,
1997,,"23,770",438,146,46,72,,
1998,,"24,089",453,146,50,80,,
1999,,"24,432",458,152,49,88,,
2000,,"24,961",451,155,49,93,,
2001,,"25,282",458,156,49,92,,
2002,,"25,389",454,160,49,87,,
2003,,"25,439",452,155,48,90,,
2004,3,"25,653",452,162,49,85,,
2005,3,"26,155",461,173,53,84,,
2006,,"26,379",475,171,52,88
2007,,"26,564",481,165,53,88
2008,,"26,767",486,174,53,85
2009,,"26,429",474,168,51,76
2010,,"25,893",414,169,52,70
2011,,"25,978",410,171,48,66
1 The data in this table are now based on Standard Industrial Classification 2007 and includes revisions to the back series.,,,,,,
"2 The change to SIC 2007 means that comparable data are now only available back to 1996, not 1980.",,,,,,
3 Break in the local bus series (outside London) due to changes in the estimation methodology from 2004/05,,,,,,
Telephone: 020 7944 3094,,,,,,
Email: bus.statistics@dft.gsi.gov.uk,,,,,,
Notes & definitions (http://assets.dft.gov.uk/statistics/series/buses/bus-notes-definitions.pdf),,,,,,
"Source: ONS Short Term Employment Survey, Department for Transport Public Service Vehicle Survey",,,,,,
Last updated: 20 October 2011,,,,,,
Next update: Autumn 2012,,,,,,
The figures in this table are National Statistics,,,,,,
