Department for Transport statistics,,,,,,,,,,,,,,,,,,,,,,,,,
Bus Statistics (http://www.dft.gov.uk/statistics/series/buses/),,,,,,,,,,,,,,,,,,,,,,,,,
Table BUS0105,,,,,,,,,,,,,,,,,,,,,,,,,
"Concessionary passenger journeys1 on local bus services by metropolitan area status and country: Great Britain, annual from 2007/08",,,,,,,,,,,,,,,,,,,,,,,,,
,,,,,,,,Millions/percentage,,,,,,,,,,,,,,,,,
Year,,London,English metropolitan areas,English non-metropolitan areas,England,Scotland,Wales,Great Britain,,,,,,,,,,,,,,,,,
Total concessionary passenger journeys (millions),,,,,,,,,,,,,,,,,,,,,,,,,
2007/08,,668,369,386,"1,423",151,49,"1,623",,,,,,,,,,,,,,,,,
2008/09,,701,379,429,"1,508",157,53,"1,719",,,,,,,,,,,,,,,,,
2009/10,,720,372,464,"1,556",155,50,"1,761",,,,,,,,,,,,,,,,,
2010/11,,734,376,458,"1,569",149,49,"1,767",,,,,,,,,,,,,,,,,
Concessionary passenger journeys as a percentage of total passenger journeys,,,,,,,,,,,,,,,,,,,,,,,,,
2007/08,,31,34,30,31,30,41,32,,,,,,,,,,,,,,,,,
2008/09,,31,35,33,33,32,42,33,,,,,,,,,,,,,,,,,
2009/10,,32,35,36,34,33,43,34,,,,,,,,,,,,,,,,,
2010/11,,32,36,36,34,34,43,34,,,,,,,,,,,,,,,,,
"1 This table covers statutory and discretionary elderly/disabled and youth schemes, where operators receive reimbursment from local authorities",,,,,,,,,,,,,,,,,,
"The age of eligibility for the English National Concessionary Travel Scheme changed in April 2010, in line with changes to state pension age.  ",,,,,,,,,,,,,,,,,,
This may impact on the figures shown.  For further details of concessionary travel schemes please refer to the notes and definitions.,,,,,,,,,,,,,,,,,,

Telephone: 020 7944 3094,,,,,,,,"Source: DfT Public Service Vehicle Survey, Transport for London",,,,,,,,,,
Email: bus.statistics@dft.gsi.gov.uk,,,,,,,,Last updated: 20 October 2011,,,,,,,,,,
Notes & definitions (http://assets.dft.gov.uk/statistics/series/buses/bus-notes-definitions.pdf),,,,,,,,Next update: Autumn 2012,,,,,,,,,,
The figures in this table are National Statistics,,,,,,,,,,,,,,,,,,
,,,,,,,,,,,,,,,,,,
,,,,,,,,,,,,,,,,,,
,,,,,,,,,,,,,,,,,,
