Department for Transport statistics,,,,,,,,
Bus Statistics (http://www.dft.gov.uk/statistics/series/buses/),,,,,,,,
Table BUS0402b,,,,,,,,
"Operating revenue2 per passenger journey (at 2010/11 prices1) on local bus services by metropolitan area status and country: Great Britain, annual from 2004/05",,,,,,,,
,,,,,,,,pence
Year,,London,English metropolitan areas,English non-metropolitan areas,England,Scotland,Wales,Great Britain
2004/05,R,98,117,147,117,115,149,117
2005/06,R,99,121,155,121,122,163,122
2006/07,R,95,119,157,119,129,162,121
2007/08,R,90,119,157,116,131,165,119
2008/09,R,89,120,161,117,131,162,119
2009/10,R,89,122,172,120,139,182,123
2010/11,,85,121,167,116,140,180,119
1 Adjusted for inflation using GDP deflator (as at 28 June 2011).,,,,,,,,
"2 Operating revenue includes Bus Service Operators Grant, Concessionary Fare Reimbursement, contracts, other public transport",,,,,,,,
support to operators and passenger fare receipts.,,,,,,,,
R Minor revisions have been made to earlier years data.,,,,,,,,
,,,,,,,,"Source: DfT Public Service Vehicle Survey, Transport for London, CLG RO forms, DfT BSOG returns, London Councils, GDP deflator"
Telephone: 020 7944 3094,,,,,,,,Last updated: January 2012
Email: bus.statistics@dft.gsi.gov.uk,,,,,,,,Next update: Autumn 2012
Notes & definitions (http://assets.dft.gov.uk/statistics/series/buses/bus-notes-definitions.pdf),,,,,,,,
The figures in this table are National Statistics,,,,,,,,
