Department for Transport statistics,,,,,,,,,,,,,,,
Bus Statistics (http://www.dft.gov.uk/statistics/series/buses/),,,,,,,,,,,,,,,
Table BUS0406a,,,,,,,,,,,,,,,
"Operating cost2 (at current prices1) on local bus services by metropolitan area status and country: Great Britain outside London, annual from 2004/05",,,,,,,,,,,,,,,
,,,,,,,,� million,,,,,,,
Year,,London3,English metropolitan areas,English non-metropolitan areas,"England 
outside 
London",Scotland,Wales,"Great Britain 
outside 
London",,,,,,,
2004/05,,..,858,"1,190","2,048",397,103,"2,549",,,,,,,
2005/06,,..,925,"1,272","2,197",409,117,"2,723",,,,,,,
2006/07,,..,"1,046","1,458","2,505",473,134,"3,112",,,,,,,
2007/08,,..,"1,052","1,516","2,569",499,129,"3,197",,,,,,,
2008/09,,..,"1,071","1,616","2,686",534,147,"3,368",,,,,,,
2009/10,,..,"1,131","1,667","2,798",560,138,"3,497",,,,,,,
2010/11,,..,"1,130","1,634","2,765",537,135,"3,437",,,,,,,
1 Not adjusted for inflation.,,,,,,,,,,,,,,,
2 Operating cost includes administration and depreciation.,,,,,,,,,,,,,,,
"3 Buses in London operate under a different regulatory model to the rest of the country, and comparisons on an operating costs basis",,,,,,,,,,,,,,,
between London and the rest of the country would have little meaning. London figures are therefore excluded from this table.,,,,,,,,,,,,,,,
Telephone: 020 7944 3094,,,,,,,,Source: Department for Transport Public Service Vehicle Survey,,,,,,,
Email: bus.statistics@dft.gsi.gov.uk,,,,,,,,Last updated: 20 October 2011,,,,,,,
Notes & definitions (http://assets.dft.gov.uk/statistics/series/buses/bus-notes-definitions.pdf),,,,,,,,Next update: Autumn 2012,,,,,,,
The figures in this table are National Statistics,,,,,,,,,,,,,,,
,,,,,,,,,,,,,,,
