Department for Transport statistics,,,,,,,,,,,
Bus Statistics (http://www.dft.gov.uk/statistics/series/buses/),,,,,,,,,,,
Table BUS1003 [2008 data],,,,,,,,,,,
"Real Time Information (RTI) systems by metropolitan area status and country: Great Britain, end 20081",,,,,,,,,,,
,,,,,,,Number,,,,
Year,London,English metropolitan areas2,English non-metropolitan areas,England,Scotland,Wales,Great Britain,,,,
,,,,,,,,,,,
Physical RTI Displays3,,,,,,,,,,,
  LED displays,"2,000","1,490","3,550","7,040",780,530,"8,350",,,,
  Full screen,0,850,330,"1,180",350,0,"1,530",,,,
,,,,,,,,,,,
Virtual Dissemination4,,,,,,,,,,,
  SMS,0,"42,140","21,250","63,390","1,240",100,"64,730",,,,
  WAP,0,"36,140","1,730","37,870","2,500",0,"40,370",,,,
  LA website,0,"42,140","6,540","48,680","4,050","1,700","54,430",,,,
  Transport Direct Portal,0,"28,140",780,"28,920",630,0,"29,550",,,,
  Other website,0,"36,140","5,750","41,890",20,30,"41,940",
  Phone hotline,0,"12,200","1,800","14,000",0,100,"14,100",
  Other,0,"12,200",0,"12,200",0,0,"12,200",
1  This information is collected from Local Authorities by the RTIG as part of their annual Public Transport Technology Survey.  ,,,,,,,,
For further information please refer to www.rtig.org.uk.  All figures in this table are based on returns provided by local authories.  ,,,,,,,,
Missing returns are treated as 0 so it is possible that some figures will represent under-estimates.,,,,,,,,
2  Note that English metropolitan areas excludes London,,,,,,,,
"3  Physical displays include LED signs and full screen displays at bus stops, transport hubs or private buildings",,,,,,,,
"4 Virtual dissemination relates to number of bus stops covered by SMS, WAP, Local Authority and other websites and phone hotlines",,,,,,,,
Note that individual stops can be covered by more than one of these virtual methods so that figures cannot be sensibly aggregated,,,,,,,,
Telephone: 020 7944 3094,,,,,,,Source: RTIG,
Email: bus.statistics@dft.gsi.gov.uk,,,,,,,Last updated: 20 October 2011,
Notes & definitions (http://assets.dft.gov.uk/statistics/series/buses/bus-notes-definitions.pdf),,,,,,,Next update: None,
The figures in this table are outside the scope of National Statistics,,,,,,,,
