Department for Transport statistics,,,,
Bus Statistics (http://www.dft.gov.uk/statistics/series/buses/),,,,
Table BUS1001b,,,,
"Weekly bus vehicle trips1 by local authority: England, October 2011",,,,
Note: The figures in this table are outside the scope of National Statistics. ,,,,
,,,,Number
LA Code,Local Authority,,,"October
2011"
E12000001,North East,,,"162,000"
E06000005,,Darlington,,"12,000"
E06000047,,Durham,,"27,000"
E06000001,,Hartlepool,,"3,000"
E06000002,,Middlesbrough,,"8,000"
E06000048,,Northumberland,,"12,000"
E06000003,,Redcar and Cleveland,,"5,000"
E06000004,,Stockton-on-Tees,,"9,000"
E11000004,,Tyne and Wear ITA,,"87,000"
E12000002,North West,,,"344,000"
E06000008,,Blackburn with Darwen,,"5,000"
E06000009,,Blackpool,,"6,000"
E06000049,,Cheshire East,,"10,000"
E06000050,,Cheshire West and Chester,,"13,000"
E10000006,,Cumbria,,"20,000"
E06000006,,Halton,2,"6,000"
E10000017,,Lancashire,,"46,000"
E06000007,,Warrington,,"11,000"
E11000001,,Greater Manchester ITA,,"147,000"
E11000002,,Merseyside ITA,,"81,000"
E12000003,Yorkshire and The Humber,,,"263,000"
E06000011,,East Riding of Yorkshire,,"6,000"
E06000010,,"Kingston upon Hull, City of",,"19,000"
E06000012,,North East Lincolnshire,,"5,000"
E06000013,,North Lincolnshire,,"4,000"
E10000023,,North Yorkshire,,"18,000"
E06000014,,York,,"12,000"
E11000003,,South Yorkshire ITA,,"87,000"
E11000006,,West Yorkshire ITA,,"112,000"
E12000004,East Midlands,,,"211,000"
E06000015,,Derby,,"17,000"
E10000007,,Derbyshire,,"33,000"
E06000016,,Leicester,,"28,000"
E10000018,,Leicestershire,,"18,000"
E10000019,,Lincolnshire,,"17,000"
E10000021,,Northamptonshire,,"20,000"
E06000018,,Nottingham,,"40,000"
E10000024,,Nottinghamshire,,"36,000"
E06000017,,Rutland,,"1,000"
E12000005,West Midlands,,,"279,000"
E06000019,,"Herefordshire, County of",,"6,000"
E06000051,,Shropshire,,"9,000"
E10000028,,Staffordshire,,"30,000"
E06000021,,Stoke-on-Trent,,"16,000"
E06000020,,Telford and Wrekin,,"6,000"
E10000031,,Warwickshire,,"15,000"
E10000034,,Worcestershire,,"19,000"
E11000005,,West Midlands ITA,,"178,000"
E12000006,East of England,,,"187,000"
E06000055,,Bedford,,"9,000"
E10000003,,Cambridgeshire,,"16,000"
E06000056,,Central Bedfordshire,,"5,000"
E10000012,,Essex,,"49,000"
E10000015,,Hertfordshire,,"33,000"
E06000032,,Luton,,"10,000"
E10000020,,Norfolk,,"27,000"
E06000031,,Peterborough,,"8,000"
E06000033,,Southend-on-Sea,,"5,000"
E10000029,,Suffolk,,"20,000"
E06000034,,Thurrock,,"4,000"
E12000007,London,,,"739,000"
E12000008,South East,,,"313,000"
E06000036,,Bracknell Forest,,"3,000"
E06000043,,Brighton and Hove,,"21,000"
E10000002,,Buckinghamshire,,"16,000"
E10000011,,East Sussex,,"16,000"
E10000014,,Hampshire,2,"37,000"
E06000046,,Isle of Wight,,"7,000"
E10000016,,Kent,,"54,000"
E06000035,,Medway,,"11,000"
E06000042,,Milton Keynes,,"9,000"
E10000025,,Oxfordshire,,"35,000"
E06000044,,Portsmouth,2,"9,000"
E06000038,,Reading,,"14,000"
E06000039,,Slough,,"5,000"
E06000045,,Southampton,2,"13,000"
E10000030,,Surrey,,"31,000"
E06000037,,West Berkshire,,"3,000"
E10000032,,West Sussex,,"24,000"
E06000040,,Windsor and Maidenhead,,"3,000"
E06000041,,Wokingham,,"3,000"
E12000009,South West,,,"212,000"
E06000022,,Bath and North East Somerset,,"13,000"
E06000028,,Bournemouth,,"10,000"
E06000023,,"Bristol, City of",,"20,000"
E06000052,,Cornwall,2,"18,000"
E10000008,,Devon,,"31,000"
E10000009,,Dorset,,"10,000"
E10000013,,Gloucestershire,,"20,000"
E06000024,,North Somerset,2,"6,000"
E06000026,,Plymouth,,"20,000"
E06000029,,Poole,,"7,000"
E10000027,,Somerset,,"13,000"
E06000025,,South Gloucestershire,,"8,000"
E06000030,,Swindon,,"12,000"
E06000027,,Torbay,,"7,000"
E06000054,,Wiltshire,2,"16,000"
1 A 'bus vehicle trip' is a single vehicle working from the origin to the terminus of a timetabled route. This measure therefore reflects service frequency variations ,,,,
between areas as the more frequent routes will generate a higher number of vehicle trips. ,,,,
2 Data for bus services wholly or partially missing in 2011 and 2010 figure used instead,,,,
,,,,
Notes & definitions (http://assets.dft.gov.uk/statistics/series/buses/bus-notes-definitions.pdf),,,,
Telephone: 020 7944 3094,,,,
Email: bus.statistics@dft.gsi.gov.uk,,,,
,,,,
Source: National Public Transport Data Repository,,,
Last updated: 15 March 2012,,,
Next update: 2013,,,
,,,
,,,
,,,
