Department for Transport statistics,,,,,,,,,,,,,
Bus Statistics (http://www.dft.gov.uk/statistics/series/buses/),,,,,,,,,,,,,
Table BUS1001a,,,,,,,,,,,,,
"Weekly bus vehicle trips1 by metropolitan area status and country: Great Britain, annual from 2006 (October)",,,,,,,,,,,,,
Note: The figures in this table are outside the scope of National Statistics. ,,,,,,,,,,,,,
,,,,,,,,Number,,,,,
,,London,English metropolitan areas,English non-metropolitan areas,England,Scotland,Wales,Great Britain,,,,,
October 2006,,..,"756,000","1,323,000",..,"343,000","127,000",..,,,,,
October 2007,,"724,000","753,000","1,330,000","2,806,000","346,000","130,000","3,282,000",,,,,
October 2008,,"723,000","742,000","1,320,000","2,785,000","324,000","138,000","3,248,000",,,,,
October 2009,,"738,000","711,000","1,302,000","2,751,000","313,000","137,000","3,201,000",,,,,
October 2010,,"720,000","710,000","1,352,000","2,782,000","291,000","143,000","3,215,000",,,,,
October 2011,,"739,000","691,000","1,279,000","2,710,000","286,000","138,000","3,134,000",,,,,
1 A 'bus vehicle trip' is a single vehicle working from the origin to the terminus of a timetabled route. This measure therefore reflects service,,,,,,,,,,,,,
 frequency variations between areas as the more frequent routes will generate a higher number of vehicle trips. ,,,,,,,,,,,,,
Telephone: 020 7944 3094,,,,,,,,Source: National Public Transport Data Repository,,,,,
Email: bus.statistics@dft.gsi.gov.uk,,,,,,,,Last updated: 15 March 2012
Notes & definitions (http://assets.dft.gov.uk/statistics/series/buses/bus-notes-definitions.pdf),,,,,,,,Next update: 2013
,,,,,,,,
