Department for Transport statistics,,,,,,,,,,,,,
Bus Statistics (http://www.dft.gov.uk/statistics/series/buses/),,,,,,,,,,,,,
Table BUS1001c,,,,,,,,,,,,,
"Weekly bus vehicle trips1 per thousand resident people by metropolitan area status and country: Great Britain, annual from 2006 (October)",,,,,,,,,,,,,
Note: The figures in this table are outside the scope of National Statistics. ,,,,,,,,,,,,,
,,,,,,,,Vehicle trips per thousand people,,,,,
,,London,English metropolitan areas,English non-metropolitan areas,England,Scotland,Wales,Great Britain,,,,,
October 2006,,..,68,41,..,67,43,..,,,,,
October 2007,,95,68,41,55,67,44,55,,,,,
October 2008,,94,66,40,54,63,46,54,,,,,
October 2009,,95,63,40,53,60,46,53,,,,,
October 2010,,92,63,41,53,56,48,53,,,,,
October 2011,2 ,94,61,39,52,55,46,52,,,,,
1 A 'bus vehicle trip' is a single vehicle working from the origin to the terminus of a timetabled route. This measure therefore reflects service,,,,,,,,,,,,,
 frequency variations between areas as the more frequent routes will generate a higher number of vehicle trips. ,,,,,,,,,,,,,
2 Based on mid-2010 population estimates,,,,,,,,,,,,,
Telephone: 020 7944 3094,,,,,,,,"Source: National Public Transport Data Repository, ONS Population Estimates"
Email: bus.statistics@dft.gsi.gov.uk,,,,,,,,Last updated: 15 March 2012
Notes & definitions (http://assets.dft.gov.uk/statistics/series/buses/bus-notes-definitions.pdf),,,,,,,,Next update: 2013
,,,,,,,,
