British Social Attitudes survey (NatCen),,,,,,,,,,,
,,,,,,,,,,,
ATT0352,,,,  ,  ,,,,,,
"""Speed cameras save lives""",,,,,,,,,,,
,,,,,,,,,,,
,2002,2003,2004,2005,2006,2007,2008,2009,2010,2011,Sig change 10/11
Agree strongly,..,..,13%,9%,14%,10%,10%,12%,10%,14%,
Agree,..,..,34%,32%,40%,36%,38%,35%,39%,37%,
Neither agree/disagree,..,..,20%,24%,15%,23%,18%,19%,21%,19%,
Disagree,..,..,21%,23%,19%,20%,20%,21%,22%,20%,
Disagree strongly,..,..,9%,8%,7%,7%,8%,10%,5%,7%,
(Can't choose),..,..,2%,2%,2%,1%,1%,1%,1%,2%,
(Not answered),..,..,1%,2%,2%,3%,4%,1%,1%,2%,
,,,,,,,,,,,
Agree,..,..,47%,42%,55%,46%,48%,47%,49%,51%,
Disagree,..,..,30%,31%,26%,27%,29%,31%,27%,27%,
"Base (unwtd, self completed, C)",..,..,872,913,926,913,"1,012","1,017",930,950,
,,,,,,,,,,,
Source: 2011 British Social Attitudes survey (NatCen),,,,,,,,,,,
Telephone: 020 7944 4892,,,,,,,,,,,
Email: attitudes.stats@dft.gov.uk,,,,,,,,,,,
Last updated: January 2012,,,,,,,,,,,

Note: A new weighting scheme was introduced in 2005 - indicated by dotted line in tables. This has had little or no impact on the results.,,,,,,,,,,,
- Negligible (less than half the final digit shown),,,,,,,,,,,
.. Not available,,,,,,,,,,,
