British Social Attitudes survey (NatCen),,,,,,,,,,,
,,,,,,,,,,,
ATT0345,,,,  ,  ,,,,,,
"""Anyone who thinks that reducing their own car use will help the environment is wrong - one person doesn t make a difference""",,,,,,,,,,,
,,,,  ,  ,,,,,,
,2002,2003,2004,2005,2006,2007,2008,2009,2010,2011,Sig change 10/11
Agree strongly,..,..,..,..,3%,3%,4%,2%,3%,..,
Agree,..,..,..,..,13%,15%,14%,18%,16%,..,
Neither agree/disagree,..,..,..,..,22%,17%,20%,22%,25%,..,
Disagree,..,..,..,..,46%,47%,45%,40%,41%,..,
Disagree strongly,..,..,..,..,13%,14%,12%,13%,11%,..,
(Can't choose),..,..,..,..,2%,2%,2%,3%,2%,..,
(Not answered),..,..,..,..,1%,2%,2%,2%,2%,..,
 ,,,,,,,,,,,
Agree,..,..,..,..,16%,18%,18%,21%,18%,..,
Disagree,..,..,..,..,59%,61%,57%,52%,52%,..,
"Base (unwtd, self completed, A)",..,..,..,..,930,847,990,958,934,..,,,,,,,,,,,,
,,,,,,,,,,,,,,,,,,,,,,
"""There is no point in reducing my car use to help the environment unless others do so""",,,,,,,,,,,,,,,,,,,,,,
,,,,,,,,,,,,,,,,,,,,,,
,2002,2003,2004,2005,2006,2007,2008,2009,2010,2011,Sig change 10/11,,,,,,,,,,,
Agree strongly,..,..,..,..,..,..,..,..,..,10%,,,,,,,,,,,,
Agree,..,..,..,..,..,..,..,..,..,37%,,,,,,,,,,,,
Neither agree/disagree,..,..,..,..,..,..,..,..,..,21%,,,,,,,,,,,,
Disagree,..,..,..,..,..,..,..,..,..,19%,,,,,,,,,,,,
Disagree strongly,..,..,..,..,..,..,..,..,..,5%,,,,,,,,,,,,
(Can't choose),..,..,..,..,..,..,..,..,..,5%,,,,,,,,,,,,
(Not answered),..,..,..,..,..,..,..,..,..,3%,,,,,,,,,,,,
 ,,,,,,,,,,,,,,,,,,,,,,
Agree,..,..,..,..,..,..,..,..,..,47%,,,,,,,,,,,,
Disagree,..,..,..,..,..,..,..,..,..,25%,,,,,,,,,,,,
"Base (unwtd, self completed, A)",..,..,..,..,..,..,..,..,..,951,,,,,,,,,,,,
,,,,,,,,,,,,,,,,,,,,,,
Source: 2011 British Social Attitudes survey (NatCen),,,,,,,,,,,,,,,,,,,,,,
Telephone: 020 7944 4892,,,,,,,,,,,,,,,,,,,,,,
Email: attitudes.stats@dft.gov.uk,,,,,,,,,,,,,,,,,,,,,,
Last updated: January 2012,,,,,,,,,,,,,,,,,,,,,,

Note: A new weighting scheme was introduced in 2005 - indicated by dotted line in tables. This has had little or no impact on the results.,,,,,,,,,,,,,,,,,,,,,,
- Negligible (less than half the final digit shown),,,,,,,,,,,,,,,,,,,,,,
.. Not available,,,,,,,,,,,,,,,,,,,,,,
