British Social Attitudes survey (NatCen),,,,,,,,,,,
,,,,,,,,,,,
ATT0327,,,,  ,  ,,,,,,
Perception of whether the current level of air travel has a serious effect on climate change,,,,,,,,,,,
,,,,  ,  ,,,,,,
,2002,2003,2004,2005,2006,2007,2008,2009,2010,2011,Sig change 10/11
Agree strongly,..,..,..,23%,30%,26%,23%,22%,18%,15%,
Agree,..,..,..,41%,44%,45%,49%,49%,48%,49%,
Neither agree nor disagree,..,..,..,24%,17%,21%,18%,19%,21%,24%,*
Disagree,..,..,..,8%,6%,6%,7%,7%,9%,8%,
Disagree strongly,..,..,..,1%,1%,1%,1%,1%,2%,2%,
(Don't know),..,..,..,4%,3%,2%,2%,2%,2%,2%,
,,,,,,,,,,,
Agree,..,..,..,64%,74%,70%,72%,71%,66%,64%,
Disagree,..,..,..,8%,6%,7%,8%,8%,11%,10%,
Base (unwtd),..,..,..,"1,101","3,220","3,094","3,364","3,421","3,297","3,311",
,,,,,,,,,,,
Source: 2011 British Social Attitudes survey (NatCen),,,,,,,,,,,
Telephone: 020 7944 4892,,,,,,,,,,,
Email: attitudes.stats@dft.gov.uk,,,,,,,,,,,
Last updated: January 2012,,,,,,,,,,,

Note: A new weighting scheme was introduced in 2005 - indicated by dotted line in tables. This has had little or no impact on the results.,,,,,,,,,,,
- Negligible (less than half the final digit shown),,,,,,,,,,,
.. Not available,,,,,,,,,,,
