British Social Attitudes survey (NatCen),,,,,,,,,,,
,,,,,,,,,,,
ATT0321,,,,  ,  ,,,,,,
How confident would you say you feel about cycling on the roads?,,,,,,,,,,,
,,,,,,,,,,,
 ,2002,2003,2004,2005,2006,2007,2008,2009,2010,2011,Sig change 10/11
Very confident,..,..,..,..,..,..,..,..,..,10%,
Fairly confident,..,..,..,..,..,..,..,..,..,22%,
Not very confident,..,..,..,..,..,..,..,..,..,30%,
Not at all confident,..,..,..,..,..,..,..,..,..,37%,
(Don�t know),..,..,..,..,..,..,..,..,..,1%,
,,,,,,,,,,,
Very/fairly,..,..,..,..,..,..,..,..,..,32%,
Not very/not at all,..,..,..,..,..,..,..,..,..,67%,
Base (unwtd),..,..,..,..,..,..,..,..,..,"3,311",

Source: 2011 British Social Attitudes survey (NatCen)
Telephone: 020 7944 4892
Email: attitudes.stats@dft.gov.uk
Last updated: January 2012

Note: A new weighting scheme was introduced in 2005 - indicated by dotted line in tables. This has had little or no impact on the results.
- Negligible (less than half the final digit shown)
.. Not available
