British Social Attitudes survey (NatCen),,,,,,,,,,,
,,,,,,,,,,,
ATT0350,,,,  ,  ,,,,,,
"""Most people don't know how much alcohol they can drink before being over the legal drink drive limit""",,,,,,,,,,,
,,,,  ,  ,,,,,,
,2002,2003,2004,2005,2006,2007,2008,2009,2010,2011,Sig change 10/11
Agree strongly,..,..,..,..,25%,28%,30%,27%,30%,30%,
Agree,..,..,..,..,42%,45%,45%,50%,46%,47%,
Neither agree/disagree,..,..,..,..,6%,9%,5%,6%,6%,5%,
Disagree,..,..,..,..,19%,13%,13%,12%,12%,12%,
Disagree strongly,..,..,..,..,5%,3%,3%,3%,3%,2%,
(Can't choose),..,..,..,..,1%,1%,-,1%,1%,1%,
(Not answered),..,..,..,..,2%,3%,3%,2%,1%,2%,*
,,,,,,,,,,,
Agree,..,..,..,..,67%,72%,75%,77%,76%,77%,
Disagree,..,..,..,..,24%,16%,16%,14%,16%,15%,
"Base (unwtd, self completed, 1 version only)",..,..,..,..,973,912,992,967,946,950,
,,,,,,,,,,,
Source: 2011 British Social Attitudes survey (NatCen),,,,,,,,,,,
Telephone: 020 7944 4892,,,,,,,,,,,
Email: attitudes.stats@dft.gov.uk,,,,,,,,,,,
Last updated: January 2012,,,,,,,,,,,

Note: A new weighting scheme was introduced in 2005 - indicated by dotted line in tables. This has had little or no impact on the results.,,,,,,,,,,,
- Negligible (less than half the final digit shown),,,,,,,,,,,
.. Not available,,,,,,,,,,,
