British Social Attitudes survey (NatCen),,,,,,,,,,,
,,,,,,,,,,,
ATT0307,,,,,,,,,,,
Proportion of respondents who drive,,,,,,,,,,,
,,,,,,,,,,,
,2002,2003,2004,2005,2006,2007,2008,2009,2010,2011,Sig change 10/11
Yes,70%,69%,70%,70%,69%,68%,70%,71%,69%,69%,
No ,30%,31%,30%,30%,31%,32%,30%,29%,31%,31%,
(Don�t know),-,-,0%,0%,0%,0%,0%,-,-,0%,
(Refused),-,-,0%,0%,0%,0%,0%,0%,-,0%,
,,,,,,,,,,,
Base (unwtd),"1,148","1,160","1,053","1,101","3,220","3,094","3,364","3,421","3,297","3,311",

Source: 2011 British Social Attitudes survey (NatCen),,,,,,,,,,,
Telephone: 020 7944 4892,,,,,,,,,,,
Email: attitudes.stats@dft.gov.uk,,,,,,,,,,,
Last updated: January 2012

Note: A new weighting scheme was introduced in 2005 - indicated by dotted line in tables. This has had little or no impact on the results.
- Negligible (less than half the final digit shown)
.. Not available
