British Social Attitudes survey (NatCen),,,,,,,,,,,
,,,,,,,,,,,
ATT0356,,,,,,,,,,,
"""Average speed cameras are preferable to fixed speed cameras""",,,,,,,,,,,
,,,,  ,  ,,,,,,
,2002,2003,2004,2005,2006,2007,2008,2009,2010,2011,Sig change 10/11
Agree strongly,..,..,..,..,..,..,..,..,..,13%,
Agree,..,..,..,..,..,..,..,..,..,41%,
Neither agree/disagree,..,..,..,..,..,..,..,..,..,27%,
Disagree,..,..,..,..,..,..,..,..,..,9%,
Disagree strongly,..,..,..,..,..,..,..,..,..,5%,
(Can't choose),..,..,..,..,..,..,..,..,..,6%,
(Not answered),..,..,..,..,..,..,..,..,..,1%,
 ,,,,,,,,,,,
Agree,..,..,..,..,..,..,..,..,..,53%,
Disagree,..,..,..,..,..,..,..,..,..,13%,
"Base (unwtd, self completed, C)",..,..,..,..,..,..,..,..,..,950,
,,,,,,,,,,,
Source: 2011 British Social Attitudes survey (NatCen),,,,,,,,,,,
Telephone: 020 7944 4892,,,,,,,,,,,
Email: attitudes.stats@dft.gov.uk,,,,,,,,,,,
Last updated: January 2012,,,,,,,,,,,

Note: A new weighting scheme was introduced in 2005 - indicated by dotted line in tables. This has had little or no impact on the results.,,,,,,,,,,,
- Negligible (less than half the final digit shown),,,,,,,,,,,
.. Not available,,,,,,,,,,,
