British Social Attitudes survey (NatCen),,,,,,,,,,,
,,,,,,,,,,,
ATT0322,,,,  ,  ,,,,,,
It is too dangerous for me to cycle on the roads,,,,,,,,,,,
,,,,,,,,,,,
 ,2002,2003,2004,2005,2006,2007,2008,2009,2010,2011,Sig change 10/11
Strongly agree,..,..,..,..,..,..,..,..,..,30%,
Agree,..,..,..,..,..,..,..,..,..,32%,
Neither agree nor disagree,..,..,..,..,..,..,..,..,..,15%,
Disagree,..,..,..,..,..,..,..,..,..,19%,
Strongly Disagree,..,..,..,..,..,..,..,..,..,4%,
Don't know,..,..,..,..,..,..,..,..,..,1%,
,,,,,,,,,,,
Agree/strongly agree,..,..,..,..,..,..,..,..,..,61%,
Disagree/strongly disagree,..,..,..,..,..,..,..,..,..,23%,
Base (unwtd),..,..,..,..,..,..,..,..,..,"3,311",

Source: 2011 British Social Attitudes survey (NatCen)
Telephone: 020 7944 4892
Email: attitudes.stats@dft.gov.uk
Last updated: January 2012

Note: A new weighting scheme was introduced in 2005 - indicated by dotted line in tables. This has had little or no impact on the results.
- Negligible (less than half the final digit shown)
.. Not available
