British Social Attitudes survey (NatCen),,,,,,,,,,,
,,,,,,,,,,,
ATT0344,,,,  ,  ,,,,,,
"""For the sake of the environment everyone should reduce how much they use their cars """,,,,,,,,,,,
,,,,  ,  ,,,,,,
,2002,2003,2004,2005,2006,2007,2008,2009,2010,2011,Sig change 10/11
Agree strongly,..,..,..,..,13%,15%,12%,10%,7%,9%,
Agree,..,..,..,..,53%,52%,53%,48%,51%,45%,
Neither agree/disagree,..,..,..,..,20%,16%,20%,24%,22%,25%,
Disagree,..,..,..,..,9%,11%,8%,11%,13%,13%,
Disagree strongly,..,..,..,..,2%,2%,2%,3%,2%,2%,
(Can't choose),..,..,..,..,3%,1%,2%,3%,2%,3%,
(Not answered),..,..,..,..,1%,1%,2%,2%,2%,3%,
,,,,,,,,,,,
Agree,..,..,..,..,66%,68%,65%,58%,58%,55%,
Disagree,..,..,..,..,10%,13%,11%,14%,15%,15%,
"Base (unwtd, self completed, A)",..,..,..,..,930,847,990,958,934,951,
,,,,,,,,,,,
Source: 2011 British Social Attitudes survey (NatCen),,,,,,,,,,,
Telephone: 020 7944 4892,,,,,,,,,,,
Email: attitudes.stats@dft.gov.uk,,,,,,,,,,,
Last updated: January 2012,,,,,,,,,,,

Note: A new weighting scheme was introduced in 2005 - indicated by dotted line in tables. This has had little or no impact on the results.,,,,,,,,,,,
- Negligible (less than half the final digit shown),,,,,,,,,,,
.. Not available,,,,,,,,,,,
