British Social Attitudes survey (NatCen),,,,,,,,,,,
,,,,,,,,,,,
ATT0358,,,,,,,,,,,
"""All use of mobiles while driving, including hand free kits is dangerous""",,,,,,,,,,,
,,,,  ,  ,,,,,,
,2002,2003,2004,2005,2006,2007,2008,2009,2010,2011,Sig change 10/11
Agree strongly,..,..,..,..,24%,23%,23%,25%,20%,20%,
Agree,..,..,..,..,35%,35%,38%,36%,34%,39%,
Neither agree/disagree,..,..,..,..,12%,14%,11%,13%,17%,14%,
Disagree,..,..,..,..,20%,20%,19%,19%,21%,19%,
Disagree strongly,..,..,..,..,7%,4%,5%,6%,5%,6%,
(Can't choose),..,..,..,..,1%,1%,-,1%,1%,-,
(Not answered),..,..,..,..,2%,2%,4%,1%,1%,2%,
,,,,,,,,,,,
Agree,..,..,..,..,59%,58%,61%,61%,55%,59%,
Disagree,..,..,..,..,27%,25%,24%,24%,27%,25%,
"Base (unwtd, self completed, C)",..,..,..,..,926,913,"1,012","1,017",930,950,
,,,,,,,,,,,
Source: 2011 British Social Attitudes survey (NatCen),,,,,,,,,,,
Telephone: 020 7944 4892,,,,,,,,,,,
Email: attitudes.stats@dft.gov.uk,,,,,,,,,,,
Last updated: January 2012,,,,,,,,,,,

Note: A new weighting scheme was introduced in 2005 - indicated by dotted line in tables. This has had little or no impact on the results.,,,,,,,,,,,
- Negligible (less than half the final digit shown),,,,,,,,,,,
.. Not available,,,,,,,,,,,
