British Social Attitudes survey (NatCen),,,,,,,,,,,
,,,,,,,,,,,
ATT0342,,,,  ,  ,,,,,,
"�People should be allowed to use their cars as much as they like, even if it causes damage to the environment�",,,,,,,,,,,
,,,,  ,  ,,,,,,
,2002,2003,2004,2005,2006,2007,2008,2009,2010,2011,Sig change 10/11
Agree strongly,3%,3%,2%,4%,4%,3%,4%,4%,4%,4%,
Agree,17%,18%,15%,14%,19%,20%,19%,20%,23%,24%,
Neither agree nor disagree,25%,31%,29%,32%,33%,32%,33%,39%,36%,33%,
Disagree,38%,32%,35%,31%,32%,34%,32%,28%,27%,28%,
Disagree strongly,10%,9%,14%,13%,7%,6%,7%,5%,6%,6%,
(Can't choose),5%,4%,4%,4%,4%,3%,4%,4%,3%,3%,
(Not answered),1%,2%,1%,2%,2%,2%,2%,2%,1%,3%,
,,,,,,,,,,,
Agree,20%,22%,16%,18%,23%,23%,23%,24%,27%,28%,
Disagree,48%,41%,49%,44%,39%,40%,38%,32%,33%,33%,
"Base (unwtd, self completed, A)",989,972,872,913,930,847,990,958,934,951,
,,,,,,,,,,,
Source: 2011 British Social Attitudes survey (NatCen),,,,,,,,,,,
Telephone: 020 7944 4892,,,,,,,,,,,
Email: attitudes.stats@dft.gov.uk,,,,,,,,,,,
Last updated: January 2012,,,,,,,,,,,

Note: A new weighting scheme was introduced in 2005 - indicated by dotted line in tables. This has had little or no impact on the results.,,,,,,,,,,,
- Negligible (less than half the final digit shown),,,,,,,,,,,
.. Not available,,,,,,,,,,,
