British Social Attitudes survey (NatCen),,,,,,,,,,,
,,,,,,,,,,,
ATT0351,,,,,,,,,,,
"""If someone has taken illegal drugs they should not drive""",,,,,,,,,,,
,,,,  ,  ,,,,,,
,2002,2003,2004,2005,2006,2007,2008,2009,2010,2011,Sig change 10/11
Agree strongly,..,..,..,..,..,..,..,..,..,76%,
Agree,..,..,..,..,..,..,..,..,..,19%,
Neither agree/disagree,..,..,..,..,..,..,..,..,..,1%,
Disagree,..,..,..,..,..,..,..,..,..,-,
Disagree strongly,..,..,..,..,..,..,..,..,..,-,
(Can't choose),..,..,..,..,..,..,..,..,..,-,
(Not answered),..,..,..,..,..,..,..,..,..,2%,
,,,,,,,,,,,
Agree,..,..,..,..,..,..,..,..,..,96%,
Disagree,..,..,..,..,..,..,..,..,..,1%,
"Base (unwtd, self completed, B)",..,..,..,..,..,..,..,..,..,950,
,,,,,,,,,,,
Source: 2011 British Social Attitudes survey (NatCen),,,,,,,,,,,
Telephone: 020 7944 4892,,,,,,,,,,,
Email: attitudes.stats@dft.gov.uk,,,,,,,,,,,
Last updated: January 2012,,,,,,,,,,,

Note: A new weighting scheme was introduced in 2005 - indicated by dotted line in tables. This has had little or no impact on the results.,,,,,,,,,,,
- Negligible (less than half the final digit shown),,,,,,,,,,,
.. Not available,,,,,,,,,,,
