British Social Attitudes survey (NatCen),,,,,,,,,,,
,,,,,,,,,,,
ATT0340,,,,  ,  ,,,,,,
"""The price of a place ticket should reflect the environmental damage that flying causes, even if this makes air travel more expensive""",,,,,,,,,,,
,,,,,,,,,,,
,2002,2003,2004,2005,2006,2007,2008,2009,2010,2011,Sig change 10/11
Agree strongly,..,..,..,..,12%,11%,8%,8%,8%,8%,
Agree,..,..,..,..,36%,38%,38%,37%,35%,33%,
Neither agree/disagree,..,..,..,..,22%,17%,23%,25%,22%,25%,
Disagree,..,..,..,..,21%,22%,20%,21%,24%,22%,
Disagree strongly,..,..,..,..,3%,5%,7%,5%,5%,6%,
(Can't choose),..,..,..,..,5%,4%,3%,4%,4%,5%,
(Not answered),..,..,..,..,1%,2%,2%,2%,3%,3%,
 ,,..,,,,,,,,,
Agree,..,..,..,..,48%,49%,46%,45%,42%,41%,
Disagree,..,..,..,..,24%,28%,26%,25%,29%,27%,
"Base (unwtd, self completed, A)",..,..,..,..,930,847,990,958,934,951,
,,,,,,,,,,,
Source: 2011 British Social Attitudes survey (NatCen),,,,,,,,,,,
Telephone: 020 7944 4892,,,,,,,,,,,
Email: attitudes.stats@dft.gov.uk,,,,,,,,,,,
Last updated: January 2012,,,,,,,,,,,

Note: A new weighting scheme was introduced in 2005 - indicated by dotted line in tables. This has had little or no impact on the results.,,,,,,,,,,,
- Negligible (less than half the final digit shown),,,,,,,,,,,
.. Not available,,,,,,,,,,,
