British Social Attitudes survey (NatCen),,,,,,,,,,,
,,,,,,,,,,,
ATT0349,,,,,,,,,,,
"""If someone has drunk any alcohol they should not drive""",,,,,,,,,,,
,,,,  ,  ,,,,,,
,2002,2003,2004,2005,2006,2007,2008,2009,2010,2011,Sig change 10/11
Agree strongly,..,..,..,..,58%,60%,61%,58%,60%,64%,
Agree,..,..,..,..,24%,24%,22%,24%,25%,22%,
Neither agree/disagree,..,..,..,..,6%,5%,5%,6%,5%,5%,
Disagree,..,..,..,..,8%,7%,8%,8%,8%,6%,
Disagree strongly,..,..,..,..,1%,1%,1%,1%,1%,2%,
(Can't choose),..,..,..,..,-,1%,-,-,-,1%,
(Not answered),..,..,..,..,2%,2%,3%,1%,-,1%,
,,,,,,,,,,,
Agree,..,..,..,..,82%,85%,84%,83%,85%,86%,
Disagree,..,..,..,..,9%,8%,8%,9%,9%,8%,
"Base (unwtd, self completed, B)",..,..,..,..,973,912,992,967,946,950,
,,,,,,,,,,,
Source: 2011 British Social Attitudes survey (NatCen),,,,,,,,,,,
Telephone: 020 7944 4892,,,,,,,,,,,
Email: attitudes.stats@dft.gov.uk,,,,,,,,,,,
Last updated: January 2012,,,,,,,,,,,

Note: A new weighting scheme was introduced in 2005 - indicated by dotted line in tables. This has had little or no impact on the results.,,,,,,,,,,,
- Negligible (less than half the final digit shown),,,,,,,,,,,
.. Not available,,,,,,,,,,,
