British Social Attitudes survey (NatCen),,,,,,,,,,,
,,,,,,,,,,,
ATT0339,,,,  ,  ,,,,,,
"""Being able to get a direct flight isn't important to me, so long as I can get to my destination""",,,,,,,,,,,
,,,,  ,  ,,,,,,
,2002,2003,2004,2005,2006,2007,2008,2009,2010,2011,Sig change 10/11
Agree strongly,..,..,..,..,..,..,..,..,..,4%,
Agree,..,..,..,..,..,..,..,..,..,30%,
Neither agree/disagree,..,..,..,..,..,..,..,..,..,23%,
Disagree,..,..,..,..,..,..,..,..,..,25%,
Disagree strongly,..,..,..,..,..,..,..,..,..,8%,
(Can't choose),..,..,..,..,..,..,..,..,..,7%,
(Not answered),..,..,..,..,..,..,..,..,..,3%,
 ,,,,,,,,,,,
Agree,..,..,..,..,..,..,..,..,..,34%,
Disagree,..,..,..,..,..,..,..,..,..,33%,
"Base (unwtd, self completed, A)",..,..,..,..,..,..,..,..,..,951,
,,,,,,,,,,,
Source: 2011 British Social Attitudes survey (NatCen),,,,,,,,,,,
Telephone: 020 7944 4892,,,,,,,,,,,
Email: attitudes.stats@dft.gov.uk,,,,,,,,,,,
Last updated: January 2012,,,,,,,,,,,

Note: A new weighting scheme was introduced in 2005 - indicated by dotted line in tables. This has had little or no impact on the results.,,,,,,,,,,,
- Negligible (less than half the final digit shown),,,,,,,,,,,
.. Not available,,,,,,,,,,,
