British Social Attitudes survey (NatCen),,,,,,,,,,,
,,,,,,,,,,,
ATT0353,,,,  ,  ,,,,,,
"""Speed cameras are mostly there to make money""",,,,,,,,,,,
,,,,  ,  ,,,,,,
,2002,2003,2004,2005,2006,2007,2008,2009,2010,2011,Sig change 10/11
Agree strongly,..,..,27%,20%,18%,18%,20%,22%,19%,19%,
Agree,..,..,31%,33%,33%,31%,35%,32%,37%,35%,
Neither agree/disagree,..,..,16%,22%,20%,20%,19%,22%,17%,20%,
Disagree,..,..,18%,18%,22%,23%,18%,18%,22%,17%,*
Disagree strongly,..,..,4%,2%,3%,2%,3%,2%,1%,4%,*
(Can't choose),..,..,2%,2%,2%,1%,1%,2%,2%,2%,
(Not answered),..,..,2%,2%,3%,4%,4%,2%,2%,3%,
,,,,,,,,,,,
Agree,..,..,58%,53%,51%,50%,55%,53%,56%,54%,
Disagree,..,..,22%,20%,25%,25%,21%,21%,23%,21%,
"Base (unwtd, self completed, C)",..,..,872,913,926,913,"1,012","1,017",930,950,
,,,,,,,,,,,
Source: 2011 British Social Attitudes survey (NatCen),,,,,,,,,,,
Telephone: 020 7944 4892,,,,,,,,,,,
Email: attitudes.stats@dft.gov.uk,,,,,,,,,,,
Last updated: January 2012,,,,,,,,,,,

Note: A new weighting scheme was introduced in 2005 - indicated by dotted line in tables. This has had little or no impact on the results.,,,,,,,,,,,
- Negligible (less than half the final digit shown),,,,,,,,,,,
.. Not available,,,,,,,,,,,
