British Social Attitudes survey (NatCen),,,,,,,,,,,
,,,,,,,,,,,
ATT0313,,,,,,,,,,,
Frequency of travel by train,,,,,,,,,,,
,,,,  ,  ,,,,,,
,2002,2003,2004,2005,2006,2007,2008,2009,2010,2011,Sig change 10/11
Every day or nearly every day,3%,3%,1%,2%,2%,2%,2%,2%,2%,2%,
2-5 days a week,3%,2%,2%,4%,2%,3%,3%,3%,4%,3%,*
Once a week,4%,4%,2%,3%,3%,4%,4%,4%,3%,4%,
Less but at least once a month,13%,13%,13%,15%,14%,13%,14%,15%,15%,15%,
Less often than that,32%,33%,36%,35%,35%,36%,35%,36%,37%,37%,
Never nowadays,46%,45%,46%,41%,43%,43%,42%,41%,39%,40%,
(Don�t know),-,-,0%,0%,-,0%,-,0%,-,0%,
(Refused),-,-,0%,0%,0%,0%,0%,0%,-,0%,
,,,,,,,,,,,
At least weekly,10%,9%,6%,9%,8%,8%,8%,9%,10%,8%,
,,,,,,,,,,,
Base (unwtd),"1,148","1,160","1,053","1,101","3,220","3,094","3,364","3,421","3,297","3,311",
* Note discontinuity from 2006 when specified that travel by underground should not be included.,,,,,,,,,,,

Source: 2011 British Social Attitudes survey (NatCen),,,,,,,,,,,
Telephone: 020 7944 4892,,,,,,,,,,,
Email: attitudes.stats@dft.gov.uk,,,,,,,,,,,
Last updated: January 2012,,,,,,,,,,,

Note: A new weighting scheme was introduced in 2005 - indicated by dotted line in tables. This has had little or no impact on the results.,,,,,,,,,,,
- Negligible (less than half the final digit shown),,,,,,,,,,,
.. Not available,,,,,,,,,,,
