British Social Attitudes survey (NatCen),,,,,,,,,,,
,,,,,,,,,,,
ATT0302,,,,,,,,,,,
The perception of traffic congestion in towns and cities as a problem,,,,,,,,,,,
,,,,,,,,,,,
,2002,2003,2004,2005,2006,2007,2008,2009,2010,2011,Sig change 10/11
A very serious problem,24%,..,17%,18%,20%,20%,17%,14%,12%,11%,
A serious problem,34%,..,36%,33%,34%,35%,34%,36%,30%,29%,
Not a very serious problem,28%,..,30%,34%,31%,32%,31%,36%,40%,40%,
Not a problem at all,15%,..,17%,15%,16%,13%,18%,13%,17%,19%,
(Don�t know),0%,..,0%,0%,0%,0%,0%,0%,0%,0%,
(Refused),-,..,-,-,0%,-,-,-,0%,-,
,,,,,,,,,,,
Very serious/serious,57%,..,53%,51%,54%,55%,50%,50%,43%,41%,
Not very serious/not at all,43%,..,46%,49%,46%,45%,49%,50%,57%,59%,
Base (unwtd),"1,148",..,"1,053","1,101","3,220","3,094","3,364","3,421","3,297","3,311",

Source: 2011 British Social Attitudes survey (NatCen)
Telephone: 020 7944 4892
Email: attitudes.stats@dft.gov.uk
Last updated: January 2012

Note: A new weighting scheme was introduced in 2005 - indicated by dotted line in tables. This has had little or no impact on the results.
- Negligible (less than half the final digit shown)
.. Not available
