British Social Attitudes survey (NatCen),,,,,,,,,,,
,,,,,,,,,,,
ATT0360,,,,  ,  ,,,,,,
"""The law on using mobile phones whilst driving is not properly enforced""",,,,,,,,,,,
,,,,  ,  ,,,,,,
,2002,2003,2004,2005,2006,2007,2008,2009,2010,2011,Sig change 10/11
Agree strongly,..,..,..,..,37%,32%,28%,34%,28%,25%,
Agree,..,..,..,..,44%,42%,46%,43%,41%,46%,
Neither agree/disagree,..,..,..,..,10%,14%,14%,13%,18%,13%,*
Disagree,..,..,..,..,4%,5%,6%,6%,8%,9%,
Disagree strongly,..,..,..,..,1%,1%,1%,2%,2%,2%,
(Can't choose),..,..,..,..,2%,3%,2%,2%,3%,2%,
(Not answered),..,..,..,..,2%,2%,3%,1%,1%,2%,
,,,,,,,,,,,
Agree,..,..,..,..,81%,74%,74%,76%,69%,71%,
Disagree,..,..,..,..,5%,6%,7%,8%,9%,11%,
"Base (unwtd, self completed, C)",..,..,..,..,926,913,"1,012","1,017",930,950,
,,,,,,,,,,,
Source: 2011 British Social Attitudes survey (NatCen),,,,,,,,,,,
Telephone: 020 7944 4892,,,,,,,,,,,
Email: attitudes.stats@dft.gov.uk,,,,,,,,,,,
Last updated: January 2012,,,,,,,,,,,

Note: A new weighting scheme was introduced in 2005 - indicated by dotted line in tables. This has had little or no impact on the results.,,,,,,,,,,,
- Negligible (less than half the final digit shown),,,,,,,,,,,
.. Not available,,,,,,,,,,,
