British Social Attitudes survey (NatCen),,,,,,,,,,,
,,,,,,,,,,,
ATT0332,,,,  ,  ,,,,,,
Willingness to buy a car with lower CO2 emissions,,,,,,,,,,,
,,,,  ,  ,,,,,,
,2002,2003,2004,2005,2006,2007,2008,2009,2010,2011,Sig change 10/11
Agree strongly,..,..,..,..,..,..,..,..,..,20%,
Agree,..,..,..,..,..,..,..,..,..,50%,
Neither agree/disagree,..,..,..,..,..,..,..,..,..,13%,
Disagree,..,..,..,..,..,..,..,..,..,10%,
Disagree strongly,..,..,..,..,..,..,..,..,..,3%,
I have already done this,..,..,..,..,..,..,..,..,..,3%,
Don't plan to buy a car,..,..,..,..,..,..,..,..,..,2%,
Don't know,..,..,..,..,..,..,..,..,..,0%,
Refusal,..,..,..,..,..,..,..,..,..,0%,
,,,,,,,,,,,
Agree,..,..,..,..,..,..,..,..,..,70%,
Disagree,..,..,..,..,..,..,..,..,..,13%,
"Base (unwtd, don't drive excluded)",..,..,..,..,..,..,..,..,..,"2,279",
,,,,,,,,,,,
Source: 2011 British Social Attitudes survey (NatCen),,,,,,,,,,,
Telephone: 020 7944 4892,,,,,,,,,,,
Email: attitudes.stats@dft.gov.uk,,,,,,,,,,,
Last updated: January 2012,,,,,,,,,,,

Note: A new weighting scheme was introduced in 2005 - indicated by dotted line in tables. This has had little or no impact on the results.,,,,,,,,,,,
- Negligible (less than half the final digit shown),,,,,,,,,,,
.. Not available,,,,,,,,,,,
