British Social Attitudes survey (NatCen),,,,,,,,,,,
,,,,,,,,,,,
ATT0317,,,,  ,  ,,,,,,
Many of the journeys of less than 2 miles that I now make bycar I could just as easily go by bus,,,,,,,,,,,
,,,,  ,  ,,,,,,
,2002,2003,2004,2005,2006,2007,2008,2009,2010,2011,Sig change 10/11
Agree strongly,..,..,..,..,5%,5%,5%,4%,5%,7%,
Agree,..,..,..,..,25%,25%,29%,27%,30%,25%,
Neither agree/disagree,..,..,..,..,10%,10%,10%,11%,11%,9%,
Disagree,..,..,..,..,32%,30%,27%,29%,28%,26%,
Disagree strongly,..,..,..,..,13%,14%,13%,10%,9%,13%,*
Never/rarely by car,..,..,..,..,10%,11%,10%,13%,12%,13%,
(Can't choose),..,..,..,..,3%,2%,2%,3%,2%,4%,*
(Not answered),..,..,..,..,3%,3%,3%,2%,2%,3%,*
,,,,,,,,,,,
Agree,..,..,..,..,30%,30%,34%,31%,35%,33%,
Disagree,..,..,..,..,45%,44%,40%,39%,37%,39%,
"Base (unwtd, self completed, 2 versions only)",..,..,..,..,"1,903","2,672","2,994","2,942","2,810","1,901",
,,,,,,,,,,,
Source: 2011 British Social Attitudes survey (NatCen),,,,,,,,,,,
Telephone: 020 7944 4892,,,,,,,,,,,
Email: attitudes.stats@dft.gov.uk,,,,,,,,,,,
Last updated: January 2012,,,,,,,,,,,

Note: A new weighting scheme was introduced in 2005 - indicated by dotted line in tables. This has had little or no impact on the results.,,,,,,,,,,,
- Negligible (less than half the final digit shown),,,,,,,,,,,
.. Not available,,,,,,,,,,,
