British Social Attitudes survey (NatCen),,,,,,,,,,,
,,,,,,,,,,,
ATT0309,,,,  ,  ,,,,,,
Number of household cars/vans,,,,,,,,,,,
,,,,,,,,,,,
 ,2002,2003,2004,2005,2006,2007,2008,2009,2010,2011,Sig change 10/11
None,..,..,..,..,18%,19%,17%,18%,19%,19%,
One,..,..,..,..,40%,39%,39%,41%,41%,42%,
Two,..,..,..,..,33%,32%,32%,31%,29%,29%,
Three,..,..,..,..,6%,8%,8%,8%,7%,7%,
Four or more,..,..,..,..,3%,3%,3%,2%,3%,3%,
(Don't know/ refused),..,..,..,..,-,-,0%,-,-,0%,
,,,,,,,,,,,
Base (unwtd),..,..,..,..,"3,220","3,094","3,364","3,421","3,297","3,311",

Source: 2011 British Social Attitudes survey (NatCen),,,,,,,,,,,
Telephone: 020 7944 4892
Email: attitudes.stats@dft.gov.uk
Last updated: January 2012

Note: A new weighting scheme was introduced in 2005 - indicated by dotted line in tables. This has had little or no impact on the results.
- Negligible (less than half the final digit shown)
.. Not available
