British Social Attitudes survey (NatCen),,,,,,,,,,,
,,,,,,,,,,,
ATT0304,,,,  ,  ,,,,,,
"""Road improvements should focus on increasing capacity of existing roads rather than building new ones""",,,,,,,,,,,
,,,,  ,  ,,,,,,
,2002,2003,2004,2005,2006,2007,2008,2009,2010,2011,Sig change 10/11
Agree strongly,..,..,..,..,..,..,..,..,..,11%,
Agree,..,..,..,..,..,..,..,..,..,55%,
Neither agree nor disagree,..,..,..,..,..,..,..,..,..,20%,
Disagree,..,..,..,..,..,..,..,..,..,8%,
Disagree strongly,..,..,..,..,..,..,..,..,..,1%,
(Can't choose),..,..,..,..,..,..,..,..,..,3%,
(Not answered),..,..,..,..,..,..,..,..,..,3%,
,,,,,,,,,,,
Agree,..,..,..,..,..,..,..,..,..,66%,
Disagree,..,..,..,..,..,..,..,..,..,9%,
Net agree,..,..,..,..,..,..,..,..,..,58%,
"Base (unwtd, self completed, A)",..,..,..,..,..,..,..,..,..,951,
,,,,,,,,,,,
Source: 2011 British Social Attitudes survey (NatCen),,,,,,,,,,,
Telephone: 020 7944 4892,,,,,,,,,,,
Email: attitudes.stats@dft.gov.uk,,,,,,,,,,,
Last updated: January 2012,,,,,,,,,,,

Note: A new weighting scheme was introduced in 2005 - indicated by dotted line in tables. This has had little or no impact on the results.,,,,,,,,,,,
- Negligible (less than half the final digit shown),,,,,,,,,,,
.. Not available,,,,,,,,,,,
