British Social Attitudes survey (NatCen),,,,,,,,,,,
,,,,,,,,,,,
ATT0355,,,,  ,  ,,,,,,
"""People should drive within the speed limit""",,,,,,,,,,,
,,,,  ,  ,,,,,,
,2002,2003,2004,2005,2006,2007,2008,2009,2010,2011,Sig change 10/11
Agree strongly,..,..,..,46%,47%,42%,42%,43%,41%,48%,*
Agree,..,..,..,45%,45%,47%,49%,49%,49%,43%,*
Neither agree/disagree,..,..,..,5%,3%,6%,4%,4%,7%,4%,*
Disagree,..,..,..,2%,2%,1%,1%,1%,1%,2%,
Disagree strongly,..,..,..,-,-,0%,-,-,0%,1%,
(Can't choose),..,..,..,1%,-,1%,-,1%,-,-,
(Not answered),..,..,..,2%,2%,3%,4%,1%,1%,2%,
,,,,,,,,,,,
Agree,..,..,..,91%,92%,89%,90%,92%,90%,91%,
Disagree,..,..,..,2%,2%,1%,1%,2%,1%,2%,*
"Base (unwtd, self completed, C)",..,..,..,913,926,913,"1,012","1,017",930,950,
,,,,,,,,,,,
Source: 2011 British Social Attitudes survey (NatCen),,,,,,,,,,,
Telephone: 020 7944 4892,,,,,,,,,,,
Email: attitudes.stats@dft.gov.uk,,,,,,,,,,,
Last updated: January 2012,,,,,,,,,,,

Note: A new weighting scheme was introduced in 2005 - indicated by dotted line in tables. This has had little or no impact on the results.,,,,,,,,,,,
- Negligible (less than half the final digit shown),,,,,,,,,,,
.. Not available,,,,,,,,,,,
