British Social Attitudes survey (NatCen),,,,,,,,,,,
,,,,,,,,,,,
ATT0354,,,,  ,  ,,,,,,
"""There are too many speed cameras""",,,,,,,,,,,
,,,,,,,,,,,
,2002,2003,2004,2005,2006,2007,2008,2009,2010,2011,Sig change 10/11
Agree strongly,..,..,..,15%,17%,15%,16%,16%,15%,13%,
Agree,..,..,..,27%,26%,26%,31%,29%,29%,28%,
Neither agree/disagree,..,..,..,29%,24%,26%,24%,26%,26%,27%,
Disagree,..,..,..,21%,23%,24%,20%,20%,23%,20%,
Disagree strongly,..,..,..,3%,5%,3%,3%,4%,2%,6%,*
(Can't choose),..,..,..,3%,2%,2%,2%,2%,2%,3%,
(Not answered),..,..,..,2%,3%,4%,4%,2%,2%,4%,
,,,,,,,,,,,
Agree,..,..,..,42%,42%,40%,47%,45%,45%,41%,
Disagree,..,..,..,24%,28%,27%,23%,24%,25%,25%,
"Base (unwtd, self completed, C)",..,..,..,913,926,913,"1,012","1,017",930,950,
,,,,,,,,,,,
Source: 2011 British Social Attitudes survey (NatCen),,,,,,,,,,,
Telephone: 020 7944 4892,,,,,,,,,,,
Email: attitudes.stats@dft.gov.uk,,,,,,,,,,,
Last updated: January 2012,,,,,,,,,,,

Note: A new weighting scheme was introduced in 2005 - indicated by dotted line in tables. This has had little or no impact on the results.,,,,,,,,,,,
- Negligible (less than half the final digit shown),,,,,,,,,,,
.. Not available,,,,,,,,,,,
