British Social Attitudes survey (NatCen),,,,,,,,,,,
,,,,,,,,,,,
ATT0359,,,,,,,,,,,
"""All use of mobile phones while driving, including hands free should be banned""",,,,,,,,,,,
,,,,,,,,,,,
,2002,2003,2004,2005,2006,2007,2008,2009,2010,2011,Sig change 10/11
Agree strongly,..,..,..,..,23%,21%,20%,23%,18%,19%,*
Agree,..,..,..,..,27%,24%,30%,30%,27%,30%,
Neither agree/disagree,..,..,..,..,14%,17%,15%,14%,17%,15%,
Disagree,..,..,..,..,26%,28%,23%,23%,27%,23%,
Disagree strongly,..,..,..,..,8%,7%,7%,7%,8%,10%,
(Can't choose),..,..,..,..,1%,1%,1%,2%,2%,1%,
(Not answered),..,..,..,..,2%,2%,3%,1%,1%,2%,
,,,,,,,,,,,
Agree,..,..,..,..,49%,45%,50%,53%,44%,49%,
Disagree,..,..,..,..,33%,34%,30%,30%,36%,33%,
"Base (unwtd, self completed, 1 C)",..,..,..,..,926,913,"1,012","1,017",930,950,
,,,,,,,,,,,
Source: 2011 British Social Attitudes survey (NatCen),,,,,,,,,,,
Telephone: 020 7944 4892,,,,,,,,,,,
Email: attitudes.stats@dft.gov.uk,,,,,,,,,,,
Last updated: January 2012,,,,,,,,,,,

Note: A new weighting scheme was introduced in 2005 - indicated by dotted line in tables. This has had little or no impact on the results.,,,,,,,,,,,
- Negligible (less than half the final digit shown),,,,,,,,,,,
.. Not available,,,,,,,,,,,
