British Social Attitudes survey (NatCen),,,,,,,,,,,
,,,,,,,,,,,
ATT0314,,,,,,,,,,,
Frequency of travel by bicycle,,,,,,,,,,,
,,,,  ,  ,,,,,,
,2002,2003,2004,2005,2006,2007,2008,2009,2010,2011,Sig change 10/11
Every day or nearly every day,..,..,..,..,..,..,..,..,..,4%,
2-5 days a week,..,..,..,..,..,..,..,..,..,4%,
Once a week,..,..,..,..,..,..,..,..,..,5%,
Less but at least once a month,..,..,..,..,..,..,..,..,..,7%,
Less often than that,..,..,..,..,..,..,..,..,..,10%,
Never nowadays,..,..,..,..,..,..,..,..,..,70%,
(Don�t know),..,..,..,..,..,..,..,..,..,-,
(Refused),..,..,..,..,..,..,..,..,..,0%,
,,,,,,,,,,,
At least weekly,..,..,..,..,..,..,..,..,..,13%,
,,,,,,,,,,,
Base (unwtd),..,..,..,..,..,..,..,..,..,"3,311",

Source: 2011 British Social Attitudes survey (NatCen),,,,,,,,,,,
Telephone: 020 7944 4892,,,,,,,,,,,
Email: attitudes.stats@dft.gov.uk,,,,,,,,,,,
Last updated: January 2012,,,,,,,,,,,

Note: A new weighting scheme was introduced in 2005 - indicated by dotted line in tables. This has had little or no impact on the results.,,,,,,,,,,,
- Negligible (less than half the final digit shown),,,,,,,,,,,
.. Not available,,,,,,,,,,,
