British Social Attitudes survey (NatCen),,,,,,,,,,,
,,,,,,,,,,,
ATT0330,,,,  ,  ,,,,,,
View on climate change and causes,,,,,,,,,,,
,,,,,,,,,,,
,2002,2003,2004,2005,2006,2007,2008,2009,2010,2011,Sig change 10/11
I don't believe that climate change is taking place,..,..,..,..,..,..,..,..,..,7%,
"I belive that climate change is taking place, but not as a result of human actions",..,..,..,..,..,..,..,..,..,16%,
"I belive that climate change is taking place and is, at least partly, a result of human actions",..,..,..,..,..,..,..,..,..,76%,
Don't know,..,..,..,..,..,..,..,..,..,2%,
(Refusal),..,..,..,..,..,..,..,..,..,-,
,,,,,,,,,,,
"Base (unwtd, self completed)",..,..,..,..,..,..,..,..,..,"3,311",
,,,,,,,,,,,
Source: 2011 British Social Attitudes survey (NatCen),,,,,,,,,,,
Telephone: 020 7944 4892,,,,,,,,,,,
Email: attitudes.stats@dft.gov.uk
Last updated: January 2012

Note: A new weighting scheme was introduced in 2005 - indicated by dotted line in tables. This has had little or no impact on the results.
- Negligible (less than half the final digit shown)
.. Not available
