British Social Attitudes survey (NatCen),,,,,,,,,,,
,,,,,,,,,,,
ATT0334,,,,  ,  ,,,,,,
I am willing to reduce the amount I travel by plane (to help reduce the impact of climate change),,,,,,,,,,,
,,,,  ,  ,,,,,,
,2002,2003,2004,2005,2006,2007,2008,2009,2010,2011,Sig change 10/11
Agree strongly,..,..,..,..,..,..,..,..,..,4%,
Agree,..,..,..,..,..,..,..,..,..,21%,
Neither agree/disagree,..,..,..,..,..,..,..,..,..,16%,
Disagree,..,..,..,..,..,..,..,..,..,26%,
Disagree strongly,..,..,..,..,..,..,..,..,..,6%,
I do this already,..,..,..,..,..,..,..,..,..,5%,
I never fly,..,..,..,..,..,..,..,..,..,23%,
Don't know,..,..,..,..,..,..,..,..,..,0%,
Refusal,..,..,..,..,..,..,..,..,..,-,
,,,,,,,,,,,
Agree,..,..,..,..,..,..,..,..,..,25%,
Disagree,..,..,..,..,..,..,..,..,..,32%,
"Base (unwtd, self completed)",..,..,..,..,..,..,..,..,..,"3,311",
,,,,,,,,,,,
Source: 2011 British Social Attitudes survey (NatCen),,,,,,,,,,,
Telephone: 020 7944 4892,,,,,,,,,,,
Email: attitudes.stats@dft.gov.uk,,,,,,,,,,,
Last updated: January 2012,,,,,,,,,,,

Note: A new weighting scheme was introduced in 2005 - indicated by dotted line in tables. This has had little or no impact on the results.,,,,,,,,,,,
- Negligible (less than half the final digit shown),,,,,,,,,,,
.. Not available,,,,,,,,,,,
