British Social Attitudes survey (NatCen),,,,,,,,,,,
,,,,,,,,,,,
ATT0315,,,,  ,  ,,,,,,
Number of journeys of less than two miles made by car in a typical week,,,,,,,,,,,
,,,,  ,  ,,,,,,
,2002,2003,2004,2005,2006,2007,2008,2009,2010,2011,Sig change 10/11
0,..,..,..,..,20%,16%,17%,16%,17%,19%,
1,..,..,..,..,11%,12%,13%,11%,10%,12%,
2,..,..,..,..,14%,16%,14%,15%,15%,12%,
3,..,..,..,..,7%,6%,7%,6%,8%,7%,
4,..,..,..,..,5%,6%,5%,6%,5%,5%,
5,..,..,..,..,7%,6%,7%,8%,7%,8%,
6,..,..,..,..,2%,2%,2%,3%,3%,2%,
7,..,..,..,..,2%,2%,2%,3%,2%,2%,
8,..,..,..,..,1%,1%,2%,1%,1%,1%,
9,..,..,..,..,-,-,-,-,-,-,
10 or more,..,..,..,..,12%,11%,12%,13%,12%,14%,,
Never travel by car,..,..,..,..,12%,14%,12%,12%,14%,14%,,
Missing,..,..,..,..,8%,7%,7%,6%,5%,5%,,
"Base (unwtd, self completed, A&B)",..,..,..,..,"2,829","2,672","2,994","2,942","2,810","1,901",,
Note: independent t-test confirms that the mean is unchanged 2010-2011 (using 95 per cent level of confidence and a DEFT of 1.2),,,,,,,,,,,,
,,,,,,,,,,,,
Source: 2011 British Social Attitudes survey (NatCen),,,,,,,,,,,,
Telephone: 020 7944 4892,,,,,,,,,,,,
Email: attitudes.stats@dft.gov.uk,,,,,,,,,,,,
Last updated: January 2012,,,,,,,,,,,,

Note: A new weighting scheme was introduced in 2005 - indicated by dotted line in tables. This has had little or no impact on the results.,,,,,,,,,,,,
- Negligible (less than half the final digit shown),,,,,,,,,,,,
.. Not available,,,,,,,,,,,,
