British Social Attitudes survey (NatCen),,,,,,,,,,,
,,,,,,,,,,,
ATT0331,,,,  ,  ,,,,,,
Willingness to reduce speed on the motorway to help reduce CO2 emissions,,,,,,,,,,,
,,,,  ,  ,,,,,,
,2002,2003,2004,2005,2006,2007,2008,2009,2010,2011,Sig change 10/11
Agree strongly,..,..,..,..,..,..,..,..,..,11%,
Agree,..,..,..,..,..,..,..,..,..,49%,
Neither agree/disagree,..,..,..,..,..,..,..,..,..,16%,
Disagree,..,..,..,..,..,..,..,..,..,17%,
Disagree strongly,..,..,..,..,..,..,..,..,..,4%,
I do this already,..,..,..,..,..,..,..,..,..,2%,
Don't know,..,..,..,..,..,..,..,..,..,1%,
Refusal,..,..,..,..,..,..,..,..,..,0%,
,,,,,,,,,,,
Agree,..,..,..,..,..,..,..,..,..,60%,
Disagree,..,..,..,..,..,..,..,..,..,21%,
"Base (unwtd, don't drive excluded)",..,..,..,..,..,..,..,..,..,"2,279",
,,,,,,,,,,,
Source: 2011 British Social Attitudes survey (NatCen),,,,,,,,,,,
Telephone: 020 7944 4892,,,,,,,,,,,
Email: attitudes.stats@dft.gov.uk,,,,,,,,,,,
Last updated: January 2012,,,,,,,,,,,

Note: A new weighting scheme was introduced in 2005 - indicated by dotted line in tables. This has had little or no impact on the results.,,,,,,,,,,,
- Negligible (less than half the final digit shown),,,,,,,,,,,
.. Not available,,,,,,,,,,,
