British Social Attitudes survey (NatCen),,,,,,,,,,,
,,,,,,,,,,,
ATT0335,,,,  ,  ,,,,,,
Number of trips by plane during the previous 12 months. (Outward and return flights and any transfers are counted as one trip.),,,,,,,,,,,
,,,,  ,  ,,,,,,
,2002,2003,2004,2005,2006,2007,2008,2009,2010,2011,Sig change 10/11
None,..,44%,48%,48%,45%,47%,44%,48%,50%,52%,
One,..,21%,16%,16%,19%,19%,22%,20%,20%,20%,
Two,..,15%,15%,16%,16%,15%,16%,15%,14%,14%,
Three,..,5%,5%,5%,5%,5%,5%,6%,5%,5%,
Four,..,6%,7%,5%,6%,5%,5%,5%,5%,4%,
Five or more,..,9%,10%,10%,9%,9%,9%,7%,7%,6%,
(Don�t know),..,-,0%,0%,0%,-,0%,-,-,0%,
(Not answered),..,-,0%,0%,0%,-,0%,-,-,0%,
,,,,,,,,,,,
Three or more times,..,20%,21%,21%,20%,19%,19%,17%,17%,15%,
Base (unwtd) ,..,"1,160","1,053","1,101","3,220","3,094","3,364","3,421","3,297","3,311",
Note: independent t-test confirms that the mean is unchanged 2010-2011 (using 95 per cent level of confidence and a DEFT of 1.2),,,,,,,,,,,
,,,,,,,,,,,
Source: 2011 British Social Attitudes survey (NatCen),,,,,,,,,,,
Telephone: 020 7944 4892,,,,,,,,,,,
Email: attitudes.stats@dft.gov.uk,,,,,,,,,,,
Last updated: January 2012,,,,,,,,,,,

Note: A new weighting scheme was introduced in 2005 - indicated by dotted line in tables. This has had little or no impact on the results.,,,,,,,,,,,
- Negligible (less than half the final digit shown),,,,,,,,,,,
.. Not available,,,,,,,,,,,
