British Social Attitudes survey (NatCen),,,,,,,,,,,
,,,,,,,,,,,
ATT0337,,,,  ,  ,,,,,,
" �People should be able to travel by plane as much as they like, even if new terminals or runways are needed to meet the demand�",,,,,,,,,,,
,,,,,,,,,,,
,2002,2003,2004,2005,2006,2007,2008,2009,2010,2011,Sig change 10/11
Agree strongly,..,10%,8%,9%,9%,8%,8%,6%,5%,6%,
Agree,..,42%,35%,34%,36%,32%,34%,36%,31%,31%,
Neither agree nor disagree,..,24%,28%,29%,27%,23%,28%,29%,27%,28%,
Disagree,..,16%,20%,21%,20%,26%,20%,21%,27%,24%,
Disagree strongly,..,2%,3%,3%,4%,5%,5%,4%,4%,4%,
(Can't choose),..,4%,4%,3%,4%,4%,3%,4%,3%,5%,*
(Not answered),..,2%,2%,2%,1%,2%,2%,2%,3%,3%,
,,,,,,,,,,,
Agree,..,52%,43%,43%,44%,40%,42%,42%,36%,37%,
Disagree,..,18%,23%,24%,24%,31%,25%,24%,31%,28%,
"Base (unwtd, self completed, A)",..,972,872,913,930,847,990,958,934,951,
,,,,,,,,,,,
Source: 2011 British Social Attitudes survey (NatCen),,,,,,,,,,,
Telephone: 020 7944 4892,,,,,,,,,,,
Email: attitudes.stats@dft.gov.uk,,,,,,,,,,,
Last updated: January 2012,,,,,,,,,,,

Note: A new weighting scheme was introduced in 2005 - indicated by dotted line in tables. This has had little or no impact on the results.,,,,,,,,,,,
- Negligible (less than half the final digit shown),,,,,,,,,,,
.. Not available,,,,,,,,,,,
