British Social Attitudes survey (NatCen),,,,,,,,,,,
,,,,,,,,,,,
ATT0306,,,,  ,  ,,,,,,
Ways in which journeys were altered because of a lack of car parking space,,,,,,,,,,,
,,,,  ,  ,,,,,,
,2002,2003,2004,2005,2006,2007,2008,2009,2010,2011,Sig change 10/11
I have not made any changes to a journey,..,..,..,..,..,..,..,..,63%,65%,
I used public transport rather than car,..,..,..,..,..,..,..,..,21%,22%,
I changed my destination,..,..,..,..,..,..,..,..,8%,7%,
I chose not to make the journey at all,..,..,..,..,..,..,..,..,6%,4%,
I changed my journey in another way,..,..,..,..,..,..,..,..,7%,6%,
(Don't know),..,..,..,..,..,..,..,..,1%,-,
(Refusal),..,..,..,..,..,..,..,..,-,0%,
,,,,,,,,,,,
"Base (unwtd, exc don't drive)",..,..,..,..,..,..,..,..,"2,253","2,268",
"Note: it was possible to provide more than one response to this question, therefore results may sum to more than 100 per cent",,,,,,,,,,,
,,,,,,,,,,,
Source: 2011 British Social Attitudes survey (NatCen),,,,,,,,,,,
Telephone: 020 7944 4892,,,,,,,,,,,
Email: attitudes.stats@dft.gov.uk,,,,,,,,,,,
Last updated: January 2012,,,,,,,,,,,

Note: A new weighting scheme was introduced in 2005 - indicated by dotted line in tables. This has had little or no impact on the results.,,,,,,,,,,,
- Negligible (less than half the final digit shown),,,,,,,,,,,
.. Not available,,,,,,,,,,,
