British Social Attitudes survey (NatCen),,,,,,,,,,,
,,,,,,,,,,,
ATT0319,,,,  ,  ,,,,,,
Access to a usable bicycle,,,,,,,,,,,
,,,,,,,,,,,
 ,2002,2003,2004,2005,2006,2007,2008,2009,2010,2011,Sig change 10/11
Yes,..,..,..,..,40%,42%,42%,42%,40%,..,
No,..,..,..,..,60%,58%,58%,58%,60%,..,
,,,,,  ,,,,,,
Base (unwtd),..,..,..,..,"3,220","3,094","3,364","3,421","3,297",..,
,,,,  ,  ,,,,,,
 ,2002,2003,2004,2005,2006,2007,2008,2009,2010,2011,Sig change 10/11
Own bicycle,..,..,..,..,..,..,..,..,..,40%,
Have regular use of a bicycle owned by someone else,..,..,..,..,..,..,..,..,..,3%,
No access to bicycle,..,..,..,..,..,..,..,..,..,57%,
Don't know,..,..,..,..,..,..,..,..,..,-,
,,,,,,,,,,,
Base (unwtd),..,..,..,..,..,..,..,..,..,"3,311",

Source: 2011 British Social Attitudes survey (NatCen),,,,,,,,,,,
Telephone: 020 7944 4892,,,,,,,,,,,
Email: attitudes.stats@dft.gov.uk,,,,,,,,,,,
Last updated: January 2012,,,,,,,,,,,

Note: A new weighting scheme was introduced in 2005 - indicated by dotted line in tables. This has had little or no impact on the results.,,,,,,,,,,,
- Negligible (less than half the final digit shown),,,,,,,,,,,
.. Not available,,,,,,,,,,,
