British Social Attitudes survey (NatCen),,,,,,,,,,,
,,,,,,,,,,,
ATT0303,,,,  ,  ,,,,,,
"""When driving, it is more important to arrive at your destination in a consistent reliable time, than to arrive faster some of the time and slower at other times""",,,,,,,,,,,
,,,,  ,  ,,,,,,
,2002,2003,2004,2005,2006,2007,2008,2009,2010,2011,Sig change 10/11
Agree strongly,..,..,..,..,..,..,..,..,..,7%,
Agree,..,..,..,..,..,..,..,..,..,53%,
Neither agree nor disagree,..,..,..,..,..,..,..,..,..,25%,
Disagree,..,..,..,..,..,..,..,..,..,7%,
Disagree strongly,..,..,..,..,..,..,..,..,..,-,
(Can't choose),..,..,..,..,..,..,..,..,..,5%,
(Not answered),..,..,..,..,..,..,..,..,..,3%,
,,,,,,,,,,,
Agree,..,..,..,..,..,..,..,..,..,59%,
Disagree,..,..,..,..,..,..,..,..,..,8%,
Net agree,..,..,..,..,..,..,..,..,..,51%,
"Base (unwtd, self completed, A)",..,..,..,..,..,..,..,..,..,951,
,,,,,,,,,,,
Source: 2011 British Social Attitudes survey (NatCen),,,,,,,,,,,
Telephone: 020 7944 4892,,,,,,,,,,,
Email: attitudes.stats@dft.gov.uk,,,,,,,,,,,
Last updated: January 2012,,,,,,,,,,,

Note: A new weighting scheme was introduced in 2005 - indicated by dotted line in tables. This has had little or no impact on the results.,,,,,,,,,,,
- Negligible (less than half the final digit shown),,,,,,,,,,,
.. Not available,,,,,,,,,,,
