British Social Attitudes survey (NatCen),,,,,,,,,,,
,,,,,,,,,,,
ATT0308,,,,  ,  ,,,,,,
Miles personally driven in last 12 months,,,,,,,,,,,
,,,,,,,,,,,
 ,2002,2003,2004,2005,2006,2007,2008,2009,2010,2011,Sig change 10/11
"3,000 miles or less",..,..,..,..,29%,27%,26%,28%,28%,29%,
"3,001 to 5,000 miles",..,..,..,..,17%,17%,18%,17%,18%,19%,
"5,001 to 7,000 miles",..,..,..,..,15%,15%,15%,16%,14%,15%,
"7,001 to 10,000 miles",..,..,..,..,16%,16%,17%,16%,18%,16%,
"10,001 miles or more",..,..,..,..,22%,24%,23%,23%,22%,21%,
(Don't know),..,..,..,..,-,-,-,-,-,-,
"Base (unwtd, excludes 'don't drive')",..,..,..,..,"2,211","2,115","2,363","2,412","2,281","2,283",

Source: 2011 British Social Attitudes survey (NatCen),,,,,,,,,,,
Telephone: 020 7944 4892,,,,,,,,,,,
Email: attitudes.stats@dft.gov.uk
Last updated: January 2012

Note: A new weighting scheme was introduced in 2005 - indicated by dotted line in tables. This has had little or no impact on the results.
- Negligible (less than half the final digit shown)
.. Not available
