British Social Attitudes survey (NatCen),,,,,,,,,,,
,,,,,,,,,,,
ATT0333,,,,  ,  ,,,,,,
I am willing to reduce the amount I travel by car (to help reduce the impact on climate change),,,,,,,,,,,
,,,,,,,,,,,
,2002,2003,2004,2005,2006,2007,2008,2009,2010,2011,Sig change 10/11
Agree strongly,..,..,..,..,..,..,..,..,..,6%,
Agree,..,..,..,..,..,..,..,..,..,34%,
Neither agree/disagree,..,..,..,..,..,..,..,..,..,16%,
Disagree,..,..,..,..,..,..,..,..,..,33%,
Disagree strongly,..,..,..,..,..,..,..,..,..,7%,
I do this already,..,..,..,..,..,..,..,..,..,4%,
Don't know,..,..,..,..,..,..,..,..,..,-,
Refusal,..,..,..,..,..,..,..,..,..,0%,
,,,,,,,,,,,
Agree,..,..,..,..,..,..,..,..,..,40%,
Disagree,..,..,..,..,..,..,..,..,..,40%,
"Base (unwtd, don't drive excluded)",..,..,..,..,..,..,..,..,..,"2,279",
,,,,,,,,,,,
Source: 2011 British Social Attitudes survey (NatCen),,,,,,,,,,,
Telephone: 020 7944 4892,,,,,,,,,,,
Email: attitudes.stats@dft.gov.uk,,,,,,,,,,,
Last updated: January 2012,,,,,,,,,,,

Note: A new weighting scheme was introduced in 2005 - indicated by dotted line in tables. This has had little or no impact on the results.,,,,,,,,,,,
- Negligible (less than half the final digit shown),,,,,,,,,,,
.. Not available,,,,,,,,,,,
