British Social Attitudes survey (NatCen),,,,,,,,,,,
,,,,,,,,,,,
ATT0310,,,,  ,  ,,,,,,
Frequency of travel by car as a driver,,,,,,,,,,,
,,,,  ,  ,,,,,,
,2002,2003,2004,2005,2006,2007,2008,2009,2010,2011,Sig change 10/11
Every day or nearly every day,46%,45%,45%,46%,43%,41%,43%,43%,43%,42%,
2-5 days a week,16%,12%,19%,18%,18%,19%,19%,20%,19%,19%,
Once a week,3%,3%,4%,4%,5%,5%,4%,5%,4%,5%,
Less but at least once a month,1%,1%,1%,1%,1%,1%,1%,1%,1%,1%,
Less often than that,-,-,1%,1%,1%,1%,1%,1%,1%,1%,
Never/Don't drive,30%,31%,31%,30%,32%,32%,30%,29%,31%,31%,
Never nowadays,-,-,1%,-,1%,-,-,-,1%,-,
(Refused),0%,-,0%,0%,-,0%,-,-,-,0%,
,,,,,,,,,,,
Base (unwtd),"1,148","1,160","1,053","1,101","3,220","3,094","3,364","3,421","3,297","3,311",

Source: 2011 British Social Attitudes survey (NatCen)
Telephone: 020 7944 4892
Email: attitudes.stats@dft.gov.uk
Last updated: January 2012

Note: A new weighting scheme was introduced in 2005 - indicated by dotted line in tables. This has had little or no impact on the results.
- Negligible (less than half the final digit shown)
.. Not available
