British Social Attitudes survey (NatCen),,,,,,,,,,,
,,,,,,,,,,,
ATT0326,,,,  ,  ,,,,,,
Perception of whether the current level of car use has a serious effect on climate change,,,,,,,,,,,
,,,,  ,  ,,,,,,
,2002,2003,2004,2005,2006,2007,2008,2009,2010,2011,Sig change 10/11
Agree strongly,..,..,..,27%,28%,22%,22%,21%,15%,15%,
Agree,..,..,..,50%,52%,49%,51%,52%,50%,51%,
Neither agree nor disagree,..,..,..,15%,13%,20%,17%,16%,21%,22%,
Disagree,..,..,..,6%,5%,6%,8%,8%,10%,9%,
Disagree strongly,..,..,..,-,1%,2%,2%,2%,3%,2%,
(Don't know),..,..,..,2%,2%,1%,1%,1%,1%,1%,
(Refusal),..,..,..,0%,0%,0%,-,0%,-,0%,
,,,,,,,,,,,
Agree,..,..,..,77%,80%,72%,73%,73%,64%,66%,
Disagree,..,..,..,6%,6%,8%,9%,9%,13%,11%,
Base (unwtd),..,..,..,"1,101","3,220","3,094","3,364","3,421","3,297","3,311",
,,,,,,,,,,,
,,,,,,,,,,,
Source: 2011 British Social Attitudes survey (NatCen),,,,,,,,,,,
Telephone: 020 7944 4892,,,,,,,,,,,
Email: attitudes.stats@dft.gov.uk,,,,,,,,,,,
Last updated: January 2012,,,,,,,,,,,

Note: A new weighting scheme was introduced in 2005 - indicated by dotted line in tables. This has had little or no impact on the results.,,,,,,,,,,,
- Negligible (less than half the final digit shown),,,,,,,,,,,
.. Not available,,,,,,,,,,,
