British Social Attitudes survey (NatCen),,,,,,,,,,,
,,,,,,,,,,,
ATT0338,,,,  ,  ,,,,,,
" �People should be able to travel by plane as much as they like, even if this harms the environment�",,,,,,,,,,,
,,,,,,,,,,,
,2002,2003,2004,2005,2006,2007,2008,2009,2010,2011,Sig change 10/11
Agree strongly,..,3%,2%,3%,3%,4%,4%,3%,3%,3%,
Agree,..,16%,13%,14%,16%,15%,14%,17%,15%,15%,
Neither agree nor disagree,..,30%,34%,34%,30%,29%,26%,32%,33%,31%,
Disagree,..,38%,38%,33%,37%,35%,41%,35%,37%,35%,
Disagree strongly,..,7%,8%,10%,9%,11%,8%,7%,7%,9%,
(Can't choose),..,4%,4%,3%,4%,4%,4%,3%,3%,5%,
(Not answered),..,2%,2%,2%,1%,2%,2%,2%,3%,3%,
,,,,,,,,,,,
Agree,..,19%,15%,18%,19%,19%,18%,20%,18%,18%,
Disagree,..,45%,46%,43%,46%,46%,49%,42%,43%,44%,
"Base (unwtd, self completed, A)",..,972,872,913,930,847,990,958,934,951,
,,,,,,,,,,,
Source: 2011 British Social Attitudes survey (NatCen),,,,,,,,,,,
Telephone: 020 7944 4892,,,,,,,,,,,
Email: attitudes.stats@dft.gov.uk,,,,,,,,,,,
Last updated: January 2012,,,,,,,,,,,

Note: A new weighting scheme was introduced in 2005 - indicated by dotted line in tables. This has had little or no impact on the results.,,,,,,,,,,,
- Negligible (less than half the final digit shown),,,,,,,,,,,
.. Not available,,,,,,,,,,,
