British Social Attitudes survey (NatCen),,,,,,,,,,,
,,,,,,,,,,,
ATT0305,,,,,,,,,,,
Concerns about damage to the countryside from road building,,,,,,,,,,,
,,,,,,,,,,,
 ,2002,2003,2004,2005,2006,2007,2008,2009,2010,2011,Sig change 10/11
Very concerned,..,..,..,24%,25%,25%,22%,21%,16%,16%,
Fairly concerned,..,..,..,52%,50%,49%,48%,49%,48%,47%,
Not very concerned,..,..,..,19%,20%,21%,23%,25%,28%,28%,
Not at all concerned,..,..,..,5%,5%,4%,6%,5%,7%,8%,
(Don�t know),..,..,..,-,1%,-,-,-,1%,1%,
(Refused),..,..,..,0%,0%,0%,0%,0%,-,0%,
,..,..,..,,,,,,,,
Very/fairly,..,..,..,76%,74%,74%,70%,70%,64%,63%,
Not very/not at all,..,..,..,24%,25%,25%,29%,30%,36%,36%,
Base (unwtd),..,..,..,"1,101","3,220","3,094","3,364","3,421","3,297","3,311",

Source: 2011 British Social Attitudes survey (NatCen)
Telephone: 020 7944 4892
Email: attitudes.stats@dft.gov.uk
Last updated: January 2012

Note: A new weighting scheme was introduced in 2005 - indicated by dotted line in tables. This has had little or no impact on the results.
- Negligible (less than half the final digit shown)
.. Not available
