British Social Attitudes survey (NatCen),,,,,,,,,,,
,,,,,,,,,,,
ATT0341,,,,  ,  ,,,,,,
"�For the sake of the environment, car users should pay higher taxes�.",,,,,,,,,,,
,,,,  ,  ,,,,,,
,2002,2003,2004,2005,2006,2007,2008,2009,2010,2011,Sig change 10/11
Agree strongly,4%,4%,2%,3%,2%,3%,3%,2%,2%,2%,
Agree,11%,11%,10%,10%,10%,15%,14%,14%,13%,11%,
Neither agree nor disagree,12%,11%,15%,17%,17%,19%,18%,20%,19%,19%,
Disagree,48%,50%,46%,45%,45%,45%,46%,46%,47%,46%,
Disagree strongly,22%,21%,24%,21%,22%,16%,16%,13%,15%,17%,
(Can't choose),2%,2%,2%,2%,2%,1%,3%,3%,2%,2%,
(Not answered),2%,2%,2%,2%,2%,2%,1%,1%,1%,3%,
,,,,,,,,,,,
Agree,15%,15%,12%,12%,12%,17%,17%,16%,16%,13%,
Disagree,70%,71%,69%,66%,67%,61%,62%,59%,61%,63%,
Net agree,-56%,-56%,-58%,-54%,-55%,-44%,-45%,-43%,-46%,-50%,
"Base (unwtd, self completed, A)",989,972,872,913,930,847,990,958,934,951,
,,,,,,,,,,,
Source: 2011 British Social Attitudes survey (NatCen),,,,,,,,,,,
Telephone: 020 7944 4892,,,,,,,,,,,
Email: attitudes.stats@dft.gov.uk,,,,,,,,,,,
Last updated: January 2012,,,,,,,,,,,

Note: A new weighting scheme was introduced in 2005 - indicated by dotted line in tables. This has had little or no impact on the results.,,,,,,,,,,,
- Negligible (less than half the final digit shown),,,,,,,,,,,
.. Not available,,,,,,,,,,,
