British Social Attitudes survey (NatCen),,,,,,,,,,,
,,,,,,,,,,,
ATT0316,,,,  ,  ,,,,,,
Many of the journeys of less than 2 miles that I now make by car I could just as easily walk,,,,,,,,,,,
,,,,  ,  ,,,,,,
,2002,2003,2004,2005,2006,2007,2008,2009,2010,2011,Sig change 10/11
Agree strongly,..,..,..,..,6%,8%,8%,6%,7%,10%,*
Agree,..,..,..,..,36%,33%,36%,35%,34%,32%,
Neither agree/disagree,..,..,..,..,10%,10%,11%,10%,12%,9%,*
Disagree,..,..,..,..,23%,23%,20%,21%,21%,17%,
Disagree strongly,..,..,..,..,5%,5%,5%,5%,5%,8%,*
Never/rarely by car,..,..,..,..,16%,16%,15%,17%,16%,19%,
(Can't choose),..,..,..,..,3%,2%,2%,3%,2%,3%,
(Not answered),..,..,..,..,2%,2%,2%,2%,2%,3%,
 ,,,,,,,,,,,
Agree,..,..,..,..,41%,41%,44%,41%,41%,42%,
Disagree,..,..,..,..,28%,28%,25%,26%,27%,25%,
"Base (unwtd, self completed, 2 versions only)",..,..,..,..,"1,903","2,672","2,994","2,942","2,810","1,901",
,,,,,,,,,,,
Source: 2011 British Social Attitudes survey (NatCen),,,,,,,,,,,
Telephone: 020 7944 4892,,,,,,,,,,,
Email: attitudes.stats@dft.gov.uk,,,,,,,,,,,
Last updated: January 2012,,,,,,,,,,,

Note: A new weighting scheme was introduced in 2005 - indicated by dotted line in tables. This has had little or no impact on the results.,,,,,,,,,,,
- Negligible (less than half the final digit shown),,,,,,,,,,,
.. Not available,,,,,,,,,,,
