British Social Attitudes survey (NatCen),,,,,,,,,,,
,,,,,,,,,,,
ATT0312,,,,  ,  ,,,,,,
Frequency of travel by local bus,,,,,,,,,,,
,,,,  ,  ,,,,,,
,2002,2003,2004,2005,2006,2007,2008,2009,2010,2011,Sig change 10/11
Every day or nearly every day,7%,7%,9%,7%,8%,8%,7%,9%,8%,8%,
2-5 days a week,12%,10%,9%,12%,12%,13%,13%,13%,13%,12%,
Once a week,9%,7%,8%,7%,8%,8%,9%,8%,9%,8%,
Less but at least once a month,10%,9%,8%,10%,10%,10%,11%,11%,12%,12%,
Less often than that,13%,16%,15%,14%,13%,14%,14%,14%,16%,16%,
Never nowadays,48%,50%,50%,51%,48%,47%,47%,45%,43%,44%,
(Don�t know),-,-,-,0%,0%,0%,0%,0%,-,0%,
(Refused),-,-,0%,0%,0%,0%,0%,0%,-,0%,
,,,,,,,,,,,
At least weekly,28%,24%,26%,26%,28%,29%,29%,30%,29%,28%,
,,,,,,,,,,,
Base (unwtd),"1,148","1,160","1,053","1,101","3,220","3,094","3,364","3,421","3,297","3,311",

Source: 2011 British Social Attitudes survey (NatCen),,,,,,,,,,,
Telephone: 020 7944 4892,,,,,,,,,,,
Email: attitudes.stats@dft.gov.uk,,,,,,,,,,,
Last updated: January 2012,,,,,,,,,,,

Note: A new weighting scheme was introduced in 2005 - indicated by dotted line in tables. This has had little or no impact on the results.,,,,,,,,,,,
- Negligible (less than half the final digit shown),,,,,,,,,,,
.. Not available,,,,,,,,,,,
