British Social Attitudes survey (NatCen),,,,,,,,,,,
,,,,,,,,,,,
ATT0320,,,,  ,  ,,,,,,
Proportion of respondents who had ridden a bicycle in the previous 12 months,,,,,,,,,,,
,,,,,,,,,,,
 ,2002,2003,2004,2005,2006,2007,2008,2009,2010,2011,Sig change 10/11
Yes,..,..,..,..,..,..,..,..,..,38%,
No,..,..,..,..,..,..,..,..,..,61%,
Don't know,..,..,..,..,..,..,..,..,..,1%,
,,,,,,,,,,,
Base (unwtd),..,..,..,..,..,..,..,..,..,"3,311",

Source: 2011 British Social Attitudes survey (NatCen),,,,,,,,,,,
Telephone: 020 7944 4892,,,,,,,,,,,
Email: attitudes.stats@dft.gov.uk,,,,,,,,,,,
Last updated: January 2012,,,,,,,,,,,

Note: A new weighting scheme was introduced in 2005 - indicated by dotted line in tables. This has had little or no impact on the results.
- Negligible (less than half the final digit shown)
.. Not available
