British Social Attitudes survey (NatCen),,,,,,,,,,,
,,,,,,,,,,,
ATT0325,,,,,,,,,,,
Concerns about the effect of transport on climate change,,,,,,,,,,,
,,,,,,,,,,,
 ,2002,2003,2004,2005,2006,2007,2008,2009,2010,2011,Sig change 10/11
Very concerned,..,..,..,36%,36%,31%,27%,27%,21%,20%,
Fairly concerned,..,..,..,44%,46%,45%,47%,48%,47%,45%,
Not very concerned,..,..,..,15%,13%,18%,18%,20%,22%,26%,*
Not at all concerned,..,..,..,4%,4%,5%,6%,5%,9%,9%,
(Don�t know),..,..,..,1%,1%,1%,1%,1%,1%,1%,
(Refused),..,..,..,0%,0%,0%,0%,0%,-,0%,
,..,..,..,,,,,,,,
Very/fairly,..,..,..,80%,81%,76%,74%,75%,68%,65%,*
Not very/not at all,..,..,..,18%,18%,23%,25%,25%,31%,34%,*
Base (unwtd),..,..,..,"1,101","3,220","3,094","3,364","3,421","3,297","3,311",

Source: 2011 British Social Attitudes survey (NatCen)
Telephone: 020 7944 4892
Email: attitudes.stats@dft.gov.uk
Last updated: January 2012

Note: A new weighting scheme was introduced in 2005 - indicated by dotted line in tables. This has had little or no impact on the results.
- Negligible (less than half the final digit shown)
.. Not available
