British Social Attitudes survey (NatCen),,,,,,,,,,,
,,,,,,,,,,,
ATT0311,,,,  ,  ,,,,,,
Frequency of travel by car as a passenger,,,,,,,,,,,
,,,,  ,  ,,,,,,
,2002,2003,2004,2005,2006,2007,2008,2009,2010,2011,Sig change 10/11
Every day or nearly every day,11%,12%,10%,9%,8%,9%,8%,7%,8%,8%,
2-5 days a week,23%,23%,26%,22%,26%,24%,25%,24%,25%,25%,
Once a week,25%,22%,22%,26%,25%,26%,25%,27%,25%,26%,
Less but at least once a month,13%,16%,16%,17%,15%,14%,15%,16%,16%,16%,
Less often than that,12%,13%,12%,13%,13%,14%,13%,13%,13%,13%,
Never nowadays,15%,15%,14%,12%,14%,12%,14%,14%,12%,13%,
(Don�t know),-,-,0%,-,0%,-,-,0%,-,0%,
(Refused),-,-,0%,0%,0%,0%,0%,-,-,0%,
,,,,,,,,,,,
Base (unwtd),"1,148","1,160","1,053","1,101","3,220","3,094","3,364","3,421","3,297","3,311",

Source: 2011 British Social Attitudes survey (NatCen)
Telephone: 020 7944 4892
Email: attitudes.stats@dft.gov.uk
Last updated: January 2012

Note: A new weighting scheme was introduced in 2005 - indicated by dotted line in tables. This has had little or no impact on the results.
- Negligible (less than half the final digit shown)
.. Not available
