British Social Attitudes survey (NatCen),,,,,,,,,,,
,,,,,,,,,,,
ATT0329,,,,,,,,,,,
What has the most overall impact on climate change (3 answers)?,,,,,,,,,,,
,,,,  ,  ,,,,,,
,2002,2003,2004,2005,2006,2007,2008,2009,2010,2011,Sig change 10/11
Cars,..,..,..,..,..,..,..,..,..,62%,
Buses and coaches,..,..,..,..,..,..,..,..,..,38%,
Vans and lorries,..,..,..,..,..,..,..,..,..,68%,
Aeroplanes,..,..,..,..,..,..,..,..,..,55%,
Trains,..,..,..,..,..,..,..,..,..,4%,
Ships/ferries,..,..,..,..,..,..,..,..,..,7%,
Motorbikes,..,..,..,..,..,..,..,..,..,5%,
(None of these),..,..,..,..,..,..,..,..,..,3%,
(Don t believe in climate change/believe climate change will happen anyway),..,..,..,..,..,..,..,..,..,6%,
Don't know,..,..,..,..,..,..,..,..,..,2%,
Refusal,..,..,..,..,..,..,..,..,..,0%,
,,,,,,,,,,,
"Base (unwtd, CAPI: 2 versions only)",..,..,..,..,..,..,..,..,..,"2,283",
,,,,,,,,,,,
Source: 2011 British Social Attitudes survey (NatCen),,,,,,,,,,,
Telephone: 020 7944 4892,,,,,,,,,,,
Email: attitudes.stats@dft.gov.uk,,,,,,,,,,,
Last updated: January 2012,,,,,,,,,,,

Note: A new weighting scheme was introduced in 2005 - indicated by dotted line in tables. This has had little or no impact on the results.,,,,,,,,,,,
- Negligible (less than half the final digit shown),,,,,,,,,,,
.. Not available,,,,,,,,,,,
