British Social Attitudes survey (NatCen),,,,,,,,,,,
,,,,,,,,,,,
ATT0357,,,,,,,,,,,
"""It is perfectly safe to talk on a hand-held mobile phone while driving""",,,,,,,,,,,
,,,,,,,,,,,
,2002,2003,2004,2005,2006,2007,2008,2009,2010,2011,Sig change 10/11
Agree strongly,..,..,..,..,3%,3%,3%,3%,3%,3%,
Agree,..,..,..,..,2%,2%,1%,3%,2%,2%,
Neither agree/disagree,..,..,..,..,2%,4%,3%,3%,6%,3%,*
Disagree,..,..,..,..,29%,32%,31%,32%,30%,28%,*
Disagree strongly,..,..,..,..,61%,56%,59%,58%,57%,62%,
(Can't choose),..,..,..,..,-,-,-,-,-,-,
(Not answered),..,..,..,..,2%,2%,3%,2%,1%,2%,
,,,,,,,,,,,
Agree,..,..,..,..,5%,5%,4%,6%,5%,4%,
Disagree,..,..,..,..,90%,88%,90%,90%,87%,90%,
"Base (unwtd, self completed, C)",..,..,..,..,926,913,"1,012","1,017",930,950,
,,,,,,,,,,,
Source: 2011 British Social Attitudes survey (NatCen),,,,,,,,,,,
Telephone: 020 7944 4892,,,,,,,,,,,
Email: attitudes.stats@dft.gov.uk,,,,,,,,,,,
Last updated: January 2012,,,,,,,,,,,

Note: A new weighting scheme was introduced in 2005 - indicated by dotted line in tables. This has had little or no impact on the results.,,,,,,,,,,,
- Negligible (less than half the final digit shown),,,,,,,,,,,
.. Not available,,,,,,,,,,,
