British Social Attitudes survey (NatCen),,,,,,,,,,,
,,,,,,,,,,,
ATT0318,,,,  ,  ,,,,,,
"Many of the journeys of less than 2 miles that I now make by car I could just as easily cycle, if I had a bike",,,,,,,,,,,
,,,,  ,  ,,,,,,
,2002,2003,2004,2005,2006,2007,2008,2009,2010,2011,Sig change 10/11
Agree strongly,..,..,..,..,7%,8%,8%,7%,9%,10%,
Agree,..,..,..,..,37%,35%,39%,34%,35%,28%,*
Neither agree/disagree,..,..,..,..,9%,10%,9%,10%,11%,8%,*
Disagree,..,..,..,..,21%,21%,20%,22%,21%,19%,
Disagree strongly,..,..,..,..,8%,9%,8%,8%,8%,15%,*
Never/rarely by car,..,..,..,..,11%,11%,10%,12%,12%,12%,
(Can't choose),..,..,..,..,4%,3%,3%,4%,3%,5%,*
(Not answered),..,..,..,..,3%,3%,3%,3%,2%,3%,*
,,,,,,,,,,,
Agree,..,..,..,..,44%,43%,47%,41%,43%,38%,*
Disagree,..,..,..,..,30%,30%,29%,30%,29%,34%,*
"Base (unwtd, self completed, 2 versions only)",..,..,..,..,"1,903","2,672","2,994","2,942","2,810","1,901",
,,,,,,,,,,,
Source: 2011 British Social Attitudes survey (NatCen),,,,,,,,,,,
Telephone: 020 7944 4892,,,,,,,,,,,
Email: attitudes.stats@dft.gov.uk,,,,,,,,,,,
Last updated: January 2012,,,,,,,,,,,

Note: A new weighting scheme was introduced in 2005 - indicated by dotted line in tables. This has had little or no impact on the results.,,,,,,,,,,,
- Negligible (less than half the final digit shown),,,,,,,,,,,
.. Not available,,,,,,,,,,,
