British Social Attitudes survey (NatCen),,,,,,,,,,,
,,,,,,,,,,,
ATT0301,,,,,,,,,,,
The perception of motorway congestion as a problem,,,,,,,,,,,
,,,,,,,,,,,
,2002,2003,2004,2005,2006,2007,2008,2009,2010,2011,Sig change 10/11
A very serious problem,13%,..,9%,13%,12%,13%,10%,9%,8%,7%,*
A serious problem,19%,..,20%,20%,21%,19%,19%,20%,18%,16%,
Not a very serious problem,33%,..,34%,36%,34%,35%,35%,41%,40%,39%,
Not a problem at all,35%,..,36%,30%,33%,32%,35%,29%,33%,38%,*
(Don�t know),1%,..,0%,0%,1%,0%,1%,0%,1%,1%,
(Refused),-,..,0%,0%,-,0%,-,0%,-,0%,
,,,,,,,,,,,
Very serious/ serious problem,31%,..,29%,33%,32%,33%,29%,30%,26%,22%,*
Not very/ not at all,68%,..,71%,67%,67%,67%,70%,70%,73%,77%,*
Base (unwtd),"1,148",..,"1,053","1,101","3,220","3,094","3,364","3,421","3,297","3,311",

Source: 2011 British Social Attitudes survey (NatCen)
Telephone: 020 7944 4892
Email: attitudes.stats@dft.gov.uk
Last updated: January 2012

Note: A new weighting scheme was introduced in 2005 - indicated by dotted line in tables. This has had little or no impact on the results.
- Negligible (less than half the final digit shown)
.. Not available
