British Social Attitudes survey (NatCen),,,,,,,,,,,
,,,,,,,,,,,
ATT0343,,,,  ,  ,,,,,,
"""People who drive cars that are better for the environment should pay less to use the roads than people whose cars are more harmful to the environment""",,,,,,,,,,,
,,,,  ,  ,,,,,,
,2002,2003,2004,2005,2006,2007,2008,2009,2010,2011,Sig change 10/11
Agree strongly,..,..,..,..,16%,16%,13%,12%,12%,14%,
Agree,..,..,..,..,50%,48%,49%,51%,45%,44%,
Neither agree/disagree,..,..,..,..,17%,17%,17%,18%,21%,21%,
Disagree,..,..,..,..,9%,13%,11%,10%,14%,12%,
Disagree strongly,..,..,..,..,2%,3%,4%,3%,2%,3%,
(Can't choose),..,..,..,..,4%,2%,3%,3%,4%,3%,
(Not answered),..,..,..,..,1%,1%,2%,2%,2%,3%,
,,,,,,,,,,,
Agree,..,..,..,..,66%,64%,62%,63%,57%,58%,
Disagree,..,..,..,..,11%,16%,15%,13%,16%,15%,
"Base (unwtd, self completed, A)",..,..,..,..,930,847,990,958,934,951,
,,,,,,,,,,,
Source: 2011 British Social Attitudes survey (NatCen),,,,,,,,,,,
Telephone: 020 7944 4892,,,,,,,,,,,
Email: attitudes.stats@dft.gov.uk,,,,,,,,,,,
Last updated: January 2012,,,,,,,,,,,

Note: A new weighting scheme was introduced in 2005 - indicated by dotted line in tables. This has had little or no impact on the results.,,,,,,,,,,,
- Negligible (less than half the final digit shown),,,,,,,,,,,
.. Not available,,,,,,,,,,,
