British Social Attitudes survey (NatCen),,,,,,,,,,,
,,,,,,,,,,,
ATT0323,,,,,,,,,,,
The perception of exhaust fumes from traffic in towns and cities as a problem,,,,,,,,,,,
,,,,,,,,,,,
,2002,2003,2004,2005,2006,2007,2008,2009,2010,2011,Sig change 10/11
A very serious problem,24%,..,20%,24%,23%,22%,17%,17%,12%,13%,
A serious problem,35%,..,38%,36%,37%,39%,37%,41%,36%,33%,*
Not a very serious problem,26%,..,27%,25%,26%,26%,29%,32%,35%,35%,
Not a problem at all,14%,..,15%,14%,14%,13%,17%,10%,15%,19%,*
(Don�t know),0%,..,0%,1%,0%,0%,0%,0%,1%,1%,
(Refused),0%,..,0%,-,0%,0%,0%,0%,0%,0%,
,,,,,,,,,,,
Very serious/serious,60%,..,58%,61%,60%,60%,54%,57%,48%,45%,*
Not a very serious/not at all,40%,..,42%,38%,40%,39%,46%,42%,51%,54%,*
Base (unwtd),"1,148",..,"1,053","1,101","3,220","3,094","3,364","3,421","3,297","3,311",

Source: 2011 British Social Attitudes survey (NatCen)
Telephone: 020 7944 4892
Email: attitudes.stats@dft.gov.uk
Last updated: January 2012

Note: A new weighting scheme was introduced in 2005 - indicated by dotted line in tables. This has had little or no impact on the results.
- Negligible (less than half the final digit shown)
.. Not available
