British Social Attitudes survey (NatCen),,,,,,,,,,,
,,,,,,,,,,,
ATT0328,,,,  ,  ,,,,,,
Factors contributing to climate change,,,,,,,,,,,
,,,,  ,  ,,,,,,
,2002,2003,2004,2005,2006,2007,2008,2009,2010,2011,Sig change 10/11
Deforestation (cutting down trees),..,..,..,..,..,..,..,..,..,19%,
Emissions from road transport,..,..,..,..,..,..,..,..,..,59%,
Emissions from planes,..,..,..,..,..,..,..,..,..,39%,
"Other emissions (factories, power stations, industry etc.)",..,..,..,..,..,..,..,..,..,52%,
Aerosols / CFCs,..,..,..,..,..,..,..,..,..,11%,
Use of gas/electricity,..,..,..,..,..,..,..,..,..,15%,
"Methane production (farming, landfill, waste etc.)",..,..,..,..,..,..,..,..,..,17%,
Natural causes (not influenced by human contributions),..,..,..,..,..,..,..,..,..,14%,
Over-population,..,..,..,..,..,..,..,..,..,2%,
None of the above,..,..,..,..,..,..,..,..,..,1%,
Other,..,..,..,..,..,..,..,..,..,8%,
Don't believe in climate change,..,..,..,..,..,..,..,..,..,5%,
Don�t know,..,..,..,..,..,..,..,..,..,2%,
,,,,,,,,,,,
"Base (unwtd, 2 versions only)",..,..,..,..,..,..,..,..,..,"2,283",
,,,,,,,,,,,
Source: 2011 British Social Attitudes survey (NatCen),,,,,,,,,,,
Telephone: 020 7944 4892,,,,,,,,,,,
Email: attitudes.stats@dft.gov.uk,,,,,,,,,,,
Last updated: January 2012,,,,,,,,,,,

Note: A new weighting scheme was introduced in 2005 - indicated by dotted line in tables. This has had little or no impact on the results.,,,,,,,,,,,
- Negligible (less than half the final digit shown),,,,,,,,,,,
.. Not available,,,,,,,,,,,
