British Social Attitudes survey (NatCen),,,,,,,,,,,
,,,,,,,,,,,
ATT0324,,,,,,,,,,,
Concerns about exhaust fumes from traffic,,,,,,,,,,,
,,,,,,,,,,,
 ,2002,2003,2004,2005,2006,2007,2008,2009,2010,2011,Sig change 10/11
Very concerned,..,..,..,41%,38%,34%,31%,29%,23%,23%,
Fairly concerned,..,..,..,39%,44%,45%,44%,47%,47%,44%,
Not very concerned,..,..,..,16%,13%,17%,20%,20%,23%,25%,
Not at all concerned,..,..,..,3%,4%,4%,5%,4%,7%,7%,
(Don�t know),..,..,..,-,1%,-,-,-,-,-,
(Refused),..,..,..,0%,0%,0%,0%,0%,-,0%,
,..,..,..,,,,,,,,
Very/fairly,..,..,..,81%,82%,79%,74%,76%,70%,67%,
Not very/not at all,..,..,..,19%,18%,21%,25%,24%,30%,32%,
Base (unwtd),..,..,..,"1,101","3,220","3,094","3,364","3,421","3,297","3,311",

Source: 2011 British Social Attitudes survey (NatCen)
Telephone: 020 7944 4892
Email: attitudes.stats@dft.gov.uk
Last updated: January 2012

Note: A new weighting scheme was introduced in 2005 - indicated by dotted line in tables. This has had little or no impact on the results.
- Negligible (less than half the final digit shown)
.. Not available
