Department for Transport statistics,,
Driving Test and Instructor Statistics (http://www.dft.gov.uk/statistics/series/driving-tests-and-instructors/),,
,,
Table INS0103,,
The number of potential driving Instructors and approved driving instructors by postcode area as at 8 June 2012,,
,,Numbers
Postcode area,Approved Driving Instructors,Trainee Licences
AB,266,9
AL,190,6
B ,"1,878",97
BA,287,15
BB,452,11
BD,677,36
BH,421,11
BL,340,11
BN,577,23
BR,260,15
BS,621,41
BT,28,0
CA,209,11
CB,237,11
CF,749,23
CH,475,19
CM,616,26
CO,348,8
CR,366,35
CT,364,9
CV,653,26
CW,207,2
DA,428,19
DD,149,4
DE,592,29
DG,73,1
DH,248,5
DL,248,15
DN,583,20
DT,135,4
DY,326,13
E ,803,62
EC,9,0
EH,500,27
EN,372,21
EX,371,15
FK,184,8
FY,251,3
G ,888,27
GL,364,15
GU,465,29
HA,525,24
HD,271,9
HG,102,1
HP,396,17
HR,124,3
HS,13,0
HU,376,5
HX,144,6
IG,436,1
IP,393,37
IV,142,13
KA,248,1
KT,389,3
KW,26,25
KY,245,7
L,577,15
LA,207,6
LD,24,2
LE,884,28
LL,357,15
LN,213,10
LS,596,31
LU,355,11
M,792,37
ME,545,26
MK,455,33
ML,288,9
N,520,32
NE,776,46
NG,821,31
NN,557,21
NP,358,11
NR,565,11
NW,312,19
OL,419,16
OX,394,16
PA,242,7
PE,592,30
PH,73,2
PL,382,7
PO,526,23
PR,403,11
RG,498,36
RH,382,17
RM,521,31
S,"1,169",35
SA,490,8
SE,524,56
SG,322,15
SK,466,14
SL,312,18
SM,252,22
SN,328,19
SO,437,28
SP,151,6
SR,202,6
SS,450,17
ST,466,15
SW,265,24
SY,179,6
TA,224,4
TD,58,3
TF,142,8
TN,490,14
TQ,230,3
TR,225,2
TS,411,18
TW,389,22
UB,436,33
W,204,15
WA,395,16
WC,8,0
WD,259,13
WF,508,12
WN,224,4
WR,228,4
WS,353,18
WV,364,17
YO,385,18
ZE,8,0
Unknown/ abroad,48,3
Telephone: 020 7944 3077,,
Email�: vehicles.stats@dft.gsi.gov.uk,,
Notes & definitions (http://www.dft.gov.uk/statistics/series/driving-tests-and-instructors/),,
Source: DSA/DfT,,
Last updated: 28 June 2012,,
Next update: August 2012,,
