Department for Transport statistics,,,,,,,,,,,,,,
Driving Test and Instructor Statistics (http://www.dft.gov.uk/statistics/series/driving-tests-and-instructors/),,,,,,,,,,,,,,
,,,,,,,,,,,,,,
Table INS0502,,,,,,,,,,,,,,
Compulsory basic training instructor Standards Checks: April 2011 to March 2012,,,,,,,,,,,,,,
,,Numbers,,,,,,,,,,,,
,Check test result,,,,,,,,,,,,,
,Satisfactory,Unsatisfactory,,,,,,,,,,,,
Quarterly,,,,,,,,,,,,,,
Apr-Jun 2011,194,36,,,,,,,,,,,,
Jul- Sep 2011,162,35,,,,,,,,,,,,
Oct - Dec 2011,142,28,,,,,,,,,,,,
Jan-Mar 2012,125,26,,,,,,,,,,,,
Annually (financial years),,,,,,,,,,,,,,
2011/12,623 ,125 ,,,,,,,,,,,,
Telephone: 020 7944 3077,,,,,,,,,,,,,,
Email�: vehicles.stats@dft.gsi.gov.uk,,,,,,,,,,,,,,
Notes & definitions (http://www.dft.gov.uk/statistics/series/driving-tests-and-instructors/),,,,,,,,,,,,,,

,,Source: DSA/DfT,,,,,,,,,,,,
,,Last updated: 28 June 2012,,,,,,,,,,,,
,,Next update: August 2012,,,,,,,,,,,,
