Department for Transport statistics,,,,,,,
Driving Test and Instructor Statistics (http://www.dft.gov.uk/statistics/series/driving-tests-and-instructors/),,,,,,,
,,,,,,,
Table INS0102,,,,,,,
Grades1 of approved driving instructors as recorded in their most recent check test: from April 2011 to May 2012,,,,,,,
,,,,,,,Numbers
,Grade received at most recent check test,,,,,,
,1,2,3,4,5,6,Educational2
April 2011,0, 67 , 424 ," 24,529 "," 15,768 "," 2,834 ", 187 
May 2011,0, 55 , 367 ," 24,573 "," 15,849 "," 2,838 ", 172 
June 2011,0, 43 , 306 ," 24,579 "," 15,924 "," 2,833 ", 146 
July 2011,0, 41 , 327 ," 24,553 "," 15,977 "," 2,840 ", 112 
August 2011,0, 46 , 318 ," 24,494 "," 15,980 "," 2,813 ", 111 
September 2011,0, 59 , 330 ," 24,524 "," 15,974 "," 2,804 ", 97 
November 2011,0, 62 , 320 ," 24,528 "," 15,973 "," 2,821 ", 90 
November 2011,0, 61 , 335 ," 24,528 "," 15,973 "," 2,826 ", 116 
December 2011,0, 56 , 343 ," 24,385 "," 15,845 "," 2,788 ", 126 
January 2012,0, 55 , 316 ," 24,474 "," 15,890 "," 2,927 ", 116 
February 2012,0, 54 , 337 ," 24,547 "," 15,881 "," 2,781 ", 146 
March 2012,0, 55 , 368 ," 24,520 "," 15,890 "," 2,749 ", 170 
April 2012,0, 50 , 381 ," 24,473 "," 15,911 "," 2,761 ", 143 
May 2012,0, 58 , 357 ," 24,339 "," 15,869 "," 2,745 ", 106 
Proporotion in each category at the end of the most recent month (per cent),,,,,,,
May 2012,0,0,1,56,37,6,.
"1 Grades run from 1 - extremely poor overall performance, to 6 - very high overall performance",,,,,,,
2 Educational refers to newly qualified ADIs,,,,,,,
Telephone: 020 7944 3077,,,,,,,Source: DSA/DfT
Email�: vehicles.stats@dft.gsi.gov.uk,,,,,,,Last updated: 28 June 2012
Notes & definitions (http://www.dft.gov.uk/statistics/series/driving-tests-and-instructors/),,,,,,,Next update: August 2012

,,,,,,,
