Department for Transport statistics,,,,,,,,,,,,,,,,,,,
Driving Test and Instructor Statistics (http://www.dft.gov.uk/statistics/series/driving-tests-and-instructors/),,,,,,,,,,,,,,,,,,,
,,,,,,,,,,,,,,,,,,,
Table INS0504,,,,,,,,,,,,,,,,,,,
Incident Statistics (compulsory basic training and direct access scheme): October 2011 to March 20121,,,,,,,,,,,,,,,,,,,
,,,,,,,Numbers,,,,,,,,,,,,
,Impact of incident,,,,Occurred during,,,,,,,,,,,,,,
,High,Medium,Low,,CBT2,DAS3,Other,,,,,,,,,,,,
Oct - Dec 2011, 12 , 17 , 12 ,, 11 , 2 , 28 ,,,,,,,,,,,,
Jan- Mar 2012, 7 , 6 , 16 ,, 19 , 2 , 8 ,,,,,,,,,,,,
1 Statistics were not collected for quarters prior to October 2011.,,,,,,,,,,,,,,,,,,,
2 Compulsory basic training,,,,,,,,,,,,,,,,,,,
3 Direct access scheme,,,,,,,,,,,,,,,,,,,
Telephone: 020 7944 3077,,,,,,,,,,,,,,,,,,,
Email�: vehicles.stats@dft.gsi.gov.uk,,,,,,,Source: DSA/DfT,,,,,,,,,,,,
Notes & definitions (http://www.dft.gov.uk/statistics/series/driving-tests-and-instructors/),,,,,,,Last updated: 28 June 2012,,,,,,,,,,,,
,,,,,,,Next update: August 2012
