Department for Transport statistics,,
Driving Test and Instructor Statistics (http://www.dft.gov.uk/statistics/series/driving-tests-and-instructors/),,
,,
Table INS0103,,
The number of potential driving Instructors and approved driving instructors by postcode area as at 5 March 2012,,
,,Numbers
Postcode area,Approved Driving Instructors,Trainee Licences
AB,270,26
AL,192,18
B ,"1,896",313
BA,292,49
BB,449,39
BD,673,92
BH,428,58
BL,346,39
BN,573,54
BR,263,38
BS,626,130
BT,28,0
CA,210,20
CB,241,19
CF,743,114
CH,468,77
CM,618,89
CO,345,39
CR,361,68
CT,362,37
CV,650,82
CW,209,24
DA,431,67
DD,146,22
DE,590,90
DG,75,4
DH,249,35
DL,252,53
DN,582,67
DT,138,10
DY,323,42
E ,794,155
EC,7,4
EH,500,100
EN,371,66
EX,375,38
FK,184,30
FY,247,27
G ,886,92
GL,369,39
GU,465,61
HA,517,55
HD,266,21
HG,101,14
HP,394,43
HR,121,9
HS,13,26
HU,375,17
HX,146,1
IG,435,90
IP,400,37
IV,134,10
KA,251,11
KT,393,53
KW,26,2
KY,245,29
L,594,56
LA,205,12
LD,24,3
LE,890,112
LL,359,36
LN,214,22
LS,601,83
LU,356,43
M,791,130
ME,543,77
MK,451,42
ML,288,36
N,508,93
NE,779,149
NG,822,111
NN,560,65
NP,361,55
NR,569,32
NW,310,49
OL,420,51
OX,399,45
PA,242,16
PE,599,70
PH,73,9
PL,398,35
PO,525,88
PR,414,36
RG,505,75
RH,387,39
RM,520,85
S,"1,187",141
SA,500,67
SE,514,103
SG,320,32
SK,474,77
SL,309,52
SM,257,42
SN,329,44
SO,443,85
SP,145,16
SR,199,30
SS,451,86
ST,466,58
SW,255,68
SY,181,29
TA,226,20
TD,56,10
TF,142,20
TN,485,45
TQ,232,21
TR,226,9
TS,412,67
TW,383,62
UB,426,92
W,207,38
WA,400,49
WC,9,2
WD,263,36
WF,505,50
WN,228,34
WR,231,15
WS,361,51
WV,372,48
YO,382,28
ZE,8,0
Unknown/ abroad,89,13
Telephone: 020 7944 3077,,
Email�: vehicles.stats@dft.gsi.gov.uk,,
Notes & definitions (http://www.dft.gov.uk/statistics/series/driving-tests-and-instructors/),,
Source: DSA/DfT,,
Last updated: 15 March 2012,,
Next update: June 2012,,
