Department for Transport statistics,,,,,,,,,,,,,,,
http://www.dft.gov.uk/statistics/releases/road-accidents-and-safety-annual-report-2010,,,,,,,,,,,,,,,
RAS53001 (TSGB0107),,,,,,,,,,,,,,,
Passenger casualty rates by mode: 2001-20101,,,,,,,,,,,,,,,
,,,,,,,,,,,,Per billion passenger kilometres,,,
,,2001,2002,2003,2004,2005,2006,2007,2008,2009,2010,"2001
-2010",,,
Air 2,,,,,,,,,,,,,,,
,Killed,0.00,0.00,0.00,0.00,0.00,0.00,0.00,0.00,0.00,0.00,0.00,,,
,KSI 3 ,0.00,0.00,0.00,0.01,0.00,0.00,0.00,0.01,0.00,0.00,0.00,,,
,All 4,0.00,0.00,0.00,0.01,0.00,0.01,0.00,0.04,0.01,0.00,0.01,,,
"Rail 5,6",,,,,,,,,,,,,,,
,Killed,0.0,0.2,0.0,0.1,0.0,0.0,0.0,0.0,0.0,0.0,0.0,,,
,All,36.7,35.3,32.5,31.3,26.0,26.3,23.2,24.5,26.0,26.4,28.4,,,
Water 7,,,,,,,,,,,,,,,
,Killed,0.4,0.0,0.0,0.0,0.3,0.3,0.0,0.9,0.4,0.8,0.3,,,
,KSI,54,50,61,44,36,39,45,74,52,40,49,,,
Bus or coach 8,,,,,,,,,,,,,,
,Killed,0.2,0.4,0.2,0.4,0.2,0.4,0.3,0.1,0.3,0.2,0.3,,
,KSI  ,11,11,10,10,7,9,10,10,8,8,9,,
,All ,191,173,175,178,158,152,159,157,139,139,162,,
Car 9,,,,,,,,,,,,,,
,Killed,2.8,2.7,2.7,2.6,2.6,2.4,2.2,1.9,1.6,1.3,2.3,,
,KSI  ,31,29,27,25,22,22,20,18,17,15,22,,
,All ,323,304,291,282,274,259,247,224,218,206,275,,
Van 9,,,,,,,,,,,,,,
,Killed,0.9,1.0,0.9,0.8,0.6,0.6,0.6,0.5,0.4,0.4,0.7,,
,KSI  ,11,11,10,8,7,6,5,5,5,4,7,,
,All ,102,96,89,76,73,68,59,54,53,50,71,,
Motorcycles 9,,,,,,,,,,,,,,
,Killed,112,111,114,105,97,107,97,89,84,79,100,,
,KSI  ,"1,405","1,367","1,264","1,194","1,109","1,155","1,116","1,089","1,031","1,021","1,174",,
,All ,"5,539","5,168","4,692","4,606","4,232","4,156","3,887","3,881","3,666","3,681","4,345",,
Pedal cycles ,,,,,,,,,,,,,,
,Killed,33,29,25,32,33,32,32,24,21,22,28,,
,KSI  ,632,555,534,548,533,527,541,541,547,553,556,,
,All ,"4,512","3,874","3,775","3,956","3,740","3,494","3,814","3,435","3,444","3,428","3,732",,
Pedestrian ,,,,,,,,,,,,,,
,Killed,47,42,41,35,36,36,36,31,26,23,35,,
,KSI  ,521,471,424,394,384,371,382,358,319,322,394,,
,All ,"2,332","2,117","1,944","1,836","1,794","1,631","1,665","1,536","1,420","1,486","1,773",,
,,,,,,,,,,,,,,
"1  Figures have been revised from those published in previous years, see Notes and Definitions for more details.",,,,,,,,,,,,"The figures for Air, Rail and Water modes ",,
2  Passenger casualties in accidents involving UK registered airline aircraft in UK and foreign airspace. ,,,,,,,,,,,,are outside the scope of National Statistics,,
3  KSI =Killed or seriously injured,,,,,,,,,,,,,,
"4  All = Killed, seriously and slightly injured",,,,,,,,,,,,,,
5  Financial years and National Rail only. ,,,,,,,,,,,,,,
6  Passenger casualties involved in train accidents and accidents occuring through movement of railway vehicles.  ,,,,,,,,,,,,,,
7  Passenger casualties on UK registered merchant vessels.,,,,,,,,,,,,,,
8  Financial year passenger kilometres data revised from 2004/05. A break in the local bus series (outside London) due to           ,,,,,,,,,,,,
    changes in the estimation methodology from 2004/05 mean figures before 2004/05 are not comparable. ,,,,,,,,,,,,
9  Driver and passenger casualties.,,,,,,,,,,,,
,,,,,,,,,,,,
Telephone: 020 7944 6595,,,,,,,,,,,,
Email: roadacc.stats@dft.gsi.gov.uk,,,,,,,,,,,,
,,,,,,,,,,,,Last updated: November 2011
"The figures for Air, Rail and Water modes are outside the scope of National Statistics",,,,,,,,,,,,Next update: November 2012
,,,,,,,,,,,,
