Department for Transport statistics,,,,,,,,,,,,,,,,,,,,,,,,,,,,,,,,,
Modal comparisons,,,,,,,,,,,,,,,,,,,,,,,,,,,,,,,,,
Table TSGB0117,,,,,,,,,,,,,,,,,,,,,,,,,,,,,,,,,
Public Expenditure on Transport by Country and Spending Authority:1 2005/06-2009/10,,,,,,,,,,,,,,,,,,,,,,,,,,,,,,,,,
,,,,,,,,� million (outturn prices),,,,,,,,,,,,,,,,,,,,,,,,,
,,,,2005/06,2006/07,2007/08,2008/09,2009/10,,,,,,,,,,,,,,,,,,,,,,,,,
England,,,,"13,621","15,539","15,849","16,207","17,747",,,,,,,,,,,,,,,,,,,,,,,,,
,"Central government expenditure 3, 4",,,"5,239","7,145","7,247","7,169","8,040",,,,,,,,,,,,,,,,,,,,,,,,,
,,Capital,,"2,535","4,109","4,157","4,949","5,394",,,,,,,,,,,,,,,,,,,,,,,,,
,,,Strategic roads 5,767,"1,154","1,090","1,151","1,968",,,,,,,,,,,,,,,,,,,,,,,,,
,,,Railways 6,"1,752","2,927","3,015","3,794","3,412",,,,,,,,,,,,,,,,,,,,,,,,,
,,,Other transport,16,29,53,4,14,,,,,,,,,,,,,,,,,,,,,,,,,
,,Current / resource,,"2,703","3,035","3,090","2,220","2,645",,,,,,,,,,,,,,,,,,,,,,,,,
,,,Strategic roads 5,"1,379","1,471","1,473","1,643","1,361",,,,,,,,,,,,,,,,,,,,,,,,,
,,,Railways 6,702,823,797,-146,518,,,,,,,,,,,,,,,,,,,,,,,,,
,,,Local public transport,364,448,517,431,449,,,,,,,,,,,,,,,,,,,,,,,,,
,,,Other,258,293,302,291,317
,Local government expenditure,,,"6,779","6,797","7,130","7,529","8,289"
,,Capital,,"2,834","2,697","2,803","3,247","3,650"
,,,Local roads,"2,244","2,170","2,299","2,673","2,607"
,,,Local public transport,580,518,471,508,"1,013"
,,,Other transport,9,9,33,65,30
,, Current / resource,,"3,946","4,100","4,327","4,282","4,638"
,,,National roads,40,40,49,99,118
,,,Local roads,"1,556","1,551","1,572","1,546","1,759"
,,,Railways,947,974,"1,008",481,769
,,,Local public transport,"1,403","1,534","1,698","2,157","1,992"
, Public Corporation expenditure,,,"1,603","1,598","1,472","1,509","1,419"
,,,Capital: National roads,15,22,22,15,0
,,,Capital: Railways,"1,588","1,576","1,449","1,494","1,419"
Scotland,,,,"1,827","2,709","2,841","2,744","2,925"
,"Central government expenditure 3,4",,,971,"1,757","1,851","1,790","1,931"
,,Capital,,505,763,789,766,928
,,,National roads,209,266,205,272,422
,,,Railways,290,497,583,493,506
,,,Other transport,5,1,0,0,0
,,Current / resource,,466,993,"1,062","1,024","1,002"
,,,National roads,164,199,233,216,174
,,,Railways,122,457,484,421,422
,,,Local public transport,59,224,227,247,257
,,,Other transport,121,114,117,139,150
,  Local government expenditure ,,,825,912,967,930,981
,,Capital,,369,466,501,443,483
,,,Local roads,256,314,280,288,300
,,,Railways,28,108,88,6,8
,,,Other transport,85,44,133,149,175
,,Current / resource,,456,445,466,487,498
,,,National roads,15,16,16,16,16
,,,Local roads,342,336,345,366,384
,,,Local public transport,20,16,20,18,18
,,,Other transport,78,78,85,87,80
, Public Corporation expenditure,,,31,41,23,24,14
,,,Capital: National roads,1,3,2,2,0
,,,Capital: Railways,12,9,3,4,5
,,,Capital: Other transport,18,29,18,18,9
Wales,,,,855,893,939,"1,026","1,161"
,"Central government expenditure 3,4",,,457,474,488,560,733
,,Capital,,159,225,222,265,351
,,,National roads,91,113,129,116,159
,,,Local roads,0,3,1,2,3
,,,Railways,64,109,92,147,189
,,,Other transport,4,1,0,0,0
,,Current / resource,,298,249,266,295,382
,,,National roads,64,71,62,74,79
,,,Railways,202,149,171,189,259
,,,Local public transport,21,20,23,23,28
,,,Other transport,12,10,10,10,15
,Local government expenditure,,,392,412,445,461,425
,,Capital,,195,210,233,227,198
,,,Local roads,163,185,171,192,176
,,,Local public transport,29,20,61,33,22
,,,Other transport,4,4,1,2,0
,,Current / resource,,196,202,212,234,226
,,,Local roads,148,149,156,165,155
,,,Local public transport,28,29,30,36,34
,,,Other transport,20,24,25,34,37
,Public Corporation expenditure,,,7,8,6,4,3
,,,Capital: National roads,1,3,1,1,0
,,,Capital: Railways,6,5,4,3,3
,,,,,,,,
Table TSGB0117 (continued),,,,,,,,
Public Expenditure on Transport:1 2005/06-2009/10 (continued),,,,,,,,
,,,,,,,,
,,,,,,,,� million (outturn prices)
,,,,2005/06,2006/07,2007/08,2008/09,2009/10
Great Britain,,,,"14,662","17,496","18,129","18,439","20,398"
,"Central government expenditure 3, 4",,,"6,667","9,375","9,586","9,519","10,704"
,,Capital,,"3,199","5,098","5,169","5,979","6,674"
,,,Roads,"1,068","1,535","1,425","1,541","2,553"
,,,Railways,"2,107","3,532","3,690","4,434","4,107"
,,,Other transport,25,31,54,5,14
,,Current / resource,,"3,467","4,278","4,417","3,539","4,030"
,,,Roads,"1,608","1,741","1,768","1,934","1,614"
,,,Railways,"1,026","1,428","1,452",464,"1,200"
,,,Local public transport,444,692,767,701,733
,,,Other transport,390,417,429,440,482
,Local government expenditure,,,"7,996","8,120","8,542","8,920","9,694"
,,Capital,,"3,398","3,373","3,537","3,916","4,332"
,,,Local roads,"2,663","2,670","2,751","3,153","3,084"
,,,Railways,28,108,88,6,8
,,,Local public transport,609,538,532,541,"1,035"
,,,Other transport,98,58,167,216,205
,,Current / resource,,"4,598","4,747","5,005","5,004","5,362"
,,,National roads,55,56,65,115,134
,,,Local roads,"2,046","2,037","2,074","2,077","2,297"
,,,Railways,947,974,"1,008",481,769
,,,Local public transport,"1,452","1,579","1,748","2,211","2,045"
,,,Other transport,99,101,110,121,117
,Public Corporations,,,"1,640","1,646","1,500","1,537","1,435"
,,Capital,,"1,640","1,646","1,500","1,537","1,435"
,,,Capital: National roads,17,27,26,18,0
,,,Capital: Railways,"1,605","1,590","1,457","1,501","1,426"
,,,Capital: Other transport,18,29,18,18,9
Northern Ireland,,,,357,386,521,542,571
Outside  UK 7,,,,211,188,178,118,94
Not Identifiable by country 8,,,,168,161,173,185,188
UK Total,,,,"17,039","19,878","20,501","20,820","22,686"
,,,,,,,,
"1. Figures taken from Public Expenditure Statistical Analysis, Table 10 published by HMT see",,,,,,,,
    http://www.hm-treasury.gov.uk/pesa2011_section4.htm  ,,,,,,,,
2. Includes provisional estimates.,,,,,,,,
3. Figures exclude grants to local authorities.,,,,,,,,
4. Net expenditure includes EU grants treated as receipts.,,,,,,,,
"5. In England, funding to Highways Agency, excluding the cost of capital.",,,,,,,,
6. The railway category covers both National Rail and the London Underground. It also includes those companies considered to be in public ,,,,,,,,
"    ownership, such as London and Continental Railways and GNER.",,,,,,,,
"7. Expenditure attributed to ""outside the UK"" is largely capital expenditure attributed to public corporations for spend on railways, with a small amount ",,,,,,,,
    to Central Government railway spend.,,,,,,,,
"8. Expenditure in the not identifiable by country is ""other transport"" and consists largely of expenditure on areas such as Civil Aviation Authority, ",,,,,,,,,,,,,
"    Transport Security, Civil aviation services, Accident and Investigation work and others which are deemed to benefit the whole country.",,,,,,,,,,,,,
,,,,,,,,,,,,,
Telephone: 020 7944 4442,,,,,,,,Source: HM Treasury,,,,,
Email: publicationgeneral.enq@dft.gsi.gov.uk,,,,,,,,,,,,,
Notes and definitions,,,,,,,,Last updated: August 2011,,,,,
,,,,,,,,Next update: Nov 2012,,,,,
The figures in this table are National Statistics,,,,,,,,,,,,,
,,,,,,,,,,,,,
,,,,,,,,,,,,,
,,,,,,,,,,,,,
,,,,,,,,,,,,,
,,,,,,,,,,,,,
,,,,,,,,,,,,,
,,,,,,,,,,,,,
,,,,,,,,,,,,,
,,,,,,,,
,,,,,,,,
,,,,,,,,
,,,,,,,,
,,,,,,,,
,,,,,,,,
,,,,,,,,
,,,,,,,,
,,,,,,,,
,,,,,,,,
,,,,,,,,
,,,,,,,,
,,,,,,,,
,,,,,,,,
,,,,,,,,
,,,,,,,,
,,,,,,,,
,,,,,,,,
,,,,,,,,
,,,,,,,,
,,,,,,,,
,,,,,,,,
,,,,,,,,
,,,,,,,,
,,,,,,,,
,,,,,,,,
,,,,,,,,
,,,,,,,,
,,,,,,,,
,,,,,,,,
,,,,,,,,
,,,,,,,,
,,,,,,,,
,,,,,,,,
,,,,,,,,
,,,,,,,,
,,,,,,,,
,,,,,,,,
,,,,,,,,
,,,,,,,,
,,,,,,,,
,,,,,,,,
,,,,,,,,
,,,,,,,,
,,,,,,,,
,,,,,,,,
,,,,,,,,
,,,,,,,,
,,,,,,,,
,,,,,,,,
,,,,,,,,
,,,,,,,,
,,,,,,,,
,,,,,,,,
,,,,,,,,
,,,,,,,,
,,,,,,,,
,,,,,,,,
,,,,,,,,
,,,,,,,,
,,,,,,,,
,,,,,,,,
,,,,,,,,
,,,,,,,,
,,,,,,,,
,,,,,,,,
,,,,,,,,
,,,,,,,,
,,,,,,,,
,,,,,,,,
,,,,,,,,
,,,,,,,,
,,,,,,,,
,,,,,,,,
,,,,,,,,
,,,,,,,,
,,,,,,,,
,,,,,,,,
,,,,,,,,
,,,,,,,,
,,,,,,
