Department for Transport statistics,,,,,,,,,,,,,,,,,,,,,,,,,,,,,,,,
Modal comparisons,,,,,,,,,,,,,,,,,,,,,,,,,,,,,,,,
Table TSGB0118,,,,,,,,,,,,,,,,,,,,,,,,,,,,,,,,
Public Expenditure on Transport by function1: 2005/06-20010/11,,,,,,,,,,,,,,,,,,,,,,,,,,,,,,,,
,,,,,,,� million (outturn prices),,,,,,,,,,,,,,,,,,,,,,,,,
,,2005/06,2006/07,2007/08,2008/09,2009/10,2010/11,,,,,,,,,,,,,,,,,,,,,,,,,
National Roads,,"2,760","3,370","3,297","3,624","4,311","3,753",,,,,,,,,,,,,,,,,,,,,,,,,
,Capital,"1,085","1,560","1,450","1,557","2,549","2,198",,,,,,,,,,,,,,,,,,,,,,,,,
,Current,"1,675","1,810","1,846","2,067","1,761","1,554",,,,,,,,,,,,,,,,,,,,,,,,,
Local Roads,,"4,963","4,946","5,120","5,572","5,776","5,696",,,,,,,,,,,,,,,,,,,,,,,,,
,Capital,"2,766","2,763","2,889","3,330","3,340","3,425",,,,,,,,,,,,,,,,,,,,,,,,,
,Current,"2,197","2,183","2,231","2,242","2,437","2,271",,,,,,,,,,,,,,,,,,,,,,,,,
Local Public Transport,,"2,573","2,909","3,205","3,579","3,944","4,914",,,,,,,,,,,,,,,,,,,,,,,,,
,Capital,616,571,614,589,"1,080","1,880",,,,,,,,,,,,,,,,,,,,,,,,,
,Current,"1,957","2,338","2,591","2,990","2,864","3,034",,,,,,,,,,,,,,,,,,,,,,,,,
Railways,,"5,921","7,826","7,897","7,018","7,626","7,606",,,,,,,,,,,,,,,,,,,,,,,,,
,Capital,"3,937","5,413","5,399","6,033","5,630","5,687"
,Current,"1,984","2,413","2,498",985,"1,996","1,920"
Other Transport,,822,834,"1,007","1,033","1,037",932
,Capital,176,161,303,292,249,250
,Current,646,673,705,741,787,682
UK total,,"17,039","19,885","20,526","20,827","22,693","22,901"
,Capital,"8,580","10,467","10,655","11,801","12,848","13,440"
,Current,"8,459","9,417","9,871","9,026","9,845","9,462"
,,,,,,,
"1. Figures taken from Public Expenditure Statistical Analysis, HMT see",,,,,,,
    http://www.hm-treasury.gov.uk/pespb_natstats_oct2011.htm,,,,,,,
    These include public spending by central and local government as well as capital spending by public corporations in the UK. There,,,,,,,
    are some slight differences between these figures and those from the downloadable HMT tables referenced in other tables due to,,,,,,,
    differences in the timing  of the data collections.,,,,,,,
,,,,,,,
Telephone: 020 7944 4442,,,,,,,Source: HM Treasury
Email: publicationgeneral.enq@dft.gsi.gov.uk,,,,,,,
Notes and definitions,,,,,,,Last updated: November 2011
,,,,,,,Next update: November 2012
The figures in this table are National Statistics,,,,,,,
