Department for Transport statistics,,,,,,,,,,,,,,,,,,,,,,,,,,,,,,
Modal comparisons,,,,,,,,,,,,,,,,,,,,,,,,,,,,,,
Table TSGB0119,,,,,,,,,,,,,,,,,,,,,,,,,,,,,,
Total UK Public Corporation Capital Expenditure on Transport:1 2005/06-2009/10,,,,,,,,,,,,,,,,,,,,,,,,,,,,,,
,,,,,,� million (outturn prices),,,,,,,,,,,,,,,,,,,,,,,,
,,2005/06,2006/07,2007/08,2008/09,2009/10,,,,,,,,,,,,,,,,,,,,,,,,
UK Public Corporation expenditure 2,,"1,868","1,880","1,775","1,710","1,580",,,,,,,,,,,,,,,,,,,,,,,,
,        Capital: National roads,17,27,26,18,0,,,,,,,,,,,,,,,,,,,,,,,,
,        Capital: Railways 3,"1,802","1,765","1,596","1,583","1,515",,,,,,,,,,,,,,,,,,,,,,,,
,        Capital: Local public transport (NI) 4,4,34,82,47,39,,,,,,,,,,,,,,,,,,,,,,,,
,        Capital: Other transport,44,55,72,62,26,,,,,,,,,,,,,,,,,,,,,,,,
,,,,,,,,,,,,,,,,,,,,,,,,,,,,,,
"1. Figures taken from Public Expenditure Statistical Analysis, Table 10 published by HMT see",,,,,,,,,,,,,,,,,,,,,,,,,,,,,,
    http://www.hm-treasury.gov.uk/pesa2011_section4.htm  ,,,,,,,,,,,,,,,,,,,,,,,,,,,,,,
2. Includes provisional estimates.,,,,,,,,,,,,,,,,,,,,,,,,,,,,,,
"3. The railway category is mainly the London Tube. It includes those companies considered to be in public ownership, such as ",,,,,,,,,,,,,,,,,,,,,,,,,,,,,,
    London and Continental Railways and GNER.,,,,,,,
4. Expenditure attributed to local public transport is from public corporations in Northern Ireland with a small amount to Central ,,,,,,,
    Government railway spend.,,,,,,,
,,,,,,,
Telephone: 020 7944 4442,,,,,,Source: HM Treasury,
Email: publicationgeneral.enq@dft.gsi.gov.uk,,,,,,,
Notes and definitions,,,,,,Last updated: August 2011,
,,,,,,Next update: Nov 2012,
The figures in this table are National Statistics,,,,,,,
,,,,,,,
,,,,,,,
,,,,,,,
,,,,,,,
,,,,,,,
,,,,,,,
,,,,,,,
,,,,,,
,,,,,,
,,,,,,
,,,,,,
,,,,,,
,,,,,,
,,,,,,
,,,,,,
,,,,,,
,,,,,,
,,,,,,
,,,,,,
,,,,,,
,,,,,,
,,,,,,
,,,,,,
,,,,,,
,,,,,,
,,,,,,
,,,,,,
,,,,,,
,,,,,,
,,,,,,
,,,,,,
,,,,,,
,,,,,,
,,,,,,
,,,,,,
,,,,,,
,,,,,,
,,,,,,
,,,,,,
,,,,,,
,,,,,,
,,,,,,
,,,,,,
,,,,,,
,,,,,,
,,,,,,
,,,,,,
,,,,,,
,,,,,,
,,,,,,
,,,,,,
,,,,,,
,,,,,,
,,,,,,
,,,,,,
,,,,,,
,,,,,,
,,,,,,
,,,,,,
,,,,,,
,,,,,,
,,,,,,
,,,,,,
,,,,,,
,,,,,,
,,,,,,
,,,,,,
,,,,,,
,,,,,,
,,,,,,
,,,,,,
,,,,,,
,,,,,,
,,,,,,
,,,,,,
,,,,,,
,,,,,,
,,,,,,
,,,,,,
,,,,,,
,,,,,,
,,,,,,
,,,,,,
,,,,,,
,,,,,,
,,,,,,
,,,,,,
,,,,,,
,,,,,,
,,,,,,
,,,,,,
