Department for Transport statistics,,,,,,,,,,,,,,,,,,,,,,,,,,,,,,
Modal comparisons,,,,,,,,,,,,,,,,,,,,,,,,,,,,,,
Table TSGB0112,,,,,,,,,,,,,,,,,,,,,,,,,,,,,,
How workers usually travel to work by car by region of workplace: October to December 2010,,,,,,,,,,,,,,,,,,,,,,,,,,,,,,
,,,,,,,Percentage,,,,,,,,,,,,,,,,,,,,,,,
,,,,Of those travelling by car:,,,,,,,,,,,,,,,,,,,,,,,,,,
Region,,,Percentage of workers usually travelling by car,Driver,Passenger,"Sometimes driver, sometimes passenger","All travelling 
by car",,,,,,,,,,,,,,,,,,,,,,,
North East,,,75,85,9,6,100,,,,,,,,,,,,,,,,,,,,,,,
,Tyne and Wear FMC,,70,85,9,6,100,,,,,,,,,,,,,,,,,,,,,,,
,Rest of North East,,80,85,9,6,100,,,,,,,,,,,,,,,,,,,,,,,
North West,,,76,86,8,6,100,,,,,,,,,,,,,,,,,,,,,,,
,Greater Manchester FMC,,75,88,7,4,100,,,,,,,,,,,,,,,,,,,,,,,
,Merseyside FMC,,67,86,9,5,100,,,,,,,,,,,,,,,,,,,,,,,
,Rest of North West,,79,85,8,7,100,,,,,,,,,,,,,,,,,,,,,,,
Yorkshire and The Humber,,,73,85,9,6,100,,,,,,,,,,,,,,,,,,,,,,,
,South Yorkshire FMC,,74,83,10,7,100,,,,,,,,,,,,,,,,,,,,,,,
,West Yorkshire FMC,,74,85,9,6,100,,,,,
,Rest of Yorkshire and Humber,,72,85,8,6,100,,,,,
East Midlands,,,78,85,9,6,100,,,,,
West Midlands,,,78,87,7,6,100,,,,,
,West Midlands FMC,,75,88,6,6,100,,,,,
,Rest of West Midlands,,83,86,7,6,100,,,,,
East of England,,,80,85,8,7,100,,,,,
London,,,34,90,5,5,100,,,,,
South East,,,77,88,6,6,100,,,,,
South West,,,77,86,6,8,100,,,,,
England,,,69,86,7,6,100,,,,,
Wales,,,79,84,9,6,100,,,,,
Scotland,,,71,84,9,7,100,,,,,
Great Britain,,,70,86,8,6,100,,,,,
,,,,,,,,,,,,
Telephone: 020 7944 4892,,,,,,,"Source: Labour Force Survey (LFS), ONS",,,,,
Email: subnational.stats@dft.gsi.gov.uk,,,,,,,,,
Notes and definitions,,,,,,,Last updated: October 2011,,
,,,,,,,Next update: July 2012,,
The figures in this table are National Statistics,,,,,,,,,
,,,,,,,,,
,,,,,,,,,
,,,,,,,,,
,,,,,,,,,
,,,,,,,,,
,,,,,,,,,
,,,,,,,,,
,,,,,,,,,
,,,,,,,,,
,,,,,,,,,
,,,,,,,,,
,,,,,,,,,
,,,,,,,
,,,,,,,
,,,,,,,
,,,,,,,
,,,,,,,
,,,,,,,
,,,,,,,
,,,,,,,
,,,,,,,
,,,,,,,
,,,,,,,
,,,,,,,
,,,,,,,
,,,,,,,
,,,,,,,
,,,,,,,
,,,,,,,
,,,,,,,
,,,,,,,
,,,,,,,
