Department for Tranport statistics,,,,,,,,,,,,,,,,,,,,,,,,,,,,,,,,
Modal comparisons,,,,,,,,,,,,,,,,,,,,,,,,,,,,,,,,
Table TSGB0116,,,,,,,,,,,,,,,,,,,,,,,,,,,,,,,,
People in employment in transport related occupations: April to June 2010,,,,,,,,,,,,,,,,,,,,,,,,,,,,,,,,
,,,,Thousands,,,,,,,,,,,,,,,,,,,,,,,,,,,,
"SOC20001 
code",Occupation,"Transport and 
storage industry 
section","Other industry 
sections","All   
industries",,,,,,,,,,,,,,,,,,,,,,,,,,,,
1161 ,Transport and distribution managers,44,34,77,,,,,,,,,,,,,,,,,,,,,,,,,,,,
4134 ,Transport and distribution clerks,33,32,65,,,,,,,,,,,,,,,,,,,,,,,,,,,,
1232 ,Garage managers and proprietors,*,32,33,,,,,,,,,,,,,,,,,,,,,,,,,,,,
"1226, 6212, 6219",Travel agencies and service occupations,*,64,73,,,,,,,,,,,,,,,,,,,,,,,,,,,,
"3511, 3512, 8218","Air traffic controllers, pilots, operatives, etc",29,13,42,,,,,,,,,,,,,,,,,,,,,,,,,,,,
"3513, 8217, 9141","Ship officers, seafarers, stevadores, dockers, etc",20,11,31,,,,,,,,,,,,,,,,,,,,,,,,,,,,
6213 ,Travel and tour guides,*,16,19,,,,,,,,,,,,,,,,,,,,,,,,,,,,
6214 ,Air travel assistants,32,*,37,,,,,,,,,,,,,,,,,,,,,,,,,,,,
"6215, 8216, 3514","Rail travel assistants, operatives and train drivers",43,*,51,,,,,,,,,,,,,,,,,,,,,,,,,,,,
8213 ,Bus and coach drivers,109,14,124,,,,,,,,,,,,,,,,,,,,,,,,,,,,
8211 ,Heavy goods vehicle drivers,144,136,280
8212 ,Van drivers,56,124,180
8214 ,"Taxi, cab drivers and chauffeurs",174,36,210
"5231, 5233","Motor mechanics, auto engineers and electricians",13,182,196
"5232, 5234","Vehicle body builders, painters and repairers",*,45,49
8135 ,"Tyre, exhaust and windscreen fitters",*,11,11
8215 ,Driving instructors,*,40,43
8219 ,Other transport operatives,*,22,30
,Transport related occupations,726,826,"1,552"
,All in employment,"1,421","27,672","29,093"
,,,,
"1  Standard Occupation Classification 2000, see Notes and Definitions.",,,,
2  Based on 2007 Standard Industrial Classification (SIC2007),,,,
Transportation and storage:,,,,
49 - Land transport and transport via pipelines,,,,
50 - Water transport,,,,
51 - Air transport,,,,
52 - Warehousing and support activities for transportation,,,,
53 - Postal and courier activities,,,,
3  Includes non transport related occupations in transport industries,,,,
* Data for some cells are not shown because they fall below the 10 thousand LFS reliability threshold.,,,,
,,,,
Telephone: 020 7944 4892,,,,"Source: Labour Force Survey (LFS), ONS"
Email: subnational.stats@dft.gsi.gov.uk,,,,
Notes and definitions,,,,Last update: November 2011
,,,,Next update: December 2012
The figures in this table are National Statistics,,,,
,,,,
,,,,
,,,,
,,,,
,,,,
,,,,
,,,,
,,,,
,,,,
,,,,
,,,,
,,,,
,,,,
,,,,
,,,,
,,,,
,,,,
,,,,
,,,,
,,,,
,,,,
,,,
,,,
,,,
,,,
,,,
,,,
,,,
,,,
,,,
,,,
,,,
,,,
,,,
,,,
,,,
,,,







































