Department for Transport statistics,,,,,,,,,,,,
Modal comparisons,,,,,,,,,,,,
Table TSGB0111,,,,,,,,,,,,
Usual time taken to travel to work by region of workplace and usual method of travel: October to December 2010,,,,,,,,,,,,
,,,,,,,,,,,,Minutes
,,,,,,,Rail,,,,,
Region,,,Car,"Motor
-cycle",Bicycle,"Bus/ 
coach","National 
rail","Other 
rail1","All 
rail",Walk,Other modes2,Number in employment ('000s)
North East,,, 22 , * , 20 , 36 , * , 41 , 52 , 13 , * , 23 
,Tyne and Wear FMC,, 26 , * , * , 35 , * , 41 , 52 , 15 , * , 27 
,Rest of North East,, 20 , * , * , 37 , * , * , * , 12 , * , 20 
North West,,, 25 , 19 , 19 , 38 , 57 , * , 54 , 14 , 16 , 25 
,Greater Manchester FMC,, 27 , * , 19 , 43 , 60 , * , 55 , 13 , * , 28 
,Merseyside FMC,, 23 , * , * , 36 , 46 , * , 46 , 14 , * , 24 
,Rest of North West,, 24 , * , 18 , 33 , 64 , * , 61 , 14 , * , 23 
Yorkshire and The Humber,,, 24 , * , 18 , 37 , 56 , * , 54 , 14 , * , 24 
,South Yorkshire FMC,, 23 , * , * , 36 , * , * , 44 , 13 , * , 24 
,West Yorkshire FMC,, 24 , * , 22 , 36 , 56 , * , 56 , 15 , * , 25 
,Rest of Yorkshire and Humber,, 23 , * , 17 , 40 , * , * , * , 14 , * , 22 
East Midlands,,, 23 , 17 , 19 , 38 , * , * , * , 14 , * , 23 
West Midlands,,, 24 , * , 15 , 39 , 54 , * , 57 , 14 , * , 25 
,West Midlands FMC,, 26 , * , 16 , 39 , 55 , * , 55 , 14 , * , 27 
,Rest of West Midlands,, 23 , * , 14 , 38 , * , * , * , 14 , * , 22 
East of England,,, 25 , 18 , 15 , 40 , 63 , * , 61 , 13 , * , 24 
London,,, 35 , 30 , 28 , 43 , 69 , 51 , 61 , 17 , 51 , 45 
, Central London,, 53 , 26 , 32 , 50 , 71 , 49 , 61 , 24 , * , 55 
, Inner London,, 39 , 41 , 30 , 40 , 65 , 55 , 59 , 16 , * , 44 
, Outer London,, 31 , 27 , 20 , 40 , 64 , 59 , 62 , 14 , * , 34 
South East,,, 25 , 20 , 17 , 36 , 62 , * , 62 , 14 , 44 , 25 
South West,,, 23 , 22 , 17 , 35 , 65 , * , 65 , 13 , * , 23 
England,,, 25 , 22 , 20 , 39 , 66 , 51 , 60 , 14 , 30 , 28 
Wales,,, 21 , * , 22 , 34 , 55 , * , 50 , 12 , * , 21 
Scotland,,, 25 , * , 20 , 36 , 55 , * , 53 , 14 , 74 , 26 
Great Britain,,, 25 , 22 , 20 , 39 , 65 , 50 , 60 , 14 , 38 , 27 
,,,,,,,,,,,,
"1. Includes underground, light railway systems and trams.",,,,,,,,,,,,
2. Includes taxis.,,,,,,,,,,,,
* Data for some cells are not shown because they fall below the 10 thousand LFS reliability threshold.,,,,,,,,,,,,
,,,,,,,,,,,,
Note: Differences between the numbers employed in this table and table 1.1 are due to the number working abroad and residents of Northern Ireland working in Great Britain.,,,,,,,,,,,,
,,,,,,,,,,,,
Telephone: 020 7944 4892,,,,,,,,,,,,"Source: Labour Force Survey (LFS), ONS"
Email: subnational.stats@dft.gsi.gov.uk,,,,,,,,,,,,
Notes and definitions,,,,,,,,,,,,Last updated: October 2011
,,,,,,,,,,,,Next update: July 2012
The figures in this table are National Statistics,,,,,,,,,,,,
,,,,,,,,,,,,
,,,,,,,,,,,,
,,,,,,,,,,,,
,,,,,,,,,,,,
,,,,,,,,,,,,
,,,,,,,,,,,,
,,,,,,,,,,,,
,,,,,,,,,,,,
,,,,,,,,,,,,
,,,,,,,,,,,,
,,,,,,,,,,,,
,,,,,,,,,,,,
,,,,,,,,,,,,
,,,,,,,,,,,,
,,,,,,,,,,,,
,,,,,,,,,,,,
,,,,,,,,,,,,
,,,,,,,,,,,,
,,,,,,,,,,,,
,,,,,,,,,,,,
,,,,,,,,,,,,
,,,,,,,,,,,,
,,,,,,,,,,,,
,,,,,,,,,,,,
,,,,,,,,,,,,
,,,,,,,,,,,,
,,,,,,,,,,,,
,,,,,,,,,,,,
,,,,,,,,,,,,
,,,,,,,,,,,,
,,,,,,,,,,,,
,,,,,,,,,,,,
,,,,,,,,,,,,
,,,,,,,,,,,,
,,,,,,,,,,,,
