Department for Transport statistics,,,,,,,,,,,,
Vehicle Licensing Statistics (web link),,,,,,,,,,,,
,,,,,,,,,,,,
Table VEH0385,,,,,,,,,,,,
"Reported motorcyclist casualties: KSI by day of week (indexed),  Great Britain, annually: 2009",,,,,,,,,,,,
,,Index: average day=100,,,,,,,,,,
,Motorcyclists,All road users,,,,,,,,,,
Mon - Thur,91.9,94.8,,,,,,,,,,
Friday,103.6,109.7,,,,,,,,,,
Saturday,105.5,112.8,,,,,,,,,,
Sunday,123.6,98.6,,,,,,,,,,
,,"Source: Road Accident Statistics, DfT",,,,,,,,,,
,,Last updated: 9 December 2010,,,,,,,,,,
,,Next update: December 2011,,,,,,,,,,
Telephone: 020 7944 6595,,,,,,,,,,,,
Email�: roadacc.stats@dft.gov.uk,,,,,,,,,,,,
Notes & definitions (http://www.dft.gov.uk/pgr/statistics/datatablespublications/accidents/casualtiesgbar/rrcgb2009),,,,,,,,,,,,

NB: This table will become part of the Reported Road Casualty Statistics series from June 2012. A link to the new table will be provided at that point.,,,,,,,,,,,,
