Department for Transport statistics,,,,,,,,,,,,,,,,,,,,,
Vehicle Licensing Statistics (http://www.dft.gov.uk/statistics/series/vehicle-licensing/),,,,,,,,,,,,,,,,,,,,,
,,,,,,,,,,,,,,,,,,,,,
Table VEH0522,,,,,,,,,,,,,,,,,,,,,
"Rigid goods vehicles1 over 3.5 tonnes licensed by gross weight and body type, Great Britain, annually: 2011",,,,,,,,,,,,,,,,,,,,,
,,,,,,Thousands,,,,,,,,,,,,,,,
Body Type,Up to 7.5 tonnes,Over 7.5 tonnes up to 15 tonnes,Over 15 tonnes up to 18 tonnes,Over 18 tonnes up to 26 tonnes,Over 26 tonnes,Total2,,,,,,,,,,,,,,,
Box Van,46.5,8.3,12.3,2.5,0.2,69.8,,,,,,,,,,,,,,,
Tipper,16.8,1.2,3.9,4.5,14.6,40.9,,,,,,,,,,,,,,,
Curtain Sided,10.8,2.2,10.3,5.7,0.2,29.2,,,,,,,,,,,,,,,
Dropside Lorry,10.1,1.9,4.6,3.5,0.2,20.3,,,,,,,,,,,,,,,
Flat Lorry,6.5,1.6,3.3,5.4,1.4,18.2,,,,,,,,,,,,,,,
Refuse Disposal,0.9,1.1,1.6,10.9,1.6,16.2,,,,,,,,,,,,,,,
Insulated Van,5.4,2.7,4.1,2.2,0.1,14.4,,,,,,,,,,,,,,,
Skip Loader,1.0,0.6,5.6,1.1,3.4,11.7,,,,,,,,,,,,,,,
Tanker,0.4,0.5,2.3,2.8,1.3,7.3,,,,,,,,,,,,,,,
Panel Van,7.0,0.0,0.1,0.0,0.0,7.2,,,,
Goods,2.5,0.8,1.1,1.3,0.7,6.4,,,,
Street Cleansing,2.2,2.4,0.4,0.1,0.0,5.1,,,,
Livestock Carrier,3.5,0.3,0.1,0.2,0.0,4.2,,,,
Car Transporter,1.1,0.4,0.9,1.4,0.2,4.0,,,,
Concrete Mixer,0.0,0.1,0.4,1.9,1.3,3.7,,,,
Tractor,0.2,0.1,0.3,0.7,2.0,3.2,,,,
Tower Wagon,1.6,0.1,0.0,0.0,0.0,1.8,,,,
Skeletal Vehicle,0.5,0.3,0.4,0.3,0.3,1.8,,,,
Luton Van,1.3,0.1,0.1,0.0,0.0,1.5,,,,
Special Purpose,0.4,0.2,0.3,0.2,0.1,1.2,,,,
Specially Fitted Van,0.6,0.2,0.2,0.1,0.0,1.1,,,,
Van,0.9,0.1,0.0,0.0,0.0,1.1,,,,
Other,3.2,1.1,1.6,1.0,0.6,7.5,,,,
Total,123.6,26.5,53.8,45.9,28.1,278.0,,,,
1. Only includes heavy goods vehicles in the 'Goods' taxation class,,,,,,,,,,
2. Excludes vehicles where the weight is not known.,,,,,,,
Telephone: 020 7944 3077,,,,,,Source: DVLA/DfT,
Email�: vehicles.stats@dft.gsi.gov.uk,,,,,,Last updated:: 12 April 2012,
Notes & definitions (http://assets.dft.gov.uk/statistics/series/vehicle-licensing/notes.pdf),,,,,,Next update: April 2013 (2012 version),
