Department for Transport statistics,,,,,,,,,,,,
Vehicle Licensing Statistics (http://www.dft.gov.uk/statistics/series/vehicle-licensing/),,,,,,,,,,,,
,,,,,,,,,,,,
Table VEH0340,,,,,,,,,,,,
"Average weekly spending on motorcycling, in United Kingdom, annually: 1996/97 to 2005/06",,,,,,,,,,,,

,,,,,,,,,,Pounds,,
,1996/97,1997/98,1998/99,1999/00,2000/01,2001/02,2002/03,2003/04,2004/05,2005/06,,
"Motorcycle purchases, loads etc", 0.39 , 0.44 , 0.49 , 0.48 , 0.50 , 0.58 , 0.58 , 0.60 , 0.55 , 0.45 ,,
"Accessories, spare parts etc", 0.17 , 0.19 , 0.17 , 0.17 , 0.17 , 0.18 , 0.16 , 0.16 , 0.16 , 0.15 ,,
,,,,,,,,,,"Source: Expenditure and Food Survey, ONS",,
Note: This survey is no longer carried out,,,,,,,,,,Last updated: 2006,,
,,,,,,,,,,Next update: Final,,
Telephone: 020 7944 3077,,,,,,,,,,,,
Email�: vehicles.stats@dft.gsi.gov.uk,,,,,,,,,,,,
Notes & definitions (http://assets.dft.gov.uk/statistics/series/vehicle-licensing/notes.pdf),,,,,,,,,,,,















