Department for Transport statistics,,,,,,,,,,,,
Vehicle Licensing Statistics (http://www.dft.gov.uk/statistics/series/vehicle-licensing/),,,,,,,,,,,,
,,,,,,,,,,,,
Table VEH0320,,,,,,,,,,,,
"Motorcycles registered for the first time by style, United Kingdom, annually: 2009 to 2011",,,,,,,,,,,,
,,,Percentage,,,,,,,,,
,2009,2010,2011,,,,,,,,,
Scooter, 28.7 ,30.3 ,34.6 ,,,,,,,,,
Sports, 25.4 ,23.5 ,19.7 ,,,,,,,,,
Naked, 19.8 ,19.4 ,18.6 ,,,,,,,,,
Dual Sport (on/off road), 14.4 ,14.7 ,15.7 ,,,,,,,,,
Custom, 8.4 ,8.7 ,8.4 ,,,,,,,,,
Touring, 3.3 ,3.4 ,3.0 ,,,,,,,,,
,,,Source: Motorcycle Industry Association,,,,,,,,,
,,,Last updated: 12 April 2012,,,,,,,,,
,,,Next update: April 2013,,,,,,,,,
,,,,,,,,,,,,
Telephone: 020 7944 3077,,,,,,,,,,,,
Email�: vehicles.stats@dft.gsi.gov.uk,,,,,,,,,,,,
Notes & definitions (http://assets.dft.gov.uk/statistics/series/vehicle-licensing/notes.pdf),,,,,,,,,,,,

This table is outside the scope of National Statistics,,,,,,,,,,,,
