Department for Transport statistics,,,,,,,,,,,,,,,
Vehicle Licensing Statistics (web link),,,,,,,,,,,,,,,
,,,,,,,,,,,,,,,
Table VEH0387,,,,,,,,,,,,,,,
"Reported motorcyclist casualties: KSI number and rate by month of year (indexed), Great Britain, annually: 2009",,,,,,,,,,,,,,,
,,,Index: Mean=100,,,,,,,,,,,,
,KSI number,KSI rate,,,,,,,,,,,,,
Jan, 61 , 84 ,,,,,,,,,,,,,
Feb, 54 , 74 ,,,,,,,,,,,,,
Mar, 90 , 93 ,,,,,,,,,,,,,
Apr, 120 , 112 ,,,,,,,,,,,,,
May, 130 , 106 ,,,,,,,,,,,,,
Jun, 132 , 102 ,,,,,,,,,,,,,
Jul, 115 , 94 ,,,,,,,,,,,,,
Aug, 125 , 100 ,,,,,,,,,,,,,
Sep, 133 , 110 ,,,,,,,,,,,,,
Oct, 113 , 114 ,,,,,,,,,,,,,
Nov, 75 , 104 ,,,,,,,,,,,,,
Dec, 53 , 88 ,,,,,,,,,,,,,
,,"Source: Road Accident Statistics, DfT",,,,,,,,,,,,,
,,Last updated: 9 December 2010,,,,,,,,,,,,,
,,Next update: December 2011,,,,,,,,,,,,,
Telephone: 020 7944 6595,,,,,,,,,,,,,,,
Email�: roadacc.stats@dft.gov.uk,,,,,,,,,,,,,,,
Notes & definitions (http://www.dft.gov.uk/pgr/statistics/datatablespublications/accidents/casualtiesgbar/rrcgb2009),,,,,,,,,,,,,,,

NB: This table will become part of the Reported Road Casualty Statistics series from June 2012. A link to the new table will be provided at that point.,,,,,,,,,,,,,,,
