Department for Transport statistics,,,,
Vehicle Licensing Statistics (http://www.dft.gov.uk/statistics/series/vehicle-licensing/),,,,
,,,,
Table VEH0322,,,,
"Motorcycles registered for the first time: top ten models, United Kingdom, annually: 2009",,,,
Rank,Manufacturer,Description,Type,Engine size (cc)
1,Honda,CBF 125 M,Naked,125
2,Yamaha,YBR 125,Naked,124
3,Yamaha,YZF R125,Sports,124
4,Honda,CBR 1000 RR,Sports,999
5,Yamaha,YZF R1,Sports,998
6,Yamaha,XC 125,Scooter,125
7,Kawasaki,ZX6 R NINJA,Sports,599
8,BMW,R 1200 GS,Dual Sport,1170
9,Piaggio,ZIP 50,Scooter,49
10,Yamaha,YZF R6,Sports,599
,,,,Source: Motorcycle Industry Association
,,,,Last updated: 9 December 2010
,,,,Next update: December 2011
Telephone: 020 7944 3077,,,,
Email�: vehicles.stats@dft.gsi.gov.uk,,,,
Notes & definitions (http://assets.dft.gov.uk/statistics/series/vehicle-licensing/notes.pdf),,,,
,,,,
This tab le is outside the scope of National Statistics,,,,
,,,,
,,,,
,,,,
,,,,
,,,,
,,,,
,,,,
,,,,
