Department for Transport statistics,,,,,,,,,,
Vehicle Licensing Statistics (http://www.dft.gov.uk/statistics/series/vehicle-licensing/),,,,,,,,,,
,,,,,,,,,,
Table VEH0111,,,,,,,,,,
"Vehicles by number of changes of keeper during the year, Great Britain, annually: 20101",,,,,,,,,,
,,,,,,,Thousands,,,
Number of Changes,Cars,Motor cycles,Light goods,Heavy goods,Buses and coaches,Other vehicles,All Vehicles,,,
0 ,"25,175.2","1,577.0","3,004.5",530.3,174.2,648.8,"31,110.0",,,
1 ,"5,508.8",318.0,591.9,64.1,25.0,59.9,"6,567.8",,,
2 ,799.7,74.8,97.3,9.5,3.8,11.1,996.3,,,
3 ,124.5,22.9,15.6,2.2,0.7,3.2,169.1,,,
4 ,24.1,11.2,3.1,0.8,0.3,1.0,40.4,,,
Over 4 ,12.1,20.3,1.7,0.7,0.4,0.7,35.8,,,
Total transfers,"7,651.3",718.5,856.8,97.1,38.1,99.9,"9,461.6",,,
,,,,,,,,,,
1.   Including registrations made by vehicle traders. All vehicles must be registered after being held by traders for,,,,,,,,,,
      3 months. Table includes all vehicles that changed keeper during 2010. These vehicles may have been  ,,,,,,,,,,
"      licensed, unlicensed or SORN at the time the change of keeper took place, but only inlcudes vehicles that were",,,,,,,,,,
      licensed or SORN at some point during 2010.,,,,,,,,,,
2.  Figures for 2010 should be used with caution as the VIN number for 2009 Q4 and 2010 Q1 was imputed.,,,,,,,,,,
,,,,,,,,,,
,,,,,,,Source: DVLA/DfT,,,
Telephone: 020 7944 3077,,,,,,,Last updated:: 12 April 2012,,,
Email�: vehicles.stats@dft.gsi.gov.uk,,,,,,,Next update: April 2013,,,
Notes & definitions (http://www.dft.gov.uk/statistics/series/vehicle-licensing/),,,,,,,,,,
