Department for Transport statistics,,,,,,,,,,
Vehicle Licensing Statistics (http://www.dft.gov.uk/statistics/series/vehicle-licensing/),,,,,,,,,,
,,,,,,,,,,
Table VEH0111,,,,,,,,,,
"Vehicles by number of changes of keeper during the year, Great Britain, annually: 20111",,,,,,,,,,
,,,,,,,Thousands,,,
Number of Changes,Cars,Motor cycles,Light goods,Heavy goods,Buses and coaches,Other vehicles,All Vehicles,,,
0 ,"27,206.1","2,045.0","3,347.1",571.5,189.9,678.2,"34,037.8",,,
1 ,"5,503.0",313.6,599.3,61.7,24.3,60.4,"6,562.3",,,
2 ,736.1,68.7,92.3,7.8,3.6,10.1,918.6,,,
3 ,103.0,17.5,13.4,1.5,0.5,2.8,138.7,,,
4 ,18.2,6.9,2.1,0.5,0.2,0.9,28.8,,,
Over 4 ,8.3,10.9,1.0,0.4,0.2,0.6,21.5,,,
Total transfers,"7,407.0",605.7,839.2,86.1,35.3,96.3,"9,069.6",,,
,,,,,,,,,,
1.   Including registrations made by vehicle traders. All vehicles must be registered after being held by traders for,,,,,,,,,,
      3 months. Table includes all vehicles that changed keeper during 2011. These vehicles may have been  ,,,,,,,,,,
"      licensed, unlicensed or SORN at the time the change of keeper took place, but only includes vehicles that were",,,,,,,,,,
      licensed or SORN at some point during 2011.,,,,,,,,,,
,,,,,,,,,,
,,,,,,,Source: DVLA/DfT,,,
Telephone: 020 7944 3077,,,,,,,Last updated:: 12 April 2012,,,
Email�: vehicles.stats@dft.gsi.gov.uk,,,,,,,Next update: April 2013,,,
Notes & definitions (http://www.dft.gov.uk/statistics/series/vehicle-licensing/),,,,,,,,,,
