Department for Transport statistics,,,,,,,,,,,,,,,,,,,
Vehicle Licensing Statistics (http://www.dft.gov.uk/statistics/series/vehicle-licensing/),,,,,,,,,,,,,,,,,,,
,,,,,,,,,,,,,,,,,,,
Table VEH0524,,,,,,,,,,,,,,,,,,,
"Goods vehicles1 over 3.5 tonnes, by taxation group and axle configuration, Great Britain, annually: 2011",,,,,,,,,,,,,,,,,,,
,,,,Thousands,,,,,,,,,,,,,,,
Year,HGV,Trailer HGV,Small Island,Total 2,,,,,,,,,,,,,,,
Rigid Vehicles,,,,,,,,,,,,,,,,,,,
   2 Axle,201,3.4,0.2,204.3,,,,,,,,,,,,,,,
   3 Axle,40.5,5.0,0.2,45.6,,,,,,,,,,,,,,,
   4 Axle,27.2,0.8,0.1,28.1,,,,,,,,,,,,,,,
All Rigid,268.4,9.2,0.5,278.0,,,,,,,,,,,,,,,
Articulated Vehicles,,,,,,,,,,,,,,,,,,,
  2 Axle Tractor & 2 axle trailer,4.5,0.0,0.0,4.5,,,,,,,,,,,,,,,
  2 Axle Tractor & 3 axle trailer,14.7,0.0,0.0,14.7,,,,,,,,,,,,,,,
  2 Axle Tractor & 4 or more axle trailer,5.6,0.0,-,5.6,,,,,,,,,,,,,,,
All 2 Axle Tractor,24.7,0.0,-,24.7,,,,
  3 Axle Tractor & 2 axle trailer,1.3,0.0,0.0,1.3,,,,
  3 Axle Tractor & 3 axle trailer,78.4,0.0,0.0,78.4,,,,
  3 Axle Tractor & 4 or more axle trailer,1.4,-,0.1,1.5,,,,
All 3 Axle Tractor,81.1,-,0.1,81.2,,,,
All Articulated Vehicles,105.8,0.0,0.1,105.9,,,,
All Goods Vehicles,374.2,9.2,0.6,383.9,,,,
1. Only includes heavy goods vehicles in the 'Goods' taxation class,,,,,,,,
2. Excludes vehicles where the axle configuration is not known.,,,,,,,,
Telephone: 020 7944 3077,,,,Source: DVLA/DfT,,,,
Email�: vehicles.stats@dft.gsi.gov.uk,,,,Last updated:: 12 April 2012,,,,
Notes & definitions (http://assets.dft.gov.uk/statistics/series/vehicle-licensing/notes.pdf),,,,Next update: April 2013 (2012 version),,,,
