Department for Transport statistics,,,,,,,,,,,,,,
Vehicle Licensing Statistics (http://www.dft.gov.uk/statistics/series/vehicle-licensing/),,,,,,,,,,,,,,
,,,,,,,,,,,,,,
Table VEH0343,,,,,,,,,,,,,,
"Motorcycling practical tests and pass rate by age and sex, Great Britain, annually: 2008/09",,,,,,,,,,,,,,
,,,,,,Number / percentage,,,,,,,,
,Female,,,Male,,,,,,,,,,
Age,Number of tests conducted ,Proportion passed,,Number of tests conducted ,Proportion passed,All,,,,,,,,
<21,961,59,,"10,490",66,66,,,,,,,,
21-25,"2,187",60,,"17,976",73,71,,,,,,,,
26-30,"2,527",59,,"15,681",71,69,,,,,,,,
31-35,"2,114",59,,"11,730",70,68,,,,,,,,
36-40,"2,649",56,,"11,634",70,67,,,,,,,,
41-45,"2,487",51,,"9,658",68,64,,,,,,,,
46-50,"1,450",48,,"6,442",63,60,,,,,,,,
51-55,660,43,,"3,513",58,55,,,,,,,,
56-60,197,43,,"1,913",52,51,,,,,,,,
60+,56,16,,"1,037",43,42,,,,,,,,
All,"15,288",55,,"90,074",68,66,,,,,,,,
,,,,,,,,,,,,,,
NB: This table has been superseded by table DRT0421 - practical motorcycle test (module 2) pass rates by gender (http://www.dft.gov.uk/statistics/tables/drt0421/),,,,,,,,,,,,,,
,,,,,,Source: Driving Standard Agency,,,,,,,,
,,,,,,Last updated: 9 December 2010,,,,,,,,
Telephone: 020 7944 3077,,,,,,Next update: Final,,,,,,,,
Email�: vehicles.stats@dft.gsi.gov.uk,,,,,,,,,,,,,,
Notes & definitions (http://assets.dft.gov.uk/statistics/series/vehicle-licensing/notes.pdf),,,,,,,,,,,,,,
This table is outside the scope of National Statistics,,,,,,,,,,,,,,
