Department for Transport statistics,,,,,,,,,,,,,,,,,
Vehicle Licensing Statistics (http://www.dft.gov.uk/statistics/series/vehicle-licensing/),,,,,,,,,,,,,,,,,
,,,,,,,,,,,,,,,,,
Table VEH0342,,,,,,,,,,,,,,,,,
"Motorcycling tests and pass rate, Great Britain, annually: 1997/98 to 2010/11",,,,,,,,,,,,,,,,,
,,,,,,,,,,,,,,Number / percentage,,,
,1997/98,1998/99,1999/00,2000/01,2001/02,2002/03,2003/04,2004/05,2005/06,2006/07,2007/08,2008/09,2009/10,2010/11,,,
Number of tests,"68,792","83,408","90,248","90,656","73,922","86,103","83,451","78,241","80,271","77,019","87,962","105,362","46,461","49,645",,,
Pass rate,68.6,67.9,66.6,66.2,65.7,64.7,64.5,64.3,63.7,65.1,66.5,66.4,69.4,69.5,,,
1. Motorcycle tests have undergone a change from a single test to a two module test where both modules must be passed. This change occurred on 27 April 2009.,,,,,,,,,,,,,,,,,
    2009/10 year is a combination of the single event test and the module 2 test,,,,,,,,,,,,,,,,,
    2010/11 year is the number of module 2 tests conducted,,,,,,,,,,,,,,,,,
NB: This table has been superseded by table DRT0421 - practical motorcycle test (module 2) pass rates by gender (http://www.dft.gov.uk/statistics/tables/drt0421/),,,,,,,,,,,,,,,,,
Telephone: 020 7944 3077,,,,,,,,,,,,,,Source: Driving Standard Agency,,,
Email�: vehicles.stats@dft.gsi.gov.uk,,,,,,,,,,,,,,Last updated: 14 December 2011,,,
Notes & definitions (http://assets.dft.gov.uk/statistics/series/vehicle-licensing/notes.pdf),,,,,,,,,,,,,,Next update: Final,,,
This table is outside the scope of National Statistics,,,,

,,,,      


,,,,
