Department for Transport statistics,,,,,,,
Vehicle Licensing Statistics (http://www.dft.gov.uk/statistics/series/vehicle-licensing/),,,,,,,
,,,,,,,
Table VEH0252,,,,,,,
"Cars registered for the first time by keepership1, Great Britain, annually: 2001 to 2011",,,,,,,
,,,,,Thousands/Percentages,,Check
,Privately registered,,,,,,
Year,Male,Female,Unknown,Company registered,Total,,
Total number of cars (thousands),,,,,,,
2001,802.5,524.1,43.0,"1,216.4","2,586.0",,
2002,817.9,533.7,47.9,"1,282.7","2,682.1",,
2003,792.0,519.4,50.0,"1,284.6","2,646.1",,
2004,712.5,470.2,48.7,"1,367.7","2,599.1",,
2005,610.7,396.4,48.7,"1,387.6","2,443.5",,#REF!
2006,572.1,378.9,46.5,"1,342.6","2,340.0",,#REF!
2007,575.4,387.0,45.0,"1,382.6","2,390.1",,#REF!
2008,483.1,336.5,38.1,"1,254.3","2,112.0",,
2009,551.6,386.8,41.1,988.7,"1,968.3",,
2010,506.2,363.1,36.0,"1,091.0","1,996.3",,
2011,429.3,313.2,31.1,"1,133.8","1,907.4",,
Percentage of cars,,,,,,,
2001,31.0,20.3,1.7,47.0,100.0,,
2002,30.5,19.9,1.8,47.8,100.0,,
2003,29.9,19.6,1.9,48.5,100.0,,
2004,27.4,18.1,1.9,52.6,100.0,,
2005,25.0,16.2,2.0,56.8,100.0,,
2006,24.5,16.2,2.0,57.4,100.0,,
2007,24.1,16.2,1.9,57.8,100.0,,
2008,22.9,15.9,1.8,59.4,100.0,,
2009,28.0,19.7,2.1,50.2,100.0,,
2010,25.4,18.2,1.8,54.7,100.0,,
2011,22.5,16.4,1.6,59.4,100.0,,
1. Keepership refers to who the registered keeper of the vehicle is. This might differ to the owner.,,,,,,,
Telephone: 020 7944 3077,,,,,Source: DVLA/DfT,,
Email�: vehicles.stats@dft.gsi.gov.uk,,,,,Last updated:: 12 April 2012,,
Notes & definitions (http://www.dft.gov.uk/statistics/series/vehicle-licensing/),,,,,Next update: April 2013,,
