Department for Transport statistics,,,,,,,,,,,,
Vehicle Licensing Statistics (http://www.dft.gov.uk/statistics/series/vehicle-licensing/),,,,,,,,,,,,
,,,,,,,,,,,,
Table VEH0261,,,,,,,,,,,,
"Cars registered for the first time by the top 20 makes and models new registrations in 20111, Great Britain, annually: 2001 to 2011",,,,,,,,,,,,
,,,,,,,,,,,Thousands,
Make/Model,2001,2002,2003,2004,2005,2006,2007,2008,2009,2010,2011,
Ford Fiesta,100.3,92.5,95.2,88.0,80.4,100.5,100.7,92.2,114.1,101.6,94.9,
Ford Focus,140.3,152.2,131.5,137.9,141.5,134.8,124.0,99.8,92.6,76.7,80.2,
Vauxhall Corsa,93.0,103.7,106.3,100.1,87.8,72.6,91.7,98.1,83.3,76.0,76.8,
Volkswagen Golf,76.9,85.1,71.2,67.2,73.8,70.9,74.9,68.8,62.3,61.7,64.7,
Vauxhall Astra,97.5,100.4,95.4,83.9,106.0,103.0,111.6,88.4,65.7,78.7,61.3,
Vauxhall Insignia,0.0,0.0,0.0,0.0,0.0,0.0,0.0,-,35.3,36.3,45.1,
Volkswagen Polo,43.8,39.5,47.6,42.6,39.7,37.2,35.7,34.9,29.3,44.2,44.8,
BMW 3 Series,60.4,65.7,62.8,50.1,42.3,48.6,56.6,46.3,37.2,40.4,41.0,
Nissan Qashqai,0.0,0.0,0.0,0.0,0.0,-,17.1,19.6,28.9,36.9,37.5,
Mini Cooper,7.2,23.7,28.0,29.5,27.9,25.7,35.8,29.5,28.8,28.8,32.5,,
Peugeot 207,0.0,0.0,0.0,0.0,0.0,26.5,65.2,51.8,46.7,40.8,30.4,,
Mercedes C Class,25.4,31.3,34.1,28.7,28.4,23.9,24.6,25.5,23.4,22.6,30.0,,
Volkswagen Passat,33.7,37.3,35.2,30.8,34.9,37.3,36.5,30.2,25.3,21.5,29.0,,
BMW 1 Series,0.0,0.0,0.0,7.2,21.2,21.4,22.7,29.4,29.4,31.4,28.3,,
Audi A3,10.5,9.9,12.6,21.6,27.3,29.0,27.8,30.5,31.6,31.5,25.7,,
Fiat 500,-,-,-,-,-,-,-,14.7,23.9,25.2,24.2,,
Mercedes E Class,13.6,12.2,19.0,17.3,14.5,10.6,12.8,8.8,13.1,22.8,24.1,,
Renault Clio,79.4,85.9,82.8,71.2,55.4,55.6,52.6,33.0,25.9,32.7,22.1,,
Nissan Juke,0.0,0.0,0.0,0.0,0.0,0.0,0.0,0.0,0.0,5.2,21.1,,
BMW 5 Series,14.8,13.7,13.2,16.3,17.1,18.5,18.6,18.1,14.1,15.7,21.0,,
,,,,,,,,,,,,,
1. This table only includes the models that are in the top 20 in 2011. It is possible that other vehicles were in the top 20 in the earlier years but fell out of the top 20 or were discontinued before 2011.,,,,,,,,,,,,,
"    A more complete set of data without any filtering can be found in table VEH0161, though it should be noted that VEH0161 will also include light vans with the same generic model name.",,,,,,,,,,,,,
Telephone: 020 7944 3077,,,,,,,,,,,Source: DVLA/DfT,,
Email�: vehicles.stats@dft.gsi.gov.uk,,,,,,,,,,,Last updated:: 12 April 2012,,
Notes & definitions (http://www.dft.gov.uk/statistics/series/vehicle-licensing/),,,,,,,,,,,Next update: April 2013
