Department for Transport statistics,,,,,,,,,,,,,
Vehicle Licensing Statistics (web link),,,,,,,,,,,,,
,,,,,,,,,,,,,
Table VEH0389,,,,,,,,,,,,,
"Reported motorcyclist breath tests and failure rates by age, Great Britain, annually: 2009",,,,,,,,,,,,,
,,,,,,,,Number/percentage,,,,,
,,                   All motorcyclists                         ,,,,      Percentage failure      ,,,,,,,
,,Number involved in accidents,Number tested,Number of failures,,Motorcyclists,All motor vehicles (inc. motorcyclists),,,,,,
  Under 16,,92,29,0,,0.0,5.4,,,,,,
  16-19   ,,"4,573","2,479",50,,2.0,3.6,,,,,,
  20-24   ,,"2,658","1,394",58,,4.2,5.6,,,,,,
  25-29,,"2,455","1,233",36,,2.9,4.9,,,,,,
  30-34   ,,"2,030",966,33,,3.4,3.7,,,,,,
  35-39,,"2,091","1,014",26,,2.6,3.4,,,,,,
  40-49,,"4,182","2,204",49,,2.2,2.6,,,,,,
  50-59   ,,"1,903","1,019",17,,1.7,1.9,,,,,,
  60-69   ,,656,352,6,,1.7,1.6,,,,,
  70 and over,,178,89,1,,1.1,0.8,,,,,
All ages1,,"21,590","10,862",282,,2.6,3.4,,,,,
1. Includes tests were the age was not known,,,,,,,,,,,,
,,,,,,,"Source: Road Accident Statistics, DfT",,,,,
,,,,,,,Last updated: 9 December 2010,,,,,
,,,,,,,Next update: December 2011,,,,,
Telephone: 020 7944 6595,,,,,,,,,,,,
Email�: roadacc.stats@dft.gov.uk,,,,,,,,,,,,
Notes & definitions (http://www.dft.gov.uk/pgr/statistics/datatablespublications/accidents/casualtiesgbar/rrcgb2009),,,,,,,,,,,,

NB: This table will become part of the Reported Road Casualty Statistics series from June 2012. A link to the new table will be provided at that point.,,,,,,,,,,,,
