Department for Transport statistics,,,,,,,,,,,,
Vehicle Licensing Statistics (web link),,,,,,,,,,,,
,,,,,,,,,,,,
Table VEH0386,,,,,,,,,,,,
"Reported motorcyclist casualties: KSI by time of day (indexed), Great Britain, annually: 2009",,,,,,,,,,,,
,,Index: Average hour=100,,,,,,,,,,
,Motorcyclists,All road users,,,,,,,,,,
Midnight - 6am,14.8,38.6,,,,,,,,,,
6am - Midday,96.7,94.9,,,,,,,,,,
Midday - 6pm,188.2,159.4,,,,,,,,,,
6pm - Midnight,100.3,107.1,,,,,,,,,,
,,"Source: Road Accident Statistics, DfT",,,,,,,,,,
,,Last updated: 9 December 2010,,,,,,,,,,
,,Next update: December 2011,,,,,,,,,,
Telephone: 020 7944 6595,,,,,,,,,,,,
Email�: roadacc.stats@dft.gov.uk,,,,,,,,,,,,
Notes & definitions (http://www.dft.gov.uk/pgr/statistics/datatablespublications/accidents/casualtiesgbar/rrcgb2009),,,,,,,,,,,,

NB: This table will become part of the Reported Road Casualty Statistics series from June 2012. A link to the new table will be provided at that point.,,,,,,,,,,,,
