Department for Transport statistics,,,,,,,,,,,,
Vehicle Licensing Statistics (web link),,,,,,,,,,,,
,,,,,,,,,,,,
Table VEH0380,,,,,,,,,,,,
"Relative risk of different forms of transport, Great Britain, annually: 2009",,,,,,,,,,,,
,,Casualty rate per billion vehicle miles,,,,,,,,,,
,Killed,Killed or seriously injured,,,,,,,,,,
Car driver,3,30,,,,,,,,,,
Pedestrian,42,514,,,,,,,,,,
Pedal cyclist,34,875,,,,,,,,,,
Motorcycle rider,140,"1,709",,,,,,,,,,
,,"Source: Road Accident Statistics, DfT",,,,,,,,,,
,,Last updated: 9 December 2010,,,,,,,,,,
,,Next update: December 2011,,,,,,,,,,
Telephone: 020 7944 6595,,,,,,,,,,,,
Email�: roadacc.stats@dft.gov.uk,,,,,,,,,,,,
Notes & definitions (http://www.dft.gov.uk/pgr/statistics/datatablespublications/accidents/casualtiesgbar/rrcgb2009),,,,,,,,,,,,
,,,,,,,,,,,,
NB: This table will become part of the Reported Road Casualty Statistics series from June 2012. A link to the new table will be provided at that point.,,,,,,,,,,,,

,,,,,,,,,,,,

,,,,,,,,,,,,
,,,,,,,,,,,,
,,,,,,,,,,,,








,,,,,,,,,,,,,,,,
,,,,,,,,,,,,,,,,
,,,,,,,,,,,,,,,,
,,,,,,,,,,,,,,,,
,,,,,,,,,,,,,,,,
,,,,,,,,,,,,,,,,
,,,,,,,,,,,,,,,,
,,,,,,,,,,,,,,,,
,,,,,,,,,,,,,,,,
,,,,,,,,,,,,,,,,
,,,,,,,,,,,,,,,,
,,,,,,,,,,,,,,,,
