Department for Transport statistics,,,,,,,,,,,,,,,,,,,,
Vehicle Licensing Statistics (web link),,,,,,,,,,,,,,,,,,,,
,,,,,,,,,,,,,,,,,,,,
Table VEH0390,,,,,,,,,,,,,,,,,,,,
"Contributory factors to motorcycle accidents1 by engine size, Great Britain, annually: 2009",,,,,,,,,,,,,,,,,,,,
,,,,,,,,,,,,,,,,,,,,
,50cc and under,,,51 -125 cc,,,126-500cc,,,Over 500cc,,,All motorcycles,,,,,,,
Contributory factor attributed to motorcycle,Number,Per cent,,Number,Per cent,,Number,Per cent,,Number,Per cent,,Number,Per cent,,,,,,
Loss of control, 380 ,13,, 694 ,13,, 367 ,16,," 1,454 ",18,," 2,895 ",16,,,,,,
Failed to look properly, 474 ,16,, 897 ,17,, 321 ,14,," 1,079 ",13,," 2,771 ",15,,,,,,
Failed to judge other person�s path or speed, 342 ,12,, 640 ,12,, 242 ,11,," 1,032 ",13,," 2,256 ",12,,,,,,
Poor turn or manoeuvre, 238 ,8,, 468 ,9,, 205 ,9,, 829 ,10,," 1,740 ",9,,,,,,
"Careless, reckless or in a hurry", 270 ,9,, 507 ,10,, 154 ,7,, 669 ,8,," 1,600 ",9,,,,,,
Learner or inexperienced driver/rider, 667 ,23,, 625 ,12,, 126 ,6,, 164 ,2,," 1,582 ",9,,,,,,
Slippery road (due to weather), 335 ,11,, 494 ,9,, 155 ,7,, 403 ,5,," 1,387 ",7,,,,,,
Sudden braking, 173 ,6,, 335 ,6,, 119 ,5,, 563 ,7,," 1,190 ",6,,,,,,
Travelling too fast for conditions, 162 ,6,, 297 ,6,, 136 ,6,, 511 ,6,," 1,106 ",6,,,,,,
Exceeding speed limit, 79 ,3,, 206 ,4,, 109 ,5,, 551 ,7,, 945 ,5,,,,,,
Following too close, 139 ,5,, 175 ,3,, 88 ,4,, 318 ,4,, 720 ,4,,,,,,
"Deposit on road (eg. oil, mud, chippings)", 45 ,2,, 107 ,2,, 47 ,2,, 289 ,4,, 488 ,3,,,,,,
No factor reported for vehicle, 917 ,31,," 1,958 ",37,, 852 ,38,," 2,942 ",36,," 6,669 ",36,,,,,,
All vehicles involved in accidents," 2,935 ",100,," 5,322 ",100,," 2,255 ",100,," 8,091 ",100,," 18,603 ",100,,,,,,
1. Includes only vehicles in accidents where a police officer attended the scene and in which a contributory factor was reported,,,,,,,,,,,,,,,,,,,,
    Includes only the 10 most frequently reported contributory factors for each engine size category. Factors not shown may also have been reported.,,,,,,,,,,,,,,,,,,,,
   A vehicle involved in an accident may have more than one contributory factor assigned to it. Therefore columns may add up to more than the total.,,,,,,,,,,,,,,,,,,,,
,,,,,,,,,,,,,,"Source: Road Accident Statistics, DfT",,,,,,
,,,,,,,,,,,,,,Last updated: 9 December 2010,,,,,,
,,,,,,,,,,,,,,Next update: December 2011,,,,,,
Telephone: 020 7944 6595,,,,,,,,,,,,,,,,,,,,
Email�: roadacc.stats@dft.gov.uk,,,,,,,,,,,,,,,,,,,,
Notes & definitions (http://www.dft.gov.uk/pgr/statistics/datatablespublications/accidents/casualtiesgbar/rrcgb2009),,,,,,,,,,,,,,,,,,,,

NB: This table will become part of the Reported Road Casualty Statistics series from June 2012. A link to the new table will be provided at that point.
