Department for Transport statistics,,,,,,,,,,,,,,,,,,,,,
Vehicle Licensing Statistics (http://www.dft.gov.uk/statistics/series/vehicle-licensing/),,,,,,,,,,,,,,,,,,,,,
,,,,,,,,,,,,,,,,,,,,,
Table VEH0522,,,,,,,,,,,,,,,,,,,,,
"Rigid goods vehicles1 over 3.5 tonnes licensed by gross weight and body type, Great Britain, annually: 2010",,,,,,,,,,,,,,,,,,,,,
,,,,,,Thousands,,,,,,,,,,,,,,,
Body Type,Up to 7.5 tonnes,Over 7.5 tonnes up to 15 tonnes,Over 15 tonnes up to 18 tonnes,Over 18 tonnes up to 26 tonnes,Over 26 tonnes,Total2,,,,,,,,,,,,,,,
Box Van,48.7,8.4,13.0,2.7,0.2,73.0,,,,,,,,,,,,,,,
Tipper,17.7,1.3,4.2,4.8,14.9,42.8,,,,,,,,,,,,,,,
Curtain Sided,10.7,2.1,9.7,5.3,0.2,28.1,,,,,,,,,,,,,,,
Dropside Lorry,10.5,1.8,4.7,3.2,0.2,20.4,,,,,,,,,,,,,,,
Flat Lorry,6.7,1.7,3.4,5.4,1.3,18.5,,,,,,,,,,,,,,,
Refuse Disposal,0.9,1.1,1.7,10.8,1.6,16.1,,,,,,,,,,,,,,,
Insulated Van,5.6,2.7,3.9,2.1,0.1,14.4,,,,,,,,,,,,,,,
Skip Loader,1.0,0.6,5.6,1.1,3.3,11.6,,,,,,,,,,,,,,,
Goods,3.0,0.9,1.2,1.5,0.8,7.4,,,,,,,,,,,,,,,
Panel Van,7.1,0.1,0.1,0.0,0.0,7.3,,,,
Tanker,0.4,0.5,2.3,2.8,1.2,7.3,,,,
Street Cleansing,2.3,2.4,0.4,0.1,0.0,5.1,,,,
Livestock Carrier,3.5,0.3,0.1,0.2,0.0,4.2,,,,
Car Transporter,1.1,0.4,1.0,1.3,0.2,4.1,,,,
Concrete Mixer,0.0,0.1,0.4,2.0,1.2,3.8,,,,
Tractor,0.2,0.1,0.3,0.8,2.1,3.5,,,,
Skeletal Vehicle,0.6,0.3,0.5,0.3,0.3,1.9,,,,
Tower Wagon,1.7,0.1,0.0,0.0,0.0,1.8,,,,
Luton Van,1.3,0.1,0.1,0.0,0.0,1.6,,,,
Special Purpose,0.5,0.3,0.3,0.2,0.1,1.3,,,,
Specially Fitted Van,0.7,0.2,0.2,0.1,0.0,1.2,,,,
Van,1.1,0.1,0.1,0.0,0.0,1.2,,,,
Not Recorded,0.6,0.2,0.2,0.1,0.0,1.1,,,,
Truck,0.6,0.1,0.2,0.1,0.1,1.0,,,,
Others,2.2,0.9,1.3,0.8,0.5,5.8,,,,
1. Only includes heavy goods vehicles in the 'Goods' taxation class,,,,,,,
2. Excludes vehicles where the weight is not known.,,,,,,,
Telephone: 020 7944 3077,,,,,,Source: DVLA/DfT,
Email�: vehicles.stats@dft.gsi.gov.uk,,,,,,Last updated:: 27 October 2011,
Notes & definitions (http://assets.dft.gov.uk/statistics/series/vehicle-licensing/notes.pdf),,,,,,Next update: April 2012 (2011 version),
