Department for Tranport statistics,,,,,
Vehicle Licensing Statistics (web link),,,,,
,,,,,
Table VEH0322,,,,,
"New motorcycle registrations: Top 10 models, United Kingdom, 2011",,,,,
Rank,,Manufacturer,Description,Type,Engine size (cc)
1,,Honda,CBF 125 M,NAKED,125
2,,Honda,PCX 125,SCOOTER,124
3,,Yamaha,YBR 125,NAKED,124
4,,Yamaha,YZF R125,SPORTS,125
5,,Honda,CBR 1000 RR,SPORTS,998
6,,Yamaha,XC 125,SCOOTER,1170
7,,BMW,R 1200 GS,DUAL SPORT (On/Off Road),999
8,,Pulse,BT 49 QT-9D SCOUT,SCOOTER,1170
9,,Peugeot,V CLIC 50,SCOOTER,1237
10,,BMW,S 1000 RR,SPORTS,1170
,,,,,Source: Motorcycle Industry Association
,,,,,Last updated: 12 April 2012
,,,,,Next update: April 2013
Telephone: 020 7944 3077,,,,,
Email�: vehicles.stats@dft.gsi.gov.uk,,,,,
Notes & definitions (www.dft.gov.uk/pgr/statistics/datatablespublications/vehiclelicensing/technical/notesdef.pdf),,,,,
,,,,,
This tab le is outside the scope of National Statistics,,,,,
,,,,,
,,,,,
,,,,,
,,,,,
,,,,,
,,,,,
,,,,,
,,,,,
