Department for Transport statistics,,,,,,,,,,,,
Vehicle Licensing Statistics (web link),,,,,,,,,,,,
,,,,,,,,,,,,
Table VEH0351,,,,,,,,,,,,
"Common causes of failure in motorcycle MOT tests, Great Britain, annually : 1998/99 to 2009/10",,,,,,,,,,,,
,,,,,,,,,,,,
,,,,,,,,,,,,Percentage
,1998/99,1999/00,2000/01,2001/02,2002/03,2003/04,2004/05,2005/06,2006/071,2007/08,2008/09,2009/10
Body and Structure, . , . , . , . , . , . , . , . , 0.9 , 0.9 , 1.0 , 1.0 
Brakes, 7.4 , 8.6 , 6.5 , 6.1 , 5.7 , 5.7 , 7.1 , . , 5.5 , 5.8 , 5.9 , 5.8 
Drive System, . , . , . , . , . , . , . , .. , 1.0 , 1.2 , 1.4 , 1.5 
Driving Controls, . , . , . , .. , . , . , . , . , 0.3 , 0.4 , 0.5 , 0.5 
Fuel and Exhaust, . , . , . , . , . , . , . , . , 1.7 , 1.7 , 1.7 , 1.6 
Lighting and Signalling, 11.4 , 11.6 , 10.1 , 9.8 , 9.5 , 9.1 , 9.5 , .. , 9.8 , 10.8 , 11.5 , 11.8 
Reg Plates and VIN, . , . , . , . , . , . , . , . , 0.8 , 1.0 , 1.4 , 1.9 
Sidecar, . , . , . , . , . , . , . , . , 0.0 , 0.0 , 0.0 , 0.0 
Steering and Suspension, 8.9 , 9.2 , 7.9 , 6.6 , 6.7 , 6.7 , 7.4 , .. , 5.9 , 5.8 , 5.7 , 5.6 
Tyres and Wheels, 5.5 , 6.2 , 4.9 , 4.4 , 4.4 , 4.0 , 4.3 , .. , 3.5 , 3.7 , 3.8 , 3.8 
Other2, 7.2 , 5.9 , 6.4 , 6.2 , 5.8 , 5.4 , 6.2 , .. , . , . , . , . 
,,,,,,,,,,,,
1. Computerised MOT figures are available from 2006/07. Prior to this a 2% sample survey was used.,,,,,,,,,,,,
2. Data on all causes of failure were not collected before 2006/07. Vehicles failing for the causes which are ,,,,,,,,,,,,
unavailable are presented in the Other category,,,,,,,,,,,,
NB This table has been superseded by table TSGB0909 (http://www.dft.gov.uk/statistics/tables/tsgb0909/),,,,,,,,,,,,
,,,,,,,,,,,,
Telephone: 020 7944 3077,,,,,,,,,,,,Source: VOSA
Email�: vehicles.stats@dft.gsi.gov.uk,,,,,,,,,,,,Last updated: 9 December 2010
Notes & definitions (www.dft.gov.uk/pgr/statistics/datatablespublications/vehiclelicensing/technical/notesdef.pdf),,,,,,,,,,,,Next update: Final

The figures in this table are outside the scope of National Statistics,,,,,,,,,,,,
,,,,,,,,,,,,
,,,,,,,,,,,,
,,,,,,,,,,,,
,,,,,,,,,,,,
,,,,,,,,,,,,
,,,,,,,,,,,,
,,,,,,,,,,,,
,,,,,,,,,,,,
,,,,,,,,,,,,
,,,,,,,,,,,,
,,,,,,,,,,,,
,,,,,,,,,,,,
