Department for Transport statistics,,,,,,
Vehicle Licensing Statistics (http://www.dft.gov.uk/statistics/series/vehicle-licensing/),,,,,,
,,,,,,
Table VEH0452,,,,,,
"Light goods vehicles registered for the first time by keepership1 (private and company), Great Britain, annually: 2001 to 2011",,,,,,
,,,,,Thousands/Percentages,
,Privately registered,,,,,
,Male,Female,Unknown,Company registered,Total,
Thousands,,,,,,
2001,32.3,3.4,1.3,237.1,274.0,
2002,33.8,3.6,1.8,244.5,283.6,
2003,38.5,4.0,1.7,273.6,317.9,
2004,41.0,4.4,1.4,294.2,341.0,
2005,37.4,4.4,1.0,287.0,329.7,
2006,33.6,3.9,0.8,290.0,328.3,
2007,32.1,3.5,1.0,303.5,340.1,
2008,24.3,2.8,0.7,263.1,291.0,
2009,20.8,2.5,0.7,165.7,189.7,
2010,20.3,2.3,0.7,202.8,226.1,
2011,19.9,2.3,0.6,240.2,263.0,
Percentages,,,,,,
2001,11.8,1.2,0.5,86.5,100.0,
2002,11.9,1.3,0.6,86.2,100.0,
2003,12.1,1.3,0.5,86.1,100.0,
2004,12.0,1.3,0.4,86.3,100.0,
2005,11.3,1.3,0.3,87.0,100.0,
2006,10.2,1.2,0.2,88.3,100.0,
2007,9.4,1.0,0.3,89.2,100.0,
2008,8.4,1.0,0.2,90.4,100.0,
2009,11.0,1.3,0.4,87.3,100.0,
2010,9.0,1.0,0.3,89.7,100.0,
2011,7.6,0.9,0.2,91.3,100.0,
1. Keepership refers to who the registered keeper of the vehicle is. ,,,,,
    This might differ to the owner.,,,,,
,,,,,Source: DVLA/DfT
Telephone: 020 7944 3077,,,,,Last updated:: 12 April 2012
Email�: vehicles.stats@dft.gsi.gov.uk,,,,,Next update: April 2013
Notes & definitions (http://assets.dft.gov.uk/statistics/series/vehicle-licensing/notes.pdf),,,,,
