Department for Transport statistics,,,,,,,,,,,,,,,
Vehicle Licensing Statistics (http://www.dft.gov.uk/statistics/series/vehicle-licensing/),,,,,,,,,,,,,,,
,,,,,,,,,,,,,,,
Table VEH0651,,,,,,,,,,,,,,,
"Buses and coaches registered for the first time by body type, Great Britain, annually: 2001 to 2011",,,,,,,,,,,,,,,
,,,,,Thousands/Percentages,,,,,,,,,,
,Single deck bus/coach,Double deck bus/coach,Minibus,Other,Total,,,,,,,,,,
Number of vehicles,,,,,,,,,,,,,,,
2001,2.8,1.3,6.4,0.1,10.6,,,,,,,,,,
2002,2.8,1.5,8.0,0.1,12.3,,,,,,,,,,
2003,2.9,1.6,9.2,0.1,13.7,,,,,,,,,,
2004,2.9,1.3,9.0,0.1,13.2,,,,,,,,,,
2005,3.3,1.1,8.6,0.1,13.1,,#REF!,,,,,,,,
2006,3.4,1.0,7.7,0.1,12.3,,#REF!,,,,,,,,
2007,3.5,0.8,7.7,0.1,12.1,,#REF!,,,,,,,,
2008,3.2,1.4,7.0,-,11.7,,,,,,,,,,
2009,3.0,1.6,4.9,-,9.5,,
2010,2.3,1.0,5.5,0.1,8.9,,
2011,2.3,1.4,4.8,0.1,8.5,,
Percentage of vehicles,,,,,,,
2001,26.6,12.1,60.6,0.6,100.0,,
2002,22.8,11.8,64.8,0.5,100.0,,
2003,20.9,11.4,67.2,0.5,100.0,,
2004,21.8,9.7,67.7,0.7,100.0,,
2005,25.1,8.6,65.6,0.7,100.0,,
2006,28.0,8.2,62.9,0.9,100.0,,
2007,29.3,6.9,63.2,0.6,100.0,,
2008,27.7,11.7,60.3,0.3,100.0,,
2009,31.2,16.7,51.7,0.4,100.0,,
2010,26.3,11.7,61.1,0.9,100.0,,
2011,26.8,16.3,56.1,0.8,100.0,,
,,,,,Source: DVLA/DfT,,
,,,,,Last updated:: 12 April 2012,,,,
Telephone: 020 7944 3077,,,,,Next update: April 2013,,,,
Email�: vehicles.stats@dft.gsi.gov.uk,,,,,,,,,
Notes & definitions (http://assets.dft.gov.uk/statistics/series/vehicle-licensing/notes.pdf),,,,,,,,,
