Department for Transport statistics,,,,,,,,
Vehicle Licensing Statistics (http://www.dft.gov.uk/statistics/series/vehicle-licensing/),,,,,,,,
,,,,,,,,
Table VEH0453,,,,,,,,
"Light goods vehicles registered for the first time by propulsion / fuel type, Great Britain, annually: 2001 to 2011",,,,,,,,
,,,,,,Thousands/Percentages,,
,Petrol,Diesel,Gas1,Electric,Other2,Total,,
Thousands,,,,,,,,
2001,11.6,261.2,1.0,-,-,274.0,,
2002,12.5,269.8,1.1,-,-,283.6,,
2003,11.6,303.0,3.0,-,-,317.9,,
2004,11.6,327.4,1.9,-,-,341.0,,
2005,10.5,317.6,1.5,-,-,329.7,,#REF!
2006,6.9,320.5,0.6,-,-,328.3,,#REF!
2007,6.6,333.2,-,-,-,340.1,,#REF!
2008,6.1,284.5,-,-,-,291.0,,
2009,4.2,185.1,-,-,-,189.7,,
2010,3.7,222.0,-,-,-,226.1,,
2011,3.0,259.6,-,-,-,263.0,,
Percentages,,,,,,,,
2001,4.2,95.3,-,-,-,100.0,,
2002,4.4,95.1,-,-,-,100.0,,
2003,3.7,95.3,0.9,-,-,100.0,,
2004,3.4,96.0,0.6,-,-,100.0,,
2005,3.2,96.3,-,-,-,100.0,,
2006,2.1,97.6,-,-,-,100.0,,
2007,1.9,98.0,-,-,-,100.0,,
2008,2.1,97.8,-,-,-,100.0,,
2009,2.2,97.6,-,-,-,100.0,,
2010,1.6,98.2,-,-,-,100.0,,
2011,1.1,98.7,-,-,-,100.0,,
"1.  Includes gas, gas bi-fuel, petrol/gas and gas-diesel",,,,,,,,
2.  Includes vehicles propelled by hybrid electric or steam,,,,,,
,,,,,,Source: DVLA/DfT
Telephone: 020 7944 3077,,,,,,Last updated:: 12 April 2012
Email�: vehicles.stats@dft.gsi.gov.uk,,,,,,Next update: April 2013
Notes & definitions (http://assets.dft.gov.uk/statistics/series/vehicle-licensing/notes.pdf),,,,,,
