Department for Transport statistics,,,,
Vehicle Licensing Statistics (http://www.dft.gov.uk/statistics/series/vehicle-licensing/),,,,
,,,,
Table VEH0322,,,,
"Motorcycles registered for the first time: top ten models, United Kingdom, annually: 2010",,,,
Rank,Manufacturer,Description,Type,Engine size (cc)
1,Honda,CBF 125 M,Naked,125
2,Yamaha,YBR 125,Naked,124
3,Yamaha,YZF R125,Sports,124
4,Yamaha,XC 125,Scooter,125
5,Honda,CBR 1000 RR,Sports,998
6,BMW,R 1200 GS,Dual Sport (On/Off Road),1170
7,BMW,S 1000 RR,Sports,999
8,BMW,R 1200 GS ADVENTURE,Dual Sport (On/Off Road),1170
9,Honda,VFR 1200,Sports,1237
10,BMW,R 1200 RT,Touring,1170
,,,,Source: Motorcycle Industry Association
,,,,Last updated: 8 September 2011
,,,,Next update: April 2012
Telephone: 020 7944 3077,,,,
Email�: vehicles.stats@dft.gsi.gov.uk,,,,
Notes & definitions (http://assets.dft.gov.uk/statistics/series/vehicle-licensing/notes.pdf),,,,
,,,,
This table is outside the scope of National Statistics,,,,
,,,,
,,,,
,,,,
,,,,
,,,,
,,,,
,,,,
,,,,
