Department for Transport statistics,,,,,
Vehicle Licensing Statistics (web link),,,,,
,,,,,
Table VEH0388,,,,,
"Reported motorcyclist casualties by severity, type of accident and other party involved in accident with the motorcycle, Great Britain: 2009",,,,,
,,,,,Number
,Motorcyclist casualties,,,Motorcyclist KSIs,
,Motorcycle over 51cc ,Motorcycle under 50cc,,Motorcycle over 51cc ,Motorcycle under 50cc
Single vehicle accidents,,,,,
Involving pedestrians,239,41,,37,5
No pedestrian involvment,"3,321",571,,"1,328",141
Two vehicle accidents involving:,,,,,
  Pedal cycle,105,21,,13,2
  Motorcycle under 50cc,25,63,,3,9
  Motorcycle over 51cc ,294,27,,88,0
  Car,"10,693","2,198",,"2,832",350
  Bus or Coach,130,27,,34,3,,,,,,,
  LGV,827,138,,217,28,,,,,,,
  HGV,243,37,,96,10,,,,,,,
  Other vehicle,187,38,,60,7,,,,,,,
Accidents involving three or more vehicles,"1,302",176,,527,32,,,,,,,
All accidents,"17,366","3,337",,"5,235",587,,,,,,,
,,,,,"Source: Road Accident Statistics, DfT",,,,,,,
,,,,,Last updated: 9 December 2010,,,,,,,
,,,,,Next update: December 2011,,,,,,,
Telephone: 020 7944 6595,,,,,,,,,,,,
Email�: roadacc.stats@dft.gov.uk,,,,,,,,,,,,
Notes & definitions (http://www.dft.gov.uk/pgr/statistics/datatablespublications/accidents/casualtiesgbar/rrcgb2009),,,,,,,,,,,,

NB: This table will become part of the Reported Road Casualty Statistics series from June 2012. A link to the new table will be provided at that point.,,,,,,,,,,,,
