Department for Transport statistics,,,,,,,,,,,,,,,
Vehicle Licensing Statistics (http://www.dft.gov.uk/statistics/series/vehicle-licensing/),,,,,,,,,,,,,,,
,,,,,,,,,,,,,,,
Table VEH0350,,,,,,,,,,,,,,,
"Motorcycle MOT tests and pass rate, Great Britain, annually: 1995/96 to 2009/10",,,,,,,,,,,,,,,
,,,,,,,,,,,,,,,
,,,,,,,,,,,,,,,Thousands / percentage
,1995/96,1996/97,1997/98,1998/99,1999/00,2000/01,2001/02,2002/03,2003/041,2004/05,2005/06,2006/072,2007/08,2008/09,2009/10
Number of tests,580.4,582.1,541.1,564.4,513.8,567.8,568.4,584.9,745.0,801.0,873.2,902.6,897.9,942.0,948.3
Initial Pass rate,,,,,,,,,,,,82 ,80 ,79 ,79 
Final Pass rate,76,74,79,78 ,78 ,80 ,80 ,81 ,83 ,79 ,82 ,87 ,87 ,87 ,87 
"1. The increase from 2003/04 reflects an increase in small cc scooters, bikes and mopeds being tested.",,,,,,,,,,,,,,,
2. Computerised MOT figures are available from 2006/07. Prior to this a 2% sample survey was used.,,,,,,,,,,,,,,,
NB: This table has been superseded by table TSGB0908 (http://www.dft.gov.uk/statistics/tables/tsgb0908/),,,,,,,,,,,,,,,
,,,,,,,,,,,,,,,Source:  VOSA
Telephone: 020 7944 3077,,,,,,,,,,,,,,,Last updated: 9 December 2010
Email�: vehicles.stats@dft.gsi.gov.uk,,,,,,,,,,,,,,,Next update: Final
Notes & definitions (http://assets.dft.gov.uk/statistics/series/vehicle-licensing/notes.pdf),,,,,,,,,,,,,,,
This table is outside the scope of National Statistics,,,,,,,,,,,,,,,
,,,,,,,,,,,,,,,
,,,,,,,,,,,,,,,




,,,,,,,,,,,,,,,
,,,,,,,,,,,,,,,
,,,,,,,,,,,,,,,
,,,,,,,,,,,,,,,
,,,,,,,,,,,,,,,
,,,,,,,,,,,,,,,
,,,,,,,,,,,,,,,



