Department for Transport statistics,,,,,,,,,,,,,,,,,
Vehicle Licensing Statistics (http://www.dft.gov.uk/statistics/series/vehicle-licensing/),,,,,,,,,,,,,,,,,
,,,,,,,,,,,,,,,,,
Table VEH0520,,,,,,,,,,,,,,,,,
"Goods vehicles1 over 3.5 tonnes, numbers first registered by year of first registration, and those still licensed, Great Britain, annually: 2010 to 2011",,,,,,,,,,,,,,,,,
,,,Thousands,,,,,,,,,,,,,,
Year of first registration,Number of vehicles first registered,Number remaining licensed at end of 2010,Number remaining licensed at end of 2011,,,,,,,,,,,,,,
Pre 1979,Unknown,0.1,0.1,,,,,,,,,,,,,,
1979,60.3,-,-,,,,,,,,,,,,,,
1980,46.6,-,-,,,,,,,,,,,,,,
1981,33.8,-,-,,,,,,,,,,,,,,
1982,34.4,-,-,,,,,,,,,,,,,,
1983,38.8,0.1,0.1,,,,,,,,,,,,,,
1984,41.2,0.1,0.1,,,,,,,,,,,,,,
1985,43.2,0.3,0.2,,,,,,,,,,,,,,
1986,42.8,0.4,0.3,,,,,,,,,,,,,,
1987,45.4,0.6,0.5,,,
1988,53.8,1.0,0.8,,,
1989,55.1,1.2,1.0,,,
1990,37.4,1.1,0.9,,,
1991,24.1,0.9,0.7,,,
1992,24.3,1.2,1.0,,,
1993,28.4,1.8,1.4,,,
1994,36.2,3.2,2.5,,,
1995,43.0,4.8,3.7,,,
1996,40.9,5.8,4.6,,,
1997,37.7,7.2,5.8,,,
1998,44.5,10.1,8.2,,,
1999,44.6,12.1,9.9,,,
2000,47.0,16.0,13.0,,,
2001,48.6,19.5,16.1,,,
2002,44.9,23.0,19.1,,,
2003,48.4,28.1,23.8,,,
2004,48.0,32.6,28.3,,,
2005,51.2,38.9,34.4,,,
2006,47.9,42.5,37.6,,,
2007,41.1,38.1,36.8,,,
2008,47.0,45.5,43.7,,,
2009,27.0,26.8,26.4,,,
2010,27.0,26.7,26.3,,,
2011,36.9,.,36.6,,,
All years,,389.8,383.9,,,
1. Only includes heavy goods vehicles in the 'Goods' taxation class,,,,,,
Telephone: 020 7944 3077,,,Source: DVLA/DfT,,,
Email�: vehicles.stats@dft.gsi.gov.uk,,,Last updated:: 12 April 2012,,,
Notes & definitions (http://assets.dft.gov.uk/statistics/series/vehicle-licensing/notes.pdf),,,Next update: April 2013,,,
,,,,,,
