Department for Transport statistics,,,,,,,,,,,,,,,,
Vehicle Licensing Statistics (web link),,,,,,,,,,,,,,,,
,,,,,,,,,,,,,,,,
Table VEH0381,,,,,,,,,,,,,,,,
"Reported motorcyclist casualties: KSI rates by type of rider/drive, Great Britain, annually: 1994 to 2009",,,,,,,,,,,,,,,,
,,,,,,,,,,,,,,,,KSI per billion vehicle miles
,1994,1995,1996,1997,1998,1999,2000,2001,2002,2003,2004,2005,2006,2007,2008,2009
Motorcycle riders,"2,631","2,613","2,447","2,421","2,352","2,307","2,423","2,300","2,227","2,068","1,953","1,820","1,905","1,836","1,805","1,709"
Pedal cyclists,"1,588","1,526","1,480","1,402","1,337","1,240","1,062","1,010",885,854,877,852,843,966,866,875
Car drivers,69,67,67,65,60,55,54,53,49,45,42,38,37,34,32,30
,,,,,,,,,,,,,,,,"Source: Road Accident Statistics, DfT"
,,,,,,,,,,,,,,,,Last updated: 9 December 2010
,,,,,,,,,,,,,,,,Next update: December 2011
Telephone: 020 7944 6595,,,,,,,,,,,,,,,,
Email�: roadacc.stats@dft.gov.uk,,,,,,,,,,,,,,,,
Notes & definitions (http://www.dft.gov.uk/pgr/statistics/datatablespublications/accidents/casualtiesgbar/rrcgb2009),,,,,,,,,,,,,,,,

NB: This table will become part of the Reported Road Casualty Statistics series from June 2012. A link to the new table will be provided at that point.
