Department for Transport statistics,,,,,,,
Vehicle Licensing Statistics (http://www.dft.gov.uk/statistics/series/vehicle-licensing/),,,,,,,
,,,,,,,
Table VEH0152,,,,,,,
"Motor vehicles registered for the first time by body type, Great Britain, annually: 2001 to 2011",,,,,,,
,,,,,,,Thousands
Year,Cars,Motorcycles,Light goods,Heavy goods,Buses and coaches,Other vehicles1,Total
2001 ,"2,586.0 ",180.5 ,274.0 ,52.5 ,10.6 ,34.2 ,"3,137.7 "
2002 ,"2,682.1 ",165.8 ,283.6 ,48.7 ,12.3 ,36.9 ,"3,229.4 "
2003 ,"2,646.1 ",160.9 ,317.9 ,53.2 ,13.7 ,40.2 ,"3,231.9 "
2004 ,"2,599.1 ",137.1 ,341.0 ,53.1 ,13.2 ,41.9 ,"3,185.4 "
2005 ,"2,443.5 ",135.6 ,329.7 ,56.9 ,13.1 ,42.6 ,"3,021.4 "
2006 ,"2,340.0 ",135.2 ,328.3 ,54.5 ,12.3 ,43.3 ,"2,913.6 "
2007 ,"2,390.1 ",146.4 ,340.1 ,47.3 ,12.1 ,60.9 ,"2,996.9 "
2008 ,"2,112.0 ",142.0 ,291.0 ,53.0 ,12.0 ,63.0 ,"2,673.0 "
2009 ,"1,968.0 ",115.0 ,190.0 ,31.0 ,10.0 ,57.0 ,"2,371.0 "
2010 ,"1,996.3 ",100.1 ,226.1 ,30.3 ,8.9 ,56.1 ,"2,417.8 "
2011 ,"1,907.4 ",99.3 ,263.0 ,40.7 ,8.5 ,62.5 ,"2,381.5 "
"1.  Includes rear diggers, lift trucks, rollers, ambulances, Hackney Carriages, three wheelers and agricultural vehicles",,,,,,,

,,,,,,,Source: DVLA/DfT
Telephone: 020 7944 3077,,,,,,,Last updated:: 12 April 2012
Email�: vehicles.stats@dft.gsi.gov.uk,,,,,,,Next update: April 2013
Notes & definitions (http://www.dft.gov.uk/statistics/series/vehicle-licensing/),,,,,,,
