Department for Transport statistics,,,,,,,,,
Vehicle Licensing Statistics (web link),,,,,,,,,
,,,,,,,,,
Table VEH0382,,,,,,,,,
"Reported motorcyclist casualties: Injuries by type of vehicle and age of casualty, Great Britain, annually: 2009",,,,,,,,,
,Killed or seriously injured,,,,Slight injury,,,,
,Motorcycle 50cc and under,Motorcycle 51-125cc,Motorcycle over 125cc,,Motorcycle 50cc and under,Motorcycle 51-125cc,Motorcycle over 125cc,,
Under 16, 16 , 17 , 12 ,, 41 , 45 , 54 ,,
16-19, 376 , 394 , 190 ,," 1,761 "," 1,307 ", 434 ,,
20-29, 63 , 399 , 845 ,, 416 ," 1,572 "," 1,711 ",,
30-39, 38 , 215 , 879 ,, 224 , 845 ," 1,764 ",,
40-49, 36 , 159 ," 1,138 ",, 142 , 548 ," 2,044 ",,
50-59, 26 , 72 , 562 ,, 77 , 165 , 959 ,,
60-69, 18 , 29 , 199 ,, 29 , 59 , 313 ,,
70 and over, 8 , 10 , 40 ,, 17 , 21 , 73 ,,
Total (inc. age unknown), 587 ," 1,314 "," 3,921 ",," 2,750 "," 4,651 "," 7,480 ",,
,,,,,,,"Source: Road Accident Statistics, DfT",,,,,
,,,,,,,Last updated: 9 December 2010,,,,,
,,,,,,,Next update: December 2011,,,,,
Telephone: 020 7944 6595,,,,,,,,,,,,
Email�: roadacc.stats@dft.gov.uk,,,,,,,,,,,,
Notes & definitions (http://www.dft.gov.uk/pgr/statistics/datatablespublications/accidents/casualtiesgbar/rrcgb2009),,,,,,,,,,,,
,,,,,,,,,,,,
NB: This table will become part of the Reported Road Casualty Statistics series from June 2012. A link to the new table will be provided at that point.,,,,,,,,,,,,
,,,,,,,,,,,,
,,,,,,,,,,,,
,,,,,,,,,,,,
,,,,,,,,,,,,
,,,,,,,,,,,,
,,,,,,,,,,,,
,,,,,,,,,,,,
,,,,,,,,,,,,
,,,,,,,,
,,,,,,,,
,,,,,,,,
,,,,,,,,
,,,,,,,,
,,,,,,,,
,,,,,,,,
,,,,,,,,
