Department for Transport statistics,,,,,,,,,
Vehicle Licensing Statistics (http://www.dft.gov.uk/statistics/series/vehicle-licensing/),,,,,,,,,
,,,,,,,,,
Table VEH0110,,,,,,,,,
"Vehicles with a Statutory Off Road Notification1 by body type, Great Britain, annually: 2006 to 2011",,,,,,,,,
,,,,,,,Thousands,,
Year,Cars,Motor cycles,Light goods,Heavy goods,Buses and coaches,Other vehicles 2,Total,,
2006 Q4,"1,276.5",384.4,217.4,52.4,15.5,80.3,"1,989.8",,
2007 Q4,"1,268.2",406.9,220.2,52.1,15.8,47.6,"2,010.7",,
2008 Q3,"1,201.3",371.0,212.9,53.7,15.0,49.5,"1,903.5",,
2008 Q4,"1,301.6",443.1,242.4,63.4,16.7,53.1,"2,120.3",,
2009 Q1,"1,292.1",422.4,243.0,66.2,16.7,53.2,"2,093.7",,
2009 Q2,"1,216.8",389.0,226.8,63.5,15.8,51.1,"1,962.9",,
2009 Q3,"1,186.3",397.9,222.4,61.5,16.0,53.8,"1,937.8",,
2009 Q4,"1,254.8",465.6,239.7,64.1,17.2,56.5,"2,097.9",,
2010 Q1,"1,246.9",449.7,233.9,63.3,16.9,55.9,"2,066.6",,
2010 Q2,"1,199.1",415.2,222.7,58.9,16.3,53.1,"1,965.3",,
2010 Q3,"1,206.3",427.1,223.6,57.1,16.2,55.1,"1,985.4",,
2010 Q4,"1,296.9",515.3,244.8,60.7,17.6,57.8,"2,193.1",,
2011 Q1,"1,303.6",481.6,242.5,60.3,17.5,57.9,"2,163.4",,
2011 Q2,"1,263.5",444.8,228.2,57.1,16.5,56.5,"2,066.7",,
2011 Q3,"1,254.3",462.2,229.2,56.6,16.8,60.0,"2,079.1",,
2011 Q4,"1,343.1",552.7,254.9,62.0,18.3,63.7,"2,294.6",,
1.  To avoid paying vehicle excise duty the keeper must declare the vehicle off the road using the Statutory Off Road Notification (SORN) process,,,,,,,,,
"2.  Includes rear diggers, lift trucks, rollers, ambulances, Hackney Carriages, three wheelers and agricultural vehicles",,,,,,,,,

,,,,,,,Source: DVLA/DfT,,
Telephone: 020 7944 3077,,,,,,,Last updated:: 12 April 2012,,
Email�: vehicles.stats@dft.gsi.gov.uk,,,,,,,Next update: April 2013,,
Notes & definitions (http://www.dft.gov.uk/statistics/series/vehicle-licensing/),,,,,,,,,
