Department for Transport statistics,,,,,,,,,,
Vehicle Licensing Statistics (http://www.dft.gov.uk/statistics/series/vehicle-licensing/),,,,,,,,,,
,,,,,,,,,,
Table VEH0305,,,,,,,,,,
"Motorcycle stock1,2 in different countries, annually: 1998 and 2008",,,,,,,,,,
,,,Thousands/rate,,,,,,,
,1998,2008,"Stock per 1,000 people (2008)",,,,,,,(millions)
United Kingdom,828,"1,322",21.5,,,,,United Kingdom,,60.781 
   Great Britain ,814,"1,275",21.7,,,,,Great Britain,,59.216 
   Northern Ireland,14,31,17.7,,,,,Northern Ireland,,1.559 
Austria,601,691,82.7,,,,,Austria,,8.299 
Belgium,241,388,36.1,,,,,Belgium,,10.585 
Denmark,112,205,37.2,,,,,Denmark,,5.447 
Finland,173,422,79.1,,,,,Finland,,5.277 
France,"2,321","2,704",43.3,,,,,France,,63.392 
Germany ,"4,909","5,852",71.4,,,,,Germany,,82.315 
Greece,..,"1,389",123.3,,,,,Greece,,11.171 ,,,,,,,,,,,,,,,,,,,
Irish Republic,24,39,8.9,,,,,Irish Republic,,4.313 ,,,,,,,,,,,,,,,,,,,
Italy,"6,823","9,189",153.0,,,,,Italy,,59 ,,,,,,,,,,,,,,,,,,,
Luxembourg,31,40,81.6,,,,,Luxembourg,,0.476 ,,,,,,,,,,,,,,,,,,,
Netherlands,451,"1,480",89.7,,,,,Netherlands,,16.358 ,,,,,,,,,,,,,,,,,,,
Portugal,301,550,51.8,,,,,Portugal,,10.599 ,,,,,,,,,,,,,,,,,,,
Spain,"1,361","4,912",107.2,,,,,Spain,,44.475 ,,,,,,,,,,,,,,,,,,,
Sweden,286,554,59.8,,,,,Sweden,,9.113 ,,,,,,,,,,,,,,,,,,,
Bulgaria,516,107,14.1,,,,,Bulgaria,,7.679 ,,,,,,,,,,,,,,,,,,,
Cyprus,44,43,54.2,,,,,Cyprus,,0.779 ,,,,,,,,,,,,,,,,,,,
Czech Republic,..,893,85.3,,,,,Czech Republic,,10.287 ,,,,,,,,,,,,,,,,,,,
Estonia,6,18,0.4,,,,,Estonia,,1.342 ,,,,,,,,,,,,,,,,,,,
Hungary,..,142,14.1,,,,,Hungary,,10.066 ,,,,,,,,,,,,,,,,,,,
Latvia,19,51,22.7,,,,,Latvia,,2.281 ,,,,,,,,,,,,,,,,,,,
Lithuania,19,46,13.6,,,,,Lithuania,,3.385 ,,,,,,,,,,,,,,,,,,,
Malta,15,14,34.8,,,,,Malta,,0.408 ,,,,,,,,,,,,,,,,,,,
Poland,820,"1,607",42.1,,,,,Poland,,38.125 
Romania,246,72,3.3,,,,,Romania,,21.565 
Slovak Republic,101,70,13.0,,,,,Slovak Republic,,5.394 
Slovenia,..,82,40.4,,,,,Slovenia,,2.01 
Norway,184,296,61.8,,,,,Norway,,4.681 
Switzerland,435,637,82.6,,,,,Switzerland,,7.509 
Japan,..,"3,502",27.4,,,,,Japan,,127.77 
USA,"3,879","7,753",25.5,,,,,USA,,301.6212 
1  There are differences in definition between countries which limit comparisons,,,,,,,,,,
2   Includes mopeds and three-wheeled vehicles but excludes pedal cycles,,,,,,,,,,
,,,Source: EU Energy and Transport in Figures (EUROSTAT),,,,,,,
,,,"Ministry of Land, Infrastructure and Transport, Japan",,,,,,,
,,,"Highway Statistics, USA",,,,,,,
,,,Last updated: 9 December 2010,,,,,,,
,,,Next update: September 2011,,,,,,,
Telephone: 020 7944 3077,,,,,,,,,,
Email�: vehicles.stats@dft.gsi.gov.uk,,,,,,,,,
Notes & definitions (http://assets.dft.gov.uk/statistics/series/vehicle-licensing/notes.pdf),,,,,,,,,
,,,,,,,,,
,,,,,,,,,
,,,,,,,,,
,,,,,,,,,
