Department for Transport statistics,,,,,,,,,,,,,,,,,,
Vehicle Licensing Statistics,,,,,,,,,,,,,,,,,,
,,,,,,,,,,,,,,,,,,
Table VEH0104,,,,,,,,,,,,,,,,,,
"Licensed vehicles by body type, by region, Great Britain, annually: 2010",,,,,,,,,,,,,,,,,,
,,,,,,,     Thousands,,,,,,,,,,,
Region,Cars,Motor cycles,Light goods,Heavy goods,Buses and coaches,Other vehicles1,Total,,,,,,,,,,,
North East,"1,037.2",40.1,107.8,15.2,6.8,19.0,"1,226.1",,,,,,,,,,,
North West,"3,083.7",116.2,308.7,61.7,17.7,54.7,"3,642.7",,,,,,,,,,,
Yorkshire and the Humber,"2,241.6",100.2,245.2,46.5,12.9,53.3,"2,699.8",,,,,,,,,,,
East Midlands,"2,156.9",103.9,267.2,45.0,13.1,59.9,"2,645.9",,,,,,,,,,,
West Midlands,"2,744.3",103.1,377.9,60.4,15.8,52.8,"3,354.3",,,,,,,,,,,
East of England,"2,921.0",138.5,329.4,48.5,14.5,70.8,"3,522.6",,,,,,,,,,,
London,"2,557.4",124.4,214.7,20.5,19.6,30.7,"2,967.3",,,,,,,,,,,
South East,"4,605.6",207.5,507.4,62.0,24.7,63.7,"5,470.7",,,,,,,,,,,
South West,"2,748.0",150.0,368.7,44.3,16.9,82.1,"3,409.9",,,,,,,,,,,
England,"24,095.5","1,083.9","2,727.0",404.0,142.1,486.8,"28,939.4",
Wales,"1,433.3",55.2,168.7,21.2,10.5,44.0,"1,733.0",
Scotland,"2,254.5",68.6,240.2,36.4,16.3,68.7,"2,684.7",
Vehicle under disposal2,632.1,25.6,69.9,8.4,2.3,15.4,753.7,
Region / country unknown3,5.4,0.9,1.9,0.2,0.1,0.9,9.4,
Great Britain,"28,420.9","1,234.4","3,207.8",470.1,171.2,615.8,"34,120.1",
"1.  Includes rear diggers, lift trucks, rollers, ambulances, Hackney Carriages, three wheelers and agricultural vehicles",,,,,,,,
2.  Refers to vehicles that are between keepers,,,,,,,,
3.  Refers to vehicles where the geographical location cannot be allocated due to the postcode being incomplete.,,,,,,,,
,,,,,,,,
,,,,,,,Source: DVLA/DfT,
Telephone: 020 7944 3077,,,,,,,Last updated:: 14 April 2011,
Email�: vehicles.stats@dft.gsi.gov.uk,,,,,,,Next update: April 2012,
Notes & definitions (http://www.dft.gov.uk/pgr/statistics/datatablespublications/vehicles/licensing/technical/notes.pdf),,,,,,,,
