Department for Transport statistics,,,,,,,,,,,,,,,,,,
Vehicle Licensing Statistics (http://www.dft.gov.uk/statistics/series/vehicle-licensing/),,,,,,,,,,,,,,,,,,
,,,,,,,,,,,,,,,,,,
Table VEH0104,,,,,,,,,,,,,,,,,,
"Licensed vehicles by body type, by region and per head of population, Great Britain, annually: 2011",,,,,,,,,,,,,,,,,,
,,,,,,,     Thousands,,,,,,,,,,,
Region,Cars,Motor cycles,Light goods,Heavy goods,Buses and coaches,Other vehicles1,Total,,,,,,,,,,,
Number of vehicles,,,,,,,,,,,,,,,,,,
North East,"1,040.1",39.4,140.0,15.3,7.1,19.5,"1,261.3",,,,,,,,,,,
North West,"3,006.5",117.3,294.6,61.1,17.1,57.0,"3,553.5",,,,,,,,,,,
Yorkshire and Humberside,"2,248.9",100.4,244.3,46.1,12.7,55.4,"2,707.9",,,,,,,,,,,
East Midlands,"2,166.5",104.4,270.9,46.7,12.6,62.2,"2,663.3",,,,,,,,,,,
West Midlands,"2,823.8",103.8,387.8,58.7,15.7,55.1,"3,444.9",,,,,,,,,,,
East of England,"2,944.3",140.1,328.3,48.3,14.1,72.9,"3,547.9",,,,,,,,,,,
London,"2,542.7",125.5,205.2,19.8,18.8,30.7,"2,942.7",,,,,,,,,,,
South East,"4,605.9",209.7,515.4,59.2,23.9,67.3,"5,481.4",,,,,,,,,,,
South West,"2,789.1",150.8,379.4,44.3,17.4,85.3,"3,466.3",,
England,"24,167.8","1,091.4","2,765.8",399.4,139.4,505.4,"29,069.2",,
Wales,"1,437.5",55.1,172.2,21.0,10.3,46.2,"1,742.4",,
Scotland,"2,264.4",66.2,237.6,35.6,15.9,71.2,"2,690.9",,
Vehicle under disposal2,594.9,24.7,71.7,9.4,2.5,17.5,720.7,,
Region / country unknown3,2.6,0.9,0.9,0.1,-,0.9,5.5,,
Great Britain,"28,467.3","1,238.3","3,248.3",465.5,168.1,641.2,"34,228.6",,
Vehicles per thousand head of population (mid-2010 population estimates),,,,,,,,,
North East,399.0,15.1,53.7,5.9,2.7,7.5,483.9,,
North West,433.5,16.9,42.5,8.8,2.5,8.2,512.3,,
Yorkshire and Humberside,424.2,18.9,46.1,8.7,2.4,10.5,510.8,,
East Midlands,483.4,23.3,60.5,10.4,2.8,13.9,594.3,,
West Midlands,517.6,19.0,71.1,10.8,2.9,10.1,631.5,,
East of England,504.9,24.0,56.3,8.3,2.4,12.5,608.4,,
London,324.9,16.0,26.2,2.5,2.4,3.9,376.1,,
South East,540.4,24.6,60.5,7.0,2.8,7.9,643.1,,
South West,528.9,28.6,72.0,8.4,3.3,16.2,657.3
England,462.7,20.9,53.0,7.6,2.7,9.7,556.5
Wales,478.2,18.3,57.3,7.0,3.4,15.4,579.6
Scotland,433.6,12.7,45.5,6.8,3.0,13.6,515.3
Great Britain,470.8,20.5,53.7,7.7,2.8,10.6,566.1
"1.  Includes rear diggers, lift trucks, rollers, ambulances, Hackney Carriages, three wheelers and agricultural vehicles",,,,,,,
2.  Refers to vehicles that are between keepers,,,,,,,
3.  Refers to vehicles where the geographical location cannot be allocated due to the postcode being incomplete.,,,,,,,
,,,,,,,
,,,,,,,Source: DVLA/DfT
Telephone: 020 7944 3077,,,,,,,Last updated:: 12 April 2012
Email�: vehicles.stats@dft.gsi.gov.uk,,,,,,,Next update: April 2013
Notes & definitions (http://www.dft.gov.uk/statistics/series/vehicle-licensing/),,,,,,,
