Department for Transport statistics,,,,,,,,,,,,,,,,,,,
Vehicle Licensing Statistics (http://www.dft.gov.uk/statistics/series/vehicle-licensing/),,,,,,,,,,,,,,,,,,,
,,,,,,,,,,,,,,,,,,,
Table VEH0524,,,,,,,,,,,,,,,,,,,
"Goods vehicles1 over 3.5 tonnes, by taxation group and axle configuration, Great Britain, annually: 2010",,,,,,,,,,,,,,,,,,,
,,,,Thousands,,,,,,,,,,,,,,,
Year,HGV,Trailer HGV,Small Island,Total2,,,,,,,,,,,,,,,
Rigid Vehicles,,,,,,,,,,,,,,,,,,,
   2 Axle,207,3.6,0.2,210.5,,,,,,,,,,,,,,,
   3 Axle,40.6,4.8,0.2,45.6,,,,,,,,,,,,,,,
   4 Axle,27.5,0.7,0.1,28.3,,,,,,,,,,,,,,,
All Rigid,274.7,9.2,0.5,284.4,,,,,,,,,,,,,,,
Articulated Vehicles,,,,,,,,,,,,,,,,,,,
  2 Axle Tractor & 2 axle trailer,4.0,0.0,0.0,4.0,,,,,,,,,,,,,,,
  2 Axle Tractor & 3 axle trailer,14.1,0.0,0.0,14.1,,,,,,,,,,,,,,,
  2 Axle Tractor & 4 or more axle trailer,7.9,0.0,-,7.9,,,,,,,,,,,,,,,
All 2 Axle Tractor,26.0,-,-,26.0,,,,
  3 Axle Tractor & 2 axle trailer,1.3,0.0,0.0,1.3,,,,
  3 Axle Tractor & 3 axle trailer,76.1,0.0,0.0,76.1,,,,
  3 Axle Tractor & 4 or more axle trailer,1.7,-,0.1,1.8,,,,
All 3 Axle Tractor,79.2,-,0.1,79.3,,,,
All Articulated Vehicles,105.2,-,0.1,105.3,,,,
All Goods Vehicles,379.9,9.2,0.6,389.8,,,,
1. Only includes heavy goods vehicles in the 'Goods' taxation class,,,,,,,,
2. Excludes vehicles where the axle configuration is not known.,,,,,,,,
Telephone: 020 7944 3077,,,,Source: DVLA/DfT,,,,
Email�: vehicles.stats@dft.gsi.gov.uk,,,,Last updated:: 27 October 2011,,,,
Notes & definitions (http://assets.dft.gov.uk/statistics/series/vehicle-licensing/notes.pdf),,,,Next update: April 2012 (2011 version),,,,
