Department for Transport statistics,,,,
Seafarer Statistics,,,,
Table SFR0220,,,,
"Age & Certificate Profile, UK certificated engineer officers, June 2011",,,,
,,,,
,Capacity,,,
Age (yrs),Chief Engineer,Second Engineer,OOW Engineering,All Engineers
16 < 20,0,0,10,10
20 < 25,0,10,375,390
25 < 30,20,125,485,630
30 < 35,140,190,305,635
35 < 40,155,160,155,470
40 < 45,155,60,140,360
45 < 50,335,100,170,610
50 < 55,505,170,235,910
55 < 60,630,230,265,"1,125"
60 < 62,185,75,120,380,,,,,,
,,,,,,,,,,
Total 16 to 61,"2,125","1,130","2,265","5,520",,,,,,
Percentage,39,20,41,100,,,,,,
Percentage  40+,85,57,41,61,,,,,,
,,,,,,,,,,
Ages 60 < 65,395,165,290,845,,,,,,
Total 16 < 65,"2,335","1,215","2,435","5,985",,,,,,
Percentage,39,20,41,100,,,,,,
Percentage  40+,87,60,45,64,,,,,,
,,,,,,,,,,
Age 65+,135,50,120,300,,,,,,
All ages,"2,470","1,265","2,555","6,285",,,,,,
Percentage,39,20,41,100,,,,,,
,,,,,,,,,,
Notes: ,,,,,,,,,,
1. Includes only those holding UK Certificates of Competency (CoC) with,,,,
     unlimited capacities. It therefore does not include:,,,,
          38 UK nationals with Certificates of Equivalent Competency (CEC).,,,,
          91 engineers endorsed for 'Tugs & Inshore Craft' (TIC) only.,,,,
          246 engineers endorsed for yachts only.,,,,
2. The scope of this table was altered to CoC for 2011 data to be more ,,,,
     consistent with the merchant navy focus of the Seafarer Statistics report,,,,
3. Numbers rounded to nearest 5. Totals may not sum exactly due to rounding.,,,,
,,,,
,,,,
Technical Notes,,,,
,,,,Source: Maritime & Coastguard Agency data
Telephone: 020 7944 4441,,,,Last updated: 26 January 2012
Email: maritime.stats@dft.gsi.gov.uk,,,,Next update: January 2013
