Department for Transport statistics,,,,,,,,,,,,,,,,,,
Seafarer Statistics,,,,,,,,,,,,,,,,,,
Table SFR0120,,,,,,,,,,,,,,,,,,
UK certificated officers active at sea,,,,,,,,,,,,,,,,,,
,,,,,,,,,,,,,,,"number 1, 2, 4",,,
,1997,1998,1999,2000,2001,2002,2003,2004,2005,2006,2007,2008,2009,2010,2011,,,
Retirement at 62 ,,,,,,,,,,,,,,,,,,
Total 3,"14,300","13,550","13,300","12,510","12,300","12,440","13,100","13,150","13,240","13,570","12,130","11,420","11,390","11,280","11,000",,,
of which:,,,,,,,,,,,,,,,,,,
  deck 3,"6,720","6,370","6,240","6,010","5,880","6,210","6,550","6,840","6,600","7,020","6,320","6,120","6,080","6,020","5,830",,,
  engine 3,"7,580","7,180","7,060","6,510","6,420","6,230","6,550","6,310","6,650","6,560","5,810","5,300","5,310","5,250","5,170",,,
Excluding yachts/TIC/CEC5,"14,300",,,,,,,,,"12,530","11,230","10,700","10,710","10,610","10,280",,,
of which:,,,,,,,,,,,,,,,,,,
  deck 3,"6,720",..,..,..,..,..,..,..,..,..,..,..,"5,720","5,670","5,450",,,
  engine 3,"7,580",..,..,..,..,..,..,..,..,..,..,..,"4,990","4,950","4,830",,,
Retirement at 65,,,,,,,,,,,,,,,,,,
Total 3,"14,400","14,580","13,920","13,090","12,880","13,060","13,580","13,650","13,910","14,370","12,760","12,090","12,110","12,140","11,850"
of which:,,,,,,,,,,,,,,,
  deck 3,"6,770","6,850","6,530","6,280","6,150","6,520","6,790","7,100","6,920","7,430","6,650","6,480","6,470","6,480","6,280"
  engine 3,"7,630","7,730","7,390","6,810","6,720","6,540","6,790","6,550","6,980","6,940","6,110","5,610","5,640","5,660","5,570"
Excluding yachts/TIC/CEC5,"14,400",..,..,..,..,..,..,..,..,"13,250","11,810","11,320","11,390","11,420","11,080"
of which:,,,,,,,,,,,,,,,
  deck 3,"6,770",..,..,..,..,..,..,..,..,..,..,..,"6,080","6,100","5,870"
  engine 3,"7,630",..,..,..,..,..,..,..,..,..,..,..,"5,310","5,320","5,210"
Notes:,,,,,,,,,,,,,,,
1. Numbers rounded to nearest 10. Components may not sum to totals due to rounding.,,,,,,,,,,,,,,,
"2. Proportion of officers not active at sea, i.e. working ashore or no longer working assumed to be 16% for all ages.",,,,,,,,,,,,,,,
3. From 2004 includes UK officers holding CECs and also UK officers only holding tug/Inshore craft endorsements. See,,,,,,,,,,,,,,,
    Table 1.7 for details. ,,,,,,,,,,,,,,,
4. Figures for period 1999-2003 have been adjusted using a three year moving average. ,,,,,,,,,,,,,,,
5. Series adjusted to be consistent with original 1997 basis of data collection by removing ,,,,,,,,,,,,,,,
"     those holding certificates with endorsements for yachts or tugs and inshore craft (TIC) only, and those with only certificates",,,,,,,,,,,,,,,
     of equivalent competency. See Table 1.7 for details.,,,,,,,,,,,,,,,
,,,,,,,,,,,,,,,
Technical Notes,,,,,,,,,,,,,,,
,,,,,,,,,,,,,,,Source: UK Seafarers Analyses 1998-2003; Maritime & Coastguard Agency data 2004 onwards
Telephone: 020 7944 4441,,,,,,,,,,,,,,,Last updated: 26 January 2012
Email: maritime.stats@dft.gsi.gov.uk,,,,,,,,,,,,,,,Next update: January 2013

























Total
Deck
Engine
Total (on 1997 basis)
