Department for Transport statistics,,,,,,
Seafarer Statistics,,,,,,
Table SFR0310,,,,,,
Projection of UK certificated officers for 2011-2031,,,,,,
,,,,,,
Age 62,Year,2011,2016,2021,2026,2031
Total,Numbers,"12,240","10,172","8,630","8,099","8,491"
Deck,0.51,"6,234","5,180","4,395","4,125","4,324"
Engineer,0.49,"6,006","4,992","4,235","3,974","4,166"
,,,,,,
Age 65,Year,2011,2016,2021,2026,2031
Total,Numbers,"13,191","10,946","9,248","8,420","8,588"
Deck,0.55,"7,205","5,979","5,052","4,599","4,691"
Engineer,0.45,"5,986","4,967","4,197","3,821","3,897"
,,,,,,
Input Assumptions,,,,,,
Cadet Entry Rates,,,,Wastage Rates,,
Input,800,,,At ages 20 < 30,,0.06
Wastage,0.08,,,At ages 30 < 50,,0.06
Output,573,,,At age 50 plus,,0.01
Notes: ,,,,,,
1.  Deck/engine split assumed to remain fixed at 2011 ratio.,,,,,,
2.  Numbers in table may not sum to 1 due to rounding,,,,,,
,,,,,,
Technical Notes,,,,,,
,,,,,,Source: DfT projection model
Telephone: 020 7944 4441,,,,,,Last updated: 26 January 2012
Email: maritime.stats@dft.gsi.gov.uk,,,,,,Next update: January 2013
