Department for Transport statistics,,,,,,,,,,,,,
Seafarer Statistics,,,,,,,,,,,,,
Table SFR0150,,,,,,,,,,,,,
UK officer cadets under SMarT1 scheme1,,,,,,,,,,,,,
,,,,,,,,,,,,,"number 1, 2, 3"
,1999,2000,2001,2002,2003,2004,2005,2006,2007,2008,2009,2010,2011
SMarT1 new entrants,494,510,469,449,557,662,555,571,685,854,925,754,850
Officer cadets currently in training,780,980,"1,020","1,010","1,000","1,030","1,050","1,110","1,430","1,700","1,800","1,830","1,820"
Notes: ,,,,,,,,,,,,,
1. Figures are derived from SMarT returns for SMarT1 training. They include a small number of EU trainees where trainees are,,,,,,,,,,,,,
    resident in the UK (4 new entrants in 2011). Royal Fleet Auxilliary trainees are excluded (22 in training in 2011).,,,,,,,,,,,,,
2. Data are for financial years - e.g. 2007 represents 2006/7.,,,,,,,,,,,,,
3. Numbers for average cadets currently in training rounded to nearest 10.,,,,,,,,,,,,,
,,,,,,,,,,,,,
Technical Notes,,,,,,,,,,,,,
,,,,,,,,,,,,,Source: Maritime & Coastguard Agency
Telephone: 020 7944 4441,,,,,,,,,,,,,Last updated: 26 January 2012
Email: maritime.stats@dft.gsi.gov.uk,,,,,,,,,,,,,Next update: January 2013
,,,,,,,,,,,,,
