Department for Transport statistics,,,,,,,,,,,,,,,,,
Seafarer Statistics,,,,,,,,,,,,,,,,,
Table SFR0240,,,,,,,,,,,,,,,,,
"Age and department profile, UK ratings in UKCoS survey, 2011",,,,,,,,,,,,,,,,,
,,,,,,,Number / percentage,,,,,,,,,,
Age (yrs),Deck,Engine,Catering,Hotel,Other,General Purpose,Total,,,,,,,,,,
,,,,,,,,,,,,,,,,,
16 < 20,5,0,60,30,0,0,95,,,,,,,,,,
20 < 25,60,5,415,945,10,0,"1,435",,,,,,,,,,
25 < 30,100,15,345,895,25,5,"1,385",,,,,,,,,,
30 < 35,140,25,265,430,40,5,905,,,,,,,,,,
35 < 40,160,45,215,265,45,5,740,,,,,,,,,,
40 < 45,250,35,285,230,50,10,860,,,,,,,,,,
45 < 50,340,55,345,245,55,15,"1,055",,,,,,,,,,
50 < 55,370,80,340,230,45,10,"1,080",,,,,,,,,,
55 < 60,315,70,240,200,30,10,855,,,,,,,,,,
60 < 62,120,30,60,75,15,0,300,,,,,,,,,,
,,,,,,,,,,,,,,,,,
Total 16 to 61,"1,860",360,"2,570","3,540",310,70,"8,705",,,,,,,,,,
Percentage,21,4,30,41,4,1,100,,,,,,,,,,
Percentage  40 +,75,75,49,28,62,74,48,,,,,,,,,,
,,,,,,,,,,,,,,,,,
60 < 65,290,55,130,190,25,5,690,,,,,,,,,,
Total 16 < 65,"2,030",385,"2,640","3,655",320,70,"9,095",,,,,,,,,,
Percentage,22,4,29,40,4,1,100,,,,,,,,,,
Percentage 40 +,77,77,51,30,63,74,50,,,,,,,,,,
,,,,,,,,,,,,,,,,,
Notes: ,,,,,,,,,,,,,,,,,
"1. Total records for UK nationals, 9,590.",,,,,,,,,,,,,,,,,
2. Table excludes 116 ratings with invalid date of birth data.,,,,,,,,,,,,,,,,,
3. Table excludes 378 ratings aged 65 years or more.,,,,,,,,,,,,,,,,,
"4. Total records exclude 2,287 ratings for whom only aggregate data were provided.",,,,,,,,,,,,,,,,,
5. Numbers rounded to nearest 5. Totals may not sum exactly due to rounding.,,,,,,,

Technical Notes,,,,,,,
,,,,,,,Source: Chamber of Shipping manpower survey
Telephone: 020 7944 4441,,,,,,,Last updated: 26 January 2012
Email: maritime.stats@dft.gsi.gov.uk,,,,,,,Next update: January 2013
