Department for Transport statistics,,,,,,,,,,,,,
Seafarer Statistics,,,,,,,,,,,,,
Table SFR0130,,,,,,,,,,,,,
UK uncertificated officers active at sea,,,,,,,,,,,,,
,,,,,,,,,,"number 1, 2, 3",,,
,2002,2003,2004,2005,2006,2007,2008,2009,2010,2011,,,
Total ,"2,750","3,750","3,260","2,910","2,460","1,760","2,760","3,150","3,020","2,320",,,
of which:,,,,,,,,,,,,,
    technical,480,760,700,740,750,770,890,"1,100","1,130",710,,,
"    hotel, other","2,270","2,990","2,560","2,170","1,710",990,"1,870","2,050","1,890","1,610",,,
Notes:,,,,,,,,,,,,,
1. Numbers rounded to nearest 10. Components may not sum to totals due to rounding.,,,,,,,,,,,,,
2. The adjustments made are detailed in Note 3 to Table 1.7. ,,,,,,,,,,,,,
3. Excludes any UK uncertificated officers employed by non UK Chamber of Shipping members.,,,,,,,,,,,,,
,,,,,,,,,,,,,
Technical Notes,,,,,,,,,,,,,
,,,,,,,,,,Source: UKCoS manpower surveys,,,
Telephone: 020 7944 4441,,,,,,,,,,Last updated: 26 January 2012,,,
Email: maritime.stats@dft.gsi.gov.uk,,,,,,,,,,Next update: January 2013,,,
,,,,,,,,,,,,,
