Department for Transport statistics,,,,,
Seafarer Statistics,,,,,
Table SFR0260,,,,,
Nationality of non UK officers holding Certificates of Equivalent Competency,,,,,
,,,,,number/percentage
2011,,,,Cumulative,2010
Rank,Country,Numbers,Percentage,Percentage,Rank
,,,,,
1,Philippines,"1,975",15.8,15.8,1
2,Poland,"1,870",15.0,30.8,2
3,Ukraine,"1,347",10.8,41.6,3
4,Russian Federation,"1,085",8.7,50.2,4
5,India,945,7.6,57.8,5
6,Romania,815,6.5,64.3,6
7,Latvia,636,5.1,69.4,8
8,Croatia,619,5.0,74.4,7
9,Bulgaria,534,4.3,78.7,9
10,Lithuania,360,2.9,81.5,10
11,South Africa,271,2.2,83.7,12
12,Italy,246,2.0,85.7,11
13,Republic of Ireland,197,1.6,87.3,13
14,Serbia and Montenegro,150,1.2,88.5,15
15,Estonia,149,1.2,89.6,18
16,Norway,130,1.0,90.7,14
17,Canada,129,1.0,91.7,16
18,Germany,104,0.8,92.6,17
19,Sweden,98,0.8,93.3,21
20,Myanmar,93,0.7,94.1,24
,,,,,
Notes:,,,,,
1. Retirement age of 65 is assumed.,,,,,
,,,,,
Technical Notes,,,,,
,,,,,Source: Maritime & Coastguard Agency data
Telephone: 020 7944 4441,,,,,Last updated: 26 January 2012
Email: maritime.stats@dft.gsi.gov.uk,,,,,Next update: January 2013
