Department for Transport statistics,,
Seafarer Statistics,,
Table SFR0250,,
Gender analysis of officers and ratings in UKCoS survey 2011,,
,,percentages
,,
,Male ,Female
,,
UK Officers,,
,,
Deck,97.3,2.7
Engine (inc. Dual deck/engine),99.5,0.5
Technical,99.6,0.4
Catering/Hotel/Other,63.1,36.9
,,
Total,92.5,7.5
,,,,,,,
UK Ratings,,,,,,,
,,,,,,,
Deck,98.9,1.1,,,,,
Engine,99.7,0.3,,,,,
General Purpose,100.0,0.0,,,,,
Technical,96.0,4.0,,,,,
Catering/Other,58.1,41.9,,,,,
,,,,,,,
Total,69.4,30.6,,,,,
,,,,,,,
,,,,,,,
Technical Notes,,,,,,,
,,Source: Chamber of Shipping manpower survey,,,,,
Telephone: 020 7944 4441,,Last updated: 26 January 2012,,,,,
Email: maritime.stats@dft.gsi.gov.uk,,Next update: January 2013,,,,,
