Department for Transport statistics,,,,,,,,,,,
Seafarer Statistics,,,,,,,,,,,
Table SFR0110,,,,,,,,,,,
All UK seafarers active at sea,,,,,,,,,,,
,,,,,,,,,,,number 1
,,2002,2003,2004,2005,2006,2007,2008,2009,2010,2011
Assuming retirement at 62,,,,,,,,,,,
Certificated officers,2,"12,440","13,100","13,150","13,240","13,570","12,130","11,420","11,390","11,280","11,000"
Uncertificated Officers,3,"2,750","3,750","3,260","2,910","2,460","1,760","2,760","3,150","3,020","2,320"
Ratings,,"9,510","10,490","10,430","9,380","9,750","8,150","9,330","10,400","11,340","11,880"
Officer trainees,,"1,010","1,000","1,030","1,050","1,110","1,430","1,700","1,800","1,830","1,820"
Total active at sea,,"25,720","28,340","27,870","26,590","26,890","23,460","25,210","26,740","27,460","27,010"
 of which deck and engine,4,"17,570","18,530","18,200","18,070","18,140","16,160","15,870","16,410","15,500","15,000"
Assuming retirement at 65,,,,,,,,,,,
Certificated officers,2,"13,060","13,580","13,650","13,910","14,370","12,760","12,090","12,110","12,140","11,850"
Uncertificated Officers,3,"2,750","3,750","3,260","2,910","2,460","1,760","2,760","3,150","3,020","2,320"
Ratings,,"9,510","10,490","10,430","9,380","9,750","8,150","9,330","10,400","11,340","11,880"
Officer trainees,,"1,010","1,000","1,030","1,050","1,110","1,430","1,700","1,800","1,830","1,820"
Total active at sea,,"26,340","28,810","28,370","27,250","27,690","24,100","25,880","27,460","28,320","27,860"
 of which deck and engine,4,"18,190","19,010","18,700","18,730","18,940","16,800","16,550","17,130","16,360","15,850"
Notes:,,,,,,,,,,,
1. Figures are rounded to nearest 10. See Table SFR0170 for raw data and notes on adjustments made.,,,,,,,,,,,
"2. Includes officers with endorsements for yachts or tugs and inshore craft (TIC) only, and those with Certificates",,,,,,,,,,,
     of equivalent competency. See Tables SFR0120 and 0170 for further details.,,,,,,,,,,,
3. Excludes any UK uncertificated officers and ratings employed by non UK Chamber of Shipping members.,,,,,,,,,,,
"4. This includes certificated officers and deck, engine and general/dual purpose ratings. It excludes officers and ratings",,,,,,,,,,,
"    without ship or engine handling roles, and officer trainees. See Tables SFR0120, 0140 and 0170  for detailed data.",,,,,,,,,,,
,,,,,,,,,,,
Technical Notes,,,,,,,,,,,
,,,,,,,,,,,"Source: Maritime & Coastguard Agency data, Chamber of Shipping manpower surveys"
Telephone: 020 7944 4441,,,,,,,,,,,Last updated: 26 January 2012
Email: maritime.stats@dft.gsi.gov.uk,,,,,,,,,,,Next update: January 2013
,,,,,,,,,,,
,,,,,,,,,,,
,,,,,,,,,,,
,,,,,,,,,,,
,,,,,,,,,,,
,,,,,,,,,,,
,,,,,,,,,,,
,,,,,,,,,,,
,,,,,,,,,,,
,,,,,,,,,,,
,,,,,,,,,,,
,,,,,,,,,,,
,,,,,,,,,,,
,,,,,,,,,,,
,,,,,,,,,,,
,,,,,,,,,,,
,,,,,,,,,,,
,,,,,,,,,,,
,,,,,,,,,,,
,,,,,,,,,,,
,,,,,,,,,,,
,,,,,,,,,,,
,,,,,,,,,,,
,,,,,,,,,,,
,,,,,,,,,,,
,,,,,,,,,,,
,,,,,,,,,,,
Deck and Engine,,,,,,,,,,,
