Department for Transport statistics,,,,
Seafarer Statistics,,,,
Table SFR0210,,,,
"Age & Certificate Profile, UK certificated deck officers, June 2011",,,,
,,,,
,Capacity,,,
Age (yrs),Master,Chief Mate,OOW Deck,All Deck
16 < 20,0,0,0,0
20 < 25,0,20,400,420
25 < 30,50,210,580,840
30 < 35,235,185,375,790
35 < 40,290,80,235,605
40 < 45,275,50,205,530
45 < 50,475,50,250,775
50 < 55,810,75,285,"1,170"
55 < 60,860,95,255,"1,210"
60 < 62,230,25,120,375,,,,,
,,,,,,,,,
Total 16 to 61,"3,225",795,"2,700","6,720",,,,,
Percentage,48,12,40,100,,,,,
Percentage  40+,82,38,41,60,,,,,
,,,,,,,,,
Ages 60 < 65,530,75,255,860,,,,,
Total 16 < 65,"3,525",845,"2,835","7,205",,,,,
Percentage,49,12,39,100,,,,,
Percentage  40+,84,41,44,63,,,,,
,,,,,,,,,
Age 65+,265,40,115,420,,,,,
All ages,"3,790",885,"2,950","7,625",,,,,
Percentage,50,12,39,100,,,,,
,,,,,,,,,
Notes: ,,,,,,,,,
1. Includes only those holding UK Certificates of Competency (CoC) with,,,,
     unlimited capacities. It therefore does not include:,,,,
          58 UK nationals with Certificates of Equivalent Competency (CEC).,,,,
          439 deck officers endorsed for 'Tugs & Inshore Craft' (TIC) only.,,,,
          630 officers holding only 'Master (Yacht)' certificates and 96 other ,,,,
                 deck officers endorsed for yachts only,,,,
2. The scope of this table was altered to CoC for 2011 data to be more ,,,,
     consistent with the merchant navy focus of the Seafarer Statistics report,,,,
3. Numbers rounded to nearest 5. Totals may not sum exactly due to rounding.,,,,
,,,,
Technical Notes,,,,
,,,,Source: Maritime & Coastguard Agency data
Telephone: 020 7944 4441,,,,Last updated: 26 January 2012
Email: maritime.stats@dft.gsi.gov.uk,,,,Next update: January 2013
