Department for Transport statistics,,,,,,,,,,
Seafarer Statistics,,,,,,,,,,
Table SFR0140,,,,,,,,,,
UK ratings active at sea,,,,,,,,,,
,,, ,,,,,,,"number 1, 2, 3"
,2002,2003,2004,2005,2006,2007,2008,2009,2010,2011
Total ,"9,510","10,490","10,430","9,380","9,750","8,150","9,330","10,400","11,340","11,880"
of which:,,,,,,,,,,
    deck,"3,720","3,940","3,670","3,480","3,460","3,060","3,270","3,910","3,220","3,090"
    engine,830,970,"1,120",980,830,680,730,770,680,810
    general purpose/dual purpose,580,510,270,370,280,290,450,340,320,90
    catering/hotel/other,"4,380","5,060","5,380","4,550","5,190","4,120","4,880","5,380","7,110","7,880"
subtotal deck and engine categories above:,,,,,,,,,,
    deck/engine/general purpose,"5,130","5,430","5,050","4,830","4,570","4,030","4,450","5,020","4,220","3,990"
Notes:,,,,,,,,,,
1. Numbers rounded to nearest 10. Components may not sum to totals due to rounding.,,,,,,,,,,
"2. The adjustments made are detailed in Notes 3, 4 to Table 1.7. ",,,,,,,,,,
3. Excludes any UK ratings employed by non UK Chamber of Shipping members.,,,,,,,,,,
,,,,,,,,,,
Technical Notes,,,,,,,,,,
,,,,,,,,,,Source: UKCoS manpower surveys
Telephone: 020 7944 4441,,,,,,,,,,Last updated: 26 January 2012
Email: maritime.stats@dft.gsi.gov.uk,,,,,,,,,,Next update: January 2013
