Department for Transport statistics,,,,,,,,
Seafarer Statistics,,,,,,,,
Table SFR0320,,,,,,,,
Forecast Sensitivity: Effect of a 25 per cent change on 2021 forecast,,,,,,,,
,Sensitivity tests:,,,,%change in 2021 forecast:,,,
,Low,Base,High,,Low,High,,Elasticity
Cadet  entry numbers,600,800,"1,000",,-12.8,12.8,,0.51
Cadet wastage rate,0.060,0.080,0.100,,4.6,-4.3,,-0.18
Officer wastage rate,0.045,0.060,0.075,,9.8,-8.8,,-0.37
,,,,,,,,
Base case scenario forecast for 2021 (officer numbers),,,,,,,8630,
,,,,,,,,
Technical Notes,,,,,,,,
,,,,,,,,Source: DfT projection model
Telephone: 020 7944 4441,,,,,,,,Last updated: 26 January 2012
Email: maritime.stats@dft.gsi.gov.uk,,,,,,,,Next update: January 2013
