Department for Transport statistics,,,,,
Seafarer Statistics,,,,,
Table SFR0230,,,,,
"Age and department profile, UK officers in UKCoS survey, 2011",,,,,
,,,,,Number / percentage
Age (yrs),Deck,Engine,Catering/ hotel/other,Technical,Total
,,,,,
16 < 20,5,0,0,0,5
20 < 25,210,190,55,10,465
25 < 30,465,320,145,40,970
30 < 35,435,330,175,35,970
35 < 40,280,225,120,45,670
40 < 45,285,205,140,60,690
45 < 50,325,270,160,75,835
50 < 55,465,485,150,105,"1,210"
55 < 60,520,585,115,85,"1,310"
60 < 62,180,190,55,35,460,,,,,,
,,,,,,,,,,,
Total 16 to 61,"3,170","2,805","1,115",490,"7,580",,,,,,
Percentage,42,37,15,7,100,,,,,,
Percentage  40+,56,62,56,75,59,,,,,,
,,,,,,,,,,,
Ages 60 < 65,375,385,140,70,970,,,,,,
,,,,,,,,,,,
Total 16 < 65,"3,365","3,000","1,205",525,"8,090",,,,,,
Percentage,42,37,15,7,100,,,,,,
Percentage  40+,59,64,59,76,62,,,,,,
,,,,,,,,,,,
Notes: ,,,,,,,,,,,
"1. Total detailed records for UK nationals, 8,522. ",,,,,,,,,,,
2. 5 dual-qualified certificated officers included in engine.,,,,,,,,,,,
2. Table excludes 17 officers who had no or invalid DoB data.,,,,,,,,,,,
3. Table excludes 413 officers aged 65 years or more. Most of these would be employed in,,,,,
    an entertainment capacity on cruise ships ('Hotel' department).,,,,,
"4. Total records exclude 1,991 officers for whom only aggregate data were provided.",,,,,
5. Numbers rounded to nearest 5. Totals may not sum exactly due to rounding.,,,,,

Technical Notes,,,,,
,,,,,Source: Chamber of Shipping manpower survey
Telephone: 020 7944 4441,,,,,Last updated: 26 January 2012
Email: maritime.stats@dft.gsi.gov.uk,,,,,Next update: January 2013
