Department for Transport statistics,,,,,,,,,
Bus Statistics (www.gov.uk/government/organisations/department-for-transport/series/bus-statistics),,,,,,,,,
Table BUS0811a,,,,,,,,,
"Net current expenditure on concessionary travel2 by metropolitan area status: England, annual from 2000-013",,,,,,,,,
Not adjusted for inflation,,,,,,,� thousands,,
Financial year,,London4,English metropolitan areas5,English non-metropolitan areas,England,,England excluding London,,
2000-01,,"157,496","201,854","108,245","467,595",,"310,099",,
2001-02,,"161,927","203,145","122,241","487,313",,"325,386",,
2002-03,,"164,002","200,028","122,641","486,671",,"322,669",,
2003-04,,"176,860","202,077","131,118","510,055",,"333,195",,
2004-05,,"178,873","226,869","133,075","538,817",,"359,944",,
2005-06,,"188,461","204,179","139,072","531,712",,"343,251",,
2006-07,6 ,"204,249","267,700","311,929","783,878",,"579,629",,
2007-08,,"222,446","283,311","366,829","872,586",,"650,140",,
2008-09,,"281,418","308,459","458,045","1,047,922",,"766,504",,
2009-10,,"246,242","331,880","478,239","1,056,361",,"810,119",,
2010-11,,"263,312","331,630","504,975","1,099,917",,"836,605",,,
2011-12,,"299,230","326,500","483,674","1,109,404",,"810,174",,,
2012-13 Budget,,"327,644","371,040","513,934","1,212,618",,"884,974",,,
,,,,,,,,,,
1. These figures are not adjusted for inflation.,,,,,,,,,,
"2. Total net current expenditure refers to expenditure on all aspects of concessionary travel, including ENCTS, discretionary concessions - e.g. travel outside the statutory time period or on other modes, youth concession schemes - and administrative costs.",,,,,,,,,,
3. Data for years 2000-01 to 2011-12 are outturn. Data for 2012-13 are budgets. Outturn and budgets are as reported to DCLG by local authorities as part of the RO and RA data collections.,,,,,,,,,,
"4. The expenditure figures for London have been adjusted for 2008/09 to 2010/11 to include the Special Grant paid by DfT to support expansion of the statutory concession from local to national level. The Special Grant for London was paid directly to London Councils, acting on behalf of the London Boroughs, and therefore does not appear on the DCLG returns.",,,,,,,,,,
"5. Refers to the six Former Metropolitan Counties - Tyne & Wear, Merseyside, Greater Manchester, West Midlands, South Yorkshire and West Yorkshire.",,,,,,,,,,
"6.  From 2006, the statutory bus concession for older and disabled people was extended from a half-fare to full-fare discount, giving rise to the break in the series between 2005/06 and 2006/07.",,,,,,,,,,
,,,,,,,,,,
,,,,,,,Source: Department for Communities and Local Government's RO and RA returns,,,
Notes & definitions (www.gov.uk/technical-guidance-for-transport-stats#concessionary-travel),,,,,,,Last updated: December 2012,,,
Telephone: 020 7944 3094,,,,,,,Next update: Autumn 2013,,,
Email: bus.statistics@dft.gsi.gov.uk,,,,,,,,,,
The figures in this table are outside the scope of National Statistics,,,,,,,,,,
