Department for Transport statistics,,,,,,,,,,
Bus Statistics (www.gov.uk/government/organisations/department-for-transport/series/bus-statistics),,,,,,,,,,
Table BUS0830b,,,,,,,,,,
"Reimbursement of bus operators for concessionary travel by older and disabled people1,2 and reimbursement per journey by metropolitan area status: England, annual from 2010/11",,,,,,,,,,
Adjusted for inflation to give reimbursement at 2011/12 prices,,,,,,,� millions/pence,,,
,,London,English metropolitan areas3,English non-metropolitan areas,England,,England excluding London,,,
Total reimbursement of bus operators for concessionary travel by older/disabled people (� millions),,,,,,,,,,
2010/11,R,197,265,457,918,,721,,,
2011/12 (outturn),,211,252,434,898,,687,,,
2012/13 (forecast),,218,252,441,912,,694,,,
Average reimbursement per journey (pence),,,,,,,,,,
2010/11,R,66,85,102,87,,95,,,
2011/12 (outturn),,69,83,95,84,,90,,,
2012/13 (forecast),,69,84,96,85,,91,,,
,,,,,,,,,,
"1. These figures are adjusted for inflation to be in 2011/12 prices, using HM Treasury GDP deflator.",,,,,,,,,,
2. Reimbursement figures cover both statutory and discretionary (e.g. pre-0930) concessionary journeys made by older and disabled pass holders.,,,,,,,,,,
"3. Refers to the six Former Metropolitan Counties - Tyne & Wear, Merseyside, Greater Manchester, West Midlands, South Yorkshire and West Yorkshire.",,,,,,,,,,
4. Reimbursement may not sum to totals due to rounding.,,,,,,,,,,
R Some statistics for 2010/11 have been revised in light of information collected for the most recent survey. Further details available in the Notes & Definitions document.,,,,,,,,,,
,,,,,,,"Source: DfT Concessionary Travel Survey, HM Treasury GDP deflator",,,
Notes & definitions (www.gov.uk/technical-guidance-for-transport-stats#concessionary-travel),,,,,,,Last updated: 15 November 2012,,,
Telephone: 020 7944 3094,,,,,,,Next update: Autumn 2013,,,
Email: bus.statistics@dft.gsi.gov.uk,,,,,,,,,,
The figures in this table are outside the scope of National Statistics,,,,,,,,,,
