Department for Transport statistics,,,,,,,,,,,,,,,,,,,,,,,,,,
Bus Statistics (www.gov.uk/government/organisations/department-for-transport/series/bus-statistics),,,,,,,,,,,,,,,,,,,,,,,,,,
Table BUS0841,,,,,,,,,,,,,,,,,,,,,,,,,,
"Concessionary travel discretionary enhancements by Travel Concession Authority: England outside London, 2011/121",,,,,,,,,,,,,,,,,,,,,,,,,,
,,,,,,,,,,,,,,,,,,,,,,,,,,
ONS code,Travel Concession Authority,,Statutory minimum concession only2,Older people below eligible pension age3,Disabled people not meeting statutory eligibility criteria4,Companions to disabled people,Unemployed people,Young people5,Statutory travel time minimum only,Pre 0930 start,Extension beyond 2300,"Trams,
Light rail &
Metro services",National Rail services,Ferry services,On-demand transport or community transport services6,of which,Taxi tokens or travel vouchers,Dial-a-ride or other community transport,Other concessions7,,,,,,,
,,,,,,,,,,,,,,,,,,,,,,,,,,
E12000001,North East,,,,,,,,,,,,,,,,,,,,,,,,,
E06000005,Darlington,,No,No,No,Yes,No,No,Yes,No,No,No,No,No,No,,No,No,No,,,,,,,
E06000047,Durham,,No,No,No,Yes,No,No,No,Yes,No,No,Yes,No,No,,No,No,Yes,,,,,,,
E06000001,Hartlepool,,No,No,No,No,No,No,No,Yes,Yes,No,No,No,No,,No,No,No,,,,,,,
E06000002,Middlesbrough,,No,No,No,No,No,Yes,No,Yes,Yes,No,No,No,No,,No,No,No,,,,,,,
E06000048,Northumberland,,No,No,No,Yes,No,No,No,Yes,Yes,No,No,No,Yes,,Yes,Yes,No,,,,,,,
E06000003,Redcar and Cleveland,,No,No,No,No,No,Yes,No,Yes,Yes,No,No,No,No,,No,No,No,,,,,,,
E06000004,Stockton-on-Tees,,No,No,No,No,No,Yes,No,Yes,Yes,No,No,No,No,,No,No,No,,,,,,,
E11000004,Tyne and Wear ITA,,No,No,No,Yes,No,Yes,No,Yes,Yes,Yes,Yes,Yes,Yes,,Yes,No,No,,,,,,,
E12000002,North West,,,,,,,,,,,,,,,,,,
E06000008,Blackburn with Darwen,,No,No,No,No,No,No,No,Yes,No,No,No,No,No,,No,No,No
E06000009,Blackpool,,No,No,No,No,No,No,No,Yes,No,Yes,No,No,No,,No,No,No
E06000049,Cheshire East,,No,No,No,No,No,No,No,Yes,No,No,No,No,Yes,,No,Yes,Yes
E06000050,Cheshire West and Chester,,No,No,No,No,No,No,No,Yes,Yes,No,No,No,Yes,,Yes,Yes,Yes
E10000006,Cumbria,,No,No,No,Yes,No,Yes,No,Yes,Yes,No,No,No,No,,No,No,No
E06000006,Halton,,No,No,No,No,No,No,No,No,Yes,No,No,No,Yes,,No,Yes,No
E10000017,Lancashire,,No,No,No,No,No,No,No,Yes,No,Yes,No,No,No,,No,No,Yes
E06000007,Warrington,,No,No,No,Yes,No,No,No,No,Yes,No,No,No,Yes,,No,Yes,Yes
E11000001,Greater Manchester ITA,,No,No,No,No,No,Yes,No,Yes,Yes,Yes,Yes,No,Yes,,Yes,Yes,No
E11000002,Merseyside ITA,,No,Yes,No,No,No,Yes,No,Yes,Yes,No,Yes,Yes,No,,No,No,No
E12000003,Yorkshire and The Humber,,,,,,,,,,,,,,,,,,
E06000011,East Riding of Yorkshire,,No,No,No,Yes,No,No,Yes,No,No,No,No,No,Yes,,No,Yes,Yes
E06000010,"Kingston upon Hull, City of",,No,No,No,Yes,No,Yes,Yes,No,No,No,No,No,No,,No,No,No
E06000012,North East Lincolnshire,,No,No,No,Yes,No,No,No,Yes,Yes,No,Yes,No,Yes,,No,Yes,No
E06000013,North Lincolnshire,,No,No,No,Yes,No,No,No,Yes,Yes,No,Yes,No,Yes,,No,Yes,No
E10000023,North Yorkshire,,No,No,No,Yes,No,No,No,Yes,Yes,No,No,No,Yes,,No,Yes,Yes,
E06000014,York,,No,No,No,Yes,No,No,No,Yes,No,No,No,No,Yes,,Yes,Yes,Yes,
E11000003,South Yorkshire ITA,,No,No,No,Yes,No,Yes,No,Yes,Yes,Yes,Yes,No,No,,No,No,Yes,
E11000006,West Yorkshire ITA,,No,No,No,Yes,Yes,Yes,No,No,Yes,No,Yes,No,Yes,,No,Yes,No,
E12000004,East Midlands,,,,,,,,,,,,,,,,,,,
E06000015,Derby,,No,No,No,No,No,Yes,Yes,No,No,No,No,No,Yes,,No,Yes,No,
E10000007,Derbyshire,,No,No,No,No,No,Yes,Yes,No,No,No,No,No,Yes,,No,Yes,No,
E06000016,Leicester,,No,No,No,No,Yes,No,No,Yes,Yes,No,Yes,No,Yes,,Yes,Yes,Yes,
E10000018,Leicestershire,,No,No,No,No,No,No,No,Yes,Yes,No,No,No,Yes,,Yes,Yes,Yes,
E10000019,Lincolnshire,,No,No,No,Yes,No,No,No,Yes,Yes,No,No,No,No,,No,No,No,
E10000021,Northamptonshire,,Yes,No,No,No,No,No,Yes,No,No,No,No,No,No,,No,No,No,
E06000018,Nottingham,,No,No,No,Yes,No,No,No,Yes,No,Yes,No,No,Yes,,No,Yes,Yes,
E10000024,Nottinghamshire,,No,No,No,Yes,No,No,Yes,No,No,Yes,No,No,Yes,,No,Yes,No,
E06000017,Rutland,,No,No,No,No,Yes,No,Yes,No,No,No,No,No,Yes,,Yes,Yes,No,
E12000005,West Midlands,,,,,,,,,,,,,,,,,,,
E06000019,"Herefordshire, County of",,No,No,No,Yes,No,No,Yes,No,No,No,No,No,No,,No,No,No,
E06000051,Shropshire,,No,No,No,Yes,No,No,No,No,Yes,No,No,No,Yes,,Yes,Yes,Yes
E10000028,Staffordshire,,No,No,No,Yes,No,Yes,No,Yes,Yes,No,No,No,No,,No,No,No
E06000021,Stoke-on-Trent,,No,No,No,Yes,No,No,No,Yes,Yes,No,No,No,No,,No,No,No
E06000020,Telford and Wrekin,,No,No,No,Yes,No,Yes,No,No,Yes,No,No,No,Yes,,Yes,Yes,No
E10000031,Warwickshire,,No,No,No,Yes,No,No,No,Yes,Yes,No,No,No,No,,No,No,No
E10000034,Worcestershire,,No,No,No,Yes,No,Yes,No,Yes,No,No,No,No,Yes,,No,Yes,Yes
E11000005,West Midlands ITA,,No,No,No,No,No,Yes,No,No,Yes,Yes,Yes,No,Yes,,No,Yes,Yes
E12000006,East of England,,,,,,,,,,,,,,,,,,
E06000055,Bedford,,No,No,No,Yes,No,No,No,Yes,Yes,No,No,No,Yes,,No,Yes,Yes
E10000003,Cambridgeshire,,No,No,No,No,No,No,No,Yes,Yes,No,No,No,Yes,,Yes,Yes,Yes
E06000056,Central Bedfordshire,,No,No,No,Yes,No,No,No,Yes,Yes,No,No,No,No,,No,No,No
E10000012,Essex,,No,No,No,Yes,No,No,No,Yes,Yes,No,No,No,No,,No,No,No
E10000015,Hertfordshire,,No,No,No,Yes,No,Yes,No,Yes,Yes,No,No,No,No,,No,No,No
E06000032,Luton,,No,No,No,Yes,Yes,Yes,No,Yes,Yes,No,Yes,No,Yes,,No,Yes,No
E10000020,Norfolk,,Yes,No,No,No,No,No,Yes,No,No,No,No,No,No,,No,No,No
E06000031,Peterborough,,No,No,No,No,No,No,No,Yes,Yes,No,No,No,Yes,,No,Yes,No
E06000033,Southend-on-Sea,,No,No,No,Yes,No,No,No,Yes,Yes,No,No,No,No,,No,No,No
E10000029,Suffolk,,No,No,No,No,No,No,Yes,No,No,No,No,No,Yes,,Yes,No,No
E06000034,Thurrock,,No,No,No,Yes,No,No,No,Yes,Yes,No,No,No,No,,No,No,No
E12000008,South East,,,,,,,,,,,,,,,,,,
E06000036,Bracknell Forest,,No,No,No,No,No,No,No,Yes,Yes,No,No,No,No,,No,No,Yes
E06000043,Brighton and Hove,,No,No,No,No,No,No,No,Yes,Yes,No,No,No,Yes,,Yes,No,No
E10000002,Buckinghamshire,,No,No,No,Yes,No,No,No,Yes,Yes,No,No,No,Yes,,Yes,No,No
E10000011,East Sussex,,No,No,No,Yes,No,No,No,Yes,No,No,No,No,No,,No,No,No
E10000014,Hampshire,,No,No,No,Yes,No,No,No,Yes,No,No,No,No,Yes,,Yes,Yes,Yes
E06000046,Isle of Wight,,No,No,No,Yes,No,No,Yes,No,No,No,No,Yes,Yes,,No,Yes,Yes
E10000016,Kent,,No,No,No,Yes,No,Yes,Yes,No,No,No,No,No,No,,No,No,No
E06000035,Medway,,No,No,No,Yes,No,Yes,No,Yes,Yes,No,No,No,No,,No,No,No
E06000042,Milton Keynes,,No,No,No,No,No,Yes,No,Yes,Yes,No,Yes,No,No,,No,No,No
E10000025,Oxfordshire,,No,No,No,Yes,No,No,Yes,No,No,No,No,No,Yes,,No,Yes,Yes
E06000044,Portsmouth,,No,No,No,Yes,No,No,Yes,No,No,No,No,No,Yes,,Yes,No,No
E06000038,Reading,,No,No,No,Yes,No,No,No,Yes,Yes,No,No,No,Yes,,No,Yes,Yes
E06000039,Slough,,No,No,No,Yes,No,Yes,No,Yes,Yes,No,No,No,No,,No,No,No
E06000045,Southampton,,No,No,Yes,Yes,No,No,No,Yes,Yes,No,No,No,No,,No,No,No
E10000030,Surrey,,No,No,No,Yes,No,Yes,No,Yes,Yes,No,No,No,Yes,,No,Yes,Yes
E06000037,West Berkshire,,No,No,Yes,Yes,No,No,No,Yes,No,No,No,No,Yes,,Yes,Yes,Yes
E10000032,West Sussex,,No,No,No,Yes,No,Yes,No,Yes,Yes,No,No,No,No,,No,No,No
E06000040,Windsor and Maidenhead,,No,No,No,Yes,No,No,No,Yes,Yes,No,No,No,Yes,,No,Yes,No
E06000041,Wokingham,,No,No,No,Yes,No,No,No,Yes,No,No,No,No,Yes,,No,Yes,Yes
E12000009,South West,,,,,,,,,,,,,,,,,,
E06000022,Bath and North East Somerset,,No,No,No,Yes,No,Yes,No,Yes,Yes,No,No,No,Yes,,No,Yes,Yes
E06000028,Bournemouth,,No,No,No,Yes,No,No,No,Yes,No,No,No,No,Yes,,Yes,No,No
E06000023,"Bristol, City of",,No,No,No,Yes,No,No,No,Yes,Yes,No,No,No,No,,No,No,No
E06000052,Cornwall,,No,No,No,No,No,No,Yes,No,No,No,No,No,Yes,,No,Yes,Yes
E10000008,Devon,,No,No,No,Yes,No,No,No,Yes,Yes,No,No,No,No,,No,No,Yes
E10000009,Dorset,,No,No,No,Yes,No,No,No,Yes,Yes,No,No,No,Yes,,Yes,Yes,No
E10000013,Gloucestershire,,No,No,No,Yes,No,No,No,Yes,No,No,No,No,Yes,,Yes,Yes,Yes
E06000053,Isles of Scilly,8,-,No,No,No,No,Yes,-,-,-,No,No,Yes,Yes,,Yes,Yes,No
E06000024,North Somerset,,No,No,No,Yes,No,No,No,Yes,Yes,No,No,No,Yes,,No,Yes,No,,,,,,,
E06000026,Plymouth,,No,No,No,No,No,No,No,Yes,No,No,No,No,No,,No,No,Yes,,,,,,,
E06000029,Poole,,No,No,No,Yes,No,No,No,Yes,Yes,No,No,No,Yes,,No,Yes,No,,,,,,,
E10000027,Somerset,,No,No,No,Yes,No,No,No,Yes,No,No,No,No,Yes,,Yes,Yes,No,,,,,,,
E06000025,South Gloucestershire,,No,No,No,Yes,No,Yes,No,Yes,Yes,No,No,No,Yes,,No,Yes,No,,,,,,,
E06000030,Swindon,,No,No,No,Yes,No,No,Yes,No,No,No,No,No,Yes,,Yes,Yes,Yes,,,,,,,
E06000027,Torbay,,No,No,No,No,No,No,Yes,No,No,No,No,No,No,,No,No,Yes,,,,,,,
E06000054,Wiltshire,,No,No,No,No,No,No,No,Yes,No,No,No,No,Yes,,Yes,Yes,Yes,,,,,,,
,,,,,,,,,,,,,,,,,,,,,,,,,,
1. TCAs may offer discretionary concessions over and above the statutory minimum concession for older and disabled people. The discretionary concessions listed may not be offered to all older and disabled people or in all areas of the TCA.,,,,,,,,,,,,,,,,,,,,,,,,,,
2. The statutory minimum concession is the English National Concessionary Travel Scheme (ENCTS) - free travel local bus services for eligible older and disabled people between 0930 and 2300 on weekdays and anytime at weekends and on bank holidays. ,,,,,,,,,,,,,,,,,,,,,,,,,,
"3. Before April 2010,  all those aged 60 and above were eligible for a pass. Since April 2010, the statutory pass entitlement has been rising in line with the State Pension age for women.",,,,,,,,,,,,,,,,,,,,,,,,,,
4. A description of the statutory qualifying disability criteria can be found here: ,,,,,,,,,,,,,,,,,,,,,,,,,,
www.gov.uk/government/publications/guidance-for-travel-concession-authorities-on-the-england-national-concessionary-travel-scheme,,,,,,,,,,,,,,,,,,,,,,,,,,
5. Only includes youth concessions offered by the TCA. Commercial youth concessions are covered in table bus0842.,,,,,,,,,,,,,,,,,,,,,,,,,,
"6. Includes taxi vouchers or other travel tokens, Dial-a-Ride or other community transport services.",,,,,,,,,,,,,,,,,,,,,,,,,,
"7. Includes Park & Ride Services, discounted National Rail Cards and other concessions not listed in the table. There was an apparent under-reporting of Park & Ride concessions in 2010/11, meaning that this is not directly comparable with future years.",,,,,,,,,,,,,,,,,,,
8. There are no bus services on the Isles of Scilly.,,,,,,,,,,,,,,,,,,,
Source: DfT Concessionary Travel Survey (2010/11 and 2011/12) and TCA websites,,,,,,,,,,,,,,,,,,,
Last updated: 15 November 2012,,,,,,,,,,,,,,,,,,,
Next update: Autumn 2013,,,,,,,,,,,,,,,,,,,
Notes & definitions (www.gov.uk/technical-guidance-for-transport-stats#concessionary-travel),,,,,,,,,,,,,,,,,,,
Telephone: 020 7944 3094,,,,,,,,,,,,,,,,,,,
Email: bus.statistics@dft.gsi.gov.uk,,,,,,,,,,,,,,,,,,,
The figures in this table are outside the scope of National Statistics,,,,,,,,,,,,,,,,,,,
,,,,,,,,,,,,,,,,,,,
