Department for Transport statistics,,,,,
Bus Statistics (www.gov.uk/government/organisations/department-for-transport/series/bus-statistics),,,,,
Table BUS0840,,,,,
"Number of authorities offering discretionary concessionary travel enhancements: England outside London, annual from 2010/111",,,,,
,,,,Number of authorities,
,,2010/11R,2011/12,2012/13,
Total number of Travel Concession Authorities (TCAs) outside London,,89,89,89,
Offering the statutory minimum concession only,2,1,2,2,
Additional eligible groups,,,,,
Older people below the eligible pension age,3,2,1,1,
Disabled people not meeting statutory eligibility criteria,4,4,2,2,
Companions to disabled people,,60,58,57,
Unemployed people,,4,4,4,
Young people,5,29,27,28,
Extended travel times,,,,,
Extensions to travel times (any),,77,70,71,
of which:,,,,,,,,,,,,,,,,,,,,,,,,,,
Pre-9.30 start during weekdays,,71,64,65,,,,,,,,,,,,,,,,,,,,,,
Extension beyond 11pm during weekdays,,58,53,58,,,,,,,,,,,,,,,,,,,,,,
Additional travel modes,,,,,,,,,,,,,,,,,,,,,,,,,,
Trams/light rail/metro services,,9,8,8,,,,,,,,,,,,,,,,,,,,,,
National rail services (within geographic area),,17,12,13,,,,,,,,,,,,,,,,,,,,,,
Ferry services,,9,4,3,,,,,,,,,,,,,,,,,,,,,,
On-demand transport services or community transport services,6,55,52,54,,,,,,,,,,,,,,,,,,,,,,
of which:,,,,,,,,,,,,,,,,,,,,,,,,,,
Taxi tokens or travel vouchers,,..,24,22,,,,,,,,,,,,,,,,,,,,,,
Dial-a-ride or other community transport,,..,46,48,,,,,,,,,,,,,,,,,,,,,,
"Other concessions (e.g. Park & Ride, discounted rail cards)",7,13,33,34,,,,,,,,,,,,,,,,,,,,,,

1. TCAs may offer discretionary concessions over and above the statutory minimum concession for older and disabled people. The discretionary concessions listed may not be offered to all older and disabled people or in all areas of the TCA.,,,,,,,,,,,,,,,,,,,,,,,,,,
2. The statutory minimum concession is the English National Concessionary Travel Scheme (ENCTS) - free travel local bus services for eligible older and disabled people between 0930 and 2300 on weekdays and anytime at weekends and on bank holidays. ,,,,,,,,,,,,,,,,,,,,,,,,,,
"3. Before April 2010,  all those aged 60 and above were eligible for a pass. Since April 2010, the statutory pass entitlement has been rising in line with the State Pension age for women.",,,,,,,,,,,,,,,,,,,,,,,,,,
4. A description of the statutory qualifying disability criteria can be found here: ,,,,,,,,,,,,,,,,,
www.gov.uk/government/publications/guidance-for-travel-concession-authorities-on-the-england-national-concessionary-travel-scheme,,,,,,,,,,,,,,,,,
5. Only includes youth concessions offered by the TCA. Commercial youth concessions are covered in table bus0842.,,,,,,,,,,,,,,,,,
"6. Includes taxi vouchers or other travel tokens, Dial-a-Ride or other community transport services.",,,,,,,,,,,,,,,,,
"7. Includes Park & Ride Services, discounted National Rail Cards and other concessions not listed in the table. There was an apparent under-reporting of Park & Ride concessions in 2010/11, meaning that this is not directly comparable with future years.",,,,,,,,,,,,,,,,,
.. Not available (question not included in the 2010/11 Concessionary Travel Survey).,,,,,,,,,,,,,,,,,
R Some statistics for 2010/11 have been revised in light of information collected for the most recent survey. Further details available in the Notes & Definitions document.,,,,,,,,,,,,,,,,,
,,,,Source: DfT Concessionary Travel Survey (2010/11 and 2011/12) and TCA websites,,,,,,,,,,,,,
Notes & definitions (www.gov.uk/technical-guidance-for-transport-stats#concessionary-travel),,,,Last updated: 15 November 2012,,,,,,,,,,,,,
Telephone: 020 7944 3094,,,,Next update: Autumn 2013,,,,,,,,,,,,,
Email: bus.statistics@dft.gsi.gov.uk,,,,,,,,,,,,,,,,,
,,,,,,,,,,,,,,,,,
The figures in this table are outside the scope of National Statistics,,,,,,,,,,,,,,,,,
,,,,,,,,,,,,,,,,,
,,,,,,,,,,,,,,,,,
,,,,,,,,,,,,,,,,,
