Department for Transport statistics,,,,,,,,,,,
Bus Statistics (www.gov.uk/government/organisations/department-for-transport/series/bus-statistics),,,,,,,,,,,
Table BUS0810,,,,,,,,,,,
"Expenditure on the English National Concessionary Travel Scheme1 as a percentage of total net expenditure on concessionary travel2 by metropolitan area status: England, annual from 2010/11",,,,,,,,,,,
,,,,,,,Percentage,,,,
,,London3,English metropolitan areas4,English non-metropolitan areas,England,,England excluding London,,,,
2010/11,R,72%,75%,90%,81%,,84%,,,,
2011/12 (outturn),,71%,78%,92%,82%,,87%,,,,
2012/13 (forecast),,70%,78%,93%,82%,,87%,,,,
,,,,,,,,,,,
"1. The English National Concessionary Travel Scheme (ENCTS) is the minimum statutory concession, providing free off-peak local bus travel to eligible older and disabled people anywhere in England.",,,,,,,,,,,
"2. Total net current expenditure refers to expenditure on all aspects of concessionary travel, including ENCTS, discretionary concessions - e.g. travel outside the statutory time period or on other modes, youth concession schemes - and administrative costs.",,,,,,,,,,,
"3. In London, the statutory minimum concession for London residents provides free travel during the statutory time period on the London Local Transport Network - including underground and trams. However, the percentages reported above for spend on statutory concessionary travel relate only to concessions on buses and exclude other statutory provision in London.",,,,,,,,,,,
"4. Refers to the six Former Metropolitan Counties - Tyne & Wear, Merseyside, Greater Manchester, West Midlands, South Yorkshire and West Yorkshire.",,,,,,,,,,,
R Some statistics for 2010/11 have been revised in light of information collected for the most recent survey. Further details available in the Notes & Definitions document.,,,,,,,,,,,
,,,,,,,Source: DfT Concessionary Travel Survey,,,,
Notes & definitions (www.gov.uk/technical-guidance-for-transport-stats#concessionary-travel),,,,,,,Last updated: 15 November 2012
Telephone: 020 7944 3094,,,,,,,Next update: Autumn 2013
Email: bus.statistics@dft.gsi.gov.uk,,,,,,,
The figures in this table are outside the scope of National Statistics,,,,,,,
