Department for Transport statistics,,,,,,,,,,,,
Bus Statistics (www.gov.uk/government/organisations/department-for-transport/series/bus-statistics),,,,,,,,,,,,
Table BUS0842,,,,,,,,,,,,
"Concessions available for young people by Travel Concession Authority: England outside London, 2012/131",,,,,,,,,,,,
,,,,,,,,,,,,
ONS code,Travel Concession Authority,,Concession offered by TCA2,Commercial concession offered by bus operator3,No youth concessions available,,,,,,,
,,,,,,,,,,,,
,Of 89 TCAs outside London,,28,80,5,,,,,,,
,,,,,,,,,,,,
E12000001,North East,,,,,,,,,,,
E06000005,Darlington,,No,Yes,No,,,,,,,
E06000047,Durham,,No,Yes,No,,,,,,,
E06000001,Hartlepool,,No,Yes,No,,,,,,,
E06000002,Middlesbrough,,Yes,Yes,No,,,,,,,
E06000048,Northumberland,,No,Yes,No,,,,,,,
E06000003,Redcar and Cleveland,,Yes,Yes,No,,,,,,,
E06000004,Stockton-on-Tees,,Yes,Yes,No,
E11000004,Tyne and Wear ITA,,Yes,Yes,No,
E12000002,North West,,,,,
E06000008,Blackburn with Darwen,,Yes,Yes,No,
E06000009,Blackpool,,No,Yes,No,
E06000049,Cheshire East,,No,Yes,No,
E06000050,Cheshire West and Chester,,No,Yes,No,
E10000006,Cumbria,,Yes,Yes,No,
E06000006,Halton,,Yes,No,No,
E10000017,Lancashire,,No,Yes,No,
E06000007,Warrington,,No,Yes,No,
E11000001,Greater Manchester ITA,,Yes,Yes,No,
E11000002,Merseyside ITA,,Yes,Yes,No,
E12000003,Yorkshire and The Humber,,,,,
E06000011,East Riding of Yorkshire,,No,Yes,No,
E06000010,"Kingston upon Hull, City of",,No,Yes,No,
E06000012,North East Lincolnshire,,No,No,Yes,
E06000013,North Lincolnshire,,No,No,Yes,
E10000023,North Yorkshire,,No,Yes,No,
E06000014,York,,No,Yes,No,
E11000003,South Yorkshire ITA,,Yes,Yes,No,
E11000006,West Yorkshire ITA,,Yes,Yes,No,
E12000004,East Midlands,,,,,
E06000015,Derby,,Yes,Yes,No,
E10000007,Derbyshire,,Yes,Yes,No,
E06000016,Leicester,,No,Yes,No,
E10000018,Leicestershire,,No,Yes,No,
E10000019,Lincolnshire,,No,Yes,No,
E10000021,Northamptonshire,,No,No,Yes,
E06000018,Nottingham,,No,Yes,No,
E10000024,Nottinghamshire,,No,Yes,No,
E06000017,Rutland,,No,No,Yes,
E12000005,West Midlands,,,,,
E06000019,"Herefordshire, County of",,No,Yes,No,
E06000051,Shropshire,,No,Yes,No,
E10000028,Staffordshire,,Yes,No,No,
E06000021,Stoke-on-Trent,,No,Yes,No,
E06000020,Telford and Wrekin,,No,Yes,No,
E10000031,Warwickshire,,No,Yes,No,
E10000034,Worcestershire,,Yes,Yes,No,
E11000005,West Midlands ITA,,Yes,Yes,No,
E12000006,East of England,,,,,
E06000055,Bedford,,No,Yes,No,
E10000003,Cambridgeshire,,No,Yes,No,
E06000056,Central Bedfordshire,,No,Yes,No,
E10000012,Essex,,No,Yes,No,
E10000015,Hertfordshire,,Yes,Yes,No,
E06000032,Luton,,Yes,Yes,No,
E10000020,Norfolk,,No,Yes,No,
E06000031,Peterborough,,No,Yes,No,
E06000033,Southend-on-Sea,,No,Yes,No,
E10000029,Suffolk,,No,Yes,No,
E06000034,Thurrock,,No,Yes,No,
E12000008,South East,,,,,
E06000036,Bracknell Forest,,No,Yes,No,
E06000043,Brighton and Hove,,No,Yes,No,
E10000002,Buckinghamshire,,No,Yes,No,
E10000011,East Sussex,,Yes,Yes,No,
E10000014,Hampshire,,No,Yes,No,
E06000046,Isle of Wight,,No,Yes,No,
E10000016,Kent,,Yes,Yes,No,
E06000035,Medway,,Yes,Yes,No,
E06000042,Milton Keynes,,Yes,Yes,No,
E10000025,Oxfordshire,,No,Yes,No,
E06000044,Portsmouth,,No,Yes,No,
E06000038,Reading,,No,Yes,No,
E06000039,Slough,,Yes,No,No,
E06000045,Southampton,,No,Yes,No,
E10000030,Surrey,,Yes,Yes,No,
E06000037,West Berkshire,,No,Yes,No,
E10000032,West Sussex,,Yes,Yes,No,
E06000040,Windsor and Maidenhead,,No,Yes,No,
E06000041,Wokingham,,No,Yes,No,
E12000009,South West,,,,,
E06000022,Bath and North East Somerset,,Yes,Yes,No,
E06000028,Bournemouth,,No,Yes,No,
E06000023,"Bristol, City of",,No,Yes,No,
E06000052,Cornwall,,No,Yes,No,
E10000008,Devon,,No,Yes,No,
E10000009,Dorset,,No,Yes,No,
E10000013,Gloucestershire,,No,Yes,No,,,,,,,,,,,,
E06000053,Isles of Scilly,,Yes,No,No,,,,,,,,,,,,
E06000024,North Somerset,,No,No,Yes,,,,,,,,,,,,
E06000026,Plymouth,,No,Yes,No,,,,,,,,,,,,
E06000029,Poole,,No,Yes,No,,,,,,,,,,,,
E10000027,Somerset,,No,Yes,No,,,,,,,,,,,,
E06000025,South Gloucestershire,,Yes,Yes,No,,,,,,,,,,,,
E06000030,Swindon,,No,Yes,No,,,,,,,,,,,,
E06000027,Torbay,,No,Yes,No,,,,,,,,,,,,
E06000054,Wiltshire,,No,Yes,No,,,,,,,,,,,,
,,,,,,,,,,,,,,,,,
1. Youth concessions are not statutory but may be offered at the discretion of the TCA or on a commerical basis by bus operators.,,,,,,,,,,,,,,,,,
2. Excludes statutory travel to school responsibilities.,,,,,,,,,,,,,,,,,
3. Commerical youth concession offered by at least one of the bus operators in the TCA.,,,,,,,,,,,,,,,,,
Notes & definitions (www.gov.uk/technical-guidance-for-transport-stats#concessionary-travel),,,,,,,,,,,,,,,,,
,,,,,,,,,,,,,,,,,
,,,,,Source: DfT Concessionary Travel Survey (2011/12) and TCA websites,,,,,,,,,,,,
Telephone: 020 7944 3094,,,,,Last updated: 15 November 2012,,,,,,,,,,,,
Email: bus.statistics@dft.gsi.gov.uk,,,,,Next update: Autumn 2013,,,,,,,,,,,,

The figures in this table are outside the scope of National Statistics,,,,,,,,,,,,,,,,,
