Department for Transport statistics,,,,,,,,,,,,
Bus Statistics (www.gov.uk/government/organisations/department-for-transport/series/bus-statistics),,,,,,,,,,,,
Table BUS0890,,,,,,,,,,,,
"Number of older and disabled concessionary travel passes1 by Travel Concession Authority (TCA) and type of pass: England, annual from 2011/12",,,,,,,,,,,,
"The data in this table are raw data, as supplied by TCAs. They are not Official Statistics.",,,,,,,,Thousands,,,Number,
,,,"All older and disabled passes 
(thousands)2",,"Older passes
(thousands)",,"Disabled passes3
(thousands)",,,Older passes per hundred eligible older people4,,
ONS code,TCA,,"2011/12
outturn","2012/13
forecast","2011/12
outturn","2012/13
forecast","2011/12
outturn","2012/13
forecast",,"2011/12
outturn","2012/13
forecast",
,,,,,,,,,,,,
E12000001,North East,,,,,,,,,,,
E06000005,Darlington, ,22,23,20,20,2,3,,82,83,
E06000047,Durham,,..,..,..,..,..,..,,..,..,
E06000001,Hartlepool, ,19,19,17,17,1,1,,84,83,
E06000002,Middlesbrough, ,24,24,22,22,2,2,,81,80,
E06000048,Northumberland, ,74,74,64,64,10,10,,76,74,
E06000003,Redcar and Cleveland, ,31,32,29,29,3,3,,84,83,
E06000004,Stockton-on-Tees,,..,..,..,..,..,..,,..,..,
E11000004,Tyne and Wear ITA, ,242,242,221,221,21,21,,93,92
E12000002,North West, ,,,,,,,,,
E06000008,Blackburn with Darwen, ,24,25,19,19,6,6,,73,75
E06000009,Blackpool, ,34,36,30,31,4,5,,85,89
E06000049,Cheshire East,,..,..,..,..,..,..,,..,..
E06000050,Cheshire West and Chester, ,70,77,66,73,4,4,,83,90
E10000006,Cumbria, ,101,105,95,98,7,7,,70,71
E06000006,Halton,,..,..,..,..,..,..,,..,..
E10000017,Lancashire, ,245,255,221,230,24,25,,80,82
E06000007,Warrington,,..,..,..,..,..,..,,..,..
E11000001,Greater Manchester ITA, ,502,527,460,475,42,52,,89,91
E11000002,Merseyside ITA, ,309,315,258,265,51,50,,84,85
E12000003,Yorkshire and the Humber, ,,,,,,,,,
E06000011,East Riding of Yorkshire, ,68,69,66,67,2,3,,70,69
E06000010,"Kingston upon Hull, City of",,..,..,..,..,..,..,,..,..
E06000012,North East Lincolnshire,,31,31,..,..,..,..,,..,..
E06000013,North Lincolnshire, ,33,31,31,29,3,2,,78,71
E10000023,North Yorkshire, ,129,129,126,126,4,4,,78,77
E06000014,York, ,39,39,37,37,2,2,,85,84
E11000003,South Yorkshire ITA, ,267,255,234,220,33,35,,81,76
E11000006,West Yorkshire ITA, ,371,368,350,346,21,21,,80,78
E12000004,East Midlands, ,,,,,,,,,
E06000015,Derby (with Derbyshire below),,..,..,..,..,..,..,,..,..
E10000007,Derbyshire including City of Derby,,224,224,208,208,16,16,,88,86
E06000016,Leicester, ,51,56,41,44,10,11,,85,90
E10000018,Leicestershire, ,128,137,120,128,9,10,,78,82
E10000019,Lincolnshire,,..,..,..,..,..,..,,..,..
E10000021,Northamptonshire,,108,110,..,..,..,..,,..,..
E06000018,Nottingham,5,53,59,43,49,10,10,,94,107
E10000024,Nottinghamshire,,..,176,..,165,..,11,,..,87
E06000017,Rutland,,..,..,..,..,..,..,,..,..
E12000005,West Midlands, ,,,,,,,,,
E06000019,"Herefordshire, County of", ,35,38,34,38,1,1,,68,73
E06000051,Shropshire, ,57,55,55,53,2,2,,66,63
E10000028,Staffordshire,,..,..,..,..,..,..,,..,..
E06000021,Stoke-on-Trent, ,37,40,35,37,3,3,,68,72
E06000020,Telford and Wrekin,,17,..,16,..,1,..,,50,..
E10000031,Warwickshire, ,103,106,100,103,4,4,,77,78
E10000034,Worcestershire, ,117,117,108,108,9,9,,75,74
E11000005,West Midlands ITA, ,542,526,513,497,29,29,,97,93
E12000006,East of England, ,,,,,,,,,
E06000055,Bedford, ,26,28,25,27,1,1,,76,80
E06000056,Central Bedfordshire, ,40,41,37,39,2,2,,70,71
E10000003,Cambridgeshire, ,119,134,114,129,5,5,,86,95
E10000012,Essex, ,260,270,246,255,14,15,,73,75
E10000015,Hertfordshire, ,179,190,169,180,9,10,,75,78
E06000032,Luton, ,32,33,29,30,3,3,,94,98
E10000020,Norfolk, ,181,186,172,176,10,10,,72,73
E06000031,Peterborough, ,27,28,25,26,2,3,,75,78,
E06000033,Southend-on-Sea, ,31,32,30,30,2,2,,75,75,
E10000029,Suffolk, ,145,146,137,138,8,8,,73,72,
E06000034,Thurrock, ,22,22,20,21,1,1,,75,76,
E12000007,London, ,"1,217","1,297","1,071","1,139",145,157,,90,95,
E12000008,South East, ,,,,,,,,,,
E06000036,Bracknell Forest, ,16,20,15,19,1,1,,81,97,
E06000043,Brighton and Hove, ,44,45,39,40,5,5,,85,86,
E10000002,Buckinghamshire, ,75,80,71,76,4,4,,64,67,
E10000011,East Sussex, ,120,124,114,118,6,6,,75,75,
E10000014,Hampshire, ,219,231,205,215,14,16,,64,66,
E06000046,Isle of Wight, ,37,36,34,33,3,3,,79,76,
E10000016,Kent, ,266,278,250,261,16,17,,73,75,
E06000035,Medway, ,42,42,39,39,3,3,,78,77,
E06000042,Milton Keynes,,29,..,26,..,3,..,,68,..,
E10000025,Oxfordshire,,95,102,90,..,5,..,,66,..,
E06000044,Portsmouth, ,24,25,22,22,3,3,,60,62
E06000038,Reading,5,29,28,24,24,4,4,,105,101
E06000039,Slough,,17,17,16,..,1,..,,92,..
E06000045,Southampton,,..,..,..,..,..,..,,..,..
E10000030,Surrey, ,182,184,174,175,8,9,,69,68
E06000037,West Berkshire, ,21,22,20,21,1,1,,64,65
E10000032,West Sussex, ,162,163,154,156,7,7,,73,72
E06000040,Windsor and Maidenhead,,24,..,23,..,1,..,,73,..
E06000041,Wokingham, ,25,27,23,25,2,2,,73,76
E12000009,South West, ,,,,,,,,,
E06000022,Bath and North East Somerset, ,39,41,37,38,3,3,,90,92
E06000028,Bournemouth,,34,..,33,..,1,..,,80,..
E06000023,"Bristol, City of",,..,..,..,..,..,..,,..,..
E06000052,Cornwall, ,117,120,112,115,6,6,,74,74
E10000008,Devon, ,174,180,166,172,8,8,,77,78
E10000009,Dorset, ,105,109,101,104,4,4,,76,78
E10000013,Gloucestershire, ,109,114,103,107,6,6,,71,73
E06000053,Isles of Scilly, ,0.4,0.5,0.4,0.5,-,-,,67,71
E06000024,North Somerset,,..,..,..,..,..,..,,..,..
E06000026,Plymouth, ,54,57,49,51,5,5,,90,93
E06000029,Poole, ,34,35,32,33,2,2,,84,85
E10000027,Somerset,,..,..,..,..,..,..,,..,..
E06000025,South Gloucestershire, ,52,52,49,50,2,2,,86,85
E06000030,Swindon, ,34,34,31,31,3,3,,82,81
E06000027,Torbay, ,37,40,34,37,3,3,,86,91
E06000054,Wiltshire, ,86,83,82,80,5,3,,73,70
,,,,,,,,,,,
"1. ENCTS passes for older and disabled people meeting the statutory eligibility criteria, plus a small number of discretionary passes offered by individual Travel Concession Authorities to other older and disabled people. ",,,,,,,,,,,
"2. Figures are as supplied by TCAs and will not sum to the totals in bus0820 as missing data were imputed to get the totals. Figures shown are rounded to 1,000 passes so older plus disabled passes may not equal the figure shown for all passes. ",,,,,,,,,,,
3. TCAs have different policies on pass entitlement for people who qualify under both the older and disabled criteria and therefore these figures may not be comparable between different TCAs.,,,,,,,,,,,
"4. The ""eligible older population"" is approximated as those aged at least 61 at mid-2011 (for 2011/12) and mid-2012 (for 2012/13), using the latest Census-based population data from the Office for National Statistics.  ",,,,,,,,,,,
"5. In a small number of cases, older pass numbers appear to exceed the size of eligible population because:",,,,,,,,,,,
"a) the approximated ""eligible older population"" is not an exact proxy for the eligible population, as the statutory eligibility age is rising over time.",,,,,,,,,,,
b) figures are known to include some inactive passes - e.g. issued to people who are now deceased - so are not an exact proxy for the number of actual pass holders.,,,,,,,,,,,
.. Figure not available,,,,,,,,,,,
,,,,,,,,,,,Source: DfT Concessionary Travel Survey
Notes & definitions (www.gov.uk/technical-guidance-for-transport-stats#concessionary-travel),,,,,,,,,,,Last updated: 15 November 2012
Telephone: 020 7944 3094,,,,,,,,,,,Next update: Autumn 2013
Email: bus.statistics@dft.gsi.gov.uk,,,,,,,,,,,
The figures in this table are outside the scope of National Statistics.,,,,,,,,,,,
