Department for Transport statistics,,,,,,,,,,,
Bus Statistics (www.gov.uk/government/organisations/department-for-transport/series/bus-statistics),,,,,,,,,,,
Table BUS0820,,,,,,,,,,,
"Older and disabled concessionary travel passes1,2 by metropolitan area status and type of pass: England, annual from 2011/12",,,,,,,,,,,
,,,,,,,Thousands / Number,,,,
,,London,English metropolitan areas4,English non-metropolitan areas,England,,England excluding London,,,,
Number of older and disabled concessionary travel passes (thousands),,,,,,,,,,,
,,,,,,,,,,,
2011/12 (outturn),,"1,217","2,233","6,305","9,755",,"8,538",,,,
2012/13 (forecast),,"1,297","2,232","6,512","10,041",,"8,744",,,,
of which,,,,,,,,,,,
Older passes (thousands),,,,,,,,,,,
,,,,,,,,,,,
2011/12 (outturn),,"1,071","2,037","5,899","9,007",,"7,936",,,,
2012/13 (forecast),,"1,139","2,024","6,087","9,250",,"8,111",,,,
Disabled passes (thousands),,,,,,,,,,,
,,,,,,,,,,
2011/12 (outturn),,145,197,406,748,,602,,,
2012/13 (forecast),,157,208,425,791,,634,,,
Older passes per hundred eligible older people3,,,,,,,,,,
,,,,,,,,,,
2011/12 (outturn),,90,88,76,80,,78,,,
2012/13 (forecast),,95,87,77,81,,79,,,
,,,,,,,,,,
"1. ENCTS passes for older and disabled people meeting the statutory eligibility criteria, plus a small number of discretionary passes offered by individual Travel Concession Authorities (TCAs) to other older and disabled people. ",,,,,,,,,,
"2. Passes are as reported by TCAs and are known to include a small number of inactive passes - e.g. issued to people who are now deceased - so are not an exact proxy for ""pass holders"". See Notes & Definitions document for more details.",,,,,,,,,,
"3. The ""eligible older population"" is approximated as those aged at least 61 at mid-2011 (for 2011/12) and mid-2012 (for 2012/13), using the latest Census-based population data from the Office for National Statistics. ",,,,,,,,,,
"4. Refers to the six Former Metropolitan Counties - Tyne & Wear, Merseyside, Greater Manchester, West Midlands, South Yorkshire and West Yorkshire.",,,,,,,,,,
5. Passes may not sum to totals due to rounding.,,,,,,,,,,
,,,,,,,"Source: DfT Concessionary Travel Survey, ONS Population Estimates",,,
,,,,,,,Last updated: 15 November 2012,,,
Notes & definitions (www.gov.uk/technical-guidance-for-transport-stats#concessionary-travel),,,,,,,Next update: Autumn 2013,,,
Telephone: 020 7944 3094
Email: bus.statistics@dft.gsi.gov.uk
The figures in this table are outside the scope of National Statistics
