Department for Transport statistics,,,,,
Bus Statistics (www.gov.uk/government/organisations/department-for-transport/series/bus-statistics),,,,,
Table BUS0831,,,,,
"Methods used by Travel Concession Authorities for the reimbursement of bus operators for concessionary travel1: England, 2012/13",,,,,
,,,,,Number of authorities2 
,,,Yes,No,No response
Any fixed term arrangements for reimbursement,,3 ,50,31,9
Any elements of the DfT guidance,,,66,15,9
,,,,,
Specific elements of the DfT guidance:,,4 ,,,
Average fares - discount fare method,,,36,45,9
Average fares - basket of fares method,,,43,38,9
DfT reimbursement factor calculator (single demand curve),,,50,31,9
Marginal operating costs calculator,,,52,29,9
Marginal capacity costs calculator,,,44,37,9
,using local values,,30,51,9
,using default values,,41,40,9,,,
Peak vehicle requirement calculations,,,9,72,9,,,
,,,,,,,,
1. Bus operators are reimbursed by Travel Concession Authorities (TCAs) for concessionary journeys. DfT publish guidance to assist TCAs with negotiating and calculating reimbursement.,,,,,,,,
2. This covers the 89 TCAs outside London and counts London as a single authority. Authorities with multiple bus operators may use different methods for each operator.,,,,,,,,
"3. This is an agreement of a fixed sum for a fixed period of time, with any of the authority's bus operators.",,,,,,,,
"4. The DfT guidance, including definitions of the methods listed in the table:",,,,,,,,
www.gov.uk/government/publications/guidance-on-reimbursing-bus-operators-for-concessionary-travel,,,,,,,,
Notes & definitions (www.gov.uk/technical-guidance-for-transport-stats#concessionary-travel),,,,,,,,
Telephone: 020 7944 3094,,,,,Source: DfT Concessionary Travel Survey,,,
Email: bus.statistics@dft.gsi.gov.uk,,,,,Last updated: 15 November 2012,,,
,,,,,Next update: Autumn 2013,,,
The figures in this table are outside the scope of National Statistics,,,,,,,,
,,,,,,,,
,,,,,,,,
