Regions (Survey Estimates),,,,,,
n = 9 ,,,,,,


Spreadsheets <click name to move to>,Levels,,,,,
Literacy - Counts,Entry Level and below,Level 1 and above,,,,
Literacy - Proportions,Entry Level and below,Level 1 and above,,,,For all levels in all tables:
Numeracy - Counts,Entry Level and below,Level 1 and above,,,,Survey Figure
Numeracy - Proportions,Entry Level and below,Level 1 and above,,,,Lower 95% Confidence Intervals
ICT: Email - Counts,Entry Level and below,Level 1 and above,,,,Upper 95% Confidence intervals
ICT: Email - Proportions,Entry Level and below,Level 1 and above,,,,
ICT: WordProcessing - Counts,Entry Level and below,Level 1 and above,,,,
ICT: WordProcessing - Proportions,Entry Level and below,Level 1 and above,,,,
ICT: Spreadsheets - Counts,Entry Level and below,Level 1 and above,,,,
ICT: Spreadsheets - Proportions,Entry Level and below,Level 1 and above,,,,
ICT: Multiple Choice - Counts,Entry Level and below,Level 1 and above,,,,
ICT: Multiple Choice - Proportions,Entry Level and below,Level 1 and above
English not spoken as a first language - counts,Not ESOL,ESOL
English not spoken as a first language - proportions,Not ESOL,ESOL

"Each table includes the survey figures of the number or proportion of adults with  with Entry Level or Level 1/2 (or who do / do not speak English as a first language) in each  Region.  Each survey is accompanied by an upper and lower 'Confidence Interval' (CI).  Each 'counts' table also includes the reference population for each Region, which is the number of people aged 16-65 living in households (based on the ONS 2009 mid-year population estimates). Please note unlike the other geographies these are based on direct survey estimates and are not modelled estimates. ",,

The nine Regions along with their Region code and Region ONS codes are shown below. Further information about Regions can be found at  http://www.ons.gov.uk/ons/guide-method/geography/beginner-s-guide/administrative/england/government-office-regions/index.html (accessed 12/01/2012).,,

A - E12000001 - North East,,
B - E12000002 - North West,,
D - E12000003 - Yorkshire and The Humber,,
E - E12000004 - East Midlands,,
F - E12000005 - West Midlands,,
G - E12000006 - East of England,,
H - E12000007 � London,,
J - E12000008 - South East,,
K - E12000009 - South West

"User Note:  The CSV files contain the same data as the excel files. However, please note in the excel data files all proportion estimates (mean and CI estimates) have been rounded to three decimal places (and are formatted to show one decimal place) and all count estimates (mean and CI estimates) have been rounded to two decimal places (and are formatted to show whole numbers). In CSV data files, the proportion and count estimates are rounded in the same way but both are formatted to show two decimal places. If the full figures to two decimal places are not visible due to cell formatting, the cells can be expanded to show the figures to two decimal places. The mean proportion estimates may not always sum to 100% due to rounding. A - symbol in the data signifies a value of zero."
