Department for Transport statistics,,,,,,,
National Travel Survey,,,,,,,
,,,,,,,
Table NTS0901,,,,,,,
"Annual mileage1 of 4-wheeled cars by type and trip purpose: Great Britain, 1995/97 to 2010",,,,,,,
,,,,,,,
,,,,,,,Miles/percentage/number
Year,Type of car,Business mileage,Commuting mileage,Other private mileage,Total     mileage,Proportion of cars in sample,Unweighted sample size (all cars)
1995/97,Company cars,"11,890","5,920","5,540","23,340",7,711
2010,Company cars,"7,490","6,450","5,250","19,190",5,400
,,,,,,,
1995/97,Private cars,900,"2,580","5,130","8,610",93,"8,781"
2010,Private cars,570,"2,500","4,840","7,910",95,"8,569"
,,,,,,,
1995/97,All  4-wheeled cars,"1,710","2,830","5,160","9,700",100,"9,492"
2010,All  4-wheeled cars,890,"2,680","4,860","8,430",100,"8,969"
,,,,,,,
Year,,Business mileage,Commuting mileage,Other     private mileage,Total     mileage,Proportion of company cars in sample,Unweighted sample size (all cars)
1995/97,,"1,710","2,830","5,160","9,700",7,"9,492"
1998/00,,"1,590","2,940","5,030","9,550",8,"10,026"
2002,,"1,250","2,780","5,140","9,170",7,"8,555"
2003,,"1,230","2,840","5,160","9,230",6,"9,088"
2004,,"1,140","2,850","5,170","9,160",6,"8,707"
2005,,"1,090","2,840","5,080","9,010",6,"9,534"
2006,,"1,040","2,770","4,960","8,770",5,"9,448"
2007,,"1,070","2,740","5,060","8,870",5,"9,253"
2008,,"1,020","2,640","5,030","8,690",5,"8,987"
2009,,890,"2,520","5,010","8,430",4,"9,237"
2010,,890,"2,680","4,860","8,430",5,"8,969"
,,,,,,,
1 Total annual mileage and the purpose split is estimated by the respondent. ,,,,,,,
,,,,,,,
Telephone: 020 7944 3097,,,,,,,Source: National Travel Survey
Email: national.travelsurvey@dft.gsi.gov.uk,,,,,,,Last updated: 28 July 2011
Notes & definitions,,,,,,,Next update: July 2012

The figures in this table are National Statistics,,,,,,,
