Department for Transport statistics,,,,,,,,,,,,,,,,,
National Travel Survey,,,,,,,,,,,,,,,,,
,,,,,,,,,,,,,,,,,
Table NTS9902,,,,,,,,,,,,,,,,,
"Household car ownership by region and area type: Great Britain, 1995/971 and 2009/102",,,,,,,,,,,,,,,,,
,,,,,,,,,,,,,,,,,
,,,,,,,,,,,,,,Percentage/number,,,
,No car/van,,,One car/van,,,Two or more cars/vans,,,Cars/vans                  per household,,,Unweighted sample size (households),,,,
,1995/971,2009/102,,1995/971,2009/102,,1995/971,2009/102,,1995/971,2009/102,,1995/971,2009/102,,,
Region of residence:,,,,,,,,,,,,,,,,,
North East,45,31,,41,40,,14,28,,0.70,1.03,,490,800,,,
North West,31,26,,44,43,,25,30,,0.99,1.10,,"1,292","2,188",,,
Yorkshire and The Humber,34,26,,45,43,,21,31,,0.90,1.12,,886,"1,519",,,
East Midlands,28,20,,40,42,,31,38,,1.09,1.29,,770,"1,361",,,
West Midlands,29,25,,42,42,,28,33,,1.05,1.17,,975,"1,614",,,
East of England,22,16,,47,45,,31,39,,1.17,1.33,,740,"1,700",,,
London,39,43,,43,42,,17,16,,0.81,0.76,,"1,387","2,188",
South East,21,18,,45,40,,34,42,,1.20,1.35,,"1,544","2,451",
South West,22,18,,48,44,,30,38,,1.16,1.29,,898,"1,576",
England,30,25,,44,42,,26,33,,1.02,1.16,,"8,982","15,397",
Wales,32,21,,44,44,,24,34,,0.97,1.26,,534,885,
Scotland,38,30,,45,43,,17,27,,0.81,1.03,,945,"1,620",
Great Britain excluding London,29,23,,44,43,,27,35,,1.03,1.21,,"9,074","15,714",
Great Britain,30,25,,44,43,,25,32,,1.00,1.15,,"10,461","17,902",
Area type of residence:,,,,,,,,,,,,,,,
London Boroughs,39,43,,43,42,,17,16,,0.81,0.76,,"1,387","2,188",
Metropolitan built-up areas,40,32,,40,42,,20,25,,0.82,0.99,,"1,512","2,693",
Large urban (over 250k population),35,26,,43,44,,22,30,,0.92,1.11,,"1,617","2,478",
Medium urban (25k to 250k population),29,24,,46,44,,24,32,,1.00,1.15,,"2,834","5,008",
Small/medium urban (10k to 25k population)3,25,22,,47,45,,28,34,,1.07,1.21,,947,"1,345",
Small urban (3k to 10k population)3,20,17,,45,43,,35,40,,1.22,1.32,,"1,023","1,459",
Rural ,15,9,,45,37,,40,53,,1.36,1.61,,"1,141","2,731",
All areas,30,25,,44,43,,25,32,,1.00,1.15,,"10,461","17,902"
,,,,,,,,,,,,,,
"1 Three calendar years combined, e.g. 1995, 1996 and 1997.",,,,,,,,,,,,,,
"2 Two survey years combined, e.g. 2009 and 2010. A survey year runs from mid-January to mid-January.",,,,,,,,,,,,,,
"3 Due to a change in the definition of small urban areas used in data collection after 1995, some additional",,,,,,,,,,,,,,
assumptions have been used to provide these estimates for comparison.,,,,,,,,,,,,,,

Telephone: 020 7944 3097,,,,,,,,,,,,,,Source: National Travel Survey
Email: national.travelsurvey@dft.gsi.gov.uk,,,,,,,,,,,,,,Last updated: 06 October 2011
Notes & definitions,,,,,,,,,,,,,,Next update: Septmeber 2012

The figures in this table are National Statistics,,,,,,,,,,,,,,

,,,,,,,,,,,,,,
,,,,,,,,,,,,,,
,,,,,,,,,,,,,,



























