Department for Tranport statistics,,,,,,,,,,,,
Transport Statistics Great Britain ,,,,,,,,,,,,
,,,,,,,,,,,,
Table TSGB0910,,,,,,,,,,,,
"Road passenger service vehicle testing scheme (PSV tests1), Great Britain: 1999/00 to 2010/11",,,,,,,,,,,,
,,,,,,,,,,,,Numbers/percentage
Year,1999/00,2000/01,2001/022,2002/03,2003/04,2004/05,2005/06,2006/07,2007/08,2008/09,2009/10,2010/11
First tests:,,,,,,,,,,,,
   Passed,"67,219 ","67,016 ","65,899 ","65,458 ","67,528 ","67,425 ","69,270 ","69,447 ","70,777 ","73,003 ","73,864 ","74,109 "
   Failed,"11,216 ","11,583 ","14,290 ","14,515 ","13,832 ","13,045 ","12,086 ","12,237 ","11,046 ","10,725 ","9,204 ","8,805 "
   Total tested,"78,435 ","78,599 ","80,189 ","79,973 ","81,360 ","80,470 ","81,356 ","81,684 ","81,823 ","83,728 ","83,068 ","82,914 "
Re-tests:,,,,,,,,,,,,
   Passed,"10,417 ","10,533 ","13,207 ","13,731 ","13,067 ","11,608 ","10,148 ","10,043 ","11,072 ","10,874 ","9,259 ","8,732 "
   Failed,980 ,"1,053 ","1,265 ","1,318 ","1,197 ","1,076 ",847 ,880 ,889 ,851 ,652 ,545 
   Total tested,"11,397 ","11,586 ","14,472 ","15,049 ","14,264 ","12,684 ","10,995 ","10,923 ","11,961 ","11,725 ","9,911 ","9,277 "
Percentage failed:,,,,,,,,,,,,
   First test,14.3,14.7,17.8,18.1,17.0,16.2,14.9,15.0,13.5,12.8,11.1,10.6
   Re-tests,8.6,9.1,8.7,8.8,8.4,8.5,7.7,8.1,7.4,7.3,6.6,5.9
   All tests,13.6,13.97,16.4,16.7,15.7,15.2,14,14.2,12.72,12.1,10.6,10.1
1.  EEC Directive 77/143 stipulated that all class VI (Public Service Vehicles) in use for more than one year must by 1 January 1983 have undergone ,,,,,,,,,,,,
"     a road-worthiness examination and be subject to an annual inspection thereafter. To meet this deadline, statutory testing of class VI vehicles ",,,,,,,,,,,,
    commenced on 1 January 1982.,,,,,,,,,,,,
"2.  Due to revisions of testing policy, from 2001/02 onwards fewer defects are now allowed to be rectified at the testing station, resulting in a ",,,,,,,,,,,,
"     decrease in passes, an increase in failures and an increase in re-tests.",,,,,,,,,,,,
,,,,,,,,,,,,
Contact:,,,,,,,,,,,,Source - VOSA
Telephone: 01792-543382,,,,,,,,,,,,Last updated: November 2011
Email: vehicles.stats@dft.gsi.gov.uk,,,,,,,,,,,,Next update: November 2012
,,,,,,,,,,,,
This table is outside the scope of National Statistics,,,,,,,,,,,,
,,,,,,,,,,,,
,,,,,,,,,,,,
,,,,,,,,,
,,,,,,,,,
,,,,,,,,,
,,,,,,,,,
,,,,,,,,,
,,,,,,,,,
,,,,,,,,,
,,,,,,,,,
,,,,,,,,,
,,,,,,,,,
,,,,,,,,,
,,,,,,,,,
,,,,,,,,,
,,,,,,,,,
