Department for Tranport statistics,,,,,,,,,,,,
Transport Statistics Great Britain,,,,,,,,,,,,
,,,,,,,,,,,,
Table TSGB0911,,,,,,,,,,,,
"Goods vehicles over 3.5 tonnes testing scheme (HGV Motor vehicles and Trailers1), Great Britain: 1999/00 to 2010/11",,,,,,,,,,,,
,,,,,,,,,,,,Thousands/percentage
Year,1999/00,2000/01,2001/022,2002/03,2003/04,2004/05,2005/06,2006/07,2007/08,2008/09,2009/10,2010/11
First tests:,,,,,,,,,,,,
   Passed,536.1,530.0,510.5 ,511.5 ,526.9 ,538.9 ,556.9 ,556.1 ,568.1 ,578.0 ,572.1,558.0
   Failed,163.1,166.4,192.1 ,196.6 ,182.3 ,168.6 ,155.1 ,150.6 ,135.2 ,119.9 ,102.4,95.0
   All,699.2,696.4,702.6 ,708.0 ,709.1 ,707.4 ,711.9 ,706.7 ,703.3 ,697.9 ,674.5,653.0
Re-tests:,,,,,,,,,,,,
   Passed,150.7,153.9,179.1 ,182.7 ,169.5 ,148.0 ,127.9 ,121.5 ,125.5 ,111.9 ,96.0,89.1
   Failed,23.7,24.4,31.5 ,29.9 ,25.8 ,23.9 ,20.5 ,18.5 ,15.3 ,13.9 ,11.0,9.6
   All,174.4,178.3,210.6,212.6 ,195.3 ,171.9 ,148.4 ,140.0 ,140.8 ,125.8 ,106.9,98.7
Percentage failed:,,,,,,,,,,,,
   First test,23.3 ,23.9 ,27.3 ,27.8 ,25.7 ,23.8 ,21.8 ,21.3 ,19.2 ,17.2 ,15.2,14.6
   Re-tests,13.6 ,13.7 ,15.0 ,14.1 ,13.2 ,13.9 ,13.8 ,13.2 ,10.9 ,11.0 ,10.3,9.7
   All tests,21.4,21.7,24.5,24.6,23.0,22.0,20.4,20.0,17.8,16.2,14.5,13.9
1.  Vehicles subject to plating and testing have to undergo a test when they are 1 year old and are tested annually thereafter; the term �first test� refers ,,,,,,,,,,,,
     to the first test of a vehicle in a particular year. The figures quoted cover the 52 week period ending on the Friday which precedes the first Monday in April. ,,,,,,,,,,,,
"2.  Due to revisions of testing policy, from 2001/02 onwards fewer defects are now allowed to be rectified at the testing station, resulting in a ",,,,,,,,,,,,
"     decrease in passes, an increase in failures and an increase in re-tests.",,,,,,,,,,,,
,,,,,,,,,,,,
Contact:,,,,,,,,,,,,Source - VOSA
Telephone: 01792-543382,,,,,,,,,,,,Last updated: November 2011
Email: vehicles.stats@dft.gsi.gov.uk,,,,,,,,,,,,Next update: November 2012
,,,,,,,,,,,,
This table is outside the scope of National Statistics,,,,,,,,,,,,
