Department for Tranport statistics,,,,,,,
Transport Statistics Great Britain ,,,,,,,
,,,,,,,
Table TSGB0909,,,,,,,
Road vehicle testing scheme (MOT): percentage of tests with one or more Fail or PRS1 type RfRs2 in defect group: 2007/08 to 2010/11,,,,,,,
,,,,Percentage,,,
,2007/08,2008/09,2009/10,2010/11,,,
Motorcycles: ,,,,,,,
   Motorcycle body and structure,0.9 ,1.0 ,1.0 ,0.9 ,,,
   Motorcycle brakes,5.8 ,5.9 ,5.8 ,5.3 ,,,
   Motorcycle drive system,1.2 ,1.4 ,1.5 ,1.4 ,,,
   Motorcycle driving controls,0.4 ,0.5 ,0.5 ,0.4 ,,,
   Motorcycle fuel and exhaust,1.7 ,1.7 ,1.6 ,1.4 ,,,
   Motorcycle lighting and signalling,10.8 ,11.5 ,11.8 ,10.8 ,,,
   Motorcycle reg plates and vin,1.0 ,1.4 ,1.9 ,1.5 ,,,
   Motorcycle sidecar,-,-,-,0.0 ,,,
   Motorcycle steering and suspension,5.8 ,5.7 ,5.6 ,4.9 ,,,
   Motorcycle tyres and wheels,3.7 ,3.8 ,3.8 ,3.6 ,,,
Cars and other passenger vehicles (up to 12 seats):,,,,,,,
   Body and structure,1.8 ,1.8 ,1.7 ,1.4 ,,,
   Brakes,12.9 ,12.8 ,12.9 ,10.7 ,,,
   Drivers view of the road,8.0 ,8.4 ,8.5 ,7.7 ,,,
   Driving controls,-,-,-,0.0 ,,,
   Fuel and exhaust,7.2 ,6.9 ,6.7 ,5.5 ,,,
   Lighting and signalling,19.8 ,20.7 ,21.0 ,18.6 ,,,
   Reasons specific to motor tricycles and quadricycles,-,-,-,0.0 ,,,
   Registration plates and VIN,1.4 ,1.5 ,1.7 ,1.2 ,,,
   Road wheels,0.4 ,0.4 ,0.4 ,0.4 ,,,
   Seat belts,1.9 ,1.9 ,2.0 ,1.7 ,,,
   Steering,2.9 ,2.9 ,3.1 ,3.2 ,,,
   Suspension,12.4 ,12.7 ,13.4 ,11.9 ,,,
   Towbars3,.,.,0.1 ,0.1 ,,,
   Tyres,9.1 ,9.2 ,9.0 ,8.0 ,,,
Private passenger vehicles (more than 12 seats): ,,,,,,,
   Body and structure,5.4 ,5.5 ,5.3 ,4.6 ,,,
   Brakes,13.0 ,13.5 ,13.6 ,12.1 ,,,
   Drivers view of the road,6.0 ,6.4 ,6.5 ,6.5 ,,,
   Driving controls,1.0 ,2.3 ,1.5 ,1.1 ,,,
   Fuel and exhaust,4.7 ,4.6 ,4.3 ,3.6 ,,,
   Lighting and signalling,16.0 ,17.5 ,17.6 ,16.7 ,,,
   Reg plates and vin,0.5 ,1.1 ,1.1 ,0.8 ,,,
   Road wheels,0.1 ,0.1 ,0.1 ,0.1 ,,,
   Seat belts,8.1 ,8.3 ,8.1 ,7.1 ,,,
   Steering,3.3 ,3.6 ,3.8 ,3.6 ,,,
   Suspension,7.2 ,7.4 ,7.4 ,6.5 ,,,
   Towbars3,.,.,0.2 ,0.2 ,,,
   Tyres,3.6 ,3.9 ,3.9 ,3.7 ,,,
"Goods vehicles between 3,000 and 3,500 kg gross weight: ",,,,,,,
   Body and structure,6.2 ,6.1 ,5.8 ,4.8 ,,,,,,,
   Brakes,25.0 ,24.8 ,25.1 ,22.2 ,,,,,,,
   Drivers view of the road,13.1 ,13.3 ,13.1 ,12.1 ,,,,,,,
   Fuel and exhaust,8.4 ,7.8 ,7.2 ,5.8 ,,,,,,,
   Lighting and signalling,30.6 ,31.9 ,32.3 ,29.5 ,,,,,,,
   Reg plates and vin,2.4 ,2.5 ,2.6 ,1.9 ,,,,,,,
   Road wheels,0.4 ,0.4 ,0.4 ,0.3 ,,,,,,,
   Seat belts,4.6 ,4.7 ,4.5 ,3.6 ,,,,,,,
   Steering,6.4 ,6.1 ,6.4 ,7.0 ,,,,,,,
   Suspension,19.4 ,18.7 ,17.8 ,15.4 ,,,,,,,
   Towbars3,.,.,0.5 ,0.4 ,,,,,,,
   Tyres,8.1 ,8.0 ,7.9 ,7.4 ,,,,,,,
1.  Pass after Rectification at the Station (PRS). This indicates that a vehicle initially failed its test. ,,,,,,,,,,,
"     It was then repaired within one hour of the test, re-tested and passed.",,,,,,,,,,,
2.  RfR = Reason for Rejection,,,,,,,,,,,
3.  The testing of towbars only became part of the MOT test on 27th April 2009,,,,,,,,,,,
,,,,,,,,,,,
Contact:,,,,Source - VOSA,,,,,,,
Telephone: 01792-454296,,,,Last updated: November 2011,,,,,,,
Email: vehicles.stats@dft.gsi.gov.uk,,,,Next update: November 2012,,,,,,,
,,,,,,,,,,,
This table is outside the scope of National Statistics,,,,,,,,,,,
,,,,,,,,,,,
,,,,,,,,,,,
,,,,,,,,,,,
,,,,,,,,,,,
,,,,,,,,,,,
,,,,,,,,,,,
,,,,,,,,,,,
,,,,,,,,,,,
,,,,,,,,,,,
,,,,,,,,,,,
,,,,
,,,,
,,,,
,,,,
,,,,
,,,,
,,,,
,,,,
,,,,
,,,,
,,,,
