Department for Tranport statistics,,,,,,,,,,,,
Transport Statistics Great Britain ,,,,,,,,,,,,
,,,,,,,,,,,,
Table TSGB0912,,,,,,,,,,,,
Trailer tests by axle type: 1999/00 to 2010/11,,,,,,,,,,,,
,,,,,,,,,,,,Thousands
,1999/00,2000/01,2001/02,2002/03,2003/04,2004/05,2005/06,2006/07,2007/08,2008/09,2009/10,2010/11
1 axle,7.5,7.1,6.7,6.4,6.0,5.6,5.2,5.0,4.7,4.4,4.0,3.8
2 axle,89.8,82.2,74.1,68.9,63.9,58.4,53.9,49.0,45.9,42.6,38.5,36.3
3 axle,143.2,151.2,156.7,166.5,171.5,177.9,184.7,186.1,189.6,192.9,188.1,186.6
4 axle,0.1,0.1,0.1,0.1,0.1,0.2,0.2,0.2,0.2,0.2,0.2,0.3
5 axle,-,-,-,-,-,-,-,-,-,-,-,-
Total,240.6,240.6,237.6,241.9,241.5,242.1,244.1,240.3,240.5,240.1,230.8,227.1
,,,,,,,,,,,,
"Although there is no registration system for trailers which carry goods, there is still a requirement to have them tested each year under the DfT's plating and testing scheme. ",,,,,,,,,,,,

Contact:,,,,,,,,,,,,Source - VOSA
Telephone: 01792 454296,,,,,,,,,,,,Last updated: December 2011
Email: vehicles.stats@dft.gsi.gov.uk,,,,,,,,,,,,Next update: Nov 2012
,,,,,,,,,,,,
This table is outside the scope of National Statistics,,,,,,,,,,,,
