Department for Transport statistics,,,,,,,,,,,,
Traffic (http://www.dft.gov.uk/statistics/series/traffic),,,,,,,,,,,,
Table TRA0105,,,,,,,,,,,,
"Change in traffic on major roads by region and country in Great Britain, from 2001 to 2011",,,,,,,,,,,,
,,Percentages,,,,,,,,,,
Region,,Change 2001 to 2011,,,,,,,,,,
North East,,7.3,,,,,,,,,,
North West,,5.9,,,,,,,,,,
Yorkshire and The Humber,,6.4,,,,,,,,,,
East Midlands,,6.3,,,,,,,,,,
West Midlands,,7.0,,,,,,,,,,
East of England,,4.5,,,,,,,,,,
London,,-8.7,,,,,,,,,,
South East,,0.9,,,,,,,,,,
South West,,7.1,,,,,,,,,,
England,,3.9,,,,,,,,,,
Wales,,9.3,,,,,,,,,,,,,,,
Scotland,,8.4,,,,,,,,,,,,,,,
Great Britain,,4.6,,,,,,,,,,,,,,,
,,,,,,,,,,,,,,,,,
,,Source: DfT National Road Traffic Survey,,,,,,,,,,,,,,,
,,Last updated: June 2012,,,,,,,,,,,,,,,
,,Revised : August 2012,,,,,,,,,,,,,,,
,,Next update: June 2013,,,,,,,,,,,,,,,
,,,,,,,,,,,,,,,,,
1.The 2011 estimates presented here were revised in August 2012 to correct for omitted data for a small number of sections of the major road network in Scotland. Further details are avaliable at  http://dft.gov.uk/statistics/series/traffic/ 2011 Road Traf,,,,,,,,,,,,,,,,,
,,,,,,,,,,,,,,,,,
Telephone: 020 7944 3095,,,,,,,,,,,,,,,,,
Email: roadtraff.stats@dft.gsi.gov.uk,,,,,,,,,,,,,,,,,
Notes & definitions (http://assets.dft.gov.uk/statistics/releases/traffic-estimates-2011/traffic-estimates-2011-notes.pdf),,,,,,,,,,,,,,,,,
The figures in this table are National Statistics.,,,,,,,,,,,,,,,,,
,,,,,,,,,,,,,,,,,
,,,,,,,,,,,,,,,,
,,,,,,,,,,,,,,,,
,,,,,,,,,,,,,,,,
,,,,,,,,,,,,,,,,
