Department for Transport statistics,,,,,,,,,,,,,,,,
Road Traffic and Speeds (http://www.dft.gov.uk/pgr/statistics/datatablespublications/roads/traffic),,,,,,,,,,,,,,,,
Table TRA0103,,,,,,,,,,,,,,,,
"Motor vehicle traffic (vehicle miles) by road class and region and country in Great Britain, annual 2011",,,,,,,,,,,,,,,,
,,,,,,,,,,,,,,,Billion vehicle miles,
,,Major roads,,,,,,,,,,,,,,
,,,'A' roads,,,,,,,,,,,,,
,,,Rural,,,,Urban,,,,,Minor roads,,,,
,,Motorway 1,Trunk,Principal,Total,,Trunk,Principal,Total,All 'A' roads,All major roads,Rural,Urban,All minor roads,All roads,
North East 2,,0.7,1.8,2.1,3.9,0.0,0.6,1.8,2.4,6.3,7.0,1.0,3.3,4.3,11.4,
of which:,,,,,,,,,,,,,,,,
  Tyne and Wear FMC,,0.1,0.5,0.3,0.9,0.0,0.3,1.1,1.4,2.3,2.4,0.2,1.8,2.0,4.4,
  Rest of North East,,0.6,1.3,1.8,3.0,0.0,0.3,0.7,1.0,4.0,4.6,0.8,1.5,2.4,7.0,
North West 2,,11.3,1.2,4.2,5.4,0.0,0.2,6.5,6.7,12.1,23.4,2.7,7.8,10.6,34.0,
of which:,,,,,,,,,,,,,,,,
  Greater Manchester FMC,,3.8,0.0,0.4,0.4,0.0,0.1,3.0,3.0,3.5,7.3,0.3,3.5,3.7,11.0,
  Merseyside FMC,,1.0,0.0,0.5,0.5,0.0,0.0,1.3,1.4,1.9,2.8,0.1,1.8,1.9,4.7
  Rest of North West,,6.5,1.2,3.3,4.5,0.0,0.1,2.2,2.3,6.8,13.3,2.4,2.6,4.9,18.2
Yorkshire and the Humber 2,,5.9,2.0,4.2,6.3,0.0,0.1,4.3,4.5,10.7,16.7,3.4,5.5,8.8,25.5
of which:,,,,,,,,,,,,,,,
  South Yorkshire FMC,,1.9,0.1,0.6,0.8,0.0,0.0,1.3,1.3,2.1,4.0,0.5,1.6,2.1,6.1
  West Yorkshire FMC,,2.7,0.3,0.9,1.2,0.0,0.0,2.4,2.4,3.6,6.3,0.6,2.6,3.2,9.5
  Rest of Yorkshire and the Humber ,,1.3,1.6,2.7,4.3,0.0,0.1,0.7,0.8,5.1,6.4,2.2,1.3,3.5,9.9
East Midlands,,4.1,4.2,5.6,9.8,0.0,0.3,2.6,3.0,12.8,16.9,4.1,4.3,8.5,25.3
West Midlands 2,,7.8,2.2,4.2,6.4,0.0,0.4,4.5,4.9,11.3,19.1,3.3,7.3,10.6,29.7
of which:,,,,,,,,,,,,,,,
  West Midlands FMC,,1.9,0.1,0.2,0.3,0.0,0.0,2.7,2.7,3.0,4.9,0.2,4.9,5.1,10.0
  Rest of West Midlands,,6.0,2.1,4.0,6.1,0.0,0.4,1.8,2.2,8.3,14.2,3.1,2.4,5.5,19.7
East of England,,5.3,5.8,7.0,12.8,0.0,0.3,3.0,3.3,16.1,21.4,6.5,6.2,12.6,34.0
London,,1.3,0.0,0.4,0.4,0.0,0.0,10.0,10.0,10.4,11.7,0.1,6.3,6.4,18.1
South East,,13.8,5.9,9.3,15.2,0.0,0.3,5.7,6.1,21.2,35.1,7.0,9.7,16.7,51.8
South West,,5.4,3.8,6.8,10.6,0.0,0.2,2.9,3.1,13.7,19.0,6.0,5.5,11.4,30.5
England,,55.7,26.9,43.9,70.7,0.0,2.5,41.4,43.9,114.6,170.3,34.0,55.9,90.0,260.3
Wales,,2.1,3.7,2.9,6.7,0.0,0.3,1.7,2.0,8.7,10.8,3.0,3.0,6.0,16.7
Scotland,,4.1,5.5,4.8,10.3,0.0,0.6,2.8,3.4,13.6,17.7,4.1,4.9,9.1,26.8
Great Britain,,61.8,36.1,51.6,87.7,0.0,3.3,45.9,49.3,137.0,198.8,41.2,63.8,105.0,303.8
,,,,,,,,,,,,,,,
1 Includes trunk motorways and principal motorways,,,,,,,,,,,,,,,Source: DfT National Road Traffic Survey
2 Use controls on left hand side to access data for Former Metropolitan Counties (FMC) within these regions,,,,,,,,,,,,,,,Last updated: June 2012
3.The 2011 estimates presented here were revised in August 2012 to correct for omitted data for a small number of sections of the major road network in Scotland. Further details are avaliable at  http://dft.gov.uk/statistics/series/traffic/ 2011 Road Traf,,,,,,,,,,,,,,,Revised: August 2012
Telephone: 020 7944 3095,,,,,,,,,,,,,,,Next update: June 2013
Email: roadtraff.stats@dft.gsi.gov.uk,,,,,,,,,,,,,,,
Notes & definitions (http://assets.dft.gov.uk/statistics/releases/traffic-estimates-2011/traffic-estimates-2011-notes.pdf),,,,,,,,,,,,,,,
The figures in this table are National Statistics.,,,,,,,,,,,,,,,
,,,,,,,,,,,,,,,
