Department for Transport statistics,,,,,,,,,,,,,,,
Traffic (http://www.dft.gov.uk/statistics/series/traffic/),,,,,,,,,,,,,,,
Table TRA0103,,,,,,,,,,,,,,,
"Motor vehicle traffic (vehicle miles) by road class and region and country in Great Britain, annual 2006",,,,,,,,,,,,,,,
,,,,,,,,,,,,,,,Billion vehicle miles
,,Major roads,,,,,,,,,,,,,
,,,'A' roads,,,,,,,,,,,,
,,,Rural,,,,Urban,,,,,Minor roads,,,
,,Motorway 1,Trunk,Principal,Total,,Trunk,Principal,Total,All 'A' roads,All major roads,Rural,Urban,All minor roads,All roads
North East 2,,0.7,1.8,2.1,3.9,,0.6,1.8,2.4,6.4,7.1,1.1,3.6,4.7,11.7
of which:,,,,,,,,,,,,,,,
  Tyne and Wear FMC,,0.1,0.6,0.4,0.9,,0.3,1.1,1.4,2.3,2.4,0.2,2.0,2.1,4.6
  Rest of North East,,0.6,1.2,1.8,3.0,,0.3,0.8,1.0,4.0,4.6,0.9,1.6,2.5,7.1
North West 2,,11.0,1.3,4.4,5.8,,0.2,6.5,6.8,12.5,23.6,2.8,8.3,11.1,34.7
of which:,,,,,,,,,,,,,,,
  Greater Manchester FMC,,3.8,0.0,0.4,0.5,,0.1,3.0,3.1,3.5,7.3,0.3,3.7,3.9,11.2
  Merseyside FMC,,0.9,0.1,0.4,0.5,,0.0,1.3,1.4,1.9,2.8,0.1,1.9,2.0,4.8
  Rest of North West,,6.3,1.2,3.6,4.8,,0.1,2.2,2.3,7.1,13.5,2.4,2.7,5.2,18.6
Yorkshire and the Humber 2,,6.0,2.5,4.1,6.6,,0.2,4.4,4.6,11.2,17.2,3.5,5.7,9.2,26.3
of which:,,,,,,,,,,,,,,,
  South Yorkshire FMC,,2.0,0.1,0.6,0.8,,0.0,1.3,1.3,2.1,4.1,0.5,1.6,2.1,6.2
  West Yorkshire FMC,,2.8,0.4,0.9,1.3,,0.1,2.4,2.4,3.7,6.4,0.7,2.7,3.3,9.8
  Rest of Yorkshire and the Humber ,,1.2,2.0,2.6,4.5,,0.1,0.8,0.9,5.4,6.7,2.3,1.4,3.7,10.3
East Midlands,,4.2,3.8,6.1,9.9,,0.3,2.7,3.0,12.9,17.2,4.2,4.5,8.7,25.8
West Midlands 2,,7.9,2.6,3.8,6.4,,0.4,4.5,4.9,11.3,19.2,3.4,7.6,11.1,30.3
of which:,,,,,,,,,,,,,,,
  West Midlands FMC,,1.8,0.1,0.2,0.3,,0.0,2.8,2.8,3.1,4.9,0.2,5.1,5.3,10.2
  Rest of West Midlands,,6.1,2.5,3.6,6.1,,0.4,1.7,2.1,8.2,14.3,3.2,2.5,5.7,20.0
East of England,,5.2,5.9,6.8,12.7,,0.3,3.1,3.4,16.1,21.3,6.6,6.5,13.2,34.5
London,,1.4,0.0,0.4,0.4,,0.0,11.0,11.0,11.4,12.7,0.1,6.8,6.8,19.6
South East,,14.0,5.9,9.6,15.5,,0.4,6.0,6.4,21.9,35.9,7.2,10.2,17.4,53.3
South West,,5.4,3.6,7.2,10.8,,0.2,3.0,3.2,13.9,19.3,6.0,5.6,11.6,30.9
England,,55.7,27.4,44.6,72.0,,2.6,43.1,45.7,117.6,173.3,34.9,58.7,93.6,266.9
Wales,,2.1,3.8,3.0,6.8,,0.3,1.8,2.1,8.9,11.0,3.1,3.1,6.2,17.2
Scotland,,4.0,5.6,4.9,10.5,,0.6,2.8,3.4,13.9,17.9,4.3,5.1,9.3,27.3
Great Britain,,61.8,36.8,52.5,89.2,,3.5,47.8,51.3,140.5,202.3,42.2,66.9,109.1,311.4
,,,,,,,,,,,,,,,
1 Includes trunk motorways and principal motorways,,,,,,,,,,,,,,,Source: DfT National Road Traffic Survey
2 Use controls on left hand side to access data for Former Metropolitan Counties (FMC) within these regions,,,,,,,,,,,,,,,Last updated: February 2012
3 The estimates presented here were revised for the period from 2000 to 2010 in February 2012 to take into account the minor road benchmarking exercise. Further details are available at http://assets.dft.gov.uk/statistics/releases/traffic-estimates-2010-r,,,,,,,,,,,,,,,
Telephone: 020 7944 3095,,,,,,,,,,,,,,,
Email: roadtraff.stats@dft.gsi.gov.uk,,,,,,,,,,,,,,,
Notes & definitions (http://assets.dft.gov.uk/statistics/releases/traffic-estimates-2011/traffic-estimates-2011-notes.pdf),,,,,,,,,,,,,,,
The figures in this table are National Statistics.,,,,,,,,,,,,,,,
,,,,,,,,,,,,,,,
