Department for Transport statistics,,,,,,,,,,,,,,,
Traffic (http://www.dft.gov.uk/statistics/series/traffic),,,,,,,,,,,,,,,
Table TRA0203,,,,,,,,,,,,,,,
"Motor vehicle traffic (vehicle kilometres) by road class and region and country in Great Britain, annual 2011",,,,,,,,,,,,,,,
,,,,,,,,,,,,,,,Billion vehicle kilometres
,,Major roads,,,,,,,,,,,,,
,,,'A' roads,,,,,,,,,,,,
,,,Rural,,,,Urban,,,,,Minor roads,,,
,,Motorway 1,Trunk,Principal,Total,,Trunk,Principal,Total,All 'A' roads,All major roads,Rural,Urban,All minor roads,All roads
North East 2,,1.1,2.9,3.4,6.3,0.0,1.0,2.9,3.9,10.2,11.3,1.6,5.4,7.0,18.3
of which:,,,,,,,,,,,,,,,
  Tyne and Wear FMC,,0.2,0.9,0.5,1.4,0.0,0.5,1.7,2.2,3.7,3.9,0.3,2.9,3.2,7.1
  Rest of North East,,0.9,2.0,2.8,4.9,0.0,0.5,1.2,1.7,6.5,7.5,1.3,2.4,3.8,11.2
North West 2,,18.2,1.9,6.8,8.7,0.0,0.3,10.5,10.8,19.5,37.7,4.4,12.6,17.0,54.7
of which:,,,,,,,,,,,,,,,
  Greater Manchester FMC,,6.1,0.0,0.7,0.7,0.0,0.1,4.8,4.9,5.6,11.7,0.4,5.6,6.0,17.7
  Merseyside FMC,,1.5,0.0,0.8,0.8,0.0,0.1,2.1,2.2,3.0,4.5,0.2,2.9,3.1,7.6
  Rest of North West,,10.5,1.9,5.4,7.3,0.0,0.1,3.5,3.7,10.9,21.4,3.8,4.1,7.9,29.4
Yorkshire and the Humber 2,,9.5,3.3,6.8,10.1,0.0,0.2,7.0,7.2,17.3,26.8,5.4,8.8,14.2,41.1
of which:,,,,,,,,,,,,,,,
  South Yorkshire FMC,,3.1,0.2,1.0,1.3,0.0,0.0,2.0,2.0,3.3,6.4,0.8,2.6,3.4,9.8
  West Yorkshire FMC,,4.4,0.5,1.5,1.9,0.0,0.0,3.8,3.8,5.8,10.2,1.0,4.1,5.2,15.3
  Rest of Yorkshire and the Humber ,,2.1,2.6,4.3,6.9,0.0,0.2,1.1,1.4,8.2,10.3,3.6,2.1,5.7,16.0
East Midlands,,6.5,6.8,9.1,15.8,0.0,0.5,4.2,4.8,20.6,27.1,6.7,7.0,13.6,40.8
West Midlands 2,,12.6,3.5,6.8,10.3,0.0,0.6,7.2,7.9,18.2,30.8,5.3,11.7,17.0,47.8
of which:,,,,,,,,,,,,,,,
  West Midlands FMC,,3.0,0.1,0.4,0.5,0.0,0.0,4.4,4.4,4.9,7.9,0.3,7.9,8.2,16.1
  Rest of West Midlands,,9.6,3.4,6.4,9.8,0.0,0.6,2.8,3.5,13.3,22.9,5.0,3.8,8.8,31.7
East of England,,8.5,9.4,11.2,20.6,0.0,0.4,4.9,5.3,25.9,34.4,10.4,9.9,20.3,54.7
London,,2.1,0.0,0.6,0.6,0.0,0.0,16.0,16.0,16.7,18.8,0.1,10.2,10.3,29.1
South East,,22.3,9.5,14.9,24.4,0.0,0.5,9.2,9.8,34.2,56.5,11.2,15.7,26.8,83.3
South West,,8.7,6.0,11.0,17.0,0.0,0.3,4.6,5.0,22.0,30.6,9.6,8.8,18.4,49.1
England,,89.6,43.3,70.6,113.8,0.0,3.9,66.7,70.6,184.5,274.1,54.8,90.0,144.8,418.9
Wales,,3.3,6.0,4.7,10.8,0.0,0.5,2.8,3.3,14.0,17.3,4.8,4.8,9.6,26.9
Scotland,,6.6,8.8,7.8,16.6,0.0,0.9,4.4,5.4,21.9,28.5,6.7,7.9,14.6,43.1
Great Britain,,99.5,58.1,83.1,141.2,0.0,5.4,73.9,79.3,220.4,319.9,66.3,102.7,169.0,488.9
,,,,,,,,,,,,,,,
1 Includes trunk motorways and principal motorways,,,,,,,,,,,,,,,
2 Use controls on left hand side to access data for Former Metropolitan Counties (FMC) within these regions,,,,,,,,,,,,,,,
3.The 2011 estimates presented here were revised in August 2012 to correct for omitted data for a small number of sections of the major road network in Scotland. Further details are avaliable at  http://dft.gov.uk/statistics/series/traffic/ 2011 Road Traf,,,,,,,,,,,,,,,
Telephone: 020 7944 3095,,,,,,,,,,,,,,,
Email: roadtraff.stats@dft.gsi.gov.uk,,,,,,,,,,,,,,,Source: DfT National Road Traffic Survey
Notes & definitions (http://assets.dft.gov.uk/statistics/releases/traffic-estimates-2011/traffic-estimates-2011-notes.pdf),,,,,,,,,,,,,,,Last updated: June 2012
The figures in this table are National Statistics.,,,,,,,,,,,,,,,Revised: August 2012
,,,,,,,,,,,,,,,Next update: June 2013
,,,,,,,,,,,,,,,
,,,,,,,,,,,,,,,
,,,,,,,,,,,,,,,
