Department for Transport statistics,,,,,,,,,,,,,,,,,,,,,,,,,
Traffic (http://www.dft.gov.uk/statistics/series/traffic),,,,,,,,,,,,,,,,,,,,,,,,,
Table TRA0301,,,,,,,,,,,,,,,,,,,,,,,,,
"Motor vehicle flow by road class in Great Britain: annual from 1993 to 2011 1,2",,,,,,,,,,,,,,,,,,,,,,,,,
,,,,,,,,,,Thousand vehicles per day,,,,,,,,,,,,,,,
,,Major roads,,,,,,,,,,,,,,,,,,,,,,,
,,,'A' roads,,,,Minor roads,,,,,,,,,,,,,,,,,,
Year,,Motorway 3,Rural,Urban,All 'A' roads,All major roads,Rural,Urban,All minor roads,All roads,,,,,,,,,,,,,,,
1993,,58.2,8.9,19.2,11.3,14.4,0.7,2.1,1.3,2.9,,,,,,,,,,,,,,,
1994,,59.8,9.1,19.5,11.6,14.7,0.8,2.1,1.3,3.0,,,,,,,,,,,,,,,
1995,,61.9,9.3,19.9,11.8,15.1,0.8,2.1,1.3,3.0,,,,,,,,,,,,,,,
1996,,64.8,9.6,20.1,12.1,15.6,0.8,2.1,1.3,3.1,,,,,,,,,,,,,,,
1997,,66.6,9.8,20.1,12.3,16.0,0.8,2.1,1.3,3.2,,,,,,,,,,,,,,,
1998,,68.7,10.0,20.2,12.4,16.3,0.8,2.2,1.3,3.2,,,,,,,,,,,,,,,
1999,,69.7,10.1,20.2,12.5,16.5,0.8,2.2,1.3,3.3,,,,,,,,,,,,,,,
2000,,69.6,10.0,20.1,12.4,16.4,0.8,2.2,1.3,3.3,,,,,,,,,,,,,,,
2001,,71.6,10.3,20.1,12.6,16.7,0.8,2.2,1.3,3.3,,,,,,,,,,,,,,,
2002,,73.0,10.5,20.2,12.8,17.0,0.8,2.3,1.4,3.4,,,,,,,,,,,,,,,
2003,,73.3,10.7,20.1,13.0,17.2,0.8,2.3,1.4,3.4,,,,,,,,,,,,,,,
2004,,74.9,10.9,20.3,13.1,17.5,0.9,2.3,1.4,3.5,,,,,,,,,,,,,,,
2005,,75.6,10.9,20.2,13.1,17.5,0.9,2.3,1.4,3.5,,,,,,,,,,,,,,,
2006,,76.6,11.1,20.3,13.3,17.7,0.9,2.3,1.4,3.5,,,,,,,,,,,,,,,
2007,,77.4,11.0,20.0,13.2,17.7,0.9,2.3,1.4,3.5,,,,,,,,,,,,,,,
2008,,76.9,11.0,19.7,13.0,17.6,0.9,2.2,1.4,3.5,,,,,,,,,,,,,,,
2009,,76.5,10.9,19.8,13.0,17.5,0.9,2.2,1.4,3.4,,,,,,,,,,,,,,,
2010,,75.6,10.8,19.7,12.9,17.3,0.9,2.1,1.4,3.4,,,,,,,,,,,,,,,
2011,,76.3,10.8,19.6,12.9,17.4,0.9,2.1,1.3,3.4,,,,,,,,,,,,,,,
,,,,,,,,,,,,,,,,,,,,,,,,,
1 The calculation for the average daily flow is estimated by dividing the annual traffic estimate by the road length and the number of days in the year,,,,,,,,,,Source: DfT National Road Traffic Survey,,,,,,,,,,,,,,,
"2 Urban roads: Major and minor roads within an urban area with a population of 10,000 or more. These are based on the 2001 urban settlements.  The definition for 'urban settlement' is in 'Urban and rural area definitions: a user guide which can be found o",,,,,,,,,,Last updated: June 2012,,,,,,,,,,,,,,,
3 Includes trunk motorways and principal motorways,,,,,,,,,,Revised: August 2012,,,,,,,,,,,,,,,
4.The 2011 estimates presented here were revised in August 2012 to correct for omitted data for a small number of sections of the major road network in Scotland. Further details are avaliable at  http://dft.gov.uk/statistics/series/traffic/ 2011 Road Traf,,,,,,,,,,Next update: June 2013,,,,,,,,,,,,,,,
Telephone: 020 7944 3095,,,,,,,,,,,,,,,
Email: roadtraff.stats@dft.gsi.gov.uk,,,,,,,,,,,,,,,
Notes & definitions (http://assets.dft.gov.uk/statistics/releases/traffic-estimates-2011/traffic-estimates-2011-notes.pdf),,,,,,,,,,,,,,,
The figures in this table are National Statistics.,,,,,,,,,,,,,,,
,,,,,,,,,,,,,,,
,,,,,,,,,,,,,,,
,,,,,,,,,,,,,,,
,,,,,,,,,,,,,,,
,,,,,,,,,,,,,,,
