Department for Transport statistics,,,,,,,
Traffic (http://www.dft.gov.uk/statistics/series/traffic),,,,,,,
Table TRA0307,,,,,,,
"Traffic distribution by time of day on all roads in Great Britain, 2007",,,,,,,
,,,Index: Average hour in week = 100,,,,
Time of day,Weekdays,Saturday,Sunday,,,,
00:00-01:00,18,25,26,,,,
01:00-02:00,12,17,17,,,,
02:00-03:00,11,14,11,,,,
03:00-04:00,12,13,9,,,,
04:00-05:00,19,15,9,,,,
05:00-06:00,42,24,13,,,,
06:00-07:00,101,41,22,,,,
07:00-08:00,179,66,35,,,,
08:00-09:00,189,96,52,,,,
09:00-10:00,156,127,86,,,,
10:00-11:00,145,157,125
11:00-12:00,148,171,148
12:00-13:00,151,168,155
13:00-14:00,156,158,150
14:00-15:00,162,147,148
15:00-16:00,176,139,152
16:00-17:00,197,138,158
17:00-18:00,201,136,151
18:00-19:00,161,117,133
19:00-20:00,113,90,112
20:00-21:00,79,65,90
21:00-22:00,59,48,66
22:00-23:00,45,40,45
23:00-00:00,30,35,29
,,,
Telephone: 020 7944 3095,,,Source: DfT Automatic Traffic Counters
Email: roadtraff.stats@dft.gsi.gov.uk,,,Last updated: June 2011
Notes & definitions (http://assets.dft.gov.uk/statistics/releases/traffic-estimates-2011/traffic-estimates-2011-notes.pdf),,,
The figures in this table are not National Statistics.,,,
,,,
,,,
,,,
,,,
,,,
,,,
,,,
,,,
,,,
,,,
,,,
,,,
,,,
,,,
,,,
,,,
,,,
,,,
,,,
,,,
,,,
,,,
,,,
,,,
,,,
,,,
,,,
,,,
,,,
,,,
,,,
,,,
