Department for Transport statistics,,,,,,,,,,,,,,,
Traffic (http://www.dft.gov.uk/statistics/series/traffic),,,,,,,,,,,,,,,
Table TRA0305,,,,,,,,,,,,,,,
"Average daily traffic flow (five year average) by month in Great Britain, 2004-2008 (average) 1",,,,,,,,,,,,,,,
,,,,,,,,,,,,,,,Index: Average daily traffic flow in month = 100
,Motorways,,,,All rural major and minor roads,,,,All urban major and minor roads,,,,All roads,,
,Cars & taxis,Goods vehicles ,All motor vehicles,,Cars & taxis,Goods vehicles ,All motor vehicles,,Cars & taxis,Goods vehicles ,All motor vehicles,,Cars & taxis,Goods vehicles ,All motor vehicles
January,89,93,90,,88,91,88,,96,91,96,,90,93,90
February,94,100,95,,92,98,93,,98,99,98,,95,99,95
March 2,98,103,99,,97,102,98,,101,102,101,,98,103,99
April 2,101,100,101,,101,101,101,,100,100,100,,101,100,101
May,101,100,101,,104,102,104,,101,101,101,,102,101,102
June,104,105,104,,106,106,106,,102,106,103,,104,106,104
July,106,102,105,,108,102,107,,101,104,102,,105,102,105
August,108,99,106,,109,101,108,,98,101,98,,107,99,106
September,104,103,104,,105,106,105,,101,104,102,,104,104,104
October,103,103,103,,101,104,101,,101,103,102,,102,103,103
November,98,104,99,,97,103,97,,102,103,102,,98,104,99
December 3,93,87,92,,91,85,90,,97,87,96,,93,87,92
,,,,,,,,,,,,,,,
1 Indices are based on average daily traffic and are not affected by the varying number of days in each month,,,,,,,,,,,,,,,Source: DfT Automatic traffic counters
2 Figures affected by Easter,,,,,,,,,,,,,,,Last updated: June 2011
3 Figures affected by Christmas,,,,,,,,,,,,,,,
Telephone: 020 7944 3095,,,,,,,,,,,,,,,
Email: roadtraff.stats@dft.gsi.gov.uk,,,,,,,,,,,,,,,
Notes & definitions (http://assets.dft.gov.uk/statistics/releases/traffic-estimates-2011/traffic-estimates-2011-notes.pdf),,,,,,,,,,,,,,,
The figures in this table are not National Statistics.,,,,,,,,,,,,,,,
,,,,,,,,,,,,,,,
,,,,,,,,,,,,,,,
