Department for Transport statistics,,,,,,,,,,,,,,,
Traffic (http://www.dft.gov.uk/statistics/series/traffic),,,,,,,,,,,,,,,
Table TRA0306,,,,,,,,,,,,,,,
"Average traffic distribution by day of the week in Great Britain, 2007",,,,,,,,,,,,,,,
,,,,,,,,,,,,,,,Index: Average day = 100
,Motorways,,,,All rural major and minor roads,,,,All urban major and minor roads,,,,All roads,,
,Cars & taxis,Goods vehicles ,All motor vehicles,,Cars & taxis,Goods vehicles ,All motor vehicles,,Cars & taxis,Goods vehicles ,All motor vehicles,,Cars & taxis,Goods vehicles ,All motor vehicles
Monday,100,115,103,,101,117,103,,101,116,102,,101,115,103
Tuesday,97,126,103,,99,128,103,,103,127,105,,99,126,103
Wednesday,100,129,106,,101,129,104,,106,128,107,,101,129,106
Thursday,103,132,109,,104,131,107,,107,130,108,,104,132,109
Friday,112,119,114,,114,121,115,,109,123,110,,112,119,113
Saturday,92,45,83,,95,45,89,,95,49,91,,93,45,85
Sunday,95,33,83,,86,30,79,,80,26,75,,91,33,81
,,,,,,,,,,,,,,,
Telephone: 020 7944 3095,,,,,,,,,,,,,,,Source: DfT Automatic Traffic Counters
Email: roadtraff.stats@dft.gsi.gov.uk,,,,,,,,,,,,,,,Last updated: June 2011
Notes & definitions (http://assets.dft.gov.uk/statistics/releases/traffic-estimates-2011/traffic-estimates-2011-notes.pdf),,,,,,,,,,,,,,,
The figures in this table are not National Statistics.,,,,,,,,,,,,,,,
,,,,,,,,,,,,,,,
,,,,,,,,,,,,,,,


,,,,,,,,,,,,,,,
,,,,,,,,,,,,,,,
,,,,,,,,,,,,,,,
,,,,,,,,,,,,,,,
,,,,,,,,,,,,,,,
,,,,,,,,,,,,,,,
,,,,,,,,,,,,,,,
