Department for Transport statistics,,,,,,,,,,,,,,,
Traffic (http://www.dft.gov.uk/statistics/series/traffic),,,,,,,,,,,,,,,
Table TRA0305,,,,,,,,,,,,,,,
"Average daily traffic flow (five year average) by month in Great Britain, 2005-2009 (average) 1",,,,,,,,,,,,,,,
,,,,,,,,,,,,,,,Index: Average daily traffic flow in month = 100
,Motorways,,,,All rural major and minor roads,,,,All urban major and minor roads,,,,All roads,,
,Cars & taxis,Goods vehicles ,All motor vehicles,,Cars & taxis,Goods vehicles ,All motor vehicles,,Cars & taxis,Goods vehicles ,All motor vehicles,,Cars & taxis,Goods vehicles ,All motor vehicles
January,89,93,90,,89,92,88,,97,92,96,,90,93,90
February,93,99,94,,91,98,92,,97,98,97,,93,99,94
March 2,98,102,98,,98,101,98,,101,101,101,,98,102,99
April 2,101,101,101,,101,100,101,,100,100,100,,101,101,101
May,102,101,102,,104,101,104,,101,101,101,,102,101,102
June,104,106,104,,106,106,106,,103,106,103,,104,106,105
July,106,103,106,,108,103,108,,101,104,102,,106,103,105
August,109,98,106,,110,102,109,,98,100,98,,107,99,106
September,105,103,105,,106,106,106,,102,104,102,,104,104,104
October,103,103,103,,102,104,102,,102,104,102,,103,103,103
November,98,103,99,,97,101,97,,102,102,102,,98,103,99
December 3,93,87,92,,91,84,90,,97,87,96,,93,87,92
,,,,,,,,,,,,,,,
1 Indices are based on average daily traffic and are not affected by the varying number of days in each month,,,,,,,,,,,,,,,Source: DfT Automatic traffic counters
2 Figures affected by Easter,,,,,,,,,,,,,,,Last updated: June 2011
3 Figures affected by Christmas,,,,,,,,,,,,,,,
Telephone: 020 7944 3095,,,,,,,,,,,,,,,
Email: roadtraff.stats@dft.gsi.gov.uk,,,,,,,,,,,,,,,
Notes & definitions (http://assets.dft.gov.uk/statistics/releases/traffic-estimates-2011/traffic-estimates-2011-notes.pdf),,,,,,,,,,,,,,,
The figures in this table are not National Statistics.,,,,,,,,,,,,,,,
,,,,,,,,,,,,,,,
,,,,,,,,,,,,,,,
