Department for Transport statistics,,,,,,,,
Traffic (http://www.dft.gov.uk/statistics/series/traffic/),,,,,,,,
Table TRA0104,,,,,,,,
"Road traffic (vehicle miles) by vehicle type and road class in Great Britain, annual 2006",,,,,,,,
,,,,,,,,Billion vehicle miles
,,Cars and taxis,Motorcycles,Buses & coaches,Light vans,Goods vehicles,All motor vehicles,Pedal cycles
Motorways 2,,46.1,0.3,0.3,7.5,7.6,61.8,-
Rural 'A' roads:,,,,,,,,
,Trunk 3,28.3,0.2,0.2,4.5,3.6,36.8,-
,Principal,42.3,0.5,0.4,6.4,2.8,52.5,0.1
,All rural 'A' roads,70.6,0.7,0.6,10.9,6.4,89.2,0.1
Urban 'A' roads: 1,,,,,,,,
,Trunk 3,2.8,-,-,0.4,0.2,3.5,-
,Principal,39.2,0.6,0.7,5.6,1.6,47.8,0.4
,All urban 'A' roads,42.0,0.6,0.8,6.0,1.8,51.3,0.4
All major roads 4,,158.7,1.6,1.7,24.5,15.8,202.3,0.5
Minor roads:,,,,,,,,
,Minor rural roads,33.2,0.5,0.4,6.9,1.2,42.2,0.5
,Minor urban roads 1,55.0,1.0,1.2,8.6,1.1,66.9,1.7
,All minor roads,88.2,1.5,1.6,15.5,2.2,109.1,2.3
All roads,,246.9,3.2,3.3,39.9,18.0,311.4,2.8
,,,,,,,,
"1 Urban roads: Major and minor roads within an urban area with a population of 10,000 or more. These are based on the 2001 urban settlements.  The definition for 'urban settlement' is in 'Urban and rural area definitions: a user guide which can be found o",,,,,,,,Source: DfT National Road Traffic Survey
2 Includes trunk motorways and principal motorways,,,,,,,,Last updated: February 2012
3 Figures for trunk and principal roads in England since 2001 are affected by the detrunking programme,,,,,,,,
"4 Includes motorways, urban and rural 'A' roads",,,,,,,,
5 The estimates presented here were revised for the period from 2000 to 2010 in February 2012 to take into account the minor road benchmarking exercise. Further details are available at http://assets.dft.gov.uk/statistics/releases/traffic-estimates-2010-r,,,,,,,,
Telephone: 020 7944 3095,,,,,,,,
Email: roadtraff.stats@dft.gsi.gov.uk,,,,,,,,
Notes & definitions (http://assets.dft.gov.uk/statistics/releases/traffic-estimates-2011/traffic-estimates-2011-notes.pdf),,,,,,,,
The figures in this table are National Statistics.,,,,,,,,
