Department for Transport statistics,,,,,,,,,,,,,,,,,,,,,,,
Traffic (http://www.dft.gov.uk/statistics/series/traffic),,,,,,,,,,,,,,,,,,,,,,,
Table TRA0302,,,,,,,,,,,,,,,,,,,,,,,
"Motor vehicle flow by road class and region and country in Great Britain, 2008 1",,,,,,,,,,,,,,,,,,,,,,,
,,,,,,,,Thousand vehicles per day,,,,,,,,,,,,,,,
,,Major roads,,,,,,,,,,,,,,,,,,,,,
,,,'A' roads,,,Minor roads,,,,,,,,,,,,,,,,,
,,Motorway 2,Rural,Urban,All major roads,Rural,Urban,All roads,,,,,,,,,,,,,,,
North East,,54.9,13.7,21.3,17.1,0.6,2.2,3.1,,,,,,,,,,,,,,,
North West ,,76.6,10.8,17.5,22.2,0.9,1.9,4.1,,,,,,,,,,,,,,,
Yorkshire & the Humber,,68.9,12.4,18.5,20.0,1.0,2.0,3.6,,,,,,,,,,,,,,,
East Midlands,,91.6,13.7,18.7,18.3,1.1,2.2,3.6,,,,,,,,,,,,,,,
West Midlands,,80.6,11.6,19.6,21.3,1.0,2.6,4.1,,,,,,,,,,,,,,,
East of England,,87.1,18.4,17.6,22.7,1.2,2.6,3.8,,,,,,,,,,,,,,,
London,,101.7,28.4,27.4,29.9,1.2,2.3,5.6,,,,,,,,,,,,,,,
South East,,93.6,17.8,18.6,26.5,1.4,2.4,4.9,,,,,,,,,,,,,,,
South West,,74.8,11.1,19.4,16.2,0.8,2.4,2.8,,,,,,,,,,,,,,,
England,,81.7,13.9,20.1,21.4,1.0,2.3,3.9,,,,,,,,,,,,,,,
Wales,,66.8,8.2,17.5,11.3,0.6,2.0,2.2,,,,,,,,,,,,,,,
Scotland,,44.9,4.9,16.3,7.4,0.5,1.9,2.0,,,,,,,,,,,,,,,
Great Britain,,76.9,11.0,19.7,17.6,0.9,2.2,3.5,,,,,,,,,,,,,,,
,,,,,,,,,,,,,,,,,,,,,,,
1 The calculation for the average daily flow is estimated by dividing the annual traffic estimate by the road length and the number of days in the year,,,,,,,,Source: DfT National Road Traffic Survey,,,,,,,,,,,,,,,
2 Includes trunk motorways and principal motorways,,,,,,,,Last updated: February 2012,,,,,,,,,,,,,,,
3 The estimates presented here were revised for the period from 2000 to 2010 in February 2012 to take into account the minor road benchmarking exercise. Further details are available at http://assets.dft.gov.uk/statistics/releases/traffic-estimates-2010-r,,,,,,,,,,,,,,,,,,,,,,,
Telephone: 020 7944 3095,,,,,,,,,,,,,,,,,,,,,,,
Email: roadtraff.stats@dft.gsi.gov.uk,,,,,,,,,,,,,,,,,,,,,,,
Notes & definitions (http://assets.dft.gov.uk/statistics/releases/traffic-estimates-2011/traffic-estimates-2011-notes.pdf),,,,,,,,,,,,,,,,,,,,,,,
The figures in this table are National Statistics.,,,,,,,,,,,,,,,,,,,,,,,
,,,,,,,,,,,,,,,,,,,,,,,
,,,,,,,,,,,,,,,,,,,,,,,
