Department for Transport statistics,,,,,,,,,,,,,,,,,,,,,,,,,
Traffic (http://www.dft.gov.uk/statistics/series/traffic),,,,,,,,,,,,,,,,,,,,,,,,,
Table TRA3105,,,,,,,,,,,,,,,,,,,,,,,,,
"Heavy goods vehicle traffic by axle configuration and road category in Great Britain, 2007",,,,,,,,,,,,,,,,,,,,,,,,,
,,,,,,,,,,,Per cent / billion vehicle miles/kilometres,,,,,,,,,,,,,,
,,Rigid (number of axles),,,,,Articulated (number of axles),,,,,,,,,,,,,,,,,,
Road category,,2,3,4 or more,Total,,3 or 4,5,6 or more,Total,All HGVs,,,,,,,,,,,,,,
Motorways,,29,26,26,28,,48,61,55,57,42,,,,,,,,,,,,,,
Rural 'A' roads:,,,,,,,,,,,,,,,,,,,,,,,,,
,Trunk,16,16,18,16,,22,23,25,24,20,,,,,,,,,,,,,,
,Principal,19,20,25,20,,17,11,12,12,16,,,,,,,,,,,,,,
,All rural 'A' roads,36,37,43,37,,39,33,37,35,36,,,,,,,,,,,,,,
Urban 'A' roads:,,,,,,,,,,,,,,,,,,,,,,,,,
,Trunk,1,1,2,1,,1,1,1,1,1,,,,,,,,,,,,,,
,Principal,13,11,14,13,,6,4,4,4,9,,,,,,,,,,,,,,
,All urban 'A' roads,14,13,16,14,,8,5,5,5,10,,,,,,,,,,,,,,
All major roads,,78,75,84,79,,94,99,97,97,88,,,,,,,,,,,,,,
Minor roads:,,,,,,,,,,,,,,,,,,,,,,,,,
Rural minor roads,,11,15,10,11,,4,1,2,2,7,,,,,,,,,,,,,,
Urban minor roads,,11,10,5,10,,3,0,1,1,6,,,,,,,,,,,,,,
All minor roads,,22,25,16,21,,6,1,3,3,12,,,,,,,,,,,,,,
All roads (billion vehicle miles),,6.8,1.2,1.1,9.2,,1.1,4.1,3.8,9.0,18.2,,,,,,,,,,,,,,
All roads (billion vehicle kilometres),,11.0,2.0,1.8,14.8,,1.8,6.6,6.1,14.5,29.3,,,,,,,,,,,,,,
,,,,,,,,,,,,,,,,,,,,,,,,,
1 The estimates presented here were revised for the period from 2000 to 2010 in February 2012 to take into account the minor road benchmarking exercise. Further details are available at http://assets.dft.gov.uk/statistics/releases/traffic-estimates-2010-r,,,,,,,,,,,,,,,,,,,,,,,,,
Telephone: 020 7944 3095,,,,,,,,,,,Source: DfT National Road Traffic Survey,,,,,,,,,,,,,,
Email: roadtraff.stats@dft.gsi.gov.uk,,,,,,,,,,,Last updated: February 2012,,,,,,,,,,,,,,
Notes & definitions (http://assets.dft.gov.uk/statistics/releases/traffic-estimates-2011/traffic-estimates-2011-notes.pdf),,,,,,,,,,,,,,,,,,,,,,,,,
The figures in this table are National Statistics.,,,,,,,,,,,,,,,,,,,,,,,,,
,,,,,,,,,,,,,,,,,,,,,,,,,
,,,,,,,,,,,,,,,,,,,,,,,,,
,,,,,,,,,,,,,,,,,,,,,,,,,
,,,,,,,,,,,




,,,,,,,,,,,
,,,,,,,,,,,
,,,,,,,,,,,
,,,,,,,,,,,
,,,,,,,,,,,
,,,,,,,,,,,
,,,,,,,,,,,
,,,,,,,,,,,
,,,,,,,,,,,
,,,,,,,,,,,
,,,,,,,,,,,
,,,,,,,,,,,
,,,,,,,,,,,
,,,,,,,,,,,
,,,,,,,,,,,
