Department for Transport statistics,,,,,,,,,,,,,,,
Traffic (http://www.dft.gov.uk/statistics/series/traffic),,,,,,,,,,,,,,,
Table TRA0306,,,,,,,,,,,,,,,
"Average traffic distribution by day of the week in Great Britain, 2011",,,,,,,,,,,,,,,
,,,,,,,,,,,,,,,Index: Average day = 100
,Motorways,,,,All rural major and minor roads,,,,All urban major and minor roads,,,,All roads,,
,Cars & taxis,Goods vehicles ,All motor vehicles,,Cars & taxis,Goods vehicles ,All motor vehicles,,Cars & taxis,Goods vehicles ,All motor vehicles,,Cars & taxis,Goods vehicles ,All motor vehicles
Monday,100,113,103,,100,116,102,,99,115,101,,100,114,102
Tuesday,98,126,104,,100,129,104,,104,126,106,,99,127,104
Wednesday,100,130,106,,102,131,106,,106,128,108,,102,130,106
Thursday,103,131,109,,105,132,108,,107,128,109,,104,131,109
Friday,113,118,114,,113,116,113,,108,121,110,,112,118,113
Saturday,92,46,83,,95,46,89,,96,52,92,,93,47,85
Sunday,94,35,82,,85,31,78,,79,29,75,,90,34,80
,,,,,,,,,,,,,,,
Telephone: 020 7944 3095,,,,,,,,,,,,,,,Source: DfT Automatic traffic counters
Email: roadtraff.stats@dft.gsi.gov.uk,,,,,,,,,,,,,,,Last updated: June 2012
Notes & definitions (http://assets.dft.gov.uk/statistics/releases/traffic-estimates-2011/traffic-estimates-2011-notes.pdf),,,,,,,,,,,,,,,Next update: June 2013
The figures in this table are not National Statistics.,,,,,,,,,,,,,,,
,,,,,,,,,,,,,,,
,,,,,,,,,,,,,,,


,,,,,,,,,,,,,,,
,,,,,,,,,,,,,,,
,,,,,,,,,,,,,,,
,,,,,,,,,,,,,,,
,,,,,,,,,,,,,,,
,,,,,,,,,,,,,,,
,,,,,,,,,,,,,,,
