Department for Transport statistics,,,,,,,,,,,,,,,,,,,,,
Traffic (http://www.dft.gov.uk/statistics/series/traffic),,,,,,,,,,,,,,,,,,,,,
Table TRA3203,,,,,,,,,,,,,,,,,,,,,
"Proportion of foreign registered vehicles in GB traffic by body type and road type in Great Britain, 2010",,,,,,,,,,,,,,,,,,,,,
,,,,,,,,Per cent,,,,,,,,,,,,,
Region,,Cars,Light vans 2,Heavy goods vehicles 2,Buses and coaches 2,All vehicles,Lower confidence interval1,Upper confidence interval1,,,,,,,,,,,,,
Motorway,,0.42,..,5.17,..,0.84,0.80,0.88,,,,,,,,,,,,,
'A' rural roads,,0.37,..,3.64,..,0.48,0.46,0.50,,,,,,,,,,,,,
'A' urban roads,,0.36,..,2.61,..,0.45,0.43,0.47,,,,,,,,,,,,,
All 'A' roads,,0.36,..,3.26,..,0.47,0.46,0.48,,,,,,,,,,,,,
Minor roads,,0.24,..,..,..,0.18,0.16,0.20,,,,,,,,,,,,,
All roads,,0.32,0.32,3.46,1.50,0.44,0.43,0.45,,,,,,,,,,,,,
,,,,,,,,,,,,,,,,,,,,,
Lower confidence interval1,,0.31,0.30,3.33,1.33,0.43,,,,,,,,,,,,,,,
Upper confidence interval1,,0.33,0.35,3.60,1.66,0.45,,,,,,,,,,,,,,,
,,,,,,,,,,,,,,,,,,,,,
1 At the 95% confidence level for the GB/all vehicles estimates,,,,,,,,,,,,,,,
"2 Sample sizes for Light vans, Buses and coaches and HGVs on minor roads too small to produce robust estimates at regional level",,,,,,,,Source: DfT Roadside Survey,,,,,,,
,,,,,,,,Last updated: June 2011,,,,,,,
Telephone: 020 7944 3077,,,,,,,,Next update: June 2012,,,,,,,
Email: vehicles.stats@dft.gsi.gov.uk,,,,,,,,,,,,,,,
Notes & definitions (http://assets.dft.gov.uk/statistics/releases/traffic-estimates-2011/foreign-registered-vehicle-estimates-2011-methodology.pdf),,,,,,,,,,,,,,,
The figures in this table are not National Statistics.,,,,,,,,,,,,,,,



,,,,,,,,,,,,,,,
,,,,,,,,,,,,,,,
,,,,,,,,,,,,,,,
,,,,,,,,,,,,,,,
,,,,,,,,,,,,,,,
,,,,,,,,,,,,,,,
,,,,,,,
,,,,,,,
,,,,,,,
,,,,,,,
