Department for Transport statistics,,,,,,,,,,,,,,,,,,,,,
Traffic (http://www.dft.gov.uk/statistics/series/traffic),,,,,,,,,,,,,,,,,,,,,
Table TRA3203,,,,,,,,,,,,,,,,,,,,,
"Proportion of foreign registered vehicles in GB traffic by body type and road type in Great Britain, 2008",,,,,,,,,,,,,,,,,,,,,
,,,,,,,,Per cent,,,,,,,,,,,,,
Region,,Cars,Light vans 2,Heavy goods vehicles 2,Buses and coaches 2,All vehicles,Lower confidence interval1,Upper confidence interval1,,,,,,,,,,,,,
Motorway,,0.30,..,4.13,..,0.81,0.79,0.84,,,,,,,,,,,,,
'A' rural roads,,0.27,..,2.53,..,0.47,0.45,0.49,,,,,,,,,,,,,
'A' urban roads,,0.32,..,1.98,..,0.41,0.39,0.43,,,,,,,,,,,,,
All 'A' roads,,0.29,..,2.32,..,0.45,0.44,0.46,,,,,,,,,,,,,
Minor roads,,0.11,..,..,..,0.11,0.09,0.13,,,,,,,,,,,,,
All roads,,0.25,0.32,2.96,1.26,0.40,0.39,0.41,,,,,,,,,,,,,
,,,,,,,,,,,,,,,,,,,,,
Lower confidence interval1,,0.24,0.29,2.87,1.10,0.39,,,,,,,,,,,,,,,
Upper confidence interval1,,0.26,0.35,3.05,1.42,0.41,,,,,,,,,,,,,,,
,,,,,,,,,,,,,,,,,,,,,
1 At the 95% confidence level for the GB/all vehicles estimates,,,,,,,,,,,,,,,
"2 Sample sizes for Light vans, Buses and coaches and HGVs on minor roads too small to produce robust estimates at regional level",,,,,,,,Source: DfT Roadside Survey,,,,,,,
NB This table has been revised since first publication. The revisions relate to how the individual site data are weighted.,,,,,,,,Last updated: June 2011,,,,,,,
Telephone: 020 7944 3077,,,,,,,,,,,,,,,
Email: vehicles.stats@dft.gsi.gov.uk,,,,,,,,,,,,,,,
Notes & definitions (http://assets.dft.gov.uk/statistics/releases/traffic-estimates-2011/foreign-registered-vehicle-estimates-2011-methodology.pdf),,,,,,,,,,,,,,,
The figures in this table are not National Statistics.,,,,,,,,,,,,,,,


,,,,,,,,,,,,,,,
,,,,,,,,,,,,,,,
,,,,,,,,,,,,,,,
