Department for Transport statistics,,,,,,,,,,,,,,,,,,,,,
Traffic (http://www.dft.gov.uk/statistics/series/traffic),,,,,,,,,,,,,,,,,,,,,
Table TRA3201,,,,,,,,,,,,,,,,,,,,,
"Proportion of foreign registered vehicles in traffic by vehicle type and region and country in Great Britain, 2010",,,,,,,,,,,,,,,,,,,,,
,,,,,,,,Per cent,,,,,,,,,,,,,
,,Cars,Light vans 2,Heavy goods vehicles,Buses and coaches 2,All vehicles,Lower confidence interval1,Upper confidence interval1,,,,,,,,,,,,,
North East,,0.18,..,2.41,..,0.30,0.28,0.33,,,,,,,,,,,,,
North West ,,0.28,..,2.76,..,0.38,0.35,0.42,,,,,,,,,,,,,
Yorkshire and the Humber,,0.18,..,2.98,..,0.43,0.39,0.47,,,,,,,,,,,,,
East Midlands,,0.18,..,3.78,..,0.37,0.34,0.41,,,,,,,,,,,,,
West Midlands,,0.18,..,3.03,..,0.29,0.26,0.32,,,,,,,,,,,,,
East of England,,0.27,..,5.23,..,0.46,0.43,0.50,,,,,,,,,,,,,
London,,0.38,..,2.23,..,0.43,0.40,0.47,,,,,,,,,,,,,
South East,,0.34,..,5.94,..,0.54,0.50,0.57,,,,,,,,,,,,,
South West,,0.37,..,2.82,..,0.41,0.38,0.44,,,,,,,,,,,,,
England,,0.27,..,3.79,..,0.42,0.41,0.43,,,,,,,,,,,,,
Wales,,0.34,..,2.94,..,0.46,0.42,0.50,,,,,,,
Scotland,,0.50,..,2.08,..,0.59,0.55,0.63,,,,,,,
Great Britain,,0.32,0.32,3.46,1.50,0.44,0.43,0.45,,,,,,,
,,,,,,,,,,,,,,,
Lower confidence interval (GB)1,,0.31,0.30,3.33,1.33,0.43,,,,,,,,,
Upper confidence interval (GB)1,,0.33,0.35,3.60,1.66,0.45,,,,,,,,,
,,,,,,,,,,,,,,,
1 At the 95% confidence level for the GB/all vehicles estimates,,,,,,,,Source: DfT Roadside Survey,,,,,,,
2 Sample sizes for Light vans and Buses and coaches too small to produce robust estimates at regional level,,,,,,,,Last updated: June 2011,,,,,,,
,,,,,,,,Next update: June 2012,,,,,,,
Telephone: 020 7944 3077,,,,,,,,,,,,,,,
Email: vehicles.stats@dft.gsi.gov.uk,,,,,,,,,,,,,,,
Notes & definitions (http://assets.dft.gov.uk/statistics/releases/traffic-estimates-2011/foreign-registered-vehicle-estimates-2011-methodology.pdf),,,,,,,,,,,,,,,
The figures in this table are not National Statistics.,,,,,,,,,,,,,,,
,,,,,,,,,,,,,,,
,,,,,,,,,,,,,,,


