Department for Transport statistics,,,,,,,,,,,,,,,,
Traffic (http://www.dft.gov.uk/statistics/series/traffic),,,,,,,,,,,,,,,,
Table TRA3107,,,,,,,,,,,,,,,,
"Time difference between HGVs and the vehicle in front in Great Britain, 2010",,,,,,,,,,,,,,,,
,,,,,Per cent,,,,,,,,,,,
Vehicle type,,Under 2 seconds,2 to 4 seconds,4 to 6 seconds,Over 6 seconds,,,,,,,,,,,
Rigid HGVs,,21,28,19,32,,,,,,,,,,,
Articulated HGVs,,,,,,,,,,,,,,,,
,3 or 4 axles,13,27,20,40,,,,,,,,,,,
,5 axles,12,27,20,41,,,,,,,,,,,
,6 or more axles,12,28,20,40,,,,,,,,,,,
All HGVs,,15,28,20,38,,,,,,,,,,,
,,,,,,,,,,,,,,,,
,,,,,Source: DfT Automatic Traffic Counters,,,,,,,,,,,
Telephone: 020 7944 3095,,,,,Last updated: June 2011,,,,,,,,,,,
Email: roadtraff.stats@dft.gsi.gov.uk,,,,,Next update: June 2012,,,,,,,,,,,
Notes & definitions (http://assets.dft.gov.uk/statistics/releases/traffic-estimates-2011/traffic-estimates-2011-notes.pdf),,,,,,,,
The figures in this table are not National Statistics.,,,,,,,,
,,,,,,,,
,,,,,,,,
,,,,,,,,




,,,,,,,,
,,,,,,,,
,,,,,,,,
,,,,,,,,
,,,,,,,,
,,,,,,,,
,,,,,,,,
,,,,,
,,,,,
,,,,,
,,,,,
,,,,,
,,,,,
,,,,,
,,,,,
