Department for Transport statistics,,,,,,,,,,,,,,
Traffic (http://www.dft.gov.uk/statistics/series/traffic),,,,,,,,,,,,,,
Table TRA3106,,,,,,,,,,,,,,
"Percentage of HGVs weighing 10 per cent over the legal maximum weight in Great Britain, 2009",,,,,,,,,,,,,,
,,,Tonnes / per cent,,,,,,,,,,,
Vehicle type,,UK maximum legal gross weight (tonnes),Percentage of vehicles exceeding the maximum by 10 per cent or more,,,,,,,,,,,
Rigid HGVs,,35,1.4,,,,,,,,,,,
Articulated HGVs,,,,,,,,,,,,,,
,3 or 4 axles,35/40,0.6,,,,,,,,,,,
,5 axles,40,2.3,,,,,,,,,,,
,6 or more axles,44,7.0,,,,,,,,,,,
,,,,,,,,,,,,,,
,,,Source: DfT Automatic Traffic Counters,,,,,,,,,,,
Telephone: 020 7944 3095,,,Last updated: June 2011,,,,,,,,,,,
Email: roadtraff.stats@dft.gsi.gov.uk,,,,,,,,,,,,,,
Notes & definitions (http://assets.dft.gov.uk/statistics/releases/traffic-estimates-2011/traffic-estimates-2011-notes.pdf),,,,,,,,,,,,,,
The figures in this table are not National Statistics.,,,
,,,
,,,
,,,




,,,
,,,
,,,
,,,
,,,
,,,
,,,
,,,
,,,
,,,
,,,
,,,
,,,
,,,
,,,
