Department for Transport statistics,,,,,,,,,,,,,,,,,,,,,,,,
Traffic (http://www.dft.gov.uk/statistics/series/traffic),,,,,,,,,,,,,,,,,,,,,,,,
Table TRA3105,,,,,,,,,,,,,,,,,,,,,,,,
"Heavy goods vehicle traffic by axle configuration and road category in Great Britain, 2011",,,,,,,,,,,,,,,,,,,,,,,,
,,,,,,,,,,,Per cent / billion vehicle miles/kilometres,,,,,,,,,,,,,
,,Rigid (number of axles),,,,,Articulated (number of axles),,,,,,,,,,,,,,,,,
Road category,,2,3,4 or more,Total,,3 or 4,5,6 or more,Total,All HGVs,,,,,,,,,,,,,
Motorways,,30,27,30,30,,41,58,60,57,44,,,,,,,,,,,,,
Rural 'A' roads:,,,,,,,,,,,,,,,,,,,,,,,,
,Trunk,17,16,18,17,,23,24,23,24,20,,,,,,,,,,,,,
,Principal,19,21,25,20,,20,12,10,12,16,,,,,,,,,,,,,
,All rural 'A' roads,36,38,43,37,,43,36,33,35,36,,,,,,,,,,,,,
Urban 'A' roads:,,,,,,,,,,,,,,,,,,,,,,,,
,Trunk,1,1,2,1,,1,1,1,1,1,,,,,,,,,,,,,
,Principal,14,13,14,14,,8,4,4,4,9,,,,,,,,,,,,,
,All urban 'A' roads,15,14,16,15,,9,5,5,5,10,,,,,,,,,,,,,
All major roads,,81,78,88,82,,93,99,98,98,90,,,,,,,,,,,,,
Minor roads:,,,,,,,,,,,,,,,,,,,,,,,,
Rural minor roads,,9,12,8,10,,5,1,1,2,6,,,,,,,,,,,,,
Urban minor roads,,10,10,4,9,,2,0,1,1,5,,,,,,,,,,,,,
All minor roads,,19,22,12,19,,7,1,2,2,10,,,,,,,,,,,,,
All roads (billion vehicle miles),,5.7,1.2,1.0,7.9,,0.7,3.0,4.3,8.0,15.9,,,,,,,,,,,,,
All roads (billion vehicle kilometres),,9.2,1.9,1.6,12.7,,1.1,4.9,6.9,12.9,25.6,,,,,,,,,,,,,
,,,,,,,,,,,,,,,,,,,,,,,,
1.The 2011 estimates presented here were revised in August 2012 to correct for omitted data for a small number of sections of the major road network in Scotland. Further details are avaliable at  http://dft.gov.uk/statistics/series/traffic/ 2011 Road Traf,,,,,,,,,,,Source: DfT National Road Traffic Survey,,,,,,,,,,,,,
Telephone: 020 7944 3095,,,,,,,,,,,Last updated: June 2012,,,,,,,,,,,,,
Email: roadtraff.stats@dft.gsi.gov.uk,,,,,,,,,,,Revised: August 2012,,,,,,,,,,,,,
Notes & definitions (http://assets.dft.gov.uk/statistics/releases/traffic-estimates-2011/traffic-estimates-2011-notes.pdf),,,,,,,,,,,Next update: June 2013,,,,,,,,,,,,,
The figures in this table are National Statistics.,,,,,,,,,,,,,,,,,,,,,,,,
,,,,,,,,,,,,,,,,,,,,,,,,
,,,,,,,,,,,,,,,,,,,,,,,,
,,,,,,,,,,,,,,,,,,,,,,,,
,,,,,,,,,,,




,,,,,,,,,,,
,,,,,,,,,,,
,,,,,,,,,,,
,,,,,,,,,,,
,,,,,,,,,,,
,,,,,,,,,,,
,,,,,,,,,,,
,,,,,,,,,,,
,,,,,,,,,,,
,,,,,,,,,,,
,,,,,,,,,,,
,,,,,,,,,,,
,,,,,,,,,,,
,,,,,,,,,,,
,,,,,,,,,,,
