Department for Transport Statistics,,,,,,,,,,,,,,,,
Domestic Waterborne Freight Statistics,,,,,,,,,,,,,,,,
Table dwf0101,,,,,,,,,,,,,,,,
"Waterborne transport within the United Kingdom, 2001 - 2011",,,,,,,,,,,,,,,,
,,,,,,,,,,,,,,,,
a) Goods lifted,,,,,,,,,,,       Million tonnes,,,,,
,2001,2002,2003,2004,2005,2006,2007,2008,2009,2010,2011,,,,,
UK inland waters traffic,,,,,,,,,,,,,,,,
   Non-seagoing traffic,,,,,,,,,,,,,,,,
      Internal,4.3,4.0,3.2,2.6,3.4,3.6,3.4,3.7,3.3,2.9,3.0,,,,,
   Seagoing traffic (by route),,,,,,,,,,,,,,,,
      Coastwise,8.8,6.8,7.4,7.2,8.6,8.5,8.0,7.7,6.6,6.0,6.4,,,,,
      Foreign,33.4,32.0,31.8,30.1,32.0,34.0,34.9,35.2,27.5,31.3,30.3,,,,,
      One-port,7.0,6.2,5.0,4.7,4.8,4.9,5.7,5.4,4.1,3.0,3.6,,,,,
Total,53.5,49.0,47.4,44.6,48.7,51.0,52.0,51.9,41.4,43.3,43.3,,,,,
Coastwise traffic between UK ports ,58.5,59.5,58.5,59.8,65.1,58.1,58.8,58.1,54.6,51.3,49.0,,,,,
One-port traffic of UK ports ,35.1,43.7,39.0,34.8,32.3,30.6,28.9,26.0,24.1,20.3,21.6,,,,,,
All traffic 1 ,131.3,139.1,132.5,127.2,132.8,126.3,125.9,123.0,109.5,105.8,103.9,,,,,,
,,,,,,,,,,,,,,,,,
b) Goods moved,,,,,,,,,,,         Billion tonne-kilometres,,,,,,
,2001,2002,2003,2004,2005,2006,2007,2008,2009,2010,2011,,,,,,
UK inland waters traffic,,,,,,,,,,,,,,,,,
   Non-seagoing traffic,,,,,,,,,,,,,,,,,
      Internal,0.2,0.2,0.2,0.2,0.2,0.2,0.1,0.2,0.1,0.1,0.1,,,,,,
   Seagoing traffic (by route),,,,,,,,,,,,,,,,,
      Coastwise,0.2,0.2,0.2,0.2,0.2,0.2,0.2,0.2,0.2,0.2,0.2,,,,,,
      Foreign,1.1,1.1,1.0,1.0,1.1,1.1,1.2,1.1,0.8,1.0,0.9,,,,,,
      One-port,0.3,0.3,0.2,0.2,0.2,0.2,0.2,0.2,0.2,0.1,0.1,,,,,,
Total,1.8,1.7,1.6,1.5,1.6,1.7,1.7,1.7,1.3,1.4,1.4 ,,,,,,
Coastwise traffic between UK ports 1,34,35,33,35,39,32,35,35,35,30,31.3,,,,,,
One-port traffic of UK ports 1,23.3,30.8,26.4,22.9,20.3,18.2,15.0,13.3,12.8,10.8,10.3,,,,,,
All traffic 1 ,58.8,67.2,60.9,59.4,60.9,51.8,50.8,49.7,48.6,41.9,43.0,,,,,,
1. The 'All traffic' figures in table 1(a) for all years and in table 1(b) from 2000 onwards are calculated by the addition of the totals for coastwise traffic and,,,,,,,,,,,
     one-port traffic together with the internal and foreign components of inland waters traffic. See Technical Notes for more details.,,,,,,,,,,,
Technical Note,,,,,,,,,,,
Telephone: 020 7944 2021,,,,,,,,,,,Source: DfT Port Statistics and Barge Survey
Email: maritime.stats@dft.gsi.gov.uk,,,,,,,,,,,Last updated: December 2012
,,,,,,,,,,,Next update: December 2013
The figures in this table are National Statistics,,,,,,,,,,,
,,,,,,,,,,,
,,,,,,,,,,,
,,,,,,,,,,,
,,,,,,,,,,,
