Department for Transport statistics,,,,,,,,,,,,,,,
Road Condition Statistics,,,,,,,,,,,,,,,
Table RDC0140,,,,,,,,,,,,,,,
Skidding resistance of principal roads in England,,,,,,,,,,,,,,,
,,,,,,,,,,,,,,,
,Average 2005/06 - 2007/08,,,,,Average 2008/09 - 2010/11,,,,,,,,,
Local authority type,Lane 1 Network length (km),"Length 
surveyed
(km)","Percent 
of network 
surveyed","Percent of 
survey length 
requiring further investigation",,Lane 1 Network length (km),"Length 
surveyed
(km)","Percent 
of network 
surveyed","Percent of 
survey length 
requiring further investigation",,,,,,
Counties," 18,952 "," 21,102 ",73, 23 ,," 36,872 "," 18,612 ",50, 23 ,,,,,,
Unitary Authorities," 7,180 "," 2,565 ",45, 27 ,," 8,451 "," 2,344 ",28, 25 ,,,,,,
Metropolitan Districts," 7,397 "," 2,897 ",31, 26 ,," 7,437 "," 2,066 ",28, 25 ,,,,,,
London Boroughs2," 3,439 "," 2,609 ",96, 40 ,," 3,441 "," 3,275 ",95, 39 ,,,,,,
"All local authorities2,3"," 55,920 "," 29,173 ",64, 25 ,," 56,200 "," 26,297 ",47, 25 ,,,,,,
,,,,,,,,,,,,,,,
"1. Results relate to lane 1 length of the principal road network, i.e. the near side lane. In deriving results for each local ",,,,,,,,,,,,,,,
"    authority type, the results reported by individual local authorities have been weighted by their road length.",,,,,,,,,,,,,,,
2. Includes roads managed by Transport for London.,,,,,,,,,,,,,,,
"3. In deriving the result for all local authorities, the results for each local authority type have been weighted by the principal ",,,,,,,,,,,,,,,
    road length for each local authority type.,,,,,,,,,,,,,,,
,,,,,,,,,,,,,,,
Telephone: 020 7944 5032,,,,,,,,,Source: Department for Transport based on,,,,,,
Email: roadmaintenance.stats@dft.gsi.gov.uk,,,,,,,,,returns from Local Highways Authorities,,,,,,
Notes and definitions,,,,,,,,,,,,,,,
Technical note,,,,,,,,,Last updated: 31 May 2012,,,,,,
,,,,,,,,,Next update: February 2013,,,,,,
This table is outside the scope of National Statistics.,,,,,,,,,,,,,,,
,,,,,,,,,,,,,,,





,,,,,,,,,,,,,,,
,,,,,,,,,,,,,,,
,,,,,,,,,,,,,,,
,,,,,,,,,,,,,,,
,,,,,,,,,,,,,,,
