Department for Transport statistics,,,,,,,,,,,,,,,
Road Condition Statistics,,,,,,,,,,,,,,,
Table RDC0130,,,,,,,,,,,,,,,
"Percentage of unclassified roads where maintenance should be considered. by local authority, England: 2006/07 to 2010/11",,,,,,,,,,,,,,,
,,,,,,,,,Percent ,,,,,,
"ONS Area 
Code",Region,Local Authority,"2010 Unclassified 
road length (km)2",2006/07,2007/08,2008/09,2009/10,2010/11,"Survey 
type",,,,,,
E06000047,North East,County Durham UA," 2,134 ",19,18,16,17,17,CVI,,,,,,
E06000005,North East,Darlington UA, 334 ,10,9,10,8,6,CVI,,,,,,
E06000001,North East,Hartlepool UA, 321 ,24,13,15,10,13,CVI,,,,,,
E06000002,North East,Middlesbrough UA, 421 ,9,7,10,7,9,CVI,,,,,,
E06000048,North East,Northumberland UA," 2,410 ",15,12,9,15,10,CVI,,,,,,
E06000003,North East,Redcar and Cleveland UA, 511 ,10,9,9,8,8,CVI,,,,,,
E06000004,North East,Stockton-on-Tees UA, 633 ,9,4,7,6,6,CVI,,,,,,
E08000020,North East,Gateshead, 680 ,8,5,9,8,8,CVI,,,,,,
E08000021,North East,Newcastle upon Tyne, 746 ,10,8,8,8,8,CVI,,,,,,
E08000022,North East,North Tyneside, 628 ,9,7,12,..,4,CVI,,,,,,
E08000023,North East,South Tyneside, 432 ,8,6,5,3,5,CVI,,
E08000024,North East,Sunderland, 915 ,6,5,6,5,6,CVI,,
E06000008,North West,Blackburn with Darwen UA, 412 ,11,9,13,13,..,..,,
E06000009,North West,Blackpool UA, 380 ,12,11,..,6,..,..,,
E10000004,North West,Cheshire1," 3,076 ",11,11,7,6,.,.,,
E06000049,North West,Cheshire East UA1," 1,675 ",.,.,.,..,8,CVI,,
E06000050,North West,Cheshire West and Chester UA1," 1,402 ",.,.,.,..,..,..,,
E06000006,North West,Halton UA, 440 ,8,8,8,11,17,CVI,,
E06000007,North West,Warrington UA, 737 ,9,13,8,25,11,CVI,,
E10000006,North West,Cumbria ," 4,056 ",17,17,14,15,14,CVI,,
E08000001,North West,Bolton, 776 ,22,20,43,38,33,CVI,,
E08000002,North West,Bury, 541 ,14,6,10,13,7,CVI,,
E08000003,North West,Manchester," 1,116 ",15,9,..,..,..,..,,
E08000004,North West,Oldham , 654 ,15,17,17,23,19,CVI,,
E08000005,North West,Rochdale, 619 ,13,8,9,15,15,CVI,,
E08000006,North West,Salford, 620 ,24,22,21,15,11,CVI,,
E08000007,North West,Stockport, 814 ,11,10,10,10,10,CVI,,
E08000008,North West,Tameside, 616 ,17,11,11,12,11,CVI,,
E08000009,North West,Trafford, 635 ,12,9,7,9,9,CVI,,
E08000010,North West,Wigan, 898 ,9,4,5,5,..,..,,
E10000017,North West,Lancashire ," 4,317 ",11,11,9,..,..,..,,
E08000011,North West,Knowsley , 444 ,10,9,9,..,..,..,,
E08000012,North West,Liverpool," 1,199 ",8,7,7,6,10,CVI,,
E08000014,North West,Sefton, 789 ,10,5,5,6,7,CVI,,
E08000013,North West,St. Helens, 570 ,10,6,6,5,..,..,,
E08000015,North West,Wirral, 964 ,7,4,..,6,5,CVI,,
E06000011,Yorkshire and the Humber,East Riding of Yorkshire UA," 1,784 ",15,20,18,16,13,CVI,,
E06000010,Yorkshire and the Humber,"Kingston upon Hull, City of UA", 611 ,11,14,..,..,6,CVI,,
E06000012,Yorkshire and the Humber,North East Lincolnshire UA, 440 ,24,15,13,8,18,CVI,,
E06000013,Yorkshire and the Humber,North Lincolnshire UA, 719 ,30,29,18,..,25,CVI,,
E06000014,Yorkshire and the Humber,York UA, 535 ,12,12,8,7,9,CVI,,
E10000023,Yorkshire and the Humber,North Yorkshire ," 4,778 ",14,15,12,18,18,CVI,,
E08000016,Yorkshire and the Humber,Barnsley, 802 ,21,28,26,33,29,CVI,,
E08000017,Yorkshire and the Humber,Doncaster," 1,145 ",19,17,18,19,21,CVI,,
E08000018,Yorkshire and the Humber,Rotherham , 796 ,9,10,11,13,14,CVI,,
E08000019,Yorkshire and the Humber,Sheffield," 1,471 ",..,44,56,42,41,CVI,,
E08000032,Yorkshire and the Humber,Bradford," 1,583 ",12,9,5,8,8,CVI,,
E08000033,Yorkshire and the Humber,Calderdale, 893 ,15,14,14,15,16,CVI,,
E08000034,Yorkshire and the Humber,Kirklees ," 1,441 ",..,..,..,..,23,CVI,,
E08000035,Yorkshire and the Humber,Leeds," 2,405 ",26,22,..,14,12,CVI,,
E08000036,Yorkshire and the Humber,Wakefield," 1,121 ",22,19,15,14,12,DVI,,
E06000015,East Midlands,Derby UA, 587 ,11,10,11,10,..,..,,
E06000016,East Midlands,Leicester UA, 688 ,10,14,20,19,21,CVI,,
E06000018,East Midlands,Nottingham UA, 656 ,19,19,17,18,16,CVI,,
E06000017,East Midlands,Rutland UA, 240 ,16,11,..,..,..,SCANNER,,
E10000007,East Midlands,Derbyshire ," 3,096 ",17,15,14,11,10,CVI,,
E10000018,East Midlands,Leicestershire ," 2,479 ",16,9,9,10,11,CVI,,
E10000019,East Midlands,Lincolnshire," 4,055 ",22,23,24,26,26,CVI,,
E10000021,East Midlands,Northamptonshire," 2,521 ",22,22,21,23,24,CVI,,
E10000024,East Midlands,Nottinghamshire ," 3,120 ",15,16,27,20,17,CVI,,
E06000019,West Midlands,"Herefordshire, County of UA"," 1,497 ",24,32,20,23,18,CVI,,
E06000051,West Midlands,Shropshire UA," 2,304 ",34,22,17,17,17,CVI,,
E06000021,West Midlands,Stoke-on-Trent UA, 714 ,10,6,5,6,7,DVI,,
E06000020,West Midlands,Telford and Wrekin UA, 638 ,16,17,16,16,19,CVI,,
E10000028,West Midlands,Staffordshire ," 3,657 ",15,15,10,8,..,..,,
E10000031,West Midlands,Warwickshire," 2,223 ",14,14,17,18,19,CVI,,
E08000025,West Midlands,Birmingham," 2,043 ",15,14,17,21,18,CVI,,
E08000026,West Midlands,Coventry, 693 ,28,25,25,22,24,DVI,,
E08000027,West Midlands,Dudley , 840 ,11,11,14,8,24,CVI,,
E08000028,West Midlands,Sandwell , 688 ,11,11,8,7,5,CVI,,
E08000029,West Midlands,Solihull, 620 ,14,12,16,16,10,CVI,,
E08000030,West Midlands,Walsall, 723 ,21,17,13,15,15,CVI,,
E08000031,West Midlands,Wolverhampton, 655 ,13,10,8,11,13,CVI,,
E10000034,West Midlands,Worcestershire ," 2,156 ",22,21,18,17,15,CVI,,
E10000001,East,Bedfordshire1," 1,360 ",10,10,8,.,.,.,,
E06000055,East,Bedford UA1, 526 ,.,.,.,12,6,CVI,,
E06000056,East,Central Bedfordshire UA1, 834 ,.,.,.,7,7,CVI,,
E06000032,East,Luton UA, 407 ,47,33,38,34,30,CVI,,
E06000031,East,Peterborough UA, 591 ,21,19,19,19,19,CVI,,
E06000033,East,Southend-on-Sea UA, 375 ,14,12,12,15,16,CVI,,
E06000034,East,Thurrock UA, 375 ,10,9,7,9,10,CVI,,
E10000003,East,Cambridgeshire ," 2,459 ",19,18,19,20,25,CVI,,
E10000012,East,Essex ," 5,006 ",15,14,8,12,15,CVI,,
E10000015,East,Hertfordshire," 3,164 ",14,12,13,13,17,CVI,,
E10000020,East,Norfolk," 5,055 ",32,32,35,27,28,CVI,,
E10000029,East,Suffolk," 3,605 ",25,27,27,26,27,CVI,,
E09000007,London,Camden, 229 ,7,8,12,11,..,..,,
E09000001,London,City of London, 37 ,..,7,..,..,..,..,,
E09000012,London,Hackney, 213 ,18,20,..,..,..,..,,
E09000013,London,Hammersmith and Fulham, 175 ,9,9,..,9,6,DVI,,
E09000014,London,Haringey, 279 ,9,21,14,15,18,CVI,,
E09000019,London,Islington, 183 ,13,13,..,..,..,..,,
E09000020,London,Kensington and Chelsea, 158 ,3,3,..,..,..,..,,
E09000022,London,Lambeth, 279 ,11,14,..,30,..,..,,
E09000023,London,Lewisham, 364 ,25,20,21,..,..,..,,
E09000025,London,Newham, 351 ,24,25,..,..,31,CVI,,
E09000028,London,Southwark, 283 ,8,10,15,..,11,CVI,,
E09000030,London,Tower Hamlets, 181 ,8,9,16,7,8,CVI,,
E09000032,London,Wandsworth, 361 ,6,7,7,6,..,..,,
E09000033,London,Westminster, 236 ,14,13,..,..,..,..,,
E09000002,London,Barking and Dagenham, 267 ,19,17,..,..,..,..,,
E09000003,London,Barnet, 637 ,9,10,15,23,17,CVI,,
E09000004,London,Bexley, 432 ,10,6,..,6,7,CVI,,
E09000005,London,Brent, 380 ,18,20,20,23,..,..,,
E09000006,London,Bromley, 719 ,17,16,16,16,20,CVI,,
E09000008,London,Croydon, 619 ,12,13,13,..,..,..,,
E09000009,London,Ealing, 508 ,5,6,6,6,6,DVI,,
E09000010,London,Enfield, 500 ,20,18,15,13,..,..,,
E09000011,London,Greenwich, 381 ,58,57,35,33,43,CVI,,
E09000015,London,Harrow, 412 ,12,12,18,13,13,CVI,,
E09000016,London,Havering, 495 ,22,22,..,..,..,..,,
E09000017,London,Hillingdon, 586 ,15,16,13,24,..,..,,
E09000018,London,Hounslow, 380 ,24,17,19,12,22,CVI,,
E09000021,London,Kingston upon Thames, 272 ,8,9,13,13,..,..,,
E09000024,London,Merton, 295 ,28,20,29,22,34,CVI,,
E09000026,London,Redbridge, 445 ,17,16,16,23,26,CVI,,
E09000027,London,Richmond upon Thames, 311 ,37,20,6,17,12,CVI,,
E09000029,London,Sutton, 357 ,16,13,13,..,..,..,,
E09000031,London,Waltham Forest, 337 ,18,18,46,..,32,CVI,,
E06000036,South East,Bracknell Forest UA, 319 ,24,26,27,27,18,CVI,,
E06000043,South East,Brighton and Hove UA, 494 ,5,5,5,7,6,CVI,,
E06000046,South East,Isle of Wight UA, 481 ,36,38,29,29,..,SCANNER,,
E06000035,South East,Medway UA, 650 ,28,21,..,..,..,CVI,,
E06000042,South East,Milton Keynes UA, 855 ,14,9,7,6,10,CVI,,
E06000044,South East,Portsmouth UA, 361 ,13,13,..,..,..,..,,
E06000038,South East,Reading UA, 288 ,9,7,..,..,..,..,,
E06000039,South East,Slough UA, 272 ,15,13,7,1,3,CVI,,
E06000045,South East,Southampton UA, 461 ,15,13,22,24,11,CVI,,
E06000037,South East,West Berkshire UA, 750 ,20,14,7,12,11,CVI,,
E06000040,South East,Windsor and Maidenhead UA, 422 ,28,29,..,..,..,..,,
E06000041,South East,Wokingham UA, 502 ,7,5,..,..,16,CVI,,
E10000002,South East,Buckinghamshire ," 1,753 ",4,8,10,13,25,CVI,,
E10000011,South East,East Sussex ," 1,893 ",13,12,9,11,15,CVI,,
E10000014,South East,Hampshire ," 5,323 ",12,11,11,11,12,CVI,,
E10000016,South East,Kent ," 5,617 ",19,18,20,19,17,CVI,,
E10000025,South East,Oxfordshire," 2,362 ",17,14,12,13,13,CVI,,
E10000030,South East,Surrey," 3,808 ",16,17,18,18,21,CVI,,
E10000032,South East,West Sussex," 2,260 ",15,13,10,8,9,CVI,,
E06000022,South West,Bath and North East Somerset UA, 566 ,5,6,8,12,15,CVI,,
E06000028,South West,Bournemouth UA, 426 ,10,2,1,6,9,CVI,,
E06000023,South West,"Bristol, City of UA", 911 ,7,6,6,5,3,CVI,,
E06000052,South West,Cornwall UA," 3,435 ",15,12,..,..,..,SCANNER,,
E06000053,South West,Isles of Scilly UA, 29 ,..,..,..,..,..,..,,
E06000024,South West,North Somerset UA, 698 ,9,8,..,10,10,CVI,,
E06000026,South West,Plymouth UA, 647 ,9,7,..,11,11,CVI,,
E06000029,South West,Poole UA, 394 ,4,2,2,3,3,CVI,,
E06000025,South West,South Gloucestershire UA, 923 ,12,7,5,9,13,CVI,,
E06000030,South West,Swindon UA, 656 ,5,8,13,19,9,CVI,,
E06000027,South West,Torbay UA, 417 ,12,5,4,6,11,CVI,,
E06000054,South West,Wiltshire UA," 2,037 ",7,5,5,6,8,CVI,,
E10000008,South West,Devon ," 6,686 ",16,12,9,6,..,SCANNER,,
E10000009,South West,Dorset ," 2,356 ",16,9,9,15,..,..,,
E10000013,South West,Gloucestershire ," 2,898 ",20,19,18,17,18,CVI,,
E10000027,South West,Somerset," 3,341 ",15,7,7,8,11,CVI,,
E92000001,England,," 181,603 ",16,15,15,15,16,,,,,,,
,,,,,,,,,,,,,,,
"1.  From 1 April 2009, the former counties of Cheshire and Bedfordshire were replaced by newly created Unitary Authorities. Cheshire was split into Cheshire East and",,,,,,,,,,,,,,,
    Cheshire West and Chester. Bedfordshire was split into Bedfordshire was split into Bedford and Central Bedford. Cheshire East and Cheshire West and Chester councils,,,,,,,,,,,,,,,
    provided pooled data for 2009/10.,,,,,,,,,,,,,,,
2. From Table RDL0202 Road lengths (kilometres) by road type and local authority in Great Britain: http://assets.dft.gov.uk/statistics/tables/rdl0202.xls,,,,,,,,,,,,,,,
,,,,,,,,,,,,,,,
Telephone: 020 7944 5032,,,,,,,,,,,,,,,
Email: roadmaintenance.stats@dft.gsi.gov.uk,,,,,,,,,Source: Department for Transport;,,,,,,
Notes and definitions,,,,,,,,,Audit Commission (2006/07 and 2007/08);,,,,,,
Technical note,,,,,,,,, County Surveyors' Society (2008/09); ADEPT (2009/10) and (2010/11),,,,,,
,,,,,,,,,,,,,,,
The figures in this table are National Statistics.,,,,,,,,,Last updated: 31 May 2012,,,,,,
,,,,,,,,,Next update: February 2013,,,,,,
,,,,,,,,,,,,,,,
,,,,,,,,,,,,,,,
,,,,,,,,
,,,,,,,,
,,,,,,,,
,,,,,,,,
,,,,,,,,
,,,,,,,,
,,,,,,,,
,,,,,,,,
,,,,,,,,
,,,,,,,,
