Department for Transport statistics,,,,,,,,,,,,,,,,
Road Condition Statistics,,,,,,,,,,,,,,,,
Table RDC0131,,,,,,,,,,,,,,,,
"Percentage of unclassified roads where maintenance should be considered, ",,,,,,,,,,,,,,,,
"by region, England: 2006/07 to 2010/11",,,,,,,,,,,,,,,,
,,,,,,Percent,,,,,,,,,,
Region,"Road length 2010
(km)",2006/07,2007/08,2008/09,2009/10R,2010/11,,,,,,,,,,
North East," 10,167 ", 15 , 12 , 13 ,11,10,,,,,,,,,,
North West," 24,674 ", 13 , 11 , 11 ,13,12,,,,,,,,,,
Yorkshire and the Humber," 20,525 ", 16 , 19 , 17 ,18,18,,,,,,,,,,
East Midlands," 17,441 ", 18 , 17 , 19 ,18,18,,,,,,,,,,
West Midlands," 19,449 ", 19 , 17 , 15 ,15,16,,,,,,,,,,
East," 22,396 ", 21 , 20 , 20 ,19,21,,,,,,,,,,
London," 11,661 ", 17 , 16 , 17 ,17,19,,,,,,,,,,
South East," 28,871 ", 15 , 14 , 14 ,14,15,,,,,,,,,,
South West," 26,419 ", 14 , 10 , 9 ,9,11,,,,,,,,,,
England," 181,603 ", 16 , 15 , 15 ,15,16,,,,,
,,,,,,,,,,,
Data for 2009/10 have been revised to correct for previous processing errors.,,,,,,,,,,,
,,,,,,,,,,,
Telephone: 020 7944 5032,,,,,,Source: Department for Transport;,,,,,
Email: roadmaintenance.stats@dft.gsi.gov.uk,,,,,,Audit Commission (2006/07 and 2007/08);,,,,,
Notes and definitions,,,,,, County Surveyors' Society (2008/09);,,,,,
Technical note,,,,,, ADEPT (2009/10) and (2010/11),,,,,
,,,,,,,,,,,
This table is outside the scope of National Statistics.,,,,,,Last updated: 31 May 2012,,,,,
,,,,,,Next update: February 2013,,,,,
,,,,,,,,,,,
,,,,,,,,,,,
,,,,,,,,,,,
,,,,,,,,,,,
,,,,,,,,,,,
,,
,,
,,
,,
,,
,,
,,
