Department for Transport statistics,,,,,,,,,,,
Road Condition Statistics,,,,,,,,,,,
Table RDC0201,,,,,,,,,,,
"Surface condition of trunk roads 1, 2, England: 2002 to 2011",,,,,,,,,,,
,,,,,Kilometres / Percent,,,,,,
,Lane 1 length of network (km),,"Percent of lane 1 
length surveyed",,"Percentage of lane 1 
length surveyed requiring 
further investigation3",,,,,,
Motorway,,,,,,,,,,,
2003," 5,756 ",, 96 ,, 6 ,,,,,,
2004," 5,752 ",, 96 ,, 6 ,,,,,,
2005 4," 5,756 ",, 99 ,, 5 ,,,,,,
2006," 5,775 ",, 97 ,, 5 ,,,,,,
2007," 5,806 ",, 99 ,, 6 ,,,,,,
2008," 5,806 ",, 97 ,, 6 ,,,,,,
2009," 5,827 ",, 98 ,, 5 ,,,,,,
2010," 5,823 ",, 99 ,, 4 ,,,,,,
2011," 5,846 ",, 99 ,, 4 ,,,,,,
Trunk 'A' roads,,,,,,,,
2003," 9,830 ",, 96 ,, 11 ,,,
2004," 9,150 ",, 96 ,, 10 ,,,
2005 4," 8,900 ",, 99 ,, 8 ,,,
2006," 8,629 ",, 98 ,, 7 ,,,
2007," 8,448 ",, 99 ,, 5 ,,,
2008," 8,448 ",, 97 ,, 5 ,,,
2009," 8,124 ",, 98 ,, 5 ,,,
2010," 8,038 ",, 99 ,, 4 ,,,
2011," 8,030 ",, 99 ,, 4 ,,,
1. Figures are provided by the Highways Agency and are based on surveys of surface condition ,,,,,,,,
    as at 1st April of the respective year. Figures include DBFO lengths.,,,,,,,,
"2. Figures were calculated on a new basis from 2004, when new condition thresholds",,,,,,,,
    determining which roads should be investigated were introduced. Details of the changes are  ,,,,,,,,
    provided in the Technical note (page 15).,,,,,,,,
3. The percentage of the network where the threshold for at least one aspect of condition has been ,,,,,,,,
"    exceeded. In deriving the percentage exceeding the threshold for trunk 'A' roads, ",,,,,,,,
    results for built-up/non built-up and single/dual carriageway have been weighted by their ,,,,,,,,
    lane 1 network length.,,,,,,,,
"4. From 2005, TRACS surveys in lane 1 take place twice a year, meaning that figures from ",,,,,,,,
    2005 onwards are based on more recent data than in earlier years. ,,,,,,,,
,,,,,,,,
Telephone: 020 7944 5032,,,,,Source: Highways Agency,,,
Email: roadmaintenance.stats@dft.gsi.gov.uk,,,,,,,,
Notes and definitions,,,,,Last updated: 31 May 2012,,,
Technical note,,,,,Next update: February 2013,,,
,,,,,,,,
This table is outside the scope of National Statistics,,,,,,,,


,,,,,,,,
