Department for Transport statistics,,,,,,,,,,,
Road Condition Statistics,,,,,,,,,,,
Table RDC0210,,,,,,,,,,,
"Skidding resistance of motorways and all-purpose trunk roads 1, 2, ",,,,,,,,,,,
England: 1999 to 2011,,,,,,,,,,,
,,,,,Kilometres / Percent,,,,,,
,Lane 1 length of network (km),,"Percent of lane 1 
length surveyed",,"Percentage of lane 1 
length surveyed requiring 
further investigation3",,,,,,
Motorways,,,,,,,,,,,
2003," 5,756 ",, 77 ,, 1 ,,,,,,
2004," 5,752 ",, 88 ,, 1 ,,,,,,
2005," 5,756 ",, 88 ,, 1 ,,,,,,
2006," 5,774 ",, 87 ,, 1 ,,,,,,
2007," 5,806 ",, 88 ,, 1 ,,,,,,
2008," 5,806 ",, 87 ,, 1 ,,,,,,
20092," 5,827 ",, 87 ,, 1 ,,,,,,
2010," 5,823 ",, 89 ,, 1 ,,,,,,
2011," 5,846 ",, 89 ,, 2 ,,
Trunk 'A' roads,,,,,,,
2003," 9,829 ",, 75 ,, 13 ,,
2004," 9,149 ",, 86 ,, 12 ,,
2005," 8,900 ",, 93 ,, 12 ,,
2006," 8,629 ",, 86 ,, 13 ,,
2007," 8,448 ",, 85 ,, 11 ,,
2008," 8,447 ",, 88 ,, 11 ,,
20092," 8,124 ",, 86 ,, 10 ,,
2010," 8,038 ",, 88 ,, 10 ,,
2011," 8,030 ",, 88 ,, 11 ,,
,,,,,,,
1.  Figures relate to road lengths surveyed in the year and in the previous two years by 1st April,,,,,,,
2.  An improved method of assessing road condition was introduced in 2009.,,,,,,,
,,,,,,,
Telephone: 020 7944 5032,,,,,Source: Highways Agency,,
Email: roadmaintenance.stats@dft.gsi.gov.uk,,,,,,
Notes and definitions,,,,,Last updated: 31 May 2012,
Technical note,,,,,Next update: February 2013,
,,,,,,
This table is outside the scope of National Statistics,,,,,,
