Department for Transport statistics,,,,,,,,,,,,,
Road Conditions,,,,,,,,,,,,,
Table RDC0120,,,,,,,,,,,,,
Single Data List items 130-01 and 130-021 (Former National Indicators 168 and 169),,,,,,,,,,,,,
"Principal and non-principal classified roads where maintenance should be considered, by local authority: England, 2006/07 to 2010/11",,,,,,,,,,,,,
,,,,,,,,,,,,,Percent
ONS Area,,,Principal (LA maintained 'A' roads),,,,,,Non-principal (LA maintained 'B' and 'C' roads),,,,
Code,Region,Local Authority,2006/072,2007/08,2008/09,2009/10,2010/113,,2006/072,2007/08,2008/09,2009/10,2010/113
E06000047,North East,County Durham UA,6,5,4,..,5,,14,14,10,..,9
E06000005,North East,Darlington UA,6,6,5,5,6,,35,16,15,13,11
E06000001,North East,Hartlepool UA,2,1,2,1,2,,10,4,11,11,11
E06000002,North East,Middlesbrough UA,4,4,1,1,1,,7,6,2,2,2
E06000048,North East,Northumberland UA,8,5,5,3,4,,9,7,7,7,11
E06000003,North East,Redcar and Cleveland UA,4,1,1,1,2,,8,2,2,2,4
E06000004,North East,Stockton-on-Tees UA,5,2,2,2,4,,7,4,3,3,4
E08000020,North East,Gateshead,4,4,2,3,..,,11,5,4,4,..
E08000021,North East,Newcastle upon Tyne,10,6,4,3,4,,16,4,3,3,3
E08000022,North East,North Tyneside,5,5,3,4,..,,12,11,4,5,..
E08000023,North East,South Tyneside,9,3,2,3,4,,16,6,5,6,7
E08000024,North East,Sunderland,5,2,1,2,3,,8,3,2,2,3
E06000008,North West,Blackburn with Darwen UA,..,4,4,4,4,,..,13,10,11,10
E06000009,North West,Blackpool UA,10,7,7,6,6,,9,4,7,4,5
E10000004,North West,Cheshire4,7,4,4,.,.,,20,6,6,.,.
E06000049,North West,Cheshire East UA4,.,.,.,5,5,,.,.,.,9,11
E06000050,North West,Cheshire West and Chester UA4,.,.,.,3,3,,.,.,.,5,12
E06000006,North West,Halton UA,2,1,1,1,1,,6,4,3,3,3
E06000007,North West,Warrington UA,7,5,2,4,6,,12,12,6,7,8
E10000006,North West,Cumbria ,7,4,5,6,6,,14,9,12,13,14
E08000001,North West,Bolton,16,5,4,6,..,,24,8,6,6,..
E08000002,North West,Bury,17,6,4,6,..,,23,9,6,7,..
E08000003,North West,Manchester,10,6,6,6,6,,13,6,6,5,6
E08000004,North West,Oldham ,37,11,8,8,14,,8,12,7,7,7
E08000005,North West,Rochdale,16,10,8,6,..,,21,11,8,6,..
E08000006,North West,Salford,15,6,5,8,..,,20,8,6,10,..
E08000007,North West,Stockport,11,5,4,4,5,,13,5,4,4,4
E08000008,North West,Tameside,11,6,5,6,..,,14,7,7,6,..
E08000009,North West,Trafford,15,9,8,6,9,,20,8,7,5,8
E08000010,North West,Wigan,14,5,4,3,3,,14,4,3,3,3
E10000017,North West,Lancashire ,5,3,3,3,..,,11,4,4,4,..
E08000011,North West,Knowsley ,3,1,1,2,..,,6,2,3,2,..
E08000012,North West,Liverpool,17,10,12,11,11,,13,13,7,6,7
E08000014,North West,Sefton,..,5,8,6,5,,..,5,7,5,5
E08000013,North West,St. Helens,21,8,5,5,..,,30,14,6,5,..
E08000015,North West,Wirral,17,4,4,4,..,,17,3,4,4,..
E06000011,Yorkshire and the Humber,East Riding of Yorkshire UA,..,4,5,4,4,,..,12,15,15,10
E06000010,Yorkshire and the Humber,"Kingston upon Hull, City of UA",10,6,9,7,5,,13,8,6,4,4
E06000012,Yorkshire and the Humber,North East Lincolnshire UA,8,7,4,3,3,,13,13,9,8,8
E06000013,Yorkshire and the Humber,North Lincolnshire UA,6,6,5,3,5,,18,14,13,11,18
E06000014,Yorkshire and the Humber,York UA,7,4,3,4,3,,9,10,9,6,5
E10000023,Yorkshire and the Humber,North Yorkshire ,4,3,4,5,..,,14,12,12,11,..
E08000016,Yorkshire and the Humber,Barnsley,9,5,5,5,..,,15,8,9,10,..
E08000017,Yorkshire and the Humber,Doncaster,4,2,2,3,4,,8,4,5,7,8
E08000018,Yorkshire and the Humber,Rotherham ,9,9,5,4,4,,14,14,8,7,9
E08000019,Yorkshire and the Humber,Sheffield,..,10,9,9,..,,..,13,15,15,..
E08000032,Yorkshire and the Humber,Bradford,8,3,3,5,5,,15,5,6,6,6
E08000033,Yorkshire and the Humber,Calderdale,10,6,6,4,2,,16,11,11,7,1
E08000034,Yorkshire and the Humber,Kirklees ,12,4,5,7,7,,25,7,9,8,9
E08000035,Yorkshire and the Humber,Leeds,9,6,5,5,5,,15,12,9,7,8
E08000036,Yorkshire and the Humber,Wakefield,5,2,3,3,..,,13,5,6,5,..
E06000015,East Midlands,Derby UA,13,7,4,8,..,,14,9,4,12,..
E06000016,East Midlands,Leicester UA,11,8,8,5,7,,11,7,8,5,8
E06000018,East Midlands,Nottingham UA,17,8,9,9,10,,17,5,6,4,5
E06000017,East Midlands,Rutland UA,3,1,1,3,..,,5,5,7,7,..
E10000007,East Midlands,Derbyshire ,7,4,4,3,5,,19,12,11,10,10
E10000018,East Midlands,Leicestershire ,3,2,2,2,2,,7,3,4,4,5
E10000019,East Midlands,Lincolnshire,3,2,3,4,3,,7,5,8,8,7
E10000021,East Midlands,Northamptonshire,6,3,4,4,5,,9,6,7,7,6
E10000024,East Midlands,Nottinghamshire ,2,3,2,2,2,,8,7,8,8,8
E06000019,West Midlands,"Herefordshire, County of UA",14,6,4,5,..,,21,11,11,9,..
E06000051,West Midlands,Shropshire UA,8,6,4,5,6,,18,12,8,8,12
E06000021,West Midlands,Stoke-on-Trent UA,11,5,5,4,7,,18,5,6,4,11
E06000020,West Midlands,Telford and Wrekin UA,2,1,1,1,..,,13,13,11,13,..
E10000028,West Midlands,Staffordshire ,7,5,4,5,4,,10,6,8,8,11
E10000031,West Midlands,Warwickshire,6,4,5,5,4,,7,3,5,5,5
E08000025,West Midlands,Birmingham,15,5,6,7,11,,14,5,6,6,6
E08000026,West Midlands,Coventry,9,4,4,3,3,,21,19,6,8,8
E08000027,West Midlands,Dudley ,18,8,8,8,8,,16,5,7,6,8
E08000028,West Midlands,Sandwell ,13,5,5,4,..,,15,4,5,5,..
E08000029,West Midlands,Solihull,12,..,5,3,4,,13,..,6,4,5
E08000030,West Midlands,Walsall,11,4,6,6,..,,12,5,5,4,..
E08000031,West Midlands,Wolverhampton,10,2,3,5,..,,9,2,5,5,..
E10000034,West Midlands,Worcestershire ,8,5,5,5,4,,20,11,8,8,7
E10000001,East,Bedfordshire4,5,3,2,.,.,,7,5,5,.,.
E06000055,East,Bedford UA4,.,.,.,3,4,,.,.,.,5,5
E06000056,East,Central Bedfordshire UA4,.,.,.,2,3,,.,.,.,5,4
E06000032,East,Luton UA,7,4,3,5,..,,8,4,5,6,..
E06000031,East,Peterborough UA,5,1,2,2,2,,10,4,5,6,7
E06000033,East,Southend-on-Sea UA,12,5,8,7,..,,15,5,6,7,..
E06000034,East,Thurrock UA,5,4,5,4,4,,7,3,4,5,5
E10000003,East,Cambridgeshire ,4,2,2,3,4,,12,4,5,7,7
E10000012,East,Essex ,6,4,5,6,3,,14,6,7,8,7
E10000015,East,Hertfordshire,8,4,6,6,8,,14,7,9,11,11
E10000020,East,Norfolk,3,3,3,3,4,,10,7,10,11,12
E10000029,East,Suffolk,5,4,4,4,..,,11,9,9,9,..
E09000007,London,Camden,31,11,16,17,17,,32,17,17,18,14
E09000001,London,City of London,..,8,13,14,..,,..,..,0.2,0.2,..
E09000012,London,Hackney,22,6,8,12,..,,21,7,11,15,..
E09000013,London,Hammersmith and Fulham,17,8,12,12,9,,19,8,11,11,9
E09000014,London,Haringey,21,9,9,13,11,,18,8,10,10,10
E09000019,London,Islington,25,9,13,13,..,,33,10,12,16,..
E09000020,London,Kensington and Chelsea,25,6,10,12,..,,15,5,5,6,..
E09000022,London,Lambeth,16,12,8,8,..,,17,5,8,12,..
E09000023,London,Lewisham,13,8,7,9,..,,15,7,8,7,..
E09000025,London,Newham,15,6,8,10,10,,33,13,21,25,20
E09000028,London,Southwark,17,5,10,11,..,,20,8,12,17,..
E09000030,London,Tower Hamlets,22,9,14,14,..,,32,12,14,23,..
E09000032,London,Wandsworth,13,5,9,8,..,,23,12,15,14,..
E09000033,London,Westminster,22,12,16,16,13,,22,9,10,9,9
E09000002,London,Barking and Dagenham,7,2,3,5,..,,6,2,4,5,..
E09000003,London,Barnet,9,3,3,5,..,,10,9,6,6,..
E09000004,London,Bexley,8,3,3,4,..,,6,2,3,3,..
E09000005,London,Brent,21,8,8,11,9,,21,10,9,9,7
E09000006,London,Bromley,7,2,3,4,3,,7,3,5,5,5
E09000008,London,Croydon,12,7,7,9,..,,13,5,6,7,..
E09000009,London,Ealing,9,9,8,7,..,,23,22,11,18,..
E09000010,London,Enfield,9,4,3,6,..,,9,4,6,7,..
E09000011,London,Greenwich,8,4,4,5,..,,11,4,8,8,..
E09000015,London,Harrow,10,4,6,7,..,,7,5,7,7,..
E09000016,London,Havering,6,2,3,4,..,,7,4,5,6,..
E09000017,London,Hillingdon,8,3,4,4,..,,10,5,6,6,..
E09000018,London,Hounslow,20,7,9,9,10,,19,7,8,9,8
E09000021,London,Kingston upon Thames,8,4,5,5,6,,10,4,8,6,6
E09000024,London,Merton,17,9,8,8,..,,13,5,6,5,..
E09000026,London,Redbridge,8,3,3,4,4,,6,4,6,7,6
E09000027,London,Richmond upon Thames,14,9,10,7,..,,24,12,14,13,..
E09000029,London,Sutton,10,6,7,7,..,,11,4,7,9,..
E09000031,London,Waltham Forest,13,6,6,8,7,,14,6,9,14,7
E06000036,South East,Bracknell Forest UA,11,8,6,6,..,,19,11,8,8,..
E06000043,South East,Brighton and Hove UA,17,11,8,11,..,,18,17,8,8,..
E06000046,South East,Isle of Wight UA,17,9,12,17,..,,29,10,15,20,..
E06000035,South East,Medway UA,8,5,5,4,5,,13,10,11,11,12
E06000042,South East,Milton Keynes UA,3,2,3,2,..,,13,10,8,7,..
E06000044,South East,Portsmouth UA,16,12,4,4,4,,15,8,5,5,3
E06000038,South East,Reading UA,10,7,9,14,14,,13,6,8,8,8
E06000039,South East,Slough UA,10,5,9,10,6,,13,8,8,8,9
E06000045,South East,Southampton UA,23,15,10,8,..,,20,9,8,7,..
E06000037,South East,West Berkshire UA,7,5,6,5,..,,9,7,9,9,..
E06000040,South East,Windsor and Maidenhead UA,3,17,10,11,..,,4,19,11,11,..
E06000041,South East,Wokingham UA,5,3,7,6,..,,8,4,5,7,..
E10000002,South East,Buckinghamshire ,8,5,6,7,7,,15,7,10,10,10
E10000011,South East,East Sussex ,13,14,13,10,10,,54,15,13,10,10
E10000014,South East,Hampshire ,8,7,8,5,6,,16,9,10,11,10
E10000016,South East,Kent ,6,6,7,6,..,,10,11,12,14,..
E10000025,South East,Oxfordshire,7,4,4,5,4,,15,8,8,9,10
E10000030,South East,Surrey,12,5,7,8,..,,15,6,8,9,..
E10000032,South East,West Sussex,5,3,1,2,3,,20,8,7,7,7
E06000022,South West,Bath and North East Somerset UA,10,11,6,6,6,,22,15,18,18,13
E06000028,South West,Bournemouth UA,8,4,5,6,6,,12,5,7,9,9
E06000023,South West,"Bristol, City of UA",11,5,6,7,..,,11,3,7,8,..
E06000052,South West,Cornwall UA,3,1,2,3,2,,7,4,4,9,11
E06000053,South West,Isles of Scilly UA5,.,.,.,.,.,,.,.,.,.,.
E06000024,South West,North Somerset UA,7,3,4,4,5,,11,7,9,12,12
E06000026,South West,Plymouth UA,8,3,5,6,..,,11,3,5,7,..
E06000029,South West,Poole UA,6,4,4,4,..,,10,4,4,4,..
E06000025,South West,South Gloucestershire UA,5,3,4,3,3,,9,8,10,10,10
E06000030,South West,Swindon UA,3,2,1,2,2,,6,4,5,4,4
E06000027,South West,Torbay UA,7,4,4,9,4,,14,7,9,13,13
E06000054,South West,Wiltshire UA,8,4,6,6,6,,7,4,6,8,7
E10000008,South West,Devon ,6,4,4,5,4,,15,10,10,14,14
E10000009,South West,Dorset ,4,5,6,4,5,,7,8,8,8,9
E10000013,South West,Gloucestershire ,10,4,3,3,4,,15,10,9,9,9
E10000027,South West,Somerset,6,3,4,5,..,,8,6,10,12,..

1. The figures have been collected from Local Highway Authorities. From 2010/11 the National Indicator set was replaced by the Single Data List. Single Data List items 130-01 and 130-02 correspond to former ,,,,,,,,,,,,,
    National Indicators 168 and 169 which were collected between 2008/09 and 2009/10. Prior to 2008/09 the data were collected as part of the Best Value Performance indicators (BV223 and BV224a respectively). ,,,,,,,,,,,,,
    Further information on the Single Data List can be found at www.communities.gov.uk/localgovernment/decentralisation/tacklingburdens/singledatalist/.,,,,,,,,,,,,,
2. The figures for 2006/07 are not comparable with those for subsequent years since they are based on older definitions.,,,,,,,,,,,,,
3. 2010/11 was the first year these figures ceased to be National Indicators. There was a lower response rate for that year and these figures should not be taken to be representative of all English Local Highway ,,,,,,,,,,,,,
    Authorities.,,,,,,,,,,,,,
"4. From 1 April 2009, the former counties of Cheshire and Bedfordshire were replaced by newly created Unitary Authorities. Cheshire was split into Cheshire East and Cheshire West and Chester. Bedfordshire was",,,,,,,,,,,,,
    split into Bedford and Central Bedfordshire. ,,,,,,,,,,,,,
5. National Indicators on road conditions are not applicable for these authorities.,,,,,,,,,,,,,

Telephone: 020 7944 5032,,,,,,,,,,,,,Source: DfT based on returns from Local Highway Authorities
Email: roadmaintenance.stats@dft.gsi.gov.uk,,,,,,,,,,,,,
Notes and definitions,,,,,,,,,,,,,Last updated: 30 July 2012
Technical note,,,,,,,,,,,,,Next update: 31 May 2012

These statistics are outside the scope of National Statistics.,,,,,,,,,,,,,
