Department for Transport Statistics,,,,,
Domestic Waterborne Freight Statistics,,,,,
Table dwf0209,,,,,
"Inland waters traffic, by UK standard class of waterway and authority, 2011",,,,,
,,,,,
Goods moved,,,,,Million tonne-kilometres
UK Standard 1 Definition,,,,Authority,
Class,Draught (m),Barge deadweight capacity (tonnes),British Waterways,Other Authorities,Total
A,>9.0,,0.060,0.828,0.888
B,4.5 - 9.0,,0.144,0.338,0.482
C,3.0 - 4.4,,0.000,0.018,0.018
D,<3.0,551 - 850,0.018,0.000,0.018
E,<3.0,351 - 550,0.000,0.005,0.005
F,<3.0,151 - 350,0.001,0.000,0.001
G,<3.0, 50 - 150,0.000,0.004,0.004
Sheltered water,,,0.000,0.012,0.012
Total,,,0.221,1.206,1.427,
1. See Technical Notes for full definition.,,,,,,
Technical Note,,,,,,
Telephone: 020 7944 2021,,,,,Source: DfT Port Statistics and Barge Survey,
Email: maritime.stats@dft.gsi.gov.uk,,,,,Last updated: December 2012,
,,,,,Next update: December 2013,
The figures in this table are National Statistics,,,,,,
