Department for Transport statistics,,,,,,,,,,,,,,,,,,,,,
Domestic Waterborne Freight Statistics,,,,,,,,,,,,,,,,,,,,,
Table dwf0206,,,,,,,,,,,,,,,,,,,,,
"Internal inland waters traffic, by cargo category and area, 2011",,,,,,,,,,,,,,,,,,,,,
,,,,,,,,,,,,,,,,,,,,,
a)  Goods lifted,,,,,Million tonnes,,,,,,,,,,,,,,,,
Region,Liquid bulk,Dry bulk,Unitised traffic,General cargo,Total,,,,,,,,,,,,,,,,
Thames and Kent,0.12,1.77,-,0.13,2.02,,,,,,,,,,,,,,,,
Sussex and Hampshire,-,-,-,-,-,,,,,,,,,,,,,,,,
West Country,-,-,-,-,-,,,,,,,,,,,,,,,,
Bristol Channel,-,0.24,-,-,0.24,,,,,,,,,,,,,,,,
West and North Wales,-,-,-,-,-,,,,,,,,,,,,,,,,
Lancashire and Cumbria,0.19,0.22,0.13,-,0.55,,,,,,,,,,,,,,,,
Scotland West Coast,-,-,-,-,-,,,,,,,,,,,,,,,,
Scotland East Coast,-,-,-,-,-,,,,,,,,,,,,,,,,
North East,-,-,-,-,-,,,,,,,,,,,,,,,,
Humber,0.45,0.21,-,-,0.66,,,,,,,,,,,,,,,,
Wash and North East Anglia,-,-,-,-,-,,,,,,,,,,,,,,,,
Haven,-,-,-,-,-,,,,,,,,,,,,,,,,
Total,0.77,2.45,0.13,0.13,3.48,,,,,,,,,,,,,,,,
,,,,,,,,,,,,,,,,,,,,,
b)  Goods moved,,,,,Billion tonne-kilometres,,,,,,,,,,,,,,,,
Region,Liquid bulk,Dry bulk,Unitised traffic,General cargo,Total,,,,,,,,,,,,,,,,
Thames and Kent,-,0.07,-,-,0.08,,,,,,,,,,,,,,,,
Sussex and Hampshire,-,-,-,-,-,,,,,,,,,,,,,,,,
West Country,-,-,-,-,-,,,,,,,,,,,,,,,,
Bristol Channel,-,-,-,-,-,,,,,,,,,,,,,,,,
West and North Wales,-,-,-,-,-,,,,,,,,,,,,,,,,
Lancashire and Cumbria,0.01,0.01,0.01,-,0.02,,,,,,,,,,,,,,,,
Scotland West Coast,-,-,-,-,-,,,,,,,,,,,,,,,,
Scotland East Coast,-,-,-,-,-,,,,,,,,,,,,,,,,
North East,-,-,-,-,-,,,,,,,,,,,,,,,,
Humber,0.03,0.01,-,-,0.04,,,,,,,,,,,,,,,,
Wash and North East Anglia,-,-,-,-,-,,,,,,,,,,,,,,,,
Haven,-,-,-,-,-,,,,,,,,,,,,,,,,
Total,0.03,0.10,0.01,-,0.14,,,,,,,,,,,,,,,,
Technical Note,,,,,,,,,,,,,,,,,,,,,
Telephone: 020 7944 2021,,,,,Source: DfT Port Statistics and Barge Survey,,,,,,,,,,,,,,,,
Email: maritime.stats@dft.gsi.gov.uk,,,,,Last updated: December 2012,,,,,,,,,,,,,,,,
,,,,,Next update: December 2013,,,,,,,,,,,,,,,,
The figures in this table are National Statistics,,,,,,,,,,,,,,,,,,,,,
,,,,,,,,,,,,,,,,,,,,,
,,,,,,,,,,,,,,,,,,,,,
