Department for Transport Statistics,,,,
Domestic Waterborne Freight Statistics,,,,
Table dwf0210,,,,
"Inland waters traffic, by ECMT1 class of waterway and authority, 2011",,,,
,,,,
Goods moved,,,,Million tonne-kilometres
            ECMT Standard,,Authority,,
Class,Deadweight capacity (tonnes),British Waterways,Other Authorities,Total
0,50 - 249,0.000,0.000,0.000
1,250 - 399,0.001,0.016,0.017
2,400 - 649,0.018,0.000,0.018
3,650 - 999,0.000,0.000,0.000
4,1000 - 1499,0.000,0.011,0.011
5,1500 - 2999,0.014,0.013,0.027
6,3000+,0.189,1.165,1.354
Total (0-6),,0.221,1.206,1.427
 1  ECMT:  European Conference of Ministers of Transport.  This is a definition of waterways categories used in Europe.,,,,
Technical Note,,,,
Telephone: 020 7944 2021,,,,Source: DfT Port Statistics and Barge Survey
Email: maritime.stats@dft.gsi.gov.uk,,,,Last updated: December 2012
,,,,Next update: December 2013
The figures in this table are National Statistics,,,,
