Department for Transport Statistics,,,,,,,,,,,,,,,
Domestic Waterborne Freight Statistics,,,,,,,,,,,,,,,
Table dwf0201,,,,,,,,,,,,,,,
"Inland waters traffic, by area, 2011",,,,,,,,,,,,,,,
,,,,,,,,,,,,,,,
a)  Goods lifted,,,,,Million tonnes,,,,,,,,,,
,Non-seagoing,,,,,,,,,,,,,,
,traffic,Seagoing traffic route,,,,,,,,,,,,,
,,,,,,,,,,,,,,,
Region,Internal,Coastwise,Foreign,One-port,Total traffic,,,,,,,,,,
Thames and Kent,2.02,1.45,11.99,3.41,18.88,,,,,,,,,,
Sussex and Hampshire,-,-,-,-,-,,,,,,,,,,
West Country,-,-,0.02,-,0.03,,,,,,,,,,
Bristol Channel,0.24,0.59,0.13,0.04,1.00,,,,,,,,,,
West and North Wales,-,-,-,-,-,,,,,,,,,,
Lancashire and Cumbria,0.55,1.20,3.99,-,5.73,,,,,,,,,,
Scotland West Coast,-,1.25,1.30,0.01,2.56,,,,,,,,,,
Scotland East Coast,-,1.49,6.64,-,8.14,,,,,,,,,,
North East,-,-,-,-,-,,,,,,,,,,
Humber,0.66,0.08,4.05,-,4.78,,,,,,,,,,
Wash and North East Anglia,-,-,0.05,-,0.05,,,,,,,,,,
Haven,-,0.39,2.14,0.15,2.69,,,,,,,,,,
Total,3.48,6.44,30.33,3.61,43.86,,,,,,,,,,
,,,,,,,,,,,,,,,
b)  Goods moved,,,,,Billion tonne-kilometres,,,,,,,,,,
,Non-seagoing,,,,,,,,,,,,,,
,traffic,Seagoing traffic route,,,,,,,,,,,,,
Region,Internal,Coastwise,Foreign,One-port,Total traffic,,,,,,,,,,
Thames and Kent,0.08,0.05,0.38,0.14,0.65,,,,,,,,,,
Sussex and Hampshire,-,-,-,-,-,,,,,,,,,,
West Country,-,-,-,-,-,,,,,,,,,,
Bristol Channel,-,0.02,0.01,-,0.03,,,,,,,,,,
West and North Wales,-,-,-,-,-,,,,,,,,,,
Lancashire and Cumbria,0.02,0.03,0.12,-,0.17,,,,,,,,,,
Scotland West Coast,-,0.05,0.05,-,0.10,,,,,,,,,,
Scotland East Coast,-,0.03,0.14,-,0.18,,,,,,,,,,
North East,-,-,-,-,-,,,,,,,,,,
Humber,0.04,-,0.20,-,0.25,,,,,,,,,,
Wash and North East Anglia,-,-,-,-,-,,,,,,,,,,
Haven,-,0.01,0.04,-,0.05,,,,,,,,,,
Total,0.14,0.19,0.94,0.15,1.43,,,,,,,,,,
Technical Note,,,,,,,,,,,,,,,
Telephone: 020 7944 2021,,,,,Source: DfT Port Statistics and Barge Survey,,,,,,,,,,
Email: maritime.stats@dft.gsi.gov.uk,,,,,Last updated: December 2012,,,,,,,,,,
,,,,,Next update: December 2013,,,,,,,,,,
The figures in this table are National Statistics,,,,,,,,,,,,,,,
