Department for Transport Statistics,,,,,,,,,,,,,,
Domestic Waterborne Freight Statistics,,,,,,,,,,,,,,
Table dwf0501,,,,,,,,,,,,,,
"Coastwise and one-port oil traffic vessel employment, by flag, 2011",,,,,,,,,,,,,,
,,,,,,,,,,,,,,
a) Goods moved,,,,,,,Million tonnes,,,,,,,
Flag,Coastwise dry cargo,,Flag,Coastwise tanker,,Flag,One-port oil,,,,,,,
Bahamas,4.36,,Bahamas,9.85,,Bahamas,3.47,,,,,,,
United Kingdom,3.91,,Liberia,2.88,,Isle of Man,1.36,,,,,,,
Cyprus,2.12,,Isle of Man,2.87,,Norway,0.97,,,,,,,
Netherlands,2.00,,Denmark (DIS)1,2.26,,Norway (NIS)2,0.43,,,,,,,
Malta,1.77,,Norway (NIS)2,1.46,,Norway,0.12,,,,,,,
Antigua & Barbuda,1.17,,Greece,1.13,,Singapore,0.10,,,,,,,
Isle of Man,1.07,,"Hong Kong, China",1.11,,Marshall Islands,0.05,,,,,,,
Gibraltar,0.81,,United Kingdom,1.06,,Malta,0.03,,,,,,,
,,,,,,,,,,,,,,
Others,2.88,,Others,6.58,,Others,0.08,,,,,
Total,20.11,,Total,29.20,,Total,6.61,,,,,
,,,,,,,,,,,,
b)  Goods lifted,,,,,,,Billion tonne-kilometres,,,,,
Flag,Coastwise dry cargo,,Flag,Coastwise tanker 3,,Flag,One-port oil,,,,,
Bahamas,1.48,,Bahamas,8.77,,Bahamas,3.52,,,,,
United Kingdom,1.18,,Isle of Man,2.85,,Isle of Man,1.36,,,,,
Netherlands,0.96,,Liberia,2.71,,United Kingdom,0.99,,,,,
Antigua & Barbuda,0.67,,Norway (NIS),1.34,,Norway (NIS)2,0.47,,,,,
Malta,0.61,,Greece,1.29,,Norway,0.14,,,,,
Cyprus,0.57,,"Hong Kong, China",1.02,,Singapore,0.10,,,,,
Gibraltar,0.55,,Denmark (DIS),0.76,,Marshall Islands,0.05,,,,,
Isle of Man,0.31,,United Kingdom,0.63,,Malta,0.03,,,,,
,,,,,,,,,,,,
Others,1.69,,Others,4.12,,Others,0.08,,,,,
Total,8.02,,Total,23.51,,Total,6.74,,,,,
1. Danish International Ship Register,,,,,,,
2. Norwegian International Ship Register,,,,,,,
"3. UK flagged vessels moved a total of 0.540 billion tonne kilometres in coastwise tanker movements, ranking them 10th in the list.",,,,,,,
Technical Note,,,,,,,
Telephone: 020 7944 2021,,,,,,,Source: DfT Port Statistics
Email: maritime.stats@dft.gsi.gov.uk,,,,,,,Last updated: December 2012
,,,,,,,Next update: December 2013
The figures in this table are National Statistics,,,,,,,
