Department for Transport statistics ,,,,,,,,,,
National Travel Survey,,,,,,,,,,
,,,,,,,,,,
Table NTS0316,,,,,,,,,,
"Number of flights abroad in the last 12 months: Great Britain, 2006 to 2010",,,,,,,,,,
,,,,,,,,,,
,,,,,Percentage/number,,,,,
Number of flights abroad,2006,2007,2008,2009,2010,,,,,
None,53,54,53,54,56,,,,,
One,24,24,25,25,24,,,,,
Two,11,11,11,11,11,,,,,
Three,5,5,5,5,4,,,,,
Four or more,6,6,6,6,6,,,,,
All ,100,100,100,100,100,,,,,
Unweighted sample size:,,,,,,,,,,
   individuals,"22,123","21,907","21,152","21,791","20,811",,,,,
,,,,,
Telephone: 020 7944 3097,,,,,Source: National Travel Survey
Email: national.travelsurvey@dft.gsi.gov.uk,,,,,Last updated: 28 July 2011
Notes & definitions,,,,,Next update: July 2012
,,,,,
The figures in this table are National Statistics,,,,,
