Department for Transport statistics,,,,,,,,,,
National Travel Survey,,,,,,,,,,
,,,,,,,,,,
Table NTS0908,,,,,,,,,,
"Where vehicle parked overnight by area type: Great Britain, 2010",,,,,,,,,,
,,,,,,,,,,
,,,,,,,,,Percentage/number,
,London Boroughs,Metropolitan built-up areas,Large urban (over 250k population),Medium urban (25k to 250k population),Small/ medium urban (10k to 25k population),Small urban (3k to 10k population),Rural,,All areas,
Garage,11,12,12,14,15,16,19,,14,
Private property (not garaged),50,56,56,58,62,62,67,,59,
Street,37,29,29,25,21,18,11,,24,
Other,2,2,2,3,2,4,3,,3,
Not near home,1,1,1,0,0,0,0,,0,
Total,100,100,100,100,100,100,100,,100,
Unweighted sample size:,,,,,,,,,,
  vehicles, 890 ," 1,299 "," 1,462 "," 2,952 ", 794 , 984 ," 2,191 ",," 10,572 ",
,London Boroughs,Metropolitan built-up areas,Large urban,Medium urban,Small/ medium urban,Small urban,Rural,,All areas
Telephone: 020 7944 3097,,,,,,,,,Source: National Travel Survey
Email: national.travelsurvey@dft.gsi.gov.uk,,,,,,,,,Last updated: 28 July 2011
Notes & definitions,,,,,,,,,Next update: July 2012

The figures in this table are National Statistics,,,,,,,,,
