Department for Transport statistics,,,,,,,,,,,
National Travel Survey,,,,,,,,,,,
,,,,,,,,,,,
Table NTS0605,,,,,,,,,,,
"Average distance travelled by age, gender and mode: Great Britain, 2010",,,,,,,,,,,
,,,,,,,,,,,
,,,,,,,,,,Miles/number/thousands,
,,,Miles per person per year,,,,,,,,
Mode,All ages,,<17,17-20,21-29,30-39,40-49,50-59,60-69,70+,
All people:,,,,,,,,,,,
Walk ,179,,195,226,209,198,177,172,149,112,
Bicycle,42,,23,52,49,61,68,55,28,9,
Car/van driver,"3,416",,3,"1,573","3,390","5,253","6,003","5,716","3,925","1,767",
Car/van passenger,"1,840",,"3,274","1,880","1,512","1,354","1,443","1,466","1,683","1,258",
Other private transport1,169,,277,113,81,139,159,169,148,160,
Local and non-local buses,370,,296,796,536,322,247,216,464,435,
Rail2,579,,164,799,962,"1,028",712,612,492,164
Taxi/minicab,54,,48,76,78,63,55,36,42,50
Other public transport3,77,,12,85,120,84,131,101,67,51
All modes,"6,726",,"4,292","5,600","6,938","8,501","8,996","8,543","6,998","4,007"
Unweighted sample size:,,,,,,,,,,
   individuals,"19,072",,"4,098",862,"1,733","2,380","2,843","2,278","2,487","2,391"
   stages ('000s),369,,71,16,35,54,65,48,47,33
Males:,,,,,,,,,,
Walk ,176,,192,208,199,187,166,166,156,133
Bicycle,66,,36,78,65,95,111,89,41,19
Car/van driver,"4,457",,5,"1,482","3,858","6,372","7,933","7,468","5,881","3,024"
Car/van passenger,"1,370",,"3,219","1,629","1,228",873,776,691,713,620
Other private transport1,204,,285,112,94,201,238,237,195,134
Local and non-local buses,335,,280,651,570,346,193,207,341,357
Rail2,672,,150,792,937,"1,370",843,708,591,222
Taxi/minicab,56,,62,64,64,65,56,34,45,57
Other public transport3,89,,15,21,206,55,153,108,109,45
All modes,"7,426",,"4,243","5,037","7,222","9,563","10,468","9,709","8,072","4,609"
Unweighted sample size:,,,,,,,,,,
   individuals,"9,232",,"2,097",432,798,"1,099","1,399","1,139","1,186","1,082"
   stages ('000s),175,,35,7,15,23,30,24,23,17
Females:,,,,,,,,,,
Walk ,181,,197,244,220,209,188,177,142,96
Bicycle,19,,10,24,34,27,27,23,16,2
Car/van driver,"2,411",,1,"1,668","2,919","4,150","4,124","4,015","2,082",811
Car/van passenger,"2,293",,"3,331","2,142","1,798","1,828","2,093","2,218","2,597","1,743"
Other private transport1,135,,269,114,68,78,83,102,103,181
Local and non-local buses,403,,313,947,502,299,300,224,580,494
Rail2,490,,179,806,987,690,584,519,399,121
Taxi/minicab,53,,34,87,92,61,54,39,40,45
Other public transport3,66,,10,152,33,112,109,95,27,56
All modes,"6,051",,"4,344","6,185","6,652","7,454","7,563","7,412","5,986","3,549"
Unweighted sample size:,,,,,,,,,,
   individuals,"9,840",,"2,001",430,935,"1,281","1,444","1,139","1,301","1,309"
   stages ('000s),194,,35,9,20,31,35,24,23,16
,,,,,,,,,,
1 Motorcycles and private hire bus (including school buses).,,,,,,,,,,
2 Surface rail and London underground.,,,,,,,,,,
"3 Air, ferries and light rail.",,,,,,,,,,
,,,,,,,,,,
"Note: 'Other private' and 'other public' are based on a small number of stages per year, so results fluctuate year to year and should be treated with caution. ",,,,,,,,,,

Telephone: 020 7944 3097,,,,,,,,,,Source: National Travel Survey
Email: national.travelsurvey@dft.gsi.gov.uk,,,,,,,,,,Last updated: 28 July 2011
Notes & definitions,,,,,,,,,,Next update: July 2012
,,,,,,,,,,
The figures in this table are National Statistics,,,,,,,,,,
