Department for Transport statistics,,,,,,,,,,,
National Travel Survey,,,,,,,,,,,
,,,,,,,,,,,
Table NTS0619,,,,,,,,,,,
"Take-up of concessionary travel schemes by area type: Great Britain, 1998/00 to 2010",,,,,,,,,,,
,,,,,,,,,,,
,,,,,,,,,,,Percentage/number
,Percentage of eligible1 pensioners2 holding concessionary passes,,,,,,,,,,"Unweighted sample size (individuals, 2010)"
Area type of residence,1998/003,20023,2003,2004,2005,2006,2007, 2008 , 2009 ,2010,
London Boroughs,78,88,83,83,84,85,85,91,88,90,470
Metropolitan built-up areas,72,74,74,71,70,79,82,84,81,84,732
Large urban (over 250k population),46,61,58,59,56,61,68,74,79,79,665
Medium urban (25k to 250k population),44,53,55,51,54,59,68,75,76,77,"1,399"
Small/medium urban (10k to 25k population),39,55,53,53,55,58,66,72,76,79,446
Small urban (3k to 10k population),36,51,48,46,46,57,62,68,71,82,498
Rural ,29,34,33,36,34,48,49,56,63,66,945
All areas,49,58,57,56,56,63,68,73,76,78,"5,155"
,,,,,,,,,,,
1  There have been various changes to the eligibility criteria over the period shown:,,,,,,,,,,,
Time Period,Eligibility criteria for concessionary travel schemes,,,,,,,,,,
Up to 31 March 20033,"Men aged 65+, women aged 60+",,,,,,,,,,
1 April 2003 - 5 April 2010,Men and women aged 60+,,,,,,,,,,
6 April 2010 onwards,"In England, men and women over the equivalent pensionable age for women4",,,,,,,,,,
,In Scotland & Wales the criteria remained men and women aged 60+,,,,,,,,,,
,,,,,,,,,,,
"2  Those eligible by age, rather than disability.",,,,,,,,,,,
"3  Prior to 1 June 2001 (England), 1 April 2002 (Wales) and 30 September 2002 (Scotland) concessionary travel schemes",,,,,,,,,,,
were not a statutory requirement for all local authorities.,,,,,,,,,,,
"4  Pension age changes in England, DirectGov:",,,,,,,,,,,
http://www.direct.gov.uk/en/Pensionsandretirementplanning/StatePension/DG_4017919,,,,,,,,,,,
,,,,,,,,,,,
Telephone: 020 7944 3097,,,,,,,,,,,Source: National Travel Survey
Email: national.travelsurvey@dft.gsi.gov.uk,,,,,,,,,,,Last updated: 28 July 2011
Notes & definitions,,,,,,,,,,,Next update: July 2012

The figures in this table are National Statistics,,,,,,,,,,,
