Department for Transport statistics ,,,,,,,,,,,,
National Travel Survey,,,,,,,,,,,,
,,,,,,,,,,,,
Table NTS0304,,,,,,,,,,,,
"Average number of stages travelled by mode: Great Britain, 1995/1997 to 2010",,,,,,,,,,,,

,,,,,,,,,,,Stages/number/thousands,
,Stages per person per year,,,,,,,,,,,
Mode,1995/97,1998/00,2002,2003,2004,2005,2006,2007,2008,2009,2010,
Private:,,,,,,,,,,,,
Walk1,389,366,305,309,314,312,321,286,292,302,286,
Bicycle,19,17,17,16,16,15,17,14,17,16,15,
Car/van driver,424,440,438,428,426,439,433,412,414,398,408,
Car/van passenger,239,244,242,235,233,240,232,222,232,221,218,
Motorcycle,4,4,4,4,3,4,3,3,4,3,3,
Other private2,9,8,9,9,9,9,8,8,9,9,8,
Public:,,,,,,,,,,,,
Bus in London,16,15,19,18,19,20,20,21,22,23,27,
Other local bus,55,53,52,54,51,49,52,51,51,52,49,
Non-local bus,2,2,1,1,1,1,1,1,1,1,1,
London Underground ,10,11,12,11,11,11,12,12,13,13,12,
Surface rail,12,14,14,15,17,17,17,18,19,17,20,
Taxi/minicab,12,14,14,13,12,13,12,13,12,12,11,
Other public3,2,3,2,4,3,4,4,3,3,3,3,
All modes,"1,192","1,193","1,129","1,119","1,116","1,134","1,133","1,066","1,088","1,070","1,061",
Unweighted sample size:,,,,,,,,,,,,
   individuals,"22,861","21,868","16,886","19,467","19,199","19,904","19,490 ","19,735","18,983"," 19,914 ","19,072",
   stages ('000s),510,475,349,397,392,409,400 ,384,372, 391 ,369,
,,,,,,,,,,,,
1 There is an apparent under-recording of short walks in 2002 and 2003 and short trips in 2007 and 2008 compared to other years.,,,,,,,,,,,,
2 Mostly private hire bus (including school buses).,,,,,,,,,,,,
"3 Air, ferries and light rail.",,,,,,,,,,,,

Telephone: 020 7944 3097,,,,,,,,,,,Source: National Travel Survey
Email: national.travelsurvey@dft.gsi.gov.uk,,,,,,,,,,,Last updated: 28 July 2011
Notes & definitions,,,,,,,,,,,Next update: July 2012

The figures in this table are National Statistics,,,,,,,,,,,
