Department for Transport statistics ,,,,,,,,,,,,,,
National Travel Survey,,,,,,,,,,,,,,

Table NTS0309,,,,,,,,,,,,,,
"Average distance travelled by trip length and mode: Great Britain, 2010",,,,,,,,,,,,,,
,,,,,,,,,,,,,,
,,,,,,,,,,Miles/thousands,,,,
,Miles per person per year,,,,,,,,,,,,,
Mode,Under 1 mile,1 to under 2 miles,2 to under 5 miles,5 to under 10 miles,10 to under 25 miles,25 to under 50 miles,50 to under 100 miles,100 miles and over,All    lengths,Unweighted sample size (stages '000s),,,,
Private:,,,,,,,,,,,,,,
Walk ,56,62,38,10,7,3,1,1,179,100,,,,
Bicycle,1,5,16,10,7,1,-,-,42,5,,,,
Car/van driver,12,77,404,584,944,588,384,423,"3,416",141,,,,
Car/van passenger,7,46,217,280,425,281,253,331,"1,840",78,,,,
Motorcycle,-,-,3,5,9,5,5,3,30,1,,,,
Other private1,-,1,6,11,25,19,25,51,138,3,,,,
Public:,,,,,,,,,,,,,,
Bus in London,-,6,30,26,16,1,1,-,81,9,,,,
Other local bus,1,9,64,69,63,14,5,2,226,17,,,,
Non-local bus,0,-,-,-,1,5,14,43,63,0.2,,,,
London Underground,-,-,6,20,35,7,3,2,73,4,,,,
Surface rail,0,-,5,19,99,124,101,158,506,6,,,,
Taxi/minicab,-,3,13,10,12,5,5,7,54,4,,,,
Other public2,-,-,3,5,6,1,1,63,77,1,,,,
All modes,78,209,804,"1,049","1,649","1,054",798,"1,085","6,726",369,,,,
,,,,,,,,,,,,,,
,,,,,,,,Cumulative percentage,,,,,,
Mode,Under 1 mile,Under 2 miles,Under 5 miles,Under 10 miles,Under 25 miles,Under 50 miles,Under 100 miles,All        lengths,,,,,,
Private:,,,,,,,,,,,,,,
Walk ,31,66,88,93,97,99,100,100,,,,,,
Bicycle,2,15,54,78,96,99,100,100,,,,,,
Car/van driver,-,3,14,32,59,76,88,100,,,,,,
Car/van passenger,-,3,15,30,53,68,82,100,,
Motorcycle,-,1,10,25,54,72,89,100,,
Other private1,-,1,5,13,31,45,63,100,,
Public:,,,,,,,,,,
Bus in London,1,8,45,77,97,99,100,100,,
Other local bus,-,4,32,63,91,97,99,100,,
Non-local bus,0,-,-,-,2,10,32,100,,
London Underground,-,-,8,36,83,93,97,100,,
Surface rail,0,-,1,5,24,49,69,100,,
Taxi/ minicab,1,5,29,47,69,78,86,100,,
Other public2,-,-,4,10,17,18,19,100,,
All modes,1,4,16,32,56,72,84,100,,
,,,,,,,,,,
1 Mostly private hire bus (including school buses).,,,,,,,,,,
"2 Air, ferries, light rail.",,,,,,,,,,

Telephone: 020 7944 3097,,,,,,,,Source: National Travel Survey
Email: national.travelsurvey@dft.gsi.gov.uk,,,,,,,,Last updated: 28 July 2011
Notes & definitions,,,,,,,,Next update: July 2012
,,,,,,,,
The figures in this table are National Statistics,,,,,,,,
