Department for Transport statistics ,,,,,,
National Travel Survey,,,,,,
,,,,,,
Table NTS0105,,,,,,
"Average distance travelled by selected private modes - index: Great Britain, 1995/97 to 2010",,,,,,
,,,,,,
,,,,,Index: 1995/97=100/number,
Year1,Walk,Bicycle,Car/van driver,Car/van passenger,Unweighted sample size (individuals),
1995/97,100,100,100,100," 22,861 ",
1996/98,100,94,102,101," 21,980 ",
1997/99,99,96,101,101," 21,285 ",
1998/00,100,93,103,100," 21,868 ",
1999/01,99,95,102,101," 23,004 ",
2000/02,99,89,102,101," 32,920 ",
2002,99,84,101,102," 16,886 ",
2003,101,87,101,101," 19,467 ",
2004,102,90,101,98," 19,199 ",,
2005,99,84,102,99," 19,904 ",,
2006,101,91,101,98," 19,490 ",,
2007,96,94,100,96," 19,735 ",,
2008,97,98,96,95," 18,983 ",,
2009,99,106,92,95," 19,914 ",,
2010,90,99,94,88," 19,072 ",,
,,,,,,,
1 Data prior to 2002 is based on a 3 year rolling average of annual results. This differs from other NTS tables.,,,,,,,
,,,,,,,
Telephone: 020 7944 3097,,,,,Source: National Travel Survey,,
Email: national.travelsurvey@dft.gsi.gov.uk,,,,,Last updated: 28 July 2011,,
Notes & definitions,,,,,Next update: July 2012,,

The figures in this table are National Statistics,,,,,,,
