Department for Transport statistics,,,,,,
National Travel Survey,,,,,,

Table NTS0708,,,,,,
"Travel by National Statistics Socio-economic Classification (NS-SEC) and main mode/mode: Great Britain, 2010",,,,,,
,,,,,,
,,,,,,Trips/miles/number/thousands
,NS-SEC,,,,,
,Managerial and professional occupations,Intermediate occupations,Routine and manual occupations,Never worked and long-term unemployed,Not Classified1,All individuals aged 16+
Trips per person per year by main mode:,,,,,,
Walk,191,173,200,243,221,196
Bicycle,16,9,15,16,21,15
Car/van driver,667,547,434,125,282,500
Car/van passenger,126,156,156,123,186,148
Other private transport2,6,8,11,9,12,9
Local and non-local buses,38,54,85,116,133,70
Rail3,47,29,13,17,54,31
Other public transport4,11,10,14,20,19,13
All modes,"1,103",988,928,669,929,982
Distance per person per year by mode:,,,,,,
Walk,181,150,167,207,224,176
Bicycle,59,33,45,27,55,47
Car/van driver,"6,701","4,118","2,967",731,"2,540","4,220"
Car/van passenger,"1,515","1,570","1,429",940,"1,791","1,491"
Other private transport2,141,134,153,71,215,147
Local and non-local buses,249,319,435,605,791,395
Rail3,"1,172",595,252,348,971,681
Other public transport4,224,174,76,76,157,149
All modes,"10,241","7,094","5,524","3,004","6,745","7,305"
Unweighted sample size:,,,,,,
   individuals aged 16+,"4,961","2,946","5,276",755,"1,269","15,207"
   trips ('000s),100,53,89,9,22,274
   stages ('000s),112,58,95,10,26,302
,,,,,,
1 Most of the people in the 'not classifed' category are full-time students.,,,,,,
2 Motorcycle and other private (mostly private hire bus).,,,,,,
3 Surface rail and London underground.,,,,,,
"4 Taxi/minicab and other public (air, ferries and light rail).",,,,,,

Telephone: 020 7944 3097,,,,,,Source: National Travel Survey
Email: national.travelsurvey@dft.gsi.gov.uk,,,,,,Last updated: 28 July 2011
Notes & definitions,,,,,,Next update: July 2012
,,,,,,
The figures in this table are National Statistics,,,,,,
