Department for Transport statistics ,,,,
National Travel Survey,,,,

Table NTS0108,,,,
"Average distance travelled by selected public transport modes - index: London residents, 1995/97 to 2010",,,,

,,,,Index: 1995/97=100/number
Year1,Bus in London,London Underground,Surface rail,Unweighted sample size (individuals)
1995/97,100,100,100,"2,807"
1996/98,93,97,83,"2,645"
1997/99,98,101,92,"2,510"
1998/00,101,109,96,"2,604"
1999/01,106,112,110,"2,740"
2000/02,111,124,101,"3,783"
2002,125,138,87,"1,845"
2003,138,115,103,"2,375"
2004,133,112,123,"2,264"
2005,154,117,124,"2,169"
2006,143,133,118,"2,253"
2007,152,128,122,"2,494"
2008,155,132,106,"2,255"
2009,159,135,113,"2,514"
2010,180,120,120,"2,458"

1 Data prior to 2002 is based on a 3 year rolling average of annual results. This differs from other NTS tables.,,,,
"2 Bicycle distance is based on a small number of stages per year (around 600), so results should be treated with caution. ",,,,

Telephone: 020 7944 3097,,,,Source: National Travel Survey
Email: national.travelsurvey@dft.gsi.gov.uk,,,,Last updated: 28 July 2011
Notes & definitions,,,,Next update: July 2012

The figures in this table are National Statistics,,,,
