Department for Transport statistics,,,,,,,,
National Travel Survey,,,,,,,,
,,,,,,,,
Table NTS0625,,,,,,,,
Proportion of children who have been involved in a road accident:,,,,,,,,
"Great Britain, 2010",,,,,,,,
,,,,,,,,
,,,,,,,Percentage/number,
,Any road accident,,,Injury accident,,,,
,In last 3 years,In last 12 months,,In last 3 years,In last 12 months,,Unweighted sample size (children under 16),
All children (aged under 16),5.8,3.2,,1.4,0.7,," 4,076 ",

Telephone: 020 7944 3097,,,,,,,Source: National Travel Survey,
Email: national.travelsurvey@dft.gsi.gov.uk,,,,,,,Last updated: 28 July 2011,
Notes & definitions,,,,,,,Next update: July 2012,
,,,,,,,,
The figures in this table are National Statistics,,,,,,,
