Department for Transport statistics,,,,
National Travel Survey,,,,
,,,,
Table NTS0906,,,,
"Car occupancy by trip purpose: Great Britain, 2010",,,,
,,,,
,,,Number/percentage/thousands,
,Vehicle occupancy (car/van),,,
Purpose1,Average occupancy,Single occupancy rate,Unweighted sample size (stages '000s),
Commuting,1.2,86,32,
Business,1.2,86,8,
Education,2.0,36,8,
Shopping,1.7,50,33,
Personal business,1.4,68,15,
Leisure2,1.7,53,29,
Holiday/day trip,2.0,40,6,
Other including just walk,2.0,35,10,
Total,1.6,61,141,
,,,,
"1 Each purpose includes the appropriate escort purpose.  For example, education includes escort education.",,,,
"2 Visit friends at home and elsewhere, entertainment and sport.",,,,
,,,,
Telephone: 020 7944 3097,,,Source: National Travel Survey,
Email: national.travelsurvey@dft.gsi.gov.uk,,,Last updated: 28 July 2011,
Notes & definitions,,,Next update: July 2012,

The figures in this table are National Statistics,,,,
