Department for Transport statistics,,,,,,,
National Travel Survey,,,,,,,
,,,,,,,
Table NTS0704,,,,,,,
"Adult personal car availability by household income quintile: Great Britain, 2010",,,,,,,
,,,,,,,
,,,,,,,Percentage/number
,,Persons in households with a car/van,,,,,
Real income level,Persons in households without a car/van,Main     driver,Other      driver,Non        driver,All,All          persons,Unweighted sample size (individuals aged 17+)
Lowest real income level,41,35,8,15,59,100,"3,010"
Second level,30,44,10,16,70,100,"3,055"
Third level,15,55,15,15,85,100,"3,607"
Fourth level,9,65,14,11,91,100,"3,469"
Highest real income level,7,75,12,6,93,100,"3,244"
All income levels,20,56,12,13,80,100,"16,385"
Unweighted sample size:,,,,,,,
   individuals aged 17+,"3,026","9,337","2,010","2,012","13,359","16,385",
,,,,,,,
Telephone: 020 7944 3097,,,,,,,Source: National Travel Survey
Email: national.travelsurvey@dft.gsi.gov.uk,,,,,,,Last updated: 28 July 2011
Notes & definitions,,,,,,,Next update: July 2012
,,,,,,,
The figures in this table are National Statistics,,,,,,,
