Department for Transport statistics ,,,,,,,,,,,
National Travel Survey,,,,,,,,,,,
,,,,,,,,,,,
Table NTS0303,,,,,,,,,,,
"Average number of trips (trip rates) by main mode: Great Britain, 1995/97 to 2010",,,,,,,,,,,
,,,,,,,,,,,
,,,,,,,,,,,Trips/number/thousands
,Trips per person per year,,,,,,,,,,
Main Mode,1995/97,1998/00,2002,2003,2004,2005,2006,2007,2008,2009,2010
Private:,,,,,,,,,,,
Walk1,292,271,244,246,246,245,249,216,221,228,210
Bicycle,18,17,16,15,16,14,16,14,16,15,15
Car/van driver,425,434,435,425,422,435,430,408,410,395,405
Car/van passenger,239,238,239,232,229,236,228,218,227,217,213
Motorcycle,4,4,4,4,3,4,3,3,4,3,3
Other private2,9,8,9,8,8,9,8,8,9,9,8
Public:,,,,,,,,,,,
Bus in London,13,13,15,15,16,16,16,17,18,19,21
Other local bus,53,50,49,51,48,46,49,48,47,49,46
Non-local bus,2,2,1,1,1,1,1,1,1,1,1
London underground,7,8,9,8,7,7,8,8,9,9,8
Surface rail,12,13,13,14,16,16,16,17,18,16,19
Taxi/minicab,11,13,12,12,11,12,10,11,11,11,10
Other public3,1,2,2,3,2,3,3,2,2,2,2
All modes,"1,086","1,071","1,047","1,034","1,026","1,044","1,037",972,992,973,960
Unweighted sample size:,,,,,,,,,,,
   individuals,"22,861","21,868","16,886","19,467","19,199","19,904","19,490","19,735","18,983","19,914","19,072"
   trips ('000s),461,432,326,370,364,379,369,353,342,359,336
,,,,,,,,,,,
1 There is an apparent under-recording of short walks in 2002 and 2003 and short trips in 2007 and 2008 compared to other years.,,,,,,,,,,,
2 Mostly private hire bus (including school buses).,,,,,,,,,,,
"3 Air, ferries and light rail.",,,,,,,,,,,
,,,,,,,,,,,
Telephone: 020 7944 3097,,,,,,,,,,,Source: National Travel Survey
Email: national.travelsurvey@dft.gsi.gov.uk,,,,,,,,,,,Last updated: 28 July 2011
Notes & definitions,,,,,,,,,,,Next update: July 2012
,,,,,,,,,,,
The figures in this table are National Statistics,,,,,,,,,,,
,,,,,,,,,,,
,,,,,,,,,,,
,,,,,,,,,,,
,,,,,,,,,,,
,,,,,,,,,,,
,,,,,,,,,,,
