Department for Transport statistics ,,,,,,,,,,,,,,
National Travel Survey,,,,,,,,,,,,,,
,,,,,,,,,,,,,,
Table NTS0306,,,,,,,,,,,,,,
"Average trip length by main mode: Great Britain, 1995/97 to 2010",,,,,,,,,,,,,,
,,,,,,,,,,,,,,
,,,,,,,,,,,Miles/number/thousands,,,
,Average trip length (miles),,,,,,,,,,,,,
Mode,1995/97,1998/00,2002,2003,2004,2005,2006,2007,2008,2009,2010,,,
Private:,,,,,,,,,,,,,,
Walk 1,0.6,0.6,0.7,0.7,0.7,0.7,0.7,0.7,0.7,0.7,0.7,,,
Bicycle,2.3,2.3,2.2,2.3,2.4,2.4,2.4,2.8,2.6,2.9,2.8,,,
Car/van driver,8.5,8.6,8.4,8.6,8.7,8.4,8.5,8.9,8.5,8.4,8.4,,,
Car/van passenger,8.7,8.7,8.8,9.0,8.9,8.7,8.9,9.1,8.7,9.1,8.6,,,
Motorcycle,8.9,9.2,9.7,10.6,11.8,9.9,11.3,10.7,10.4,12.4,10.7,,,
Other private2,16.0,18.3,17.0,19.9,18.7,17.9,15.3,14.5,12.8,16.9,17.8,,,
Public:,,,,,,,,,,,
Bus in London,3.2,3.4,3.6,3.8,3.5,3.8,3.7,3.7,3.7,3.6,3.5
Other local bus,4.3,4.4,4.6,4.5,4.6,4.6,4.8,5.0,5.1,4.9,4.9
Non-local bus,59.8,60.3,85.9,92.4,96.9,95.8,93.8,71.5,83.3,96.9,102.3
London underground,7.9,7.7,8.5,8.3,8.8,8.5,8.6,8.0,7.6,8.3,8.4
Surface rail,30.8,33.8,35.7,31.0,29.5,32.3,31.8,32.8,31.0,31.7,30.4
Taxi/minicab,3.8,4.5,4.4,4.1,4.1,4.7,4.6,4.3,4.4,4.7,4.7
Other public3,60.0,26.1,34.4,39.8,30.4,35.5,33.9,42.7,41.0,30.9,36.0
All modes,6.4,6.7,6.8,7.0,6.9,6.9,6.9,7.3,7.0,7.0,7.0
Unweighted sample size:,,,,,,,,,,,
   individuals,"22,861","21,868","16,886","19,467","19,199","19,904","19,490","19,735","18,983","19,914","19,072"
   trips ('000s),461,432,326,370,364,379,369,353,342,359,336
,,,,,,,,,,,
1 There is an apparent under-recording of short walks in 2002 and 2003 and short trips in 2007 and 2008 compared to other years.,,,,,,,,,,,
2  Mostly private hire bus (including school buses).,,,,,,,,,,,
"3 Air, ferries and light rail.",,,,,,,,,,,

Telephone: 020 7944 3097,,,,,,,,,,,Source: National Travel Survey
Email: national.travelsurvey@dft.gsi.gov.uk,,,,,,,,,,,Last updated: 28 July 2011
Notes & definitions,,,,,,,,,,,Next update: July 2012

The figures in this table are National Statistics,,,,,,,,,,,
