Department for Transport statistics,,,,,,,,,,
National Travel Survey,,,,,,,,,,
,,,,,,,,,,
Table NTS0804,,,,,,,,,,
"Workplace and working at home: Great Britain, 2002 to 2010",,,,,,,,,,
,,,,,,,,,,
,,,,,,,,,Percentage/number,
Usual workplace,2002,2003,2004,2005,2006,2007,2008,2009,2010,
Same place every day,76,77,77,75,75,75,75,74, 73 ,
Different places,21,20,20,21,21,21,21,22, 23 ,
Home/same building as home,3,3,3,3,3,3,4,5, 5 ,
All employed people,100,100,100,100,100,100,100,100, 100 ,
Unweighted sample size:,,,,,,,,,,
  individuals in employment," 9,575 "," 10,177 "," 9,929 "," 10,478 "," 10,553 "," 10,334 "," 9,789 "," 9,885 "," 9,468 ",
,,,,,,,,,,
Telephone: 020 7944 3097,,,,,,,,,Source: National Travel Survey,
Email: national.travelsurvey@dft.gsi.gov.uk,,,,,,,,,Last updated: 28 July 2011,,,,
Notes & definitions,,,,,,,,,Next update: July 2012,,,,
,,,,,,,,,,,,,
The figures in this table are National Statistics,,,,,,,,,,,,,







,,,,,,,,,,,,, 
