Department for Transport statistics,,,,,,,,,,,
National Travel Survey,,,,,,,,,,,
,,,,,,,,,,,
Table NTS0615,,,,,,,,,,,
"Cars taking children to school in urban areas during term-time: Great Britain, 1995/97 to 20101",,,,,,,,,,,
,,,,,,,,,,,
,,,,,,,,,,,Percentage of car driver trips/peak time/number
,1995/97,1998/00,2002,2003,2004,2005,2006,2007,2008,2009,2010
Proportion of cars1 taking children to school during morning peak hour (0800-0859),10,11,13,12,15,13,12,12,14,14,16
Unweighted sample size of cars1 at peak morning hour (0800-0859),"13,053","12,605","8,760","9,609","9,956","9,974","9,103","9,341","8,640","8,724","8,626"
Proportion of cars1 taking children to school at peak traffic time (0835)2,14,16,18,17,22,19,16,18,19,21,23
Unweighted sample size of cars1 at peak traffic time (0835)2,"3,934","3,901","2,680","3,154","3,167","3,135","2,774","3,037","2,797","2,891","2,798"
Time2 of peak proportion of cars1 taking children to school,0850,0850,0850,0850,0845,0850,0845,0845,0845,0835,0840
Peak proportion of cars1 taking children to school,21,18,20,19,22,20,18,18,20,21,24
Unweighted sample size of cars1 at time of peak proportion3,"3,703","3,421","2,496","2,733","2,931","2,932","2,596","2,775","2,536","2,891","2,693"
,,,,,,,,,,,
"1  Data relate to car/van driver trips by people living in urban areas, term-time weekdays only.",,,,,,,,,,,
2  Start of five minute time interval.,,,,,,,,,,,
3  The time at which the highest proportion of escort education trips to all car driver trips occurs changes year on year.,,,,,,,,,,,

Telephone: 020 7944 3097,,,,,,,,,,,Source: National Travel Survey
Email: national.travelsurvey@dft.gsi.gov.uk,,,,,,,,,,,Last updated: 28 July 2011
Notes & definitions,,,,,,,,,,,Next update: July 2012
,,,,,,,,,,,
The figures in this table are National Statistics,,,,,,,,,,,
