Department for Transport statistics,,,,,,,,,,,,
National Travel Survey,,,,,,,,,,,,
,,,,,,,,,,,,
Table NTS0601,,,,,,,,,,,,
"Average number of trips (trip rates) by age, gender and main mode: Great Britain, 2010",,,,,,,,,,,,
,,,,,,,,,,,,
,,,,,,,,,,Trips/number/thousands,,
,Trips per person per year,,,,,,,,,,,
Main mode,All ages,,<17,17-20,21-29,30-39,40-49,50-59,60-69,70+,,
All people:,,,,,,,,,,,,
Walk ,210,,265,238,225,225,201,187,165,145,,
Bicycle,15,,14,21,16,18,17,19,11,4,,
Car/van driver,405,,-,207,375,600,695,635,492,295,,
Car/van passenger,213,,481,223,150,122,124,134,161,160,,
Other private transport1,11,,20,10,4,6,9,12,8,11,,
Local and non-local buses,68,,64,129,92,57,48,44,75,80,,
Rail2,27,,9,35,52,52,28,24,17,8,
Taxi/minicab,10,,7,15,16,11,9,8,8,10,
Other public transport3,2,,2,4,4,2,2,2,2,2,
All modes,960,,861,883,934,"1,094","1,134","1,063",941,714,
Unweighted sample size:,,,,,,,,,,,
   individuals,"19,072",,"4,098",862,"1,733","2,380","2,843","2,278","2,487","2,391",
   trips ('000s),336,,66,14,30,48,59,44,43,31,
Males:,,,,,,,,,,,
Walk ,197,,254,209,214,189,169,169,164,169,
Bicycle,21,,20,31,21,25,26,23,14,8,
Car/van driver,441,,-,200,372,561,710,706,636,478,
Car/van passenger,162,,462,177,108,75,62,59,71,82,
Other private transport1,14,,22,12,5,9,14,20,11,13,
Local and non-local buses,60,,62,116,89,49,38,39,64,65,
Rail2,30,,8,35,51,64,32,26,20,9,
Taxi/minicab,8,,7,10,13,9,7,7,6,6,
Other public transport3,2,,3,5,4,2,2,1,2,-,
All modes,935,,838,795,878,984,"1,060","1,050",988,830,
Unweighted sample size:,,,,,,,,,,,
   individuals,"9,232",,"2,097",432,798,"1,099","1,399","1,139","1,186","1,082",
   trips ('000s),159,,33,6,13,20,27,22,21,16,
Females:,,,,,,,,,,,
Walk ,223,,277,268,235,261,233,203,167,127,
Bicycle,9,,7,11,12,11,9,14,9,1,
Car driver,369,,-,214,377,639,681,566,357,156,
Car passenger,263,,500,270,191,168,184,207,247,219,
Other private transport1,8,,18,9,4,3,3,4,6,9,
Local and non-local buses,75,,67,141,95,66,59,48,86,92,
Rail2,24,,9,36,52,40,24,22,15,7,
Taxi/minicab,12,,7,21,20,14,10,8,9,13,
Other public transport3,3,,2,4,5,1,3,2,2,2,
All modes,984,,886,973,991,"1,202","1,206","1,075",897,627,
Unweighted sample size:,,,,,,,,,,,
   individuals,"9,840",,"2,001",430,935,"1,281","1,444","1,139","1,301","1,309",
   trips ('000s),177,,33,8,17,29,32,22,21,15,
,,,,,,,,,,,
1 Motorcycles and private hire bus (including school buses).,,,,,,,,,,,
2 Surface rail and London underground.,,,,,,,,,,,
"3 Air, ferries and light rail.",,,,,,,,,,,
,,,,,,,,,,,
Telephone: 020 7944 3097,,,,,,,,,,Source: National Travel Survey,
Email: national.travelsurvey@dft.gsi.gov.uk,,,,,,,,,,Last updated: 28 July 2011,
Notes & definitions,,,,,,,,,,Next update: July 2012,
,,,,,,,,,,,
The figures in this table are National Statistics,,,,,,,,,,,
