Department for Transport statistics,,,,,,,,,,,,
National Travel Survey,,,,,,,,,,,,
,,,,,,,,,,,,
Table NTS0604,,,,,,,,,,,,
"Average number of stages by age, gender and mode: Great Britain, 2010",,,,,,,,,,,,
,,,,,,,,,,,,
,,,,,,,,,,Miles/number/thousands,,
,,,Stages per person per year,,,,,,,,,
Mode,All ages,,<17,17-20,21-29,30-39,40-49,50-59,60-69,70+,,
All people:,,,,,,,,,,,,
Walk ,286,,318,330,347,329,276,256,237,186,,
Bicycle,15,,14,22,17,19,18,19,12,4,,
Car/van driver,408,,-,207,378,607,702,639,496,297,,
Car/van passenger,218,,488,234,155,126,127,137,165,162,,
Other private transport1,11,,20,11,4,7,9,12,8,11,,
Local and non-local buses,77,,67,144,106,71,56,53,83,85,,
Rail2,32,,10,41,61,62,36,30,21,9,
Taxi/minicab,11,,8,17,18,14,11,9,9,10,
Other public transport3,3,,3,7,7,4,4,2,3,2,
All modes,"1,061",,927,"1,011","1,094","1,236","1,240","1,158","1,034",767,
Unweighted sample size:,,,,,,,,,,,
   individuals,"19,072",,"4,098",862,"1,733","2,380","2,843","2,278","2,487","2,391",
   stages ('000s),369,,71,16,35,54,65,48,47,33,
Males:,,,,,,,,,,,
Walk ,272,,305,281,338,293,243,243,236,207,
Bicycle,22,,21,32,22,26,27,25,14,8,
Car/van driver,445,,-,200,376,567,718,712,641,481,
Car/van passenger,166,,467,187,112,79,64,62,73,84,
Other private transport1,14,,22,12,5,11,14,20,11,13,
Local and non-local buses,69,,65,129,104,63,46,46,73,70,
Rail2,36,,10,42,60,77,43,32,24,10,
Taxi/minicab,10,,8,11,14,13,10,8,7,6,
Other public transport3,3,,3,7,5,4,3,2,3,1,,
All modes,"1,037",,901,901,"1,036","1,132","1,169","1,149","1,084",879,,
Unweighted sample size:,,,,,,,,,,,,
   individuals,"9,232",,"2,097",432,798,"1,099","1,399","1,139","1,186","1,082",,
   stages ('000s),175,,35,7,15,23,30,24,23,17,,
Females:,,,,,,,,,,,,
Walk ,299,,330,380,356,364,308,270,238,170,,
Bicycle,9,,7,11,12,11,9,14,9,1,,
Car driver,372,,-,214,381,645,686,569,359,157,,
Car passenger,268,,509,283,198,172,189,211,252,222,,
Other private transport1,8,,18,9,4,3,4,4,6,9,,
Local and non-local buses,84,,70,159,109,78,66,59,93,96,,
Rail2,28,,10,40,62,47,30,28,18,8,,
Taxi/minicab,13,,8,22,22,16,12,9,10,14,,
Other public transport3,4,,2,6,8,3,4,3,2,3,,
All modes,"1,085",,954,"1,125","1,152","1,339","1,309","1,166",987,681,,
Unweighted sample size:,,,,,,,,,,,
   individuals,"9,840",,"2,001",430,935,"1,281","1,444","1,139","1,301","1,309",
   stages ('000s),194,,35,9,20,31,35,24,23,16,
,,,,,,,,,,,
1 Motorcycles and private hire bus (including school buses).,,,,,,,,,,,
2 Surface rail and London underground.,,,,,,,,,,,
"3 Air, ferries and light rail.",,,,,,,,,,,

Telephone: 020 7944 3097,,,,,,,,,,Source: National Travel Survey,
Email: national.travelsurvey@dft.gsi.gov.uk,,,,,,,,,,Last updated: 28 July 2011,
Notes & definitions,,,,,,,,,,Next update: July 2012,
,,,,,,,,,,,
The figures in this table are National Statistics,,,,,,,,,,,
