Department for Transport statistics,,,
National Travel Survey,,,
,,,
Table NTS0907,,,
"Cars with or without satellite navigation technology by type: Great Britain, 2009 to 2010",,,
,,,
,,Percentage/number,
Type of SatNav,2009,2010,
An integrated system,6,4,
A hand-held/plug and go system,26,28,
None,69,68,
All cars/vans,100,100,
Unweighted sample size:,,,
   cars/vans," 10,411 "," 10,215 ",
,,,

Telephone: 020 7944 3097,,Source: National Travel Survey
Email: national.travelsurvey@dft.gsi.gov.uk,,Last updated: 28 July 2011
Notes & definitions,,Next update: July 2012

The figures in this table are National Statistics,,
,,
,,
,,
