Department for Transport statistics,,,,,,,,,,,
National Travel Survey,,,,,,,,,,,
,,,,,,,,,,,
Table NTS0409,,,,,,,,,,,
"Average number of trips (trip rates) by purpose and main mode: Great Britain, 2010",,,,,,,,,,,
,,,,,,,,,,,
,,,,,,,,,,Trips/thousands,
,Trips per person per year,,,,,,,,,,
Purpose,Walk,Bicycle,Car/van driver,Car/van passenger,Motorcycle,Other private1,Local bus,Rail2,Other public3,All       modes,
Commuting,16,5,87,13,1,-,14,12,1,150,
Business,2,-,20,2,-,-,1,2,-,29,
Education/escort education,40,1,24,24,-,3,12,2,1,106,
Shopping,43,2,86,39,-,1,18,2,2,193,
Other escort,9,-,52,27,-,-,2,-,1,91,
Personal business,21,1,42,23,-,1,7,2,1,98,
Leisure4,40,5,92,85,1,2,14,7,6,252,
Other including just walk,40,0,-,-,0,0,-,0,0,41
All purposes,210,15,405,213,3,8,67,27,13,960
Unweighted sample size:,,,,,,,,,,
   trips ('000s),76,5,140,76,1,3,22,8,4,336
,,,,,,,,,,
1 Mostly private hire bus (including school buses).,,,,,,,,,,
2 Surface rail and London underground.,,,,,,,,,,
"3 Non-local bus, taxi/minicab and other public transport (air, ferries, light rail).",,,,,,,,,,
"4 Visit friends at home and elsewhere, entertainment, sport, holiday and day trip.",,,,,,,,,,

Telephone: 020 7944 3097,,,,,,,,,,Source: National Travel Survey
Email: national.travelsurvey@dft.gsi.gov.uk,,,,,,,,,,Last updated: 28 July 2011
Notes & definitions,,,,,,,,,,Next update: July 2012
,,,,,,,,,,
The figures in this table are National Statistics,,,,,,,,,,
