Department for Transport statistics ,,,,,,,,
National Travel Survey,,,,,,,,
,,,,,,,,
Table NTS0103,,,,,,,,
"Average number of trips by selected private transport modes - index: Great Britain, 1995/97 to 2010",,,,,,,,
,,,,,,,,
,,,,,Index: 1995/97=100/number,,,
Year1,Walk,Bicycle,Car/van driver,Car/van passenger,Unweighted sample size (individuals),,,
1995/97,100,100,100,100," 22,861 ",,,
1996/98,98,93,102,101," 21,980 ",,,
1997/99,96,94,102,101," 21,285 ",,,
1998/00,93,92,102,100," 21,868 ",,,
1999/01,90,91,101,101," 23,004 ",,,
2000/02,87,88,101,100," 32,920 ",,,
2002,83,89,102,100," 16,886 ",,,
2003,84,85,100,97," 19,467 ",,,
2004,84,87,99,96," 19,199 "
2005,84,78,102,99," 19,904 "
2006,85,88,101,96," 19,490 "
2007,74,75,96,91," 19,735 "
2008,76,88,96,95," 18,983 "
2009,78,84,93,91," 19,914 "
2010,72,80,95,89," 19,072 "
,,,,,
1 Data prior to 2002 is based on a 3 year rolling average of annual results. This differs from other NTS tables.,,,,,
,,,,,
Telephone: 020 7944 3097,,,,,Source: National Travel Survey
Email: national.travelsurvey@dft.gsi.gov.uk,,,,,Last updated: 28 July 2011
Notes & definitions,,,,,Next update: July 2012
,,,,,
The figures in this table are National Statistics,,,,,
