Department for Transport statistics,
National Travel Survey,
,
Table NTS0402,
"Purpose share - average distance travelled: Great Britain, 2010",

,Percentage/number/thousands
Purpose,2010
Commuting,20
Business,10
Education (including escort),4
Shopping,12
Other escort and personal business,14
Visiting friends1,20
Other leisure2,20
All modes,100
Unweighted sample size:,,,
   individuals,"19,072",,
   trips ('000s),336,,

1 Visit friends at home and elsewhere.,,,
"2 Entertainment, sport, holiday, day trip and other including just walk.",,,

Telephone: 020 7944 3097,Source: National Travel Survey,,
Email: national.travelsurvey@dft.gsi.gov.uk,Last updated: 28 July 2011,,
Notes & definitions,Next update: July 2012,,
,,,
The figures in this table are National Statistics,,,
