Department for Transport statistics ,,,,,,,
National Travel Survey,,,,,,,
,,,,,,,
Table NTS0203,,,,,,,
"Reasons for not driving by age: Great Britain, 2010",,,,,,,
,,,,,,,
,,,,,,,Percentage2/number
Reasons,All aged 17+1,17-20,21-29,30-39,40-49,50-59,  60 and over
Family/friends drive me when necessary,33,29,28,28,30,33,40
Not interested in driving,31,15,18,22,30,39,47
Cost of learning to drive,30,54,48,40,28,21,9
Cost of buying a car,21,33,33,29,21,15,9
Other forms of transport available,20,20,25,25,22,17,16
Safety concerns/Nervous about driving,19,8,13,18,28,28,21
Cost of insurance,18,34,30,25,17,13,5
Too old,10,0,-,-,3,9,28
Physical difficulties/disabilities/health problems,10,5,7,9,14,14,12
Other general motoring costs,10,13,15,14,10,7,4
Too busy to learn,8,13,15,12,7,6,2
Busy/congested roads,7,2,5,10,9,11,7
Put off by theory/practical test,5,5,5,6,8,6,3
Environmental reasons,3,3,5,5,4,4,1
Driving without licence,-,-,-,-,-,-,-
Other,5,8,4,7,6,4,3
Unweighted sample size:,,,,,,,
  individuals aged 17+,"3,413",418,556,391,426,377,"1,245"
,,,,,,,
"Main reason for not driving by age: Great Britain, 2010",,,,,,,
,,,,,,,
,,,,,,,Percentage/number
Main reason,All aged 17+1,17-20,21-29,30-39,40-49,50-59,  60 and over
Not interested in driving,22,9,13,14,23,27,31
Cost of learning to drive,16,38,28,22,13,8,3
Family/friends drive me when necessary,16,11,12,13,13,15,21
Safety concerns/Nervous about driving,11,3,7,10,17,16,12
Physical difficulties/disabilities/health problems,7,5,6,6,10,12,7
Other forms of transport available,7,6,11,11,6,7,5
Too old,4,0,0,0,1,3,12
Too busy to learn,4,7,7,5,3,1,1
Cost of buying a car,4,4,4,5,4,3,2
Put off by theory/practical test,2,1,3,3,2,1,1
Cost of insurance,2,5,3,-,1,0,-
Other general motoring costs,1,2,1,2,3,1,-
Busy/congested roads,1,1,-,2,1,2,1
Environmental reasons,-,1,1,1,0,-,-
Driving without licence,-,-,-,-,-,0,-
Other,4,7,3,5,4,3,2
Unweighted sample size:,,,,,,,
  individuals aged 17+,"3,413",418,556,391,426,377,"1,245"
,,,,,,,
1 Question asked of individuals aged 17 and over who do not hold a full driving licence and are not currently learning to drive,,,,,,,
2 Percentages sum to more than 100 in first table as more than one reason may be given,,,,,,,
,,,,,,,
Telephone: 020 7944 3097,,,,,,,Source: National Travel Survey
Email: national.travelsurvey@dft.gsi.gov.uk,,,,,,,Last updated: 28 July 2011
Notes & definitions,,,,,,,Next update: July 2012
,,,,,,,
The figures in this table are National Statistics,,,,,,,
