Department for Transport statistics,,,,,
National Travel Survey,,,,,
,,,,,
Table NTS0703,,,,,
"Household car availability by household income quintile: Great Britain, 1995/97 and 2010",,,,,
,,,,,
,,,,,Percentage/number
1995/97,No car/van,One car/van,Two or more cars/vans,All households,Unweighted sample size (households)
Lowest real income level,66,30,4,100,"2,150"
Second level,47,45,8,100,"2,105"
Third level,20,53,26,100,"2,085"
Fourth level,12,49,39,100,"2,064"
Highest real income level,7,44,49,100,"2,057"
,,,,,
All households,30,44,25,100,"10,461"
2010,,,,,
Lowest real income level,49,40,12,100,"1,760"
Second level,38,45,17,100,"1,810"
Third level,18,47,35,100,"1,780"
Fourth level,12,41,47,100,"1,714"
Highest real income level,9,38,53,100,"1,711"
,,,,,
All households,25,42,33,100,"8,775"
Unweighted sample size: (households - 1995/97),"3,154","4,641","2,666","10,461",
Unweighted sample size: (households - 2010),"2,102","3,774","2,899","8,775",
,,,,,
Telephone: 020 7944 3097,,,,,Source: National Travel Survey
Email: national.travelsurvey@dft.gsi.gov.uk,,,,,Last updated: 28 July 2011
Notes & definitions,,,,,Next update: July 2012
,,,,,
The figures in this table are National Statistics,,,,,
