Department for Transport statistics ,,,,
National Travel Survey,,,,
,,,,
Table NTS0106,,,,
"Average distance travelled by selected public transport modes - index: Great Britain, 1995/97 to 2010",,,,

,,,,Index: 1995/97=100/number
Year1,Bus in London,Other local bus,Surface rail,Unweighted sample size (individuals)
1995/97,100,100,100," 22,861 "
1996/98,95,99,99," 21,980 "
1997/99,97,97,112," 21,285 "
1998/00,103,97,125," 21,868 "
1999/01,110,98,126," 23,004 "
2000/02,117,98,121," 32,920 "
2002,130,100,129," 16,886 "
2003,139,102,120," 19,467 "
2004,137,97,135," 19,199 "
2005,157,94,144," 19,904 "
2006,147,103,145," 19,490 "
2007,157,106,159," 19,735 "
2008,160,108,155," 18,983 "
2009,165,105,147," 19,914 "
2010,189,100,158," 19,072 "
,,,,
1 Data prior to 2002 is based on a 3 year rolling average of annual results. This differs from other NTS tables.,,,,
,,,,
Telephone: 020 7944 3097,,,,Source: National Travel Survey
Email: national.travelsurvey@dft.gsi.gov.uk,,,,Last updated: 28 July 2011
Notes & definitions,,,,Next update: July 2012
,,,,
The figures in this table are National Statistics,,,,
