Department for Transport statistics,,,,,,,,,,
National Travel Survey,,,,,,,,,,
,,,,,,,,,,
Table NTS0707,,,,,,,,,,
"Adult personal car availability and trip rates by ethnic group: Great Britain, 2007/10",,,,,,,,,,
,,,,,,,,,,
,,,,,,,,,,Percentage/number/trips
,,,Persons in households with a car/van,,,,,Unweighted sample size (individuals aged 17+),,
Ethnic group,,Persons in households without a car/van,Main     driver,Other      driver,Non        driver,All,All          persons,,,Trip rate (individuals aged 17+)
White:,,18,57,13,12,82,100,"77,172",," 1,023 "
White British,,17,58,13,12,83,100,"74,238",,
Other White background,,36,38,14,13,64,100,"2,934",,
Asian or Asian British:,,22,40,13,25,78,100,"3,689",, 865 
Indian,,19,45,16,20,81,100,"1,586",,
Pakistani,,16,39,14,30,83,100,"1,032",,
Other Asian background,,34,33,7,27,66,100,"1,068",,
Black or Black British:,,41,34,7,18,59,100,"1,834",, 859 
Caribbean,,36,39,10,15,64,100,739,,
African,,44,31,5,20,56,100,"1,013",,
Other Black background,,*,*,*,*,*,*,82,,
Other ethnic group1,,34,37,12,17,66,100,"1,899",, 900 
All ethnic groups,,19,55,13,13,81,100,"84,591",," 1,010 "
Unweighted sample size:,,,,,,,,,,
   individuals aged 17+,," 15,672 "," 47,435 "," 10,617 "," 10,867 "," 68,919 "," 84,591 ",,," 76,236 "
,,,,,,,,,,
"1 Mixed, Chinese and other ethnic groups.",,,,,,,,,,
,,,,,,,,,,
Telephone: 020 7944 3097,,,,,,,,,,Source: National Travel Survey
Email: national.travelsurvey@dft.gsi.gov.uk,,,,,,,,,,Last updated: 28 July 2011
Notes & definitions,,,,,,,,,,Next update: July 2012
,,,,,,,,,,
The figures in this table are National Statistics,,,,,,,,,,
