Department for Transport statistics ,,,,,,,,,,,
National Travel Survey,,,,,,,,,,,
,,,,,,,,,,,
Table NTS0207,,,,,,,,,,,
"Households with or without a motorcycle by household car availability: Great Britain, 1995/97 to 2010",,,,,,,,,,,
,,,,,,,,,,,
,,,,,,,,,,,Percentage/number
,1995/97,1998/00,2002,2003,2004,2005,2006,2007,2008,2009,2010
Households without a car/van,,,,,,,,,,,
Number of motorcycles:,,,,,,,,,,,
None,98.8,99.2,99.0,99.1,99.4,98.8,99.0,98.8,99.0,98.6,98.8
One or more,1.2,0.8,1.0,0.9,0.6,1.2,1.0,1.2,1.0,1.4,1.2
All households,100,100,100,100,100,100,100,100,100,100,100
Households with one car/van,,,,,,,,,,,
Number of motorcycles:,,,,,,,,,,,
None,96.7,96.7,96.9,97.0,97.4,97.2,97.5,97.4,96.8,97.2,97.5
One or more,3.3,3.3,3.1,3.0,2.6,2.8,2.5,2.6,3.2,2.8,2.5
All households,100,100,100,100,100,100,100,100,100,100,100
Households with two or more cars/vans,,,,,,,,,,,
Number of motorcycles:,,,,,,,,,,,
None,96.4,95.8,95.8,95.5,96.3,95.5,96.2,96.1,95.8,95.9,95.7
One or more,3.6,4.2,4.2,4.5,3.7,4.5,3.8,3.9,4.2,4.1,4.3
All households,100,100,100,100,100,100,100,100,100,100,100
All households,,,,,,,,,,,
Number of motorcycles:,,,,,,,,,,,
None,97.3,97.2,97.1,97.1,97.6,97.0,97.4,97.3,97.0,97.1,97.3
One or more,2.7,2.8,2.9,2.9,2.4,3.0,2.6,2.7,3.0,2.9,2.7
All households,100,100,100,100,100,100,100,100,100,100,100
Unweighted sample size:,,,,,,,,,,,
  (households)," 10,461 "," 10,459 "," 8,849 "," 9,196 "," 8,991 "," 9,453 "," 9,261 "," 9,278 "," 8,924 "," 9,128 ","8,775"
,,,,,,,,,,,
Telephone: 020 7944 3097,,,,,,,,,,,
Email: national.travelsurvey@dft.gsi.gov.uk,,,,,,,,,,,
Notes & definitions,,,,,,,,,,,
,,,,,,,,,,,
The figures in this table are National Statistics,,,,,,,,,,,
