Department for Transport statistics,,,,,,,,,,,,,
National Travel Survey,,,,,,,,,,,,,
,,,,,,,,,,,,,
Table NTS0620,,,,,,,,,,,,,
"Take-up of concessionary travel schemes by gender: Great Britain, 1998/00 to 2010",,,,,,,,,,,,,
,,,,,,,,,,,,,
,,,,,,,,,,,Percentage/number,,
,Percentage of eligible1 pensioners2 holding concessionary passes,,,,,,,,,,"Unweighted sample size (individuals, 2010)",,
Gender,1998/003,20023,2003,2004,2005,2006,2007, 2008 , 2009 ,2010,,,
Males,47,54,49,48,50,56,64,68,72,74,"2,405",,
Females,50,60,63,62,61,68,71,78,79,82,"2,750",,
All people,49,58,57,56,56,63,68,73,76,78,"5,155",,
,,,,,,,,,,,,,
1  There have been various changes to the eligibility criteria over the period shown:,,,,,,,,,,,,,
Time Period,Eligibility criteria for concessionary travel schemes,,,,,,,,,,,,
Up to 31 March 20033,"Men aged 65+, women aged 60+",,,,,,,,,,,,
1 April 2003 - 5 April 2010,Men and women aged 60+,,,,,,,,,,
6 April 2010 onwards,"In England, men and women over the equivalent pensionable age for women4",,,,,,,,,,
,In Scotland & Wales the criteria remained men and women aged 60+,,,,,,,,,,
,,,,,,,,,,,
"2  Those eligible by age, rather than disability.",,,,,,,,,,,
"3  Prior to 1 June 2001 (England), 1 April 2002 (Wales) and 30 September 2002 (Scotland) concessionary travel schemes",,,,,,,,,,,
were not a statutory requirement for all local authorities.,,,,,,,,,,,
"4  Pension age changes in England, DirectGov:",,,,,,,,,,,
http://www.direct.gov.uk/en/Pensionsandretirementplanning/StatePension/DG_4017919,,,,,,,,,,,
,,,,,,,,,,,
Telephone: 020 7944 3097,,,,,,,,,,,Source: National Travel Survey
Email: national.travelsurvey@dft.gsi.gov.uk,,,,,,,,,,,Last updated: 28 July 2011
Notes & definitions,,,,,,,,,,,Next update: July 2012

The figures in this table are National Statistics,,,,,,,,,,,
