Department for Transport statistics ,,,,,,,,,
National Travel Survey,,,,,,,,,
,,,,,,,,,
Table NTS0407,,,,,,,,,
"Long distance trips within Great Britain by purpose and length: Great Britain, 2006/101",,,,,,,,,
,,,,,,,,,
,,,,,,,,,Percentage/number
Length,Commuting,Business,Other non-leisure2,Visiting friends at private home,Holiday,Day trip,Other leisure3,Total,Unweighted sample size    (trips)
50 to under 75 miles,17,17,18,18,8,12,11,100,"25,920"
75 to under 100 miles,9,19,15,21,16,11,9,100,"11,652"
100 to under 150 miles,4,21,14,26,21,6,9,100,"12,297"
150 to under 250 miles,2,20,12,29,27,3,7,100,"8,967"
250 to under 350 miles,2,15,10,24,40,3,5,100,"2,214"
350 miles and over,1,26,7,20,40,2,2,100,973
Total,10,18,15,22,16,9,9,100,"62,023"
Unweighted sample size:,,,,,,,,,
   trips," 5,854 "," 11,310 "," 9,099 "," 13,785 "," 10,673 "," 5,639 "," 5,663 "," 62,023 ",,
,,,,,,,,,,
1 Five survey years combined.,,,,,,,,,,
"2 Education, shopping, personal business and escort.",,,,,,,,,,
"3 Visiting friends elsewhere, entertainment, sport and other including just walk.",,,,,,,,,,

Telephone: 020 7944 3097,,,,,,,,,Source: National Travel Survey,
Email: national.travelsurvey@dft.gsi.gov.uk,,,,,,,,,Last updated: 28 July 2011,
Notes & definitions,,,,,,,,,Next update: July 2012,
,,,,,,,,,,
The figures in this table are National Statistics,,,,,,,,,,
