Department for Transport statistics,,
National Travel Survey,,
,,
Table NTS0624,,
Details of involvement and injuries sustained in road accidents in previous 3 years:,,
"Great Britain, 2007/10",,
,,
,,Percentage/number
,Injury accident,Non-injury accident
Respondent was:,,
Car occupant,69,90
Cyclist,10,2
Motorcyclist,6,1
Pedestrian,8,2
Other type of vehicle,7,5
Type of injury experienced1:,,
Whiplash,56,.
Minor brusing or cuts,39,.
Slight shock,28,.
Fracture/broken bones,11,.
Sprains,11,.
Severe shock,8,.
Severe cuts,7,.
Concussion,6,.
Internal injuries,4,.
Crushing,3,.
Burns,1,.
Other,8,.
Medical attention1:,,
No medical attention,23,.
First aid at roadside,16,.
At GP surgery,34,.
At a minor injuries unit,5,.
At Accident and Emergency,42,.
As an inpatient in hospital,7,.
Other,7,.
Whether police aware:,,
Yes - attended scene,43,18
Yes - reported later,15,12
No,41,69
Unweighted sample size:,,
  individuals aged 16+,"1,953","5,066"
,,
1 Percentages sum to more than 100 as more than one answer may be given.,,
,,
Telephone: 020 7944 3097,,Source: National Travel Survey
Email: national.travelsurvey@dft.gsi.gov.uk,,Last updated: 28 July 2011
Notes & definitions,,Next update: July 2012
,,
The figures in this table are National Statistics,,
