Department for Transport statistics,,,,,
National Travel Survey,,,,,
,,,,,
Table NTS0607,,,,,
"Average distance travelled by mode for females - index: Great Britain, 1995/97 to 2010",,,,,
,,,,,
,,,,,Index: 1995/97=100 / number
Year,Walk,Car/van driver,Car/van passenger,Other1,Unweighted sample size (females)
1995/97,100,100,100,100,"11,919"
1996/98,99,105,102,97,"11,407"
1997/99,98,108,102,101,"11,126"
1998/00,99,111,100,105,"11,443"
1999/01,97,111,99,102,"12,102"
2000/02,97,115,100,99,"17,308"
2002,101,118,102,101,"8,801"
2003,103,113,102,108,"10,107"
2004,105,120,95,109,"9,980",
2005,101,123,99,111,"10,344",
2006,104,125,98,112,"10,094",
2007,97,125,98,113,"10,245",
2008,99,123,97,117,"9,856",
2009,100,121,97,111,"10,331",
2010,91,121,89,117,"9,840",

1 All other modes of transport.,,,,,,

Telephone: 020 7944 3097,,,,,Source: National Travel Survey,
Email: national.travelsurvey@dft.gsi.gov.uk,,,,,Last updated: 28 July 2011,
Notes & definitions,,,,,Next update: July 2012,
,,,,,,
The figures in this table are National Statistics,,,,,,
