Department for Transport statistics ,,
National Travel Survey,,
,,
Table NTS0302,,
"Mode share - average distance travelled: Great Britain, 2010          ",,
,,
,Percentage/number/thousands,
Mode,2010,
Walk ,3,
Bicycle,1,
Car/van driver,51,
Car/van passenger,27,
Local and non-local buses,5,
Rail1,9,
Other2,4,
All modes,100,
Unweighted sample size:,,
   individuals,"19,072",
   stages ('000s),369,
,,
1 Surface rail and London underground.,,
2 Other modes of transport.,,

Telephone: 020 7944 3097,Source: National Travel Survey,
Email: national.travelsurvey@dft.gsi.gov.uk,Last updated: 28 July 2011,
Notes & definitions,Next update: July 2012,
,,
The figures in this table are National Statistics,,
