Department for Transport statistics ,,,,,,,,,,,,,,
National Travel Survey,,,,,,,,,,,,,,
,,,,,,,,,,,,,,
Table NTS0307,,,,,,,,,,,,,,
"Average number of trips by trip length: Great Britain, 1995/97 to 20101",,,,,,,,,,,,,,
,,,,,,,,,,,,,,
,,,,,,,,,,Trips/thousands,,,,
Year,Under       1 mile,1 to   under 2    miles,2 to    under 5    miles,5 to    under 10    miles,10 to    under 25    miles,25 to    under 50    miles,50 to    under         100 miles,100 miles    and over,All    lengths,Unweighted sample size (trips '000s),,,,
1995/1997,292,185,281,165,113,30,13,7,"1,086",461,,,,
1998/2000,262,190,285,162,119,33,13,7,"1,071",432,,,,
2002,228,201,285,163,116,32,14,7,"1,047",326,,,,
2003,222,194,286,162,118,31,13,8,"1,034",370,,,,
2004,220,195,280,162,116,32,13,7,"1,026",364,,,,
2005,226,196,283,170,115,32,14,8,"1,044",379,,,,
2006,226,196,281,166,116,33,13,7,"1,037",369,,,,
2007,187,178,269,164,123,33,12,8,972,353,,,,
2008,192,188,274,167,123,30,12,6,992,342
2009,199,178,272,162,115,29,12,7,973,359
2010,187,174,275,160,114,32,12,6,960,336
,,,,,,,,,,
1 There is an apparent under-recording of short walks in 2002 and 2003 and short trips in 2007 and 2008 compared to other years.,,,,,,,,,,

Telephone: 020 7944 3097,,,,,,,,,,Source: National Travel Survey
Email: national.travelsurvey@dft.gsi.gov.uk,,,,,,,,,,Last updated: 28 July 2011
Notes & definitions,,,,,,,,,,Next update: July 2012

The figures in this table are National Statistics,,,,,,,,,,
