Department for Transport statistics,,,,,,,,,
National Travel Survey,,,,,,,,,
,,,,,,,,,
Table NTS0503,,,,,,,,,
"Trip purpose by trip start time (Monday to Friday only): Great Britain, 2006/10",,,,,,,,,

,,,,,,,,,Percentage/thousands
Start time,Commuting,Business,Education,Escort education,Shopping,Other personal business and escort,Visiting friends/ entertainment/ sport,Holiday/ Day trip/ Other,All purposes
0000 - 0059,-,-,0,0,-,-,-,-,-
0100 - 0159,-,-,-,-,-,-,-,-,-
0200 - 0259,-,-,-,-,-,-,-,-,-
0300 - 0359,-,-,-,-,-,-,-,-,-
0400 - 0459,1,-,-,-,-,-,-,-,-
0500 - 0559,3,1,-,-,-,-,-,1,1
0600 - 0659,7,3,-,-,-,1,-,2,2
0700 - 0759,16,7,7,3,1,4,1,4,5
0800 - 0859,15,10,41,36,3,8,2,5,12
0900 - 0959,4,8,2,8,8,9,4,7,6
1000 - 1059,2,7,1,1,12,8,5,9,6
1100 - 1159,2,7,1,2,13,8,6,8,6
1200 - 1259,3,7,2,2,11,8,6,6,6
1300 - 1359,4,7,2,1,9,7,6,7,6
1400 - 1459,3,7,3,9,9,7,6,8,6
1500 - 1559,4,8,32,33,9,8,7,9,11
1600 - 1659,9,9,5,4,7,9,8,9,8
1700 - 1759,15,8,2,2,6,8,9,7,8
1800 - 1859,6,4,1,-,5,6,10,7,6
1900 - 1959,2,2,-,-,4,4,10,5,4
2000 - 2059,2,1,-,-,2,2,6,4,3
2100 - 2159,1,1,-,-,1,2,5,2,2
2200 - 2259,1,1,-,-,-,1,4,2,1
2300 - 2359,1,1,-,-,-,-,3,1,1
All day,100,100,100,100,100,100,100,100,100
Unweighted sample size:,,,,,,,,,
  trips (000's),231,51,111,82,224,260,251,98,"1,307"

Telephone: 020 7944 3097,,,,,,,,,Source: National Travel Survey
Email: national.travelsurvey@dft.gsi.gov.uk,,,,,,,,,Last updated: 28 July 2011
Notes & definitions,,,,,,,,,Next update: July 2012
,,,,,,,,,
The figures in this table are National Statistics,,,,,,,,,
