Department for Transport statistics ,,,,
National Travel Survey,,,,
,,,,
Table NTS0104,,,,
"Average number of trips by selected public transport modes - index: Great Britain, 1995/97 to 2010",,,,
,,,,
,,,,Index: 1995/97=100/number
Year1,Bus in London,Other local bus,Surface Rail,Unweighted sample size (individuals)
1995/97,100,100,100," 22,861 "
1996/98,95,99,95," 21,980 "
1997/99,96,96,103," 21,285 "
1998/00,99,94,113," 21,868 "
1999/01,104,91,126," 23,004 "
2000/02,109,90,123," 32,920 "
2002,117,91,110," 16,886 "
2003,114,96,119," 19,467 "
2004,123,90,140," 19,199 "
2005,129,87,136," 19,904 "
2006,123,92,140," 19,490 "
2007,136,89,147," 19,735 "
2008,140,88,153," 18,983 "
2009,147,91,141," 19,914 "
2010,167,86,161," 19,072 "
,,,,
1 Data prior to 2002 is based on a 3 year rolling average of annual results. This differs from other NTS tables.,,,,
,,,,
Telephone: 020 7944 3097,,,,Source: National Travel Survey
Email: national.travelsurvey@dft.gsi.gov.uk,,,,Last updated: 28 July 2011
Notes & definitions,,,,Next update: July 2012

The figures in this table are National Statistics,,,,
