Department for Transport statistics,,
National Travel Survey,,
,,
Table NTS0610,,
"Motorcyclists by age: Great Britain, 2002/10",,
,,
,,percentage/number
Age group,All motorcyclists1,Unweighted sample size (motorcyclists)
16-19,11,130
20-29,12,130
30-39,24,284
40-49,29,363
50-59,16,218
60+,8,121
All aged 16+,100,"1,246"

1 The individual sample of motorcyclists were mostly males (93%).,,,,,

Telephone: 020 7944 3097,,Source: National Travel Survey,,,
Email: national.travelsurvey@dft.gsi.gov.uk,,Last updated: 28 July 2011,,,
Notes & definitions,,Next update: July 2012,,,
,,,,,
The figures in this table are National Statistics,,,,,
