Department for Transport statistics,,,,,,,,,,,,
National Travel Survey,,,,,,,,,,,,
,,,,,,,,,,,,
Table NTS0317,,,,,,,,,,,,
"Long distance trips within Great Britain by main mode and length: Great Britain, 2006/101",,,,,,,,,,,,
,,,,,,,,,,,,
,,,,,,,Percentage/number,,,,,
Length,Car/van2,Bus3,Rail4,Air,Other5,Total,Unweighted sample size (trips),,,,,
50 to under 75 miles,83,3,12,-,2,100,"25,920",,,,,
75 to under 100 miles,82,4,12,-,2,100,"11,652",,,,,
100 to under 150 miles,82,5,12,-,1,100,"12,298",,,,,
150 to under 250 miles,77,6,15,1,2,100,"8,968",,,,,
250 to under 350 miles,69,8,16,6,1,100,"2,214",,,,,
350 miles and over,40,4,11,42,2,100,973,,,,,
Total,81,4,13,1,2,100,"62,025",,,,,
Unweighted sample size:,,,,,,,,,,,,
   trips,"50,255","2,769","7,411",626,964,"62,025",,,

1 Five survey years combined.,,,,,,,,,
2 Car/van driver and passenger.,,,,,,,,,
"3 Local buses, non-local buses and private hire buses.",,,,,,,,,
4 Surface rail and London underground.,,,,,,,,,
5 All other modes of transport.,,,,,,,,,
,,,,,,,,,
Telephone: 020 7944 3097,,,,,,,Source: National Travel Survey,,
Email: national.travelsurvey@dft.gsi.gov.uk,,,,,,,Last updated: 28 July 2011,,
Notes & definitions,,,,,,,Next update: July 2012,,
,,,,,,,,,
The figures in this table are National Statistics,,,,,,,,,
