Department for Transport statistics ,
National Travel Survey,
,
Table NTS0301,
"Mode share - average number of trips: Great Britain, 2010              ",
,
,Percentage/number/thousands
Main Mode,2010
Walk ,22
Bicycle,2
Car/van driver,42
Car/van passenger,22
Local and non-local buses,7
Rail1,3
Other2,2
All modes,100
Unweighted sample size:,,,
   individuals,"19,072",,
   trips ('000s),336,,
,,,
1 Surface rail and London underground.,,,
2 Other modes of transport.,,,

Telephone: 020 7944 3097,Source: National Travel Survey,,
Email: national.travelsurvey@dft.gsi.gov.uk,Last updated: 28 July 2011,,
Notes & definitions,Next update: July 2012,,

The figures in this table are National Statistics,,,
