Department for Transport statistics,,,,,,,,,,,,,
National Travel Survey,,,,,,,,,,,,,
,,,,,,,,,,,,,
Table NTS0505,,,,,,,,,,,,,
"Average number of trips by month and purpose: Great Britain, 2006/10",,,,,,,,,,,,,
,,,,,,,,,,,,,
,,,,,,,,,,,,,Trips/thousands
,Trips per person per month,,,,,,,,,,,,
Purpose,Jan,Feb,Mar,Apr,May,Jun,Jul,Aug,Sep,Oct,Nov,Dec,Unweighted sample size (trips 000's)
Commuting,13,13,13,13,14,13,13,12,13,14,14,12,257
Business,2,3,3,2,3,3,3,2,2,3,3,2,57
Education,6,5,7,5,6,6,4,-,6,6,7,4,114
Escort education,4,3,6,3,4,4,3,-,5,4,5,3,84
Shopping,16,15,16,16,17,16,18,18,16,17,16,18,339
Other escort,7,7,8,8,8,7,8,8,8,8,8,8,164
Other personal,8,8,9,9,8,9,9,8,9,9,8,7,181
Visit friends at private home,9,8,9,10,9,9,10,11,9,9,8,10,201
Visit friends elsewhere,4,4,4,4,4,4,4,4,4,4,4,4,84
Sport/entertainment,5,5,6,6,6,5,6,5,5,6,6,4,119
Holiday/day trip,2,2,3,4,4,4,4,6,4,3,2,2,77
Other including just walk,3,3,4,4,3,4,4,4,4,4,3,3,82
All purposes,79,76,87,83,87,83,85,79,84,86,83,76,"1,759"
Unweighted sample size:,,,,,,,,,,,,,
  trips (000's),143,138,157,147,156,145,147,142,154,152,149,127,

Telephone: 020 7944 3097,,,,,,,,,,,,,Source: National Travel Survey
Email: national.travelsurvey@dft.gsi.gov.uk,,,,,,,,,,,,,Last updated: 28 July 2011
Notes & definitions,,,,,,,,,,,,,Next update: July 2012
,,,,,,,,,,,,,
The figures in this table are National Statistics,,,,,,,,,,,,,
