Department for Transport statistics ,,,,,,,,,,,,,,
National Travel Survey,,,,,,,,,,,,,,

Table NTS0308,,,,,,,,,,,,,,
"Average number of trips by trip length and main mode: Great Britain, 2010",,,,,,,,,,,,,,
,,,,,,,,,,,,,,
,,,,,,,,,,Trips/thousands,,,,
Mode,Under       1 mile,1 to   under 2    miles,2 to    under 5    miles,5 to    under 10    miles,10 to    under 25    miles,25 to    under 50    miles,50 to    under         100 miles,100 miles    and over,All    lengths,Unweighted sample size (trips '000s),,,,
Private:,,,,,,,,,,,,,,
Walk,144,53,13,1,-,0,-,-,210,76,,,,
Bicycle,2,4,6,2,1,-,-,0,15,5,,,,
Car/van driver,23,64,138,88,65,18,6,3,405,140,,,,
Car/van passenger,14,38,75,43,30,8,4,2,213,76,,,,
Motorcycle,-,-,1,1,1,-,-,-,3,1,,,,
Other private1,1,1,2,2,2,1,-,-,8,3,,,,
Public:,,,,,,,,,,,,,,
Bus in London,1,5,10,4,1,-,0,0,21,7,,,,
Other local bus,1,7,22,11,5,-,-,0,46,16,,,,
Non-local bus,0,-,-,-,-,-,-,-,1,-,,,,
London Underground,-,-,2,3,3,-,0,0,8,2,,,,
Surface rail,0,-,1,3,7,4,2,1,19,6,,,,
Taxi/ minicab,1,2,5,2,1,-,-,-,10,3,,,,
Other public2,-,-,1,1,-,-,-,-,2,1,,,,
All modes,187,174,275,160,114,32,12,6,960,336,,,,
,,,,,,,,,,,,,,
,,,,,,,,Cumulative percentage,,,,,,
Mode,Under 1 mile,Under 2 miles,Under 5 miles,Under 10 miles,Under 25 miles,Under 50 miles,Under 100 miles,All        lengths,,,,,,
Private:,,,,,,,,,,,,,,
Walk,69,94,100,100,100,100,100,100,,,,,,
Bicycle,15,45,85,96,100,100,100,100,,,,,,
Car/van driver,6,22,56,77,94,98,99,100,,,,,,
Car/van passenger,7,24,59,80,93,97,99,100,,,,,,
Motorcycle,4,14,45,70,91,97,100,100,,
Other private1,8,17,42,63,84,91,96,100,,
Public:,,,,,,,,,,
Bus in London,4,28,77,95,100,100,100,100,,
Other local bus,2,17,65,89,99,100,100,100,,
Non-local bus,0,-,2,7,14,37,65,100,,
London Underground,-,3,25,67,99,100,100,100,,
Surface rail,0,1,9,25,65,86,95,100,,
Taxi/ minicab,7,28,75,90,98,99,100,100,,
Other public2,3,8,44,77,91,92,92,100,,
All modes,20,38,66,83,95,98,99,100,,
,,,,,,,,,,
1 Mostly private hire bus (including school buses).,,,,,,,,,,
"2 Air, ferries, light rail.",,,,,,,,,,

Telephone: 020 7944 3097,,,,,,,,Source: National Travel Survey,,
Email: national.travelsurvey@dft.gsi.gov.uk,,,,,,,,Last updated: 28 July 2011
Notes & definitions,,,,,,,,Next update: July 2012
,,,,,,,,
The figures in this table are National Statistics,,,,,,,,
