Department for Transport statistics,,,,,,,,,
National Travel Survey,,,,,,,,,
,,,,,,,,,
Table NTS0702,,,,,,,,,
"Travel by personal car access, gender and main mode/mode: Great Britain, 2010",,,,,,,,,
,,,,,,,,,
,,,,,,Trips/miles/number/thousands,,,
,,Persons in households with a car/van,,,,,,,
,Persons in households without a car/van,Main     driver,Other      driver,Non        driver,All,All persons,,,
Trips per person per year by main mode:,,,,,,,,,
Walk,312,160,179,232,186,210,,,
Car/van driver,10,832,321,4,497,405,,,
Car/van passenger,100,97,240,477,240,213,,,
Other private transport1,33,14,45,32,24,25,,,
Local and non-local buses,200,14,43,73,37,68,,,
Taxi/minicab,25,5,6,9,6,10,,,
Other public transport2,48,22,50,19,24,29,,
All modes,729,"1,144",885,845,"1,014",960,,
Males,747,"1,071",822,838,973,935,,
Females,715,"1,229",947,851,"1,055",984,,
Distance per person per year by mode:,,,,,,,,
Walk,273,134,176,187,157,179,,
Car/van driver,96,"7,031","2,657",38,"4,192","3,416",,
Car/van passenger,788,"1,254","2,347","3,369","2,086","1,840",,
Other private transport1,159,141,472,272,224,211,,
Local and non-local buses,959,114,282,411,232,370,,
Taxi/minicab,89,40,39,58,46,54,,
Other public transport2,762,705,"1,088",348,632,657,,
All modes,"3,125","9,419","7,061","4,683","7,568","6,726",,
Males,"3,350","10,184","7,337","4,747","8,248","7,426",,
Females,"2,951","8,522","6,791","4,631","6,876","6,051",,
Unweighted sample size:,,,,,,,,
   individuals,"3,445","8,545","1,840","5,242","15,627","19,072",
   trips ('000s),46,178,30,82,290,336,
   stages ('000s),56,189,34,90,313,369,
,,,,,,,
"1 Bicycle, motorcycle and other private (mostly private hire bus).",,,,,,,
"2 Surface rail, London underground and other public (air, ferries and light rail).",,,,,,,

Telephone: 020 7944 3097,,,,,,Source: National Travel Survey,
Email: national.travelsurvey@dft.gsi.gov.uk,,,,,,Last updated: 28 July 2011,
Notes & definitions,,,,,,Next update: July 2012,
,,,,,,,
The figures in this table are National Statistics,,,,,,,
