Department for Transport statistics,,,,,,,,,
National Travel Survey,,,,,,,,,
,,,,,,,,,
Table NTS0616,,,,,,,,,
Whether children (aged 7-13) are accompanied to school by an adult and the reasons:,,,,,,,,,
"Great Britain, 2002 to 2010",,,,,,,,,
,,,,,,,,,
,,,,,,,,,Percentage/number
,Aged 7-13 years,,,,,,,,
,2002,2003,2004,2005,2006,2007,2008,2009,20101
Usually accompanied by an adult,55,59,59,59,61,63,62,59,..
Usually unaccompanied by an adult,37,36,36,35,34,33,33,34,..
Sometimes accompanied by an adult,6,4,4,4,4,4,4,6,..
Accompanied part of the way,2,1,1,1,1,1,1,1,..
All children,100,100,100,100,100,100,100,100,..
Why accompanied by an adult (all reasons)2:,,,,,,,,,
Traffic danger,51,52,51,49,53,52,52,50,..
Fear of assault/molestation,43,40,37,33,34,32,28,27,..
Convenient to accompany child3,..,..,..,26,25,23,23,27,..
School too far away,27,26,25,22,21,21,24,26,..
Child might not arrive on time,12,16,16,14,15,16,17,18,..
Child might get lost,10,11,12,13,12,12,16,14,..
Fear of bullying,8,7,7,6,8,7,6,6,..
Other,24,22,24,15,14,15,13,10,..
Unweighted sample size:,,,,,,,,,
   individuals,"2,073","2,111","2,117","2,172","1,985","1,868","1,881","1,865",
,Aged 7-10 years,,,,,,,,
,2002,2003,2004,2005,2006,2007,2008,2009,20101
Usually accompanied by an adult,78,81,82,83,85,85,86,84,..
Usually unaccompanied by an adult,15,15,14,12,12,11,10,11,..
Sometimes accompanied by an adult,6,3,4,4,2,3,3,4,..
Accompanied part of the way,1,-,-,1,-,1,1,1,..
All children,100,100,100,100,100,100,100,100,..
Why accompanied by an adult (all reasons)2:,,,,,,,,,
Traffic danger,57,58,56,55,59,59,58,56,..
Fear of assault/molestation,47,43,39,36,36,36,29,29,..
Convenient to accompany child3,..,..,..,25,22,19,21,25,..
School too far away,25,22,23,20,20,20,22,23,..
Child might not arrive on time,12,16,16,16,16,16,18,19,..
Child might get lost,11,13,14,15,14,14,19,16,..
Fear of bullying,7,7,7,6,8,6,6,6,..
Other,22,20,22,15,13,15,12,9,..
Unweighted sample size:,,,,,,,,,
   individuals,"1,170","1,160","1,182","1,193","1,127","1,060","1,033","1,032",
,Aged 11-13 years,,,,,,,,
,2002,2003,2004,2005,2006,2007,2008,2009,20101
Usually accompanied by an adult,27,31,30,30,31,33,31,30,..
Usually unaccompanied by an adult,64,62,64,63,62,61,61,60,..
Sometimes accompanied by an adult,6,6,5,5,6,5,6,8,..
Accompanied part of the way,3,2,2,2,1,1,2,2,..
All children,100,100,100,100,100,100,100,100,..
Why accompanied by an adult (all reasons)2:,,,,,,,,,
Traffic danger,27,33,34,28,32,27,34,30,..
Fear of assault/molestation,29,30,30,23,25,21,23,19,..
Convenient to accompany child3,..,..,..,31,35,34,30,33,..
School too far away,34,37,35,28,25,27,29,37,..
Child might not arrive on time,14,15,15,10,12,16,15,14,..
Child might get lost,6,4,5,6,3,5,7,7,..
Fear of bullying,9,10,7,7,10,10,6,8,..
Other,32,30,31,17,17,16,15,12,..
Unweighted sample size:,,,,,,,,,
   individuals,903,951,935,979,858,808,848,833,

1  These questions were not asked in 2010.,,,,,,,,,
2  Percentages sum to more than 100 as more than one reason may be given.,,,,,,,,,
3  This reason was not an option for respondents before 2005.,,,,,,,,,

Telephone: 020 7944 3097,,,,,,,,,Source: National Travel Survey
Email: national.travelsurvey@dft.gsi.gov.uk,,,,,,,,,Last updated: 28 July 2011
Notes & definitions,,,,,,,,,Next update: July 2012
,,,,,,,,,
The figures in this table are National Statistics,,,,,,,,,
