Department for Transport statistics,,,,,,,
National Travel Survey,,,,,,,
,,,,,,,
Table NTS0706,,,,,,,
"Travel by household type and main mode/mode: Great Britain, 2010",,,,,,,
,,,,,,,
,,,,,,,Trips/miles/number/thousands
,Household type,,,,,,
,Single adult,2 adults ,3 or more adults,Single parent family,"2 adults, 1 or more children","3 or more adults, 1 or more children",All households
Trips per person per year by main mode:,,,,,,,
Walk,223,174,158,364,243,216,210
Bicycle,17,13,14,18,13,20,15
Car/van driver,377,468,460,235,376,335,405
Car/van passenger,90,167,158,272,326,247,213
Other private transport1,13,8,8,8,13,16,11
Local and non-local buses,102,61,79,92,40,87,68
Rail2,25,30,36,16,20,26,27
Other public transport3,18,11,15,20,7,12,12
All modes,865,933,928,1026,1038,959,960
Distance per person per year by mode:,,,,,,,
Walk,196,159,157,275,182,191,179
Bicycle,46,43,39,38,38,55,42
Car/van driver,"3,148","4,263","3,970","1,348","3,029","2,582","3,416"
Car/van passenger,834,"1,752","1,596","1,933","2,481","1,911","1,840"
Other private transport1,188,135,112,185,218,195,169
Local and non-local buses,625,366,407,378,202,451,370
Rail2,582,654,729,277,495,503,579
Other public transport3,141,194,118,103,95,85,132
All modes,"5,760","7,566","7,129","4,538","6,740","5,973","6,726"
Unweighted sample size:,,,,,,,
   individuals,"2,287","5,644","2,601","1,050","5,296","2,194","19,072"
   trips ('000s),36,96,44,20,102,39,336
   stages ('000s),41,104,50,22,109,43,369
,,,,,,,
1 Motorcycle and other private (mostly private hire bus).,,,,,,,
2 Surface rail and London underground.,,,,,,,
"3 Taxi/minicab and other public (air, ferries and light rail).",,,,,,,

Telephone: 020 7944 3097,,,,,,,Source: National Travel Survey
Email: national.travelsurvey@dft.gsi.gov.uk,,,,,,,Last updated: 28 July 2011
Notes & definitions,,,,,,,Next update: July 2012
,,,,,,,
The figures in this table are National Statistics,,,,,,,
