Department for Transport statistics,,,,,,,,,,
National Travel Survey,,,,,,,,,,
,,,,,,,,,,
Table NTS0408,,,,,,,,,,
"Purpose of next trip by gender and previous trip: Great Britain, 2010",,,,,,,,,,

,,,,,,,,,Percentage/number,
,Previous trip purpose,,,,,,,,,
,Males,,,,,Females,,,,
Next trip purpose,All purposes,Work or business,Escort education,Shopping,,All purposes,Work or business,Escort education,Shopping,
Work or business,13,9,8,3,,10,8,8,2,
Education,4,-,3,-,,3,-,1,-,
Escort education,2,1,3,-,,4,2,3,-,
Shopping,10,4,3,7,,12,7,5,7,
Other escort,5,2,5,1,,6,3,4,2,
Personal business,5,2,3,2,,5,2,2,1,
Visit friends1,9,3,2,4,,9,4,3,6,
Other leisure2,9,2,1,2,,8,2,2,2,
Home,43,77,72,81,,42,72,73,79,
All purposes,100,100,100,100,,100,100,100,100,
Unweighted sample size:,,,,,,,,,,
   trips ('000s), 159 , 19 , 3 , 16 ,, 177 , 16 , 7 , 20 ,

1 Visit friends at home and elsewhere.,,,,,,,,,,
"2 Entertainment, sport, holiday, day trip and other including just walk.",,,,,,,,,,

Telephone: 020 7944 3097,,,,,,,,,Source: National Travel Survey,
Email: national.travelsurvey@dft.gsi.gov.uk,,,,,,,,,Last updated: 28 July 2011,
Notes & definitions,,,,,,,,,Next update: July 2012,
,,,,,,,,,,
The figures in this table are National Statistics,,,,,,,,,,
