Department for Transport statistics,,,,,,,,,
National Travel Survey,,,,,,,,,
,,,,,,,,,
Table NTS0617,,,,,,,,,
Whether children (aged 7-13) who usually walk to school are accompanied to school by an adult ,,,,,,,,,
"and the reasons: Great Britain, 2002 to 2010",,,,,,,,,
,,,,,,,,,
,,,,,,,,,Percentage/number
,Aged 7-13 years,,,,,,,,
,2002,2003,2004,2005,2006,2007,2008,2009,20101
Usually accompanied by an adult,51,52,51,56,57,56,54,55,..
Usually unaccompanied by an adult,40,41,43,37,37,38,39,37,..
Sometimes accompanied by an adult,8,6,5,5,5,5,6,6,..
Accompanied part of the way,2,1,1,2,1,-,1,2,..
All children, 100 , 100 , 100 , 100 , 100 , 100 , 100 , 100 ,..
Why accompanied by an adult (all reasons)2:,,,,,,,,,
Traffic danger,53,57,60,51,55,57,56,56,..
Fear of assault/molestation,45,44,44,35,38,36,27,29,..
Convenient to accompany child3, .. , .. , .. ,32,24,25,26,28,..
School too far away,20,13,15,17,16,12,16,18,..
Child might not arrive on time,12,16,20,13,14,18,19,19,..
Child might get lost,8,11,10,11,10,11,16,14,..
Fear of bullying,11,8,9,7,9,7,6,7,..
Other,27,24,22,14,13,15,12,9,..
Unweighted sample size:,,,,,,,,,
   individuals,842,"1,012","1,001","1,029",948,902,881,881,
,Aged 7-10 years,,,,,,,,
,2002,2003,2004,2005,2006,2007,2008,2009,20101
Usually accompanied by an adult, 72 , 77 , 77 , 81 , 82 , 82 , 82 , 80 ,..
Usually unaccompanied by an adult, 18 , 18 , 18 , 14 , 14 , 14 , 13 , 13 ,..
Sometimes accompanied by an adult, 8 , 5 , 5 , 5 , 4 , 4 , 5 , 5 ,..
Accompanied part of the way, 1 ,0, 1 , 1 ,-,-, 1 , 1 ,..
All children, 100 , 100 , 100 , 100 , 100 , 100 , 100 , 100 ,..
Why accompanied by an adult (all reasons)2:,,,,,,,,,
Traffic danger, 59 , 65 , 67 , 57 , 60 , 65 , 63 , 62 ,..
Fear of assault/molestation, 50 , 47 , 48 , 39 , 42 , 40 , 30 , 31 ,..
Convenient to accompany child3, .. , .. , .. , 31 , 22 , 22 , 24 , 26 ,..
School too far away, 17 , 10 , 12 , 14 , 16 , 11 , 14 , 16 ,..
Child might not arrive on time, 12 , 16 , 21 , 13 , 15 , 17 , 20 , 20 ,..
Child might get lost, 9 , 13 , 11 , 13 , 11 , 13 , 18 , 16 ,..
Fear of bullying, 10 , 7 , 9 , 6 , 9 , 6 , 6 , 7 ,..
Other, 26 , 21 , 19 , 13 , 12 , 15 , 12 , 8 ,..
Unweighted sample size:,,,,,,,,,
   individuals, 482 , 541 , 521 , 564 , 536 , 496 , 466 , 486 ,
,Aged 11-13 years,,,,,,,,
,2002,2003,2004,2005,2006,2007,2008,2009,20101
Usually accompanied by an adult, 23 , 24 , 23 , 24 , 24 , 25 , 22 , 26 ,..
Usually unaccompanied by an adult, 67 , 67 , 71 , 67 , 67 , 67 , 69 , 64 ,..
Sometimes accompanied by an adult, 7 , 6 , 5 , 6 , 7 , 7 , 7 , 7 ,..
Accompanied part of the way, 4 , 3 , 1 , 3 , 1 ,-, 2 , 2 ,..
All children, 100 , 100 , 100 , 100 , 100 , 100 , 100 , 100 ,..
Why accompanied by an adult (all reasons)2:,,,,,,,,,
Traffic danger, 27 , 29 , 35 , 28 , 32 , 28 , 27 , 35 ,..
Fear of assault/molestation, 25 , 34 , 30 , 20 , 24 , 21 , 16 , 21 ,..
Convenient to accompany child3, .. , .. , .. , 39 , 35 , 40 , 35 , 35 ,..
School too far away, 34 , 27 , 24 , 25 , 20 , 18 , 22 , 27 ,..
Child might not arrive on time, 12 , 17 , 19 , 10 , 11 , 19 , 15 , 16 ,..
Child might get lost, 3 , 3 , 7 , 5 , 2 , 3 , 6 , 6 ,..
Fear of bullying, 15 , 13 , 8 , 9 , 10 , 11 , 5 , 9 ,..
Other, 35 , 35 , 36 , 18 , 19 , 14 , 12 , 12 ,..
Unweighted sample size:,,,,,,,,,
   individuals, 360 , 471 , 480 , 465 , 412 , 406 , 415 , 395 ,

1  These questions were not asked in 2010.,,,,,,,,,
2  Percentages sum to more than 100 as more than one reason may be given.,,,,,,,,,
3  This reason was not an option for respondents before 2005.,,,,,,,,,

Telephone: 020 7944 3097,,,,,,,,,Source: National Travel Survey
Email: national.travelsurvey@dft.gsi.gov.uk,,,,,,,,,Last updated: 28 July 2011
Notes & definitions,,,,,,,,,Next update: July 2012
,,,,,,,,,
The figures in this table are National Statistics,,,,,,,,,
