Department for Transport statistics,,,,,,,,,,,,,,,,,,,,,
National Travel Survey,,,,,,,,,,,,,,,,,,,,,
,,,,,,,,,,,,,,,,,,,,,
Table NTS0802,,,,,,,,,,,,,,,,,,,,,
"Ratings of frequency and reliability of local buses and trains: Great Britain, 2002 to 2010",,,,,,,,,,,,,,,,,,,,,
,,,,,,,,,,,,,,,,,,,,,
,,,,,,,,,,,,,,,,,,,,Percentage/number,
,Local buses,,,,,,,,,,,Trains/underground/metro,,,,,,,,,
Frequency:,2002,2003,2004,2005,2006,2007,2008,2009,2010,,Frequency:,2002,2003,2004,2005,2006,2007,2008,2009,2010,
Very frequent,22,..,23,..,28,..,30,29,30,,Very frequent,23,..,24,..,31,..,32,31, 31 ,
Fairly frequent,55,..,52,..,50,..,51,53,50,,Fairly frequent,58,..,60,..,56,..,56,56, 56 ,
Neither frequent nor infrequent,8,..,9,..,8,..,7,7,8,,Neither frequent nor infrequent,8,..,8,..,6,..,6,7, 8 ,
Fairly infrequent,10,..,10,..,10,..,9,7,8,,Fairly infrequent,8,..,7,..,5,..,5,4, 4 ,
Very infrequent,5,..,6,..,5,..,4,3,4,,Very infrequent,3,..,2,..,2,..,1,1, 1 ,
All users,100,..,100,..,100,..,100,100,100,,All users,100,..,100,..,100,..,100,100, 100 ,
Unweighted sample size: households1,"6,372",..,"6,043",..,"6,303",..,"6,263","3,293","3,089",,Unweighted sample size: households1,"4,681",..,"4,929",..,"5,441",..,"5,480","2,941","2,776",
,Local buses,,,,,,,,,,,Trains/underground/metro,,,,,,,,,
Reliability:,2002,2003,2004,2005,2006,2007,2008,2009,2010,,Reliability:,2002,2003,2004,2005,2006,2007,2008,2009,2010,
Very reliable,24,..,22,..,25,..,28,28,29,,Very reliable,21,..,24,..,30,..,33,32, 32 ,
Fairly reliable,56,..,54,..,54,..,55,56,55,,Fairly reliable,54,..,54,..,54,..,54,55, 55 ,
Neither reliable nor unreliable,6,..,8,..,8,..,6,6,7,,Neither reliable nor unreliable,7,..,8,..,7,..,6,7, 7 ,
Fairly unreliable,9,..,10,..,8,..,7,7,7,,Fairly unreliable,11,..,9,..,6,..,6,5, 4 ,
Very unreliable,5,..,6,..,4,..,4,3,3,,Very unreliable,7,..,5,..,2,..,2,1, 1 ,
All users,100,..,100,..,100,..,100,100,100,,All users,100,..,100,..,100,..,100,100, 100 ,
Unweighted sample size: households1,"6,188",..,"5,958",..,"6,177",..,"6,131","3,205","3,027",,Unweighted sample size: households1,"4,636",..,"4,877",..,"5,372",..,"5,439","2,960","2,793",
,,,,,,,,,,,,,,,,,,,,,
1 From 2009 a smaller random sample of respondents were asked these questions.,,,,,,,,,,,,,,,,,,,,,

Telephone: 020 7944 3097,,,,,,,,,,,,,,,,,,,,Source: National Travel Survey,
Email: national.travelsurvey@dft.gsi.gov.uk,,,,,,,,,,,,,,,,,,,,Last updated: 28 July 2011,
Notes & definitions,,,,,,,,,,,,,,,,,,,,Next update: July 2012,
,,,,,,,,,,,,,,,,,,,,,
The figures in this table are National Statistics
