Department for Transport statistics ,,,,,,,,,,,
National Travel Survey,,,,,,,,,,,

Table NTS0310,,,,,,,,,,,
"Average time spent travelling by main mode: Great Britain, 1995/97 to 2010",,,,,,,,,,,
,,,,,,,,,,,
,,,,,,,,,,,Hours/number/thousands
,Total time spent travelling per year (hours),,,,,,,,,,
Main mode,1995/97,1998/00,2002,2003,2004,2005,2006,2007,2008,2009,2010
Private:,,,,,,,,,,,
Walk 1,73,70,68,65,67,67,67,62,63,65,59
Bicycle,6,5,5,5,5,5,5,5,6,6,5
Car/van driver,141,146,147,148,148,151,149,147,143,137,140
Car/van passenger,82,83,85,84,83,85,82,81,82,81,76
Motorcycle,1,1,1,2,1,1,1,1,2,1,1
Other private2,6,6,6,7,7,7,6,5,6,7,6
Public:,,,,,,,,,,,
Bus in London,7,8,9,10,10,10,10,11,11,12,13
Other local bus,26,25,26,26,26,24,26,26,26,27,26
Non-local bus,3,4,2,3,2,3,2,3,2,2,2
London Underground,6,6,8,7,6,6,7,7,7,8,7
Surface rail,15,17,18,18,20,21,21,23,23,22,25
Taxi/minicab,3,4,3,4,3,4,3,3,3,3,3
Other public3,1,2,2,3,2,2,3,2,2,2,2
All modes,369,376,380,381,382,385,383,377,376,372,367
Unweighted sample size:,,,,,,,,,,,
   individuals,"22,861","21,868","16,886","19,467","19,199","19,904","19,490","19,735","18,983","19,914","19,072"
   trips ('000s),461,432,326,370,364,379,369,353,342,359,336
,,,,,,,,,,,
1 There is an apparent under-recording of short walks in 2002 and 2003 and short trips in 2007 and 2008 compared to other years.,,,,,,,,,,,
2 Mostly private hire bus (including school buses).,,,,,,,,,,,
"3 Air, ferries, light rail.",,,,,,,,,,,

Telephone: 020 7944 3097,,,,,,,,,,,Source: National Travel Survey
Email: national.travelsurvey@dft.gsi.gov.uk,,,,,,,,,,,Last updated: 28 July 2011
Notes & definitions,,,,,,,,,,,Next update: July 2012
,,,,,,,,,,,
The figures in this table are National Statistics,,,,,,,,,,,
