Department for Transport statistics,,,,,,,,
National Travel Survey,,,,,,,,
,,,,,,,,
Table NTS0806,,,,,,,,
"Deliveries of goods and services: Great Britain, 2002 to 2004 and 2008 to 2010",,,,,,,,
,,,,,,,,
,,,,,,,Percentage/number,
,2002,2003,2004,,2008,2009,2010,
"Types of goods ordered over the phone, by post or on the internet:",,,,,,,,
(as percentage of those who ordered any goods1),,,,,,,,
Food and drink (not takeaways),21,19,21,,30,30,31,
Clothes,56,55,53,,55,60,64,
Books/CDs/software,49,49,53,,62,65,67,
Furniture,22,23,25,,30,30,32,
Soft furnishings/bedding3,..,..,..,,..,22,23,
Electrical items/appliances3,..,..,..,,..,46,48,
Holiday/travel tickets,53,51,55,,58,57,56,
Any other tickets,35,30,33,,37,37,39,
Plants/bulbs/flowers2,..,20,21,,20,19,18,
Health goods2,..,13,14,,19,22,22,
DIY/garden equipment3,..,..,..,,..,18,19,
Anything else,19,14,15,,19,12,12,
Households ordering any goods,64,66,67,,70,75,76,
Households not ordering any goods,36,34,33,,30,25,24,
All households,100,100,100,,100,100,100,
Unweighted sample size:,,,,,,,,
  households," 8,849 "," 9,196 "," 8,991 ",," 8,924 "," 9,128 "," 8,771 ",
"How often goods are ordered over the phone, by post or the internet:",,,,,,,,
(as percentage of those who ordered any goods),,,,,,,,
At least once a week,7,6,8,,12,12,14,
More than twice a month,8,8,9,,12,13,14,
Once or twice a month,27,28,28,,29,30,31,
More than twice a year,33,33,32,,28,27,26
Once or twice a year,21,21,20,,15,15,13
Less than once a year,4,3,3,,2,3,3
All households,100,100,100,,100,100,100
Unweighted sample size:,,,,,,,
  households," 5,638 "," 6,003 "," 5,974 ",," 6,195 "," 6,790 "," 6,653 "
Last delivery - how ordered,,,,,,,
(if order at least once a year),,,,,,,
Phone,60,53,47,,27,22,19
Post,13,14,12,,6,6,5
Internet,26,33,41,,67,71,76
All,100,100,100,,100,100,100
Unweighted sample size:,,,,,,,
  households," 5,430 "," 5,838 "," 5,791 ",," 6,030 "," 6,580 "," 6,445 "
,,,,,,,
1  Percentages add to more than 100 as more than one reason can be given.,,,,,,,
2  Categories added in 2003.,,,,,,,,,,
3  Categories added in 2009.,,,,,,,,,,

Telephone: 020 7944 3097,,,,,,,Source: National Travel Survey,,,
Email: national.travelsurvey@dft.gsi.gov.uk,,,,,,,Last updated: 28 July 2011,,,
Notes & definitions,,,,,,,Next update: July 2012,,,
,,,,,,,,,,
The figures in this table are National Statistics,,,,,,,,,,
