Department for Transport statistics,,,,,
National Travel Survey,,,,,
,,,,,
Table NTS0608,,,,,
"Bicycle ownership by age: Great Britain, 2008/10",,,,,

,,,,,percentage/number
Age group,Own a bicycle,Use of a bicycle,No use of bicycle,Total,Unweighted sample size (individuals)
5-10,87,-,12,100," 4,643 "
11-16,76,2,23,100," 4,956 "
17-20,41,3,55,100," 3,066 "
21-29,32,2,66,100," 6,244 "
30-39,45,1,53,100," 8,067 "
40-49,48,1,50,100," 9,380 "
50-59,38,1,61,100," 7,908 "
60+,19,-,81,100," 15,440 "
,,,,,,
All aged 5+,42,1,57,100," 59,704 ",
Unweighted sample size:,,,,,,
   individuals (aged 5+)," 25,433 ", 697 ," 33,574 "," 59,704 ",,

Telephone: 020 7944 3097,,,,,Source: National Travel Survey,
Email: national.travelsurvey@dft.gsi.gov.uk,,,,,Last updated: 28 July 2011,
Notes & definitions,,,,,Next update: July 2012,
,,,,,,
The figures in this table are National Statistics,,,,,,
