Department for Transport statistics,,,,,,,,,,,
National Travel Survey,,,,,,,,,,,
,,,,,,,,,,,
Table NTS0805,,,,,,,,,,,
"Workplace by employment status and gender: Great Britain, 2010",,,,,,,,,,,
,,,,,,,,,,,
,,,,,,,,,,Percentage/number,
,Employment status,,,,Gender,,,,,,
Usual workplace,Employed full time,Employed part time,Self employed ,,Male,Female,,All,,Unweighted sample size (individuals in employment),
Same place every day,78,85,27,,67,80,,73,,"6,828",
Different places,20,12,50,,29,15,,23,,"2,167",
Home/same building as home,1,3,23,,4,5,,5,,473,
All employed people,100,100,100,,100,100,,100,,"9,468",
Unweighted sample size:,,,,,,,,,,,
  individuals in employment,"6,013","2,122","1,333",,"4,968","4,500",,"9,468",,,
,,,,,,,,,,,
Telephone: 020 7944 3097,,,,,,,,,,Source: National Travel Survey
Email: national.travelsurvey@dft.gsi.gov.uk,,,,,,,,,,Last updated: 28 July 2011
Notes & definitions,,,,,,,,,,Next update: July 2012
,,,,,,,,,,
The figures in this table are National Statistics,,,,,,,,,,
