Department for Transport statistics ,,,,,,
National Travel Survey,,,,,,
,,,,,,
Table NTS0701,,,,,,
"Variations in travel by household car availability and personal car access: Great Britain, 2010",,,,,,
,,,,,,
,,,,,,Trips/miles/hours/number/thousands
,All persons,,,,Unweighted sample size,
Car/van availability,Trips per person per year,Distance per person per year (miles),Time per person per year (hours),,Individuals,Trips ('000s)
Persons in households with:,,,,,,
No car/van, 729 ," 3,125 ", 324 , -   ," 3,445 ", 46 
One car/van, 967 ," 6,251 ", 359 , -   ," 7,636 ", 135 
Two or more cars/vans," 1,057 "," 8,772 ", 394 , -   ," 7,991 ", 155 
Persons in households with a car/van,,,,,,
Main driver," 1,144 "," 9,419 ", 426 , -   ," 8,545 ", 178 
Other driver, 885 ," 7,061 ", 369 , -   ," 1,840 ", 30 
Non driver, 845 ," 4,683 ", 299 , -   ," 5,242 ", 82 
All with a car/van," 1,014 "," 7,568 ", 377 , -   ," 15,627 ", 290 
All persons, 960 ," 6,726 ", 367 , -   ," 19,072 ", 336 
,,,,,,
Telephone: 020 7944 3097,,,,,,Source: National Travel Survey
Email: national.travelsurvey@dft.gsi.gov.uk,,,,,,Last updated: 28 July 2011
Notes & definitions,,,,,,Next update: July 2012
,,,,,,
The figures in this table are National Statistics,,,,,,
