Department for Transport statistics,
National Travel Survey,
,
Table NTS0401,
"Purpose share - average number of trips: Great Britain, 2010                         ",
,
,Percentage/number/thousands
Purpose,2010
Commuting,16
Business,3
Education (including escort),11
Shopping,20
Other escort and personal business,20
Visiting friends1,15
Other leisure2,15
All modes,100
Unweighted sample size:,,,,,,,
   individuals,"19,072",,,,,,
   trips ('000s),336,,,,,,

1 Visit friends at home and elsewhere.,,,,,,,
"2 Entertainment, sport, holiday, day trip and other including just walk.",,,,,,,

Telephone: 020 7944 3097,Source: National Travel Survey,,,,,,
Email: national.travelsurvey@dft.gsi.gov.uk,Last updated: 28 July 2011,,,,,,
Notes & definitions,Next update: July 2012,,,,,,
,,,,,,,
The figures in this table are National Statistics,,,,,,,
