Department for Transport statistics,,,,,,,,,
National Travel Survey,,,,,,,,,
,,,,,,,,,
Table NTS0905,,,,,,,,,
"Car occupancy: Great Britain, 1995/97 to 2010",,,,,,,,,
,,,,,,,,,
,,,,,,,,,Number/percentage/thousands
,Vehicle occupancy (car/van),,,,Status of people in car/van,,,,
Year,Average occupancy,Single occupancy rate,Unweighted sample size (car/van driver stages '000s),,Driver      alone,Driver with passenger(s),Passenger,Total,Unweighted sample size (all car/van stages '000s)
1995/97,1.60,60,178,,38,25,36,100,285
1998/00,1.58,61,174,,39,25,36,100,271
2002,1.59,61,137,,39,25,36,100,213
2003,1.58,61,151,,39,25,35,100,236
2004,1.57,61,148,,39,25,35,100,233
2005,1.58,61,157,,39,25,35,100,245
2006,1.58,60,153,,39,26,35,100,236
2007,1.56,61,147,,40,25,35,100,229
2008,1.60,60,141,,38,26,36,100,222
2009,1.58,60,145,,39,26,36,100,228
2010,1.56,61,141,,40,25,35,100,219
,,,,,,,,,
Telephone: 020 7944 3097,,,,,,,,,Source: National Travel Survey
Email: national.travelsurvey@dft.gsi.gov.uk,,,,,,,,,Last updated: 28 July 2011
Notes & definitions,,,,,,,,,Next update: July 2012

The figures in this table are National Statistics,,,,,,,,,
