Department for Transport statistics,,,,
National Travel Survey,,,,
,,,,
Table NTS0609,,,,
"Bicycle trips by age and gender: Great Britain, 2008/10",,,,
,,,,
,,,,trips/number
,Trips per person per year,,,
Age group,Males,Females,Total,Unweighted sample size (individuals)
5-10,14,11,13," 4,644 "
11-16,44,11,28," 4,960 "
17-20,34,6,20," 3,069 "
21-29,24,11,17," 6,251 "
30-39,27,11,19," 8,069 "
40-49,29,11,20," 9,385 "
50-59,21,12,16," 7,910 "
60+,12,4,7," 15,443 ",
,,,,,
All aged 5+,24,9,16," 59,731 ",

Telephone: 020 7944 3097,,,,Source: National Travel Survey,
Email: national.travelsurvey@dft.gsi.gov.uk,,,,Last updated: 28 July 2011,
Notes & definitions,,,,Next update: July 2012,
,,,,,
The figures in this table are National Statistics,,,,,
