Department for Transport statistics ,,,,,,,,
National Travel Survey,,,,,,,,
,,,,,,,,
Table NTS0705,,,,,,,,
"Travel by household income quintile and main mode/mode: Great Britain, 2010",,,,,,,,
,,,,,,,,
,,,,,,Trips/miles/number/thousands,,
,Real household income quintile,,,,,,,
,Lowest real income level,Second level,Third level,Fourth level,Highest real income level,All income levels,,
Trips per person per year by main mode:,,,,,,,,
Walk,267,205,195,199,185,210,,
Bicycle,10,14,16,18,15,15,,
Car/van driver,223,321,426,491,550,405,,
Car/van passenger,178,211,232,225,217,213,,
Other private transport1,10,12,12,9,10,11,,
Local and non-local buses,111,90,61,51,29,68,,
Rail2,14,16,22,28,52,27,,,
Other public transport3,16,13,11,11,10,12,,,
All modes,829,883,975,"1,033","1,069",960,,,
Distance per person per year by mode:,,,,,,,,,
Walk,214,168,163,172,178,179,,,
Bicycle,21,35,39,58,58,42,,,
Car/van driver,"1,418","2,193","3,184","4,164","6,053","3,416",,,
Car/van passenger,"1,229","1,708","1,911","2,059","2,272","1,840",,,
Other private transport1,114,193,191,199,146,169,,,
Local and non-local buses,497,556,371,279,166,370,,,
Rail2,282,322,488,620,"1,183",579,,,
Other public transport3,71,84,93,162,249,132,,,
All modes,"3,845","5,259","6,438","7,714","10,305","6,726",,,
Unweighted sample size:,,,,,,,,,
   individuals,"3,832","3,534","4,186","3,882","3,638","19,072",,,
   trips ('000s),59,58,74,74,72,336,,,
   stages ('000s),64,62,81,81,81,369
,,,,,,
1 Motorcycle and other private (mostly private hire bus).,,,,,,
2 Surface rail and London underground.,,,,,,
"3 Taxi/minicab and other public (air, ferries and light rail).",,,,,,

Telephone: 020 7944 3097,,,,,,Source: National Travel Survey
Email: national.travelsurvey@dft.gsi.gov.uk,,,,,,Last updated: 28 July 2011
Notes & definitions,,,,,,Next update: July 2012
,,,,,,
The figures in this table are National Statistics,,,,,,
