Department for Transport statistics ,,,,,,,
National Travel Survey,,,,,,,
,,,,,,,
Table NTS0204,,,,,,,
"Likelihood of non-licence holders learning to drive by age: Great Britain,  2010",,,,,,,
,,,,,,,
,,,,,,,Percentage/number
,All aged 17+1,17-20,21-29,30-39,40-49,50-59,  60 and over
Within the next year,16,42,30,24,10,3,0
Within the next 5 years,21,48,43,38,17,5,-
Within the next 10 years,3,3,5,6,3,1,-
In more than 10 years,1,1,1,2,1,0,0
Never,60,6,21,30,69,91,100
All individuals,100,100,100,100,100,100,100
Unweighted sample size:,,,,,,,
  individuals aged 17+,"3,374",418,540,380,418,372,"1,246"
,,,,,,,
1 Question asked of individuals aged 17 and over who do not hold a full driving licence and are not currently learning to drive.,,,,,,,
,,,,,,,
Telephone: 020 7944 3097,,,,,,,Source: National Travel Survey
Email: national.travelsurvey@dft.gsi.gov.uk,,,,,,,Last updated: 29 July 2011
Notes & definitions,,,,,,,Next update: July 2012
,,,,,,,
The figures in this table are National Statistics,,,,,,,
