Department for Transport statistics ,,,,,,,,,,,,,,,
National Travel Survey,,,,,,,,,,,,,,,
,,,,,,,,,,,,,,,
Table NTS0313,,,,,,,,,,,,,,,
"Frequency of use of bicycles and public transport modes: Great Britain, 1998/00 to 20101",,,,,,,,,,,,,,,
,,,,,,,,,,,,,,,
,,,,,,,,,,,,,,,Percentage/number
,Bicycle2,,,,,,,,Local bus,,,,,,
Frequency,1998/00,2003,2005,2007,2008,2009,2010,,1998/00,2003,2005,2007,2008,2009,2010
3 or more times a week,8,8,8,8,8,8,8,,18,17,16,17,17,17,18
Once or twice a week,7,6,7,6,7,7,7,,10,11,10,11,11,12,12
"Less than once a week, more than once or twice a month",2,3,3,3,3,4,4,,4,4,4,4,4,4,5
Once or twice a month,5,5,5,5,5,6,6,,9,7,8,8,8,9,9
"Less than once a month, more than once or twice a year",3,4,4,4,4,5,5,,7,7,7,7,8,7,7
Once or twice a year,4,4,4,4,4,5,5,,9,10,10,9,9,9,9
Less than once a year or never,71,69,69,69,69,66,66,,43,44,45,43,43,42,42
Total,100,100,100,100,100,100,100,,100,100,100,100,100,100,100
Unweighted sample size:,,,,,,,,,,,,,,,
   individuals,"20,657","20,600","21,281","20,559","19,831","20,372","19,521",,"24,624","21,977","22,692","21,914","21,155","20,970","19,998"
,Domestic air,,,,,,,,Surface rail,,,,,,
Frequency,1998/00,2003,2005,2007,2008,2009,2010,,1998/00,2003,2005,2007,2008,2009,2010
3 or more times a week,-,-,-,-,-,-,-,,3,3,3,3,..,3,3
Once or twice a week,-,-,-,-,-,-,-,,2,3,3,3,..,3,3
"Less than once a week, more than once or twice a month",-,-,-,-,-,-,-,,2,2,3,3,..,3,3
Once or twice a month,1,-,1,1,1,-,1,,8,7,8,9,..,10,10
"Less than once a month, more than once or twice a year",2,2,3,2,2,2,2,,13,13,14,14,..,15,15
Once or twice a year,5,6,8,7,8,8,7,,20,20,20,20,..,21,21
Less than once a year or never,92,91,89,90,89,90,90,,51,52,49,47,..,44,44
Total,100,100,100,100,100,100,100,,100,100,100,100,..,100,100
Unweighted sample size:,,,,,,,,,,,,,,,
   individuals,"24,630","21,978","22,695","21,920","21,161","21,827","20,834",,"24,628","21,977","22,694","21,916",..,"21,825","20,827"
,Non-local bus (express bus or coach),,,,,,,,Taxi/minicab,,,,,,
Frequency,1998/00,2003,2005,2007,2008,2009,2010,,1998/00,2003,2005,2007,2008,2009,2010
3 or more times a week,-,-,-,-,..,-,-,,4,3,3,2,..,2,2
Once or twice a week,-,-,-,-,..,-,-,,10,9,8,8,..,7,6
"Less than once a week, more than once or twice a month",-,-,-,-,..,-,-,,4,5,5,5,..,4,4
Once or twice a month,1,1,1,1,..,1,1,,14,12,13,13,..,13,13
"Less than once a month, more than once or twice a year",4,4,4,3,..,3,3,,14,13,14,14,..,14,13
Once or twice a year,11,11,11,10,..,10,9,,15,15,16,15,..,17,17
Less than once a year or never,82,83,84,84,..,85,85,,39,42,42,43,..,43,44
Total,100,100,100,100,..,100,100,,100,100,100,100,..,100,100
Unweighted sample size:,,,,,,,,,,,,,,,
   individuals,"24,630","21,978","22,695","21,917",..,"21,826","20,832",," 24,630 "," 21,975 "," 22,691 "," 21,910 ",..,"21,822","20,832"
,,,,,,,,,,,,,,,
1  Not all questions are asked in all years,,,,,,,,,,,,,,,
2  Excludes under 5s from 2003.,,,,,,,,,,,,,,,

Telephone: 020 7944 3097,,,,,,,,,,,,,,,Source: National Travel Survey
Email: national.travelsurvey@dft.gsi.gov.uk,,,,,,,,,,,,,,,Last updated: 28 July 2011
Notes & definitions,,,,,,,,,,,,,,,Next update: July 2012
,,,,,,,,,,,,,,,
The figures in this table are National Statistics,,,,,,,,,,,,,,,
