Department for Transport statistics,,,,,,,,,,,,,
National Travel Survey,,,,,,,,,,,,,
,,,,,,,,,,,,,
Table NTS0506,,,,,,,,,,,,,
"Average number of trips by month and main mode: Great Britain, 2006/10",,,,,,,,,,,,,
,,,,,,,,,,,,,
,,,,,,,,,,,,,Trips/thousands
,Trips per person per month,,,,,,,,,,,,
Main mode,Jan,Feb,Mar,Apr,May,Jun,Jul,Aug,Sep,Oct,Nov,Dec,Unweighted sample size (trips 000's)
Private transport:,71,67,78,74,78,74,76,70,75,76,73,68,
Walk,18,17,20,19,20,19,20,17,20,20,19,16,416
Bicycle,1,1,1,1,2,1,2,1,2,1,1,1,26
Car/van driver,34,32,36,34,36,34,35,32,34,36,34,33,721
Car/van passenger,18,17,19,18,19,18,19,19,19,19,18,18,399
Other private,1,1,1,1,1,1,1,1,1,1,1,1,20
Public transport:,9,9,9,8,9,9,8,8,9,10,10,8,
Local bus,5,5,6,5,6,6,5,5,5,6,6,5,112
Non-local bus,-,-,-,-,-,-,-,-,-,-,-,-,1
London Underground,1,1,1,1,1,1,1,1,1,1,1,1,13
Surface rail,1,1,2,1,1,1,1,1,1,2,2,1,28
Other public,1,1,1,1,1,1,1,1,1,1,1,1,22
All modes,79,76,87,83,87,83,85,79,84,86,83,76,"1,759"
Unweighted sample size:,,,,,,,,,,,,,
  trips (000's),143,138,157,147,156,145,147,142,154,152,149,127,

Telephone: 020 7944 3097,,,,,,,,,,,,,Source: National Travel Survey
Email: national.travelsurvey@dft.gsi.gov.uk,,,,,,,,,,,,,Last updated: 28 July 2011
Notes & definitions,,,,,,,,,,,,,Next update: July 2012
,,,,,,,,,,,,,
The figures in this table are National Statistics,,,,,,,,,,,,,
