Department for Transport statistics,,,,,,,,,,,,,,,,,,,,,,,,,,,,,,,,,,,,,,
National Travel Survey,,,,,,,,,,,,,,,,,,,,,,,,,,,,,,,,,,,,,,
,,,,,,,,,,,,,,,,,,,,,,,,,,,,,,,,,,,,,,
Table NTS0903,,,,,,,,,,,,,,,,,,,,,,,,,,,,,,,,,,,,,,
"Annual mileage1 of 4-wheeled cars by fuel type and trip purpose: Great Britain, 2010",,,,,,,,,,,,,,,,,,,,,,,,,,,,,,,,,,,,,,

,,Miles/percentage/number,,,,,,,,,,,,,,,,,,,,,,,,,,,,,,,,,,,,
,Total mileage,Percentage,,,,,,,,,,,,,,,,,,,,,,,,,,,,,,,,,,,,
Petrol cars:,,,,,,,,,,,,,,,,,,,,,,,,,,,,,,,,,,,,,,
Commuting," 2,280 ",31,,,,,,,,,,,,,,,,,,,,,,,,,,,,,,,,,,,,
Business, 510 ,7,,,,,,,,,,,,,,,,,,,,,,,,,,,,,,,,,,,,
Other private," 4,570 ",62,,,,,,,,,,,,,,,,,,,,,,,,,,,,,,,,,,,,
All petrol cars," 7,370 ",100,,,,,,,,,,,,,,,,,,,,,,,,,,,,,,,,,,,,
Diesel cars:,,,,,,,,,,,,,,,,,,,,,,,,,,,,,,,,,,,,,,
Commuting," 3,840 ",33,,,,,,,,,,,,,,,,,,,,,,,,,,,,,,,,,,,,
Business," 2,000 ",17,,,,,,,,,,,,,,,,,,,,,,,,,,,,,,,,,,,,
Other private," 5,690 ",49,,,,,,,,,,,,,,,,,,
All diesel cars," 11,530 ",100,,,,,,,,,,,,,,,,,,
All 4-wheeled cars2:,,,,,,,,,,,,,,,,,,,,
Commuting," 2,680 ",32,,,,,,,,,,,,,,,,,,
Business, 890 ,11,,,,,,,,,,,,,,,,,,
Other private," 4,860 ",58,,,,,,,,,,,,,,,,,,
All 4-wheeled cars," 8,430 ",100,,,,,,,,,,,,,,,,,,
Unweighted sample size (vehicles):,,,,,,,,,,,,,,,,,,,,
Petrol cars," 6,640 ",,,,,,,,,,,,,,,,,,,
Diesel cars," 2,295 ",,,,,,,,,,,,,,,,,,,
All 4-wheeled cars," 8,969 ",,,,,,,,,,,,,,,,,,,

1 Total annual mileage and the purpose split is estimated by the respondent. ,,,,,,,,,,,,,,,,,,,,
2 All 4-wheeled cars include non petrol or diesel cars.,,,,,,,,,,,,,,,,,,,,
,,,,,,,,,,,,,,,,,,,,
Telephone: 020 7944 3097,,Source: National Travel Survey,,,,,,,,,,,,,,,,,,
Email: national.travelsurvey@dft.gsi.gov.uk,,Last updated: 28 July 2011,,
Notes & definitions,,Next update: July 2012,,
,,,,
The figures in this table are National Statistics,,,,
