Department for Transport statistics ,,,,,,,,,,,,
National Travel Survey,,,,,,,,,,,,

Table NTS0315,,,,,,,,,,,,
"Where usually cycled in the last 12 months: Great Britain, 2002 to 2010",,,,,,,,,,,,
,,,,,,,,,,,,
,,,,,,,,,Percentage/numbers,,,
,2002,2003,2004,2005,2006,2007,2008,2009,2010,,,
Mainly on the road,46,45,41,41,38,40,40,37,38,,,
"Mainly on pavements, cycle paths or cycle lanes that were not part of a road",25,27,29,28,28,28,30,31,30,,,
"Mainly off the road in parks, open country or private land",14,15,19,17,19,18,17,21,19,,,
Variety of surfaces,15,13,12,14,15,14,13,12,13,,,
All surfaces,100,100,100,100,100,100,100,100,100,,,
Unweighted sample size:,,,,,,,,,,,,
   individuals aged 5+,"7,097","7,397","7,062","7,505","7,525","7,336","6,959","7,116","6,898",,,
,,,,,,,,,,,,
Telephone: 020 7944 3097,,,,,,,,,Source: National Travel Survey
Email: national.travelsurvey@dft.gsi.gov.uk,,,,,,,,,Last updated: 28 July 2011
Notes & definitions,,,,,,,,,Next update: July 2012
,,,,,,,,,
The figures in this table are National Statistics,,,,,,,,,
,,,,,,,,,
,,,,,,,,,
,,,,,,,,,
