Department for Transport statistics,,,,,,,,
National Travel Survey,,,,,,,,
,,,,,,,,
Table NTS0504,,,,,,,,
"Average trips by day of the week and purpose: Great Britain, 2006/10",,,,,,,,

,,,,,,,,Trips/thousands
,Trips per person per year,,,,,,,
Purpose,Monday,Tuesday,Wednesday,Thursday,Friday,Saturday,Sunday,Unweighted sample size (trips 000's)
Commuting,27,29,29,29,27,9,6,257
Business,5,6,6,6,5,2,1,57
Education,12,13,13,12,12,-,-,114
Escort education,8,9,9,9,9,-,-,84
Shopping,25,24,25,26,30,44,23,339
Other escort,13,14,14,14,14,14,10,164
Other personal,16,17,16,16,16,9,11,181
Visit friends at private home,13,13,14,14,15,21,22,201,
Visit friends elsewhere,4,4,5,6,8,11,9,84,
Sport/entertainment,8,9,9,9,8,12,9,119,
Holiday/day trip,5,4,4,4,5,8,9,77,
Other including just walk,6,5,6,6,6,6,8,82,
All purposes,140,148,150,150,154,137,108,"1,759",
Unweighted sample size:,,,,,,,,,
  trips (000's),252,265,269,268,274,240,191,,

Telephone: 020 7944 3097,,,,,,,,Source: National Travel Survey,
Email: national.travelsurvey@dft.gsi.gov.uk,,,,,,,,Last updated: 28 July 2011,
Notes & definitions,,,,,,,,Next update: July 2012,
,,,,,,,,,
The figures in this table are National Statistics,,,,,,,,,
