Department for Transport statistics ,,,,,
National Travel Survey,,,,,
,,,,,
Table NTS0107,,,,,
"Average distance travelled by selected private transport modes - index: London residents, 1995/97 to 2010",,,,,
,,,,,
,,,,,Index: 1995/97=100/number
Year1,Walk,Bicycle2,Car/van driver,Car/van passenger,Unweighted sample size (individuals)
1995/97,100,100,100,100," 2,807 "
1996/98,96,102,102,102," 2,645 "
1997/99,104,91,100,106," 2,510 "
1998/00,103,97,102,106," 2,604 "
1999/01,104,86,97,104," 2,740 "
2000/02,97,96,93,100," 3,783 "
2002,93,75,91,95," 1,845 "
2003,94,106,87,100," 2,375 "
2004,95,134,78,90," 2,264 ",,
2005,97,126,79,87," 2,169 ",,
2006,96,152,81,88," 2,253 ",,
2007,96,117,81,88," 2,494 ",,
2008,93,160,74,85," 2,255 ",,
2009,98,156,65,86," 2,514 ",,
2010,87,146,69,78," 2,458 ",,
,,,,,,,
1 Data prior to 2002 is based on a 3 year rolling average of annual results. This differs from other NTS tables.,,,,,,,
"2 Bicycle distance is based on a small number of stages per year (around 600), so results should be treated with caution. ",,,,,,,
,,,,,,,
Telephone: 020 7944 3097,,,,,Source: National Travel Survey,,
Email: national.travelsurvey@dft.gsi.gov.uk,,,,,Last updated: 28 July 2011,,
Notes & definitions,,,,,Next update: July 2012,,

The figures in this table are National Statistics,,,,,,,
