Department for Transport statistics ,,,,,,,,,,
National Travel Survey,,,,,,,,,,
,,,,,,,,,,
Table NTS0312,,,,,,,,,,
"Walks of 20 minutes or more by age: Great Britain, 2010",,,,,,,,,,
,,,,,,,,,,
,,,,,,,,,Percentage/number,
Frequency,All aged 2+,2-16,17-20,21-29,30-39,40-49,50-59,60-69,70+,
3 or more times a week,41,45,52,43,43,42,41,38,28,
Once or twice a week,23,24,21,24,25,23,22,23,17,
"Less than once a week, more than twice a month",5,5,5,6,6,5,5,4,3,
Once or twice a month,7,6,5,8,7,8,7,5,6,
"Less than once a month, more than twice a year",3,2,2,2,3,3,3,3,2,
Once or twice a year,2,2,2,3,2,3,3,2,2,
Less than once a year or never,20,17,13,15,14,16,19,26,42,
All ,100,100,100,100,100,100,100,100,100,
Unweighted sample size:,,,,,,,,,,
   individuals aged 2+,"19,839","3,947",996,"1,959","2,560","3,103","2,459","2,563","2,252",
,,,,,,,,,,
Telephone: 020 7944 3097,,,,,,,,,Source: National Travel Survey,
Email: national.travelsurvey@dft.gsi.gov.uk,,,,,,,,,Last updated: 28 July 2011,
Notes & definitions,,,,,,,,,Next update: July 2012,

The figures in this table are National Statistics,,,,,,,,,,
