Department for Transport statistics,,,,,,,,,,,,,,,
National Travel Survey,,,,,,,,,,,,,,,
,,,,,,,,,,,,,,,
Table NTS0801,,,,,,,,,,,,,,,
"Time taken to walk to nearest bus stop by area type and bus availability indicator: Great Britain and England, 1998/00 and 2010",,,,,,,,,,,,,,,
,,,,,,,,,,,,,,,
,,,,,,,,,,,,,,,Percentage/number
,,,,,,,,,,,Availability Indicator1,,,,
,Time in minutes: 1998/00,,,,,Time in minutes: 2010,,,,,Great Britain,,,England,
Area type of residence, 6 or less,7-13,14 or more,All households,, 6 or less,7-13,14 or more,All households,,1998/00,2010,,1998/00,2010
London Boroughs,89,10,2,100,,88,10,1,100,,97,98,,97,98
Metropolitan built-up areas,91,7,1,100,,89,10,1,100,,97,98,,97,98
Large urban (over 250k population),91,8,2,100,,88,10,2,100,,96,97,,96,97
Medium urban (25k to 250k population),90,9,1,100,,90,9,2,100,,95,96,,94,96
Small/medium urban (10k to 25k population),84,12,4,100,,84,12,4,100,,86,91,,84,92
Small urban (3k to 10k population),81,13,7,100,,85,13,2,100,,74,92,,71,90
Rural ,75,12,13,100,,69,14,17,100,,45,57,,41,56
,,,,,,,,,,,,,,,
All areas,87,10,3,100,,85,11,4,100,,88,91,,88,91
Unweighted sample size:,,,,,,,,,,,,,,,
   households,"9,084","1,009",359,"10,452",,"7,423",973,375,"8,771",,"10,452","8,775",,"8,019","7,536"
,,,,,,,,,,,,,,,
1  Households whose nearest bus stop is within 13 minutes walk and has a service at least once an hour.,,,,,,,,,,,,,,,
,,,,,,,,,,,,,,,
Telephone: 020 7944 3097,,,,,,,,,,,,,,,Source: National Travel Survey
Email: national.travelsurvey@dft.gsi.gov.uk,,,,,,,,,,,,,,,Last updated: 28 July 2011
Notes & definitions,,,,,,,,,,,,,,,Next update: July 2012
,,,,,,,,,,,,,,,
The figures in this table are National Statistics,,,,,,,,,,,,,,,
