Department for Transport statistics,,,,,,,,,,,,,,
National Travel Survey,,,,,,,,,,,,,,
,,,,,,,,,,,,,,
Table NTS0902,,,,,,,,,,,,,,
"Annual mileage1 of petrol and diesel 4-wheeled cars: Great Britain, 1995/97 to 2010",,,,,,,,,,,,,,

,,,,Miles/number,,,,,,,,,,
Year,Petrol,Diesel,Petrol and diesel cars,Unweighted sample size (petrol and diesel cars),,,,,,,,,,
1995/97,"9,120","15,920","9,690","9,490",,,,,,,,,,
1998/00,"9,060","13,610","9,550","10,025",,,,,,,,,,
2002,"8,580","12,800","9,170","8,549",,,,,,,,,,
2003,"8,490","13,230","9,220","9,080",,,,,,,,,,
2004,"8,370","13,300","9,150","8,692",,,,,,,,,,
2005,"8,140","12,920","9,010","9,528",,,,,,,,,,
2006,"7,800","12,640","8,760","9,429",,,,,,,,,,
2007,"7,830","12,750","8,870","9,231",,,,,,,,,,
2008,"7,680","12,170","8,670","8,960",,,,,,,,,
2009,"7,430","11,570","8,420","9,217",,,,,,,,,
2010,"7,370","11,540","8,420","8,935",,,,,,,,,
,,,,,,,,,,,,,
1 Total annual mileage is estimated by the respondent. ,,,,,,,,,,,,,
,,,,,,,,,,,,,
Telephone: 020 7944 3097,,,,Source: National Travel Survey,,,,,,,,,
Email: national.travelsurvey@dft.gsi.gov.uk,,,,Last updated: 28 July 2011,,,,,,,,,
Notes & definitions,,,,Next update: July 2012,,,,,,,,,
,,,,,,,,,,,,,
The figures in this table are National Statistics,,,,,,,,,,,,,
,,,,,,,,,,,,,
