Department for Transport statistics,,,,,,,,,,
National Travel Survey,,,,,,,,,,
,,,,,,,,,,
Table NTS0611,,,,,,,,,,
"Average number of trips (trip rates) by age, gender and purpose: Great Britain, 2010",,,,,,,,,,
,,,,,,,,,,
,,,,,,,,,,Trips/number/thousands
,Trips per person per year,,,,,,,,,
Purpose,All ages,,<17,17-20,21-29,30-39,40-49,50-59,60-69,70+
All people:,,,,,,,,,,
Commuting,150,,3,148,258,246,251,239,90,10
Business,29,,-,9,28,45,60,57,23,2
Education,59,,242,140,20,4,2,-,-,-
Escort education,47,,44,7,39,114,86,23,14,4
Shopping,193,,51,147,170,196,231,250,295,280
Other escort,91,,140,29,56,111,125,84,62,32
Personal business,98,,67,69,75,101,104,113,126,139
Visit friends at private home,103,,122,153,113,101,83,91,104,75
Visit friends elsewhere,46,,26,63,61,45,44,51,55,49
Sport/entertainment,65,,86,68,60,56,58,54,70,55
Holiday/day trip,39,,42,24,26,38,41,44,51,35
Other including just walk,41,,38,26,26,38,49,57,51,33
All purposes,960,,861,883,934,"1,094","1,134","1,063",941,714
Unweighted sample size:,,,,,,,,,,
   individuals,"19,072",,"4,098",862,"1,733","2,380","2,843","2,278","2,487","2,391"
   trips ('000s),336,,66,14,30,48,59,44,43,31
Males:,,,,,,,,,,
Commuting,172,,1,144,293,295,284,251,122,16
Business,34,,-,9,30,56,68,68,33,4
Education,61,,242,136,21,4,2,-,-,-
Escort education,27,,42,5,10,45,46,18,12,6
Shopping,173,,44,101,143,163,198,226,281,321
Other escort,85,,136,24,42,73,107,91,78,49
Personal business,93,,63,59,70,87,92,112,130,154
Visit friends at private home,94,,115,135,94,90,76,80,92,79
Visit friends elsewhere,47,,26,61,65,45,45,56,55,50
Sport/entertainment,69,,90,76,67,55,59,54,78,65
Holiday/day trip,39,,42,20,22,37,40,43,55,43
Other including just walk,39,,37,25,22,35,44,53,52,42
All purposes,935,,838,795,878,984,"1,060","1,050",988,830
Unweighted sample size:,,,,,,,,,,
   individuals,"9,232",,"2,097",432,798,"1,099","1,399","1,139","1,186","1,082"
   trips ('000s),159,,33,6,13,20,27,22,21,16
Females:,,,,,,,,,,
Commuting,128,,4,153,224,197,218,228,60,6
Business,23,,-,10,26,34,52,46,14,1
Education,57,,243,143,20,3,2,1,-,0
Escort education,66,,46,10,69,182,126,29,16,3
Shopping,212,,59,195,198,230,264,273,308,249
Other escort,96,,144,33,69,149,142,77,48,20
Personal business,103,,72,79,80,115,114,115,123,128
Visit friends at private home,111,,129,172,133,111,90,103,114,72
Visit friends elsewhere,45,,27,65,57,44,44,45,54,48
Sport/entertainment,60,,82,59,53,56,57,54,63,47
Holiday/day trip,39,,43,28,30,40,43,46,49,28
Other including just walk,42,,39,27,31,41,54,60,49,26
All purposes,984,,886,973,991,"1,202","1,206","1,075",897,627
Unweighted sample size:,,,,,,,,,,
   individuals,"9,840",,"2,001",430,935,"1,281","1,444","1,139","1,301","1,309"
   trips ('000s),177,,33,8,17,29,32,22,21,15
,,,,,,,,,,
Telephone: 020 7944 3097,,,,,,,,,,Source: National Travel Survey
Email: national.travelsurvey@dft.gsi.gov.uk,,,,,,,,,,Last updated: 28 July 2011
Notes & definitions,,,,,,,,,,Next update: July 2012
,,
The figures in this table are National Statistics,,
,,
