Department for Transport statistics ,,,,,,,,,,,
National Travel Survey,,,,,,,,,,,

Table NTS0314,,,,,,,,,,,
"Bicycle and motorcycle trips per rider1 per week: Great Britain, 1995/97 to 2010",,,,,,,,,,,
,,,,,,,,,,,
,,,,,,,,,,,Trips/percentage/miles/minutes/number
,1995/97,1998/00,2002,2003,2004,2005,2006,2007,2008,2009,2010
Trips per rider per week:,,,,,,,,,,,
Bicycle,6,6,6,6,6,5,6,6,6,6,6
Motorcycle,9,9,8,9,8,8,7,8,8,7,8
Percentage of all trips made by rider in week:,,,,,,,,,,,
Bicycle,25,24,25,24,26,22,24,24,26,25,24
Motorcycle,35,36,36,40,37,34,32,39,35,35,39
Distance per rider per week (miles):,,,,,,,,,,,
Bicycle,15,14,13,14,15,13,14,16,16,17,16
Motorcycle,79,78,73,94,93,76,82,86,78,88,88
Time per rider per week (minutes):,,,,,,,,,,,
Bicycle,115,109,109,117,116,107,114,120,122,127,119
Motorcycle,192,191,166,216,218,180,192,201,191,189,200
Unweighted sample size2:,,,,,,,,,,,
Cyclists (individuals),"1,252","1,187",834,962,930,"1,023",975,898,944,"1,022",943
Motorcyclists (individuals),178,166,131,143,129,149,142,134,155,148,115
,,,,,,,,,,,
1 Respondents who made at least one bicycle or one motorcycle trip as a driver in the week for which they recorded their travel.,,,,,,,,,,,
2 The number of respondents using these modes is relatively small so results should be interpreted with caution.  ,,,,,,,,,,,
,,,,,,,,,,,
Telephone: 020 7944 3097,,,,,,,,,,,Source: National Travel Survey
Email: national.travelsurvey@dft.gsi.gov.uk,,,,,,,,,,,Last updated: 28 July 2011
Notes & definitions,,,,,,,,,,,Next update: July 2012
,,,,,,,,,,,
The figures in this table are National Statistics,,,,,,,,,,,
