Department for Transport statistics,,,,,
National Travel Survey,,,,,
,,,,,
Table NTS0603,,,,,
"Average number of trips by main mode for females - index: Great Britain, 1995/97 to 2010",,,,,
,,,,,
,,,,,Index: 1995/97=100/number
Year,Walk,Car/van driver,Car/van passenger,Other1,Unweighted sample size (females)
1995/97,100,100,100,100," 11,919 "
1996/98,97,104,99,96," 11,407 "
1997/99,95,105,100,95," 11,126 "
1998/00,92,106,97,96," 11,443 "
1999/01,88,105,98,96," 12,102 "
2000/02,85,108,98,95," 16,592 "
2002,84,113,98,96," 8,801 "
2003,85,108,96,98," 10,107 "
2004,85,110,93,97," 9,980 ",
2005,83,115,97,93," 10,344 ",
2006,87,115,93,98," 10,094 ",
2007,75,110,90,95," 10,245 ",
2008,75,111,94,98," 9,856 ",
2009,77,109,89,98," 10,331 ",
2010,71,112,88,97," 9,840 ",

1 All other modes of transport.,,,,,,

Telephone: 020 7944 3097,,,,,Source: National Travel Survey,
Email: national.travelsurvey@dft.gsi.gov.uk,,,,,Last updated: 28 July 2011,
Notes & definitions,,,,,Next update: July 2012,
,,,,,,
The figures in this table are National Statistics,,,,,,
