Department for Transport statistics,,,,,,,,,,,
National Travel Survey,,,,,,,,,,,
,,,,,,,,,,,
Table NTS0410,,,,,,,,,,,
"Average distance travelled by purpose and main mode: Great Britain, 2010",,,,,,,,,,,

,,,,,,,,,,Miles/thousands,
,Miles per person per year,,,,,,,,,,
Purpose,Walk,Bicycle,Car/van driver,Car/van passenger,Motorcycle,Other private1,Local bus,Rail2,Other public3,All       modes,
Commuting,13,16,889,95,14,7,66,223,17,"1,342",
Business,1,1,431,49,2,4,4,68,31,591,
Education/escort education,24,3,92,76,-,27,54,25,8,310,
Shopping,26,3,435,245,1,7,74,29,7,829,
Other escort,6,1,292,175,-,7,6,7,3,497,
Personal business,13,2,254,146,2,8,29,38,11,504,
Leisure4,29,16,"1,006","1,042",10,80,67,240,120,"2,611",
Other including just walk,38,0,5,-,0,0,-,0,0,44
All purposes,151,41,"3,406","1,829",30,141,301,631,197,"6,726"
Unweighted sample size:,,,,,,,,,,
   trips ('000s),76,5,140,76,1,3,22,8,4,336
,,,,,,,,,,
1 Mostly private hire bus (including school buses).,,,,,,,,,,
2 Surface rail and London underground.,,,,,,,,,,
"3 Non-local bus, taxi/minicab and other public transport (air, ferries, light rail).",,,,,,,,,,
"4 Visit friends at home and elsewhere, entertainment, sport, holiday and day trip",,,,,,,,,,
,,,,,,,,,,
Telephone: 020 7944 3097,,,,,,,,,,Source: National Travel Survey
Email: national.travelsurvey@dft.gsi.gov.uk,,,,,,,,,,Last updated: 28 July 2011
Notes & definitions,,,,,,,,,,Next update: July 2012
,,,,,,,,,,
The figures in this table are National Statistics,,,,,,,,,,
