Department for Transport statistics,,,,,,,,,,,
National Travel Survey,,,,,,,,,,,
,,,,,,,,,,,
Table NTS0614,,,,,,,,,,,
"Trips to school1 by main mode, trip length and age: Great Britain, 2009/10",,,,,,,,,,,

,,,,,,,,,,,Percentage/number
,Aged 5-10 years,,,,,,Aged 11-16 years,,,,
Main mode,Under 1 mile,1 to under 2 miles,2 to under 5 miles,5 miles and over,Total,,Under 1 mile,1 to under 2 miles,2 to under 5 miles,5 miles and over,Total
Walk,82,29,2,0,48,,90,59,8,-,37
Bicycle,1,2,1,0,1,,1,5,4,0,2
Car/van,16,63,75,67,42,,7,22,34,25,23
Bus2,1,5,19,25,7,,2,14,50,63,33
Other3,0,1,2,8,1,,-,1,4,12,4
Total,100,100,100,100,100,,100,100,100,100,100
Unweighted sample size:,,,,,,,,,,,
   trips," 8,510 "," 4,155 "," 3,180 "," 1,104 "," 16,949 ",," 4,281 "," 4,491 "," 5,726 "," 4,293 "," 18,791 "

1 Trips of under 50 miles only.,,,,,,,,,,,
2 Private and local bus.,,,,,,,,,,,
3 Rail and other modes of transport.,,,,,,,,,,,

Telephone: 020 7944 3097,,,,,,,,,,,Source: National Travel Survey
Email: national.travelsurvey@dft.gsi.gov.uk,,,,,,,,,,,Last updated: 28 July 2011
Notes & definitions,,,,,,,,,,,Next update: July 2012
,,,,,,,,,,,
The figures in this table are National Statistics,,,,,,,,,,,
