Department for Transport statistics,,,,,
National Travel Survey,,,,,
,,,,,
Table NTS0622,,,,,
"Mobility difficulties by age and gender: Great Britain, 2010",,,,,
,,,,,
,,,,,Percentage/number/thousands
Mobility status,All aged 16+,16-49,50-59,60-69,70+
All adults (aged 16+):,,,,,
With a mobility difficulty,12,4,10,18,38
No mobility difficulty,88,96,90,82,62
Total,100,100,100,100,100
Males:,,,,,
With a mobility difficulty,10,3,10,15,35
No mobility difficulty,90,97,90,85,65
Total,100,100,100,100,100
Females:,,,,,
With a mobility difficulty,13,5,11,21,40
No mobility difficulty,87,95,89,79,60
Total,100,100,100,100,100
Unweighted sample size:,,,,,
   individuals,"16,634","8,934","2,524","2,650","2,526"
Trips per person per year:,,,,,
With a mobility difficulty,653,864,737,711,513
No mobility difficulty,"1,025","1,042","1,101",992,838
All,982,"1,035","1,063",941,714
Unweighted sample size:,,,,,
   individuals,"15,197","8,041","2,278","2,487","2,391"
   trips ('000s),274,155,44,43,31
,,,,,
Telephone: 020 7944 3097,,,,,Source: National Travel Survey
Email: national.travelsurvey@dft.gsi.gov.uk,,,,,Last updated: 28 July 2011
Notes & definitions,,,,,Next update: July 2012
,,,,,
The figures in this table are National Statistics,,,,,
