Department for Transport statistics,,,,,,,,,,
National Travel Survey,,,,,,,,,,
,,,,,,,,,,
Table NTS0621,,,,,,,,,,
"Frequency of bus use for those aged 60 years and over: Great Britain, 1998/00 to 2010",,,,,,,,,,

,,,,,,,,,,Percentage/number
Frequency,1998/00,20021,2003,20041,2005,2006,2007,2008,2009,2010
At least once a week,32,..,30,..,28,32,34,35,39,40
At least once a month,11,..,10,..,11,11,11,14,15,15
At least once a year,15,..,13,..,15,12,14,13,15,13
Less than once a year or never,42,..,46,..,46,45,41,39,31,32
Total,100,..,100,..,100,100,100,100,100,100
Unweighted sample size:,,,,,,,,,,
   individuals,"4,799",..,"4,704",..,"4,954","4,864","5,039","5,110","4,535","4,573"
,1998/00,2002,2003,2004,2005,2006,2007,2008,2009,2010
1 This question was not asked in 2002 and 2004.,,,,,,,,,,

Telephone: 020 7944 3097,,,,,,,,,,Source: National Travel Survey
Email: national.travelsurvey@dft.gsi.gov.uk,,,,,,,,,,Last updated: 28 July 2011
Notes & definitions,,,,,,,,,,Next update: July 2012
,,,,,,,,,,
The figures in this table are National Statistics,,,,,,,,,,
