Department for Transport statistics,,,,,,,,,,,,,
National Travel Survey website,,,,,,,,,,,,,

Table NTS9914,,,,,,,,,,,,,
"Average duration of trip by purpose, region and area type: Great Britain, 2009/101 ",,,,,,,,,,,,,

,,,,,,,,,,,,,
,Average trip duration (minutes),,,,,,,,,,,,
,Commuting,Business,Education,Escort education,Shopping,Other escort,Personal business,Visiting friends,Sport/ entertainment,Holiday/ day trip,Other including just walk,All purposes,Unweighted sample size (individuals)
Region of residence:,,,,,,,,,,,,,
North East,24,35,20,12,19,17,19,21,20,46,25,22,"1,780"
North West,25,40,21,13,17,16,17,22,20,47,24,21,"4,611"
Yorkshire and The Humber,25,40,22,13,18,16,18,24,22,53,25,22,"3,334"
East Midlands,24,39,20,13,17,17,17,22,21,46,23,21,"2,997"
West Midlands,24,35,21,13,17,17,18,24,22,49,22,22,"3,574"
East of England,31,40,19,12,17,17,19,24,24,44,22,23,"3,813"
London,43,43,29,15,21,20,24,33,28,61,24,30,"4,972",
South East,30,43,21,14,17,17,18,25,23,43,22,23,"5,476",
South West,23,38,20,14,18,18,18,24,21,47,23,22,"3,305",
England,29,40,22,13,18,17,19,25,23,48,23,23,"33,862",
Wales,22,38,20,11,17,16,18,21,21,45,27,21,"1,910",
Scotland,25,40,19,12,18,17,19,24,20,55,23,22,"3,214",
Great Britain (excluding London),26,39,20,13,17,17,18,23,22,47,23,22,"34,014",
Great Britain,28,40,22,13,18,17,19,24,22,48,23,23,"38,986",
Area type of residence:,,,,,,,,,,,,,,
London Boroughs,43,43,29,15,21,20,24,33,28,61,24,30,"4,972",
Metropolitan built-up areas,27,37,22,13,17,16,18,23,21,53,24,22,"5,776",
Large urban (over 250k population),27,39,21,14,17,17,18,24,23,44,23,22,"5,321",
Medium urban (25k to 250k population),25,39,20,13,16,16,18,22,21,48,23,21,"10,792",
Small/medium urban (10k to 25k population),23,38,20,13,17,17,17,21,20,47,24,21,"2,842",
Small urban (3k to 10k population),26,41,19,13,19,17,18,23,23,43,23,22,"3,147",
Rural areas,26,41,20,12,20,18,19,26,23,47,23,24,"6,136",
All areas,28,40,22,13,18,17,19,24,22,48,23,23,"38,986"
,,,,,,,,,,,,,
"1 Two survey years combined, e.g. 2009 and 2010, not a financial year.",,,,,,,,,,,,,
,,,,,,,,,,,,,
Telephone: 020 7944 3097,,,,,,,,,,,,,Source: National Travel Survey
Email: national.travelsurvey@dft.gsi.gov.uk,,,,,,,,,,,,,Last updated: July 2012
Notes & definitions,,,,,,,,,,,,,Next update: Spring 2013
,,,,,,,,,,,,,
The figures in this table are National Statistics,,,,,,,,,,,,,
,,,,,,,,,,,,,
,,,,,,,,,,,,,
,,,,,,,,,,,,,



,,,,,,,,,,,,,




,,,,,,,,,,,,
