Department for Transport statistics,,,,,,,,,,
National Travel Survey website,,,,,,,,,,

Table NTS9911,,,,,,,,,,
"Average number of trips by trip length, region and area type: Great Britain, 2009/101 ",,,,,,,,,,

,,,,,,,,,,
,Trips per person per year,,,,,,,,,
,Under 1 mile,1 to under 2 miles,2 to under 5 miles,5 to under 10 miles,10 to under 25 miles,25 to under 50 miles,50 to under 100 miles,100 miles and over,All lengths,Unweighted sample size (trips '000s)
Region of residence:,,,,,,,,,,
North East,179,161,256,181,126,24,10,6,944,31
North West,199,196,298,155,97,25,8,6,985,84
Yorkshire and The Humber,212,183,284,162,103,29,11,7,991,61
East Midlands,194,169,271,163,128,29,14,7,975,54
West Midlands,182,175,288,165,106,24,9,8,957,63
East of England,174,167,258,157,141,45,16,6,963,68
London,192,158,239,137,89,14,7,5,841,78,
South East,203,184,285,160,122,44,18,6,"1,021",103,
South West,191,191,299,180,110,33,14,10,"1,028",62,
England,193,177,276,160,112,30,12,7,966,604,
Wales,203,167,247,189,136,33,11,7,993,35,
Scotland,191,171,263,153,131,32,9,6,957,56,
Great Britain excluding London,193,179,278,164,118,33,12,7,985,617,
Great Britain,193,176,273,161,115,30,12,7,967,695,
Area type of residence:,,,,,,,,,,,
London Boroughs,192,158,239,137,89,14,7,5,841,78,
Metropolitan built-up areas,194,185,296,165,84,18,8,6,956,102,
Large urban (over 250k population),198,182,312,156,82,25,11,7,974,96,
Medium urban (25k to 250k population),196,207,310,128,102,34,12,6,996,198,
Small/medium urban (10k to 25k population),230,208,214,156,141,34,13,6,"1,003",52,
Small urban (3k to 10k population),224,153,200,199,159,40,14,7,997,58,
Rural areas,148,110,234,226,194,51,18,10,991,111,
All areas,193,176,273,161,115,30,12,7,967,695
,,,,,,,,,,
"1 Two survey years combined, e.g. 2009 and 2010, not a financial year.",,,,,,,,,,
,,,,,,,,,,
Telephone: 020 7944 3097,,,,,,,,,,Source: National Travel Survey
Email: national.travelsurvey@dft.gsi.gov.uk,,,,,,,,,,Last updated: July 2012
Notes & definitions,,,,,,,,,,Next update: Spring 2013
,,,,,,,,,,
The figures in this table are National Statistics,,,,,,,,,,
,,,,,,,,,,
