Department for Transport statistics,,,,,,,,,,,,,
National Travel Survey website,,,,,,,,,,,,,

Table NTS9913,,,,,,,,,,,,,
"Average number of hours travelled by purpose, region and area type: Great Britain, 2009/101 ",,,,,,,,,,,,,

,,,,,,,,,,,,,
,Total time spent travelling per person per year (hours),,,,,,,,,,,,
,Commuting,Business,Education,Escort education,Shopping,Other escort,Personal business,Visiting friends,Sport/ entertainment,Holiday/ day trip,Other including just walk,All purposes,Unweighted sample size (individuals)
Region of residence:,,,,,,,,,,,,,
North East,56,15,18,7,60,27,29,57,19,34,18,342,"1,780"
North West,61,17,22,10,58,25,29,60,21,29,17,348,"4,611"
Yorkshire and The Humber,60,19,21,10,62,25,30,66,23,37,17,371,"3,334"
East Midlands,63,23,21,11,55,26,27,54,22,30,17,348,"2,997"
West Midlands,57,17,22,11,57,26,31,60,20,28,14,343,"3,574"
East of England,77,20,18,10,54,26,32,58,26,31,16,367,"3,813"
London,110,21,32,11,52,19,38,71,26,28,11,420,"4,972"
South East,74,22,23,12,55,28,32,65,28,34,16,390,"5,476"
South West,55,19,18,11,61,29,32,62,26,43,21,378,"3,305"
England,71,20,22,11,57,26,32,62,24,32,16,372,"33,862"
Wales,49,17,21,8,61,24,31,62,21,34,19,346,"1,910"
Scotland,69,20,17,4,60,25,30,58,24,32,18,358,"3,214"
Great Britain excluding London,64,19,20,10,58,26,31,61,24,33,17,362,"34,014"
Great Britain,70,19,22,10,57,25,32,62,24,32,16,369,"38,986"
Area type of residence:,,,,,,,,,,,,,
London Boroughs,110,21,32,11,52,19,38,71,26,28,11,420,"4,972"
Metropolitan built-up areas,65,16,24,10,57,25,29,63,21,29,12,351,"5,776"
Large urban (over 250k population),70,17,20,11,57,25,30,63,24,33,14,365,"5,321"
Medium urban (25k to 250k population),65,17,20,10,55,26,30,59,23,30,16,351,"10,792"
Small/medium urban (10k to 25k population),56,18,18,8,64,26,27,57,21,35,23,353,"2,842"
Small urban (3k to 10k population),61,22,17,10,62,27,31,61,26,34,21,371,"3,147"
Rural areas,60,29,18,8,61,29,35,62,27,41,22,393,"6,136"
All areas,70,19,22,10,57,25,32,62,24,32,16,369,"38,986"
,,,,,,,,,,,,,
"1 Two survey years combined, e.g. 2009 and 2010, not a financial year.",,,,,,,,,,,,,
,,,,,,,,,,,,,
Telephone: 020 7944 3097,,,,,,,,,,,,,Source: National Travel Survey
Email: national.travelsurvey@dft.gsi.gov.uk,,,,,,,,,,,,,Last updated: July 2012
Notes & definitions,,,,,,,,,,,,,Next update: Spring 2013
,,,,,,,,,,,,,
The figures in this table are National Statistics,,,,,,,,,,,,,
,,,,,,,,,,,,,
,,,,,,,,,,,,,
,,,,,,,,,,,,,
,,,,,,,,,,,,,
