Department for Transport statistics,,,,,,,
National Travel Survey website,,,,,,,
,,,,,,,
Table NTS9916,,,,,,,
"Time taken to walk to nearest bus stop and bus availability indicator by region and area type: Great Britain, 2009/101",,,,,,,
,,,,,,,
,,,,,,,
,Percentage,,,,,Percentage,
,Time taken to walk to nearest bus stop,,,,,,
, 6 minutes or less,7-13 minutes,14 minutes or more,All households,,Bus availability indicator2,Unweighted sample size (households)
Region of residence:,,,,,,,
North East,91,7,2,100,,96,800
North West,87,10,3,100,,94,"2,188"
Yorkshire and The Humber,88,9,3,100,,93,"1,520"
East Midlands,85,10,6,100,,89,"1,361"
West Midlands,85,11,4,100,,89,"1,614"
East of England,84,12,5,100,,86,"1,700"
London,88,10,1,100,,98,"2,188"
South East,86,11,3,100,,91,"2,451"
South West,83,10,7,100,,81,"1,576"
England,86,10,4,100,,91,"15,398"
Wales,85,9,6,100,,83,885
Scotland,86,10,4,100,,90,"1,620"
Great Britain (excluding London),86,10,4,100,,89,"15,715"
Great Britain,86,10,4,100,,90,"17,903"
Area type of residence:,,,,,,,
London Boroughs,88,10,1,100,,98,"2,188"
Metropolitan built-up areas,89,10,1,100,,98,"2,694"
Large urban (over 250k population),89,10,1,100,,97,"2,478"
Medium urban (25k to 250k population),90,8,1,100,,96,"5,008"
Small / medium urban (10k to 25k population),87,10,3,100,,93,"1,345"
Small urban (3k to 10k population),84,13,3,100,,91,"1,459"
Rural areas,70,13,17,100,,56,"2,731"
All areas,86,10,4,100,,90,"17,903"
,,,,,,,
"1 Two survey years combined, e.g. 2009 and 2010, not a financial year.",,,,,,,
2 Household whose nearest bus stop is within 13 minutes walk and has a service at least once an hour. ,,,,,,,
,,,,,,,
,,,,,,,
Telephone: 020 7944 3097,,,,,,,Source: National Travel Survey
Email: national.travelsurvey@dft.gsi.gov.uk,,,,,,,Last updated: July 2012
Notes & definitions,,,,,,,Next update: Spring 2013
,,,,,,,
The figures in this table are National Statistics,,,,,,,
,,,,,,,
