Department for Transport statistics,,,,,,,,,,,,,
National Travel Survey website,,,,,,,,,,,,,

Table NTS9912,,,,,,,,,,,,,
"Average length of trip by purpose, region and area type: Great Britain, 2009/101 ",,,,,,,,,,,,,

,,,,,,,,,,,,,
,Average trip length (miles),,,,,,,,,,,,
,Commuting,Business,Education,Escort education,Shopping,Other escort,Personal business,Visiting friends,Sport/ entertainment,Holiday/ day trip,Other including just walk,All purposes,Unweighted sample size (individuals)
Region of residence:,,,,,,,,,,,,,
North East,8.5,20.3,3.2,1.8,5.0,5.5,5.9,7.2,7.3,22.3,1.2,7.0,"1,780"
North West,7.4,20.9,2.9,2.1,3.9,4.5,4.2,7.4,5.7,22.1,1.0,6.0,"4,611"
Yorkshire and The Humber,7.5,19.0,2.8,1.9,4.3,4.7,4.4,8.5,7.9,25.3,1.1,6.7,"3,334"
East Midlands,8.5,21.7,3.4,2.6,4.6,5.3,5.2,8.7,7.9,22.9,1.0,7.2,"2,997"
West Midlands,8.0,18.3,3.0,2.6,4.1,5.1,5.0,9.0,7.7,23.4,1.0,6.7,"3,574"
East of England,12.4,19.7,3.5,2.8,4.8,6.0,5.8,9.7,9.0,20.8,1.1,8.0,"3,813"
London,7.8,11.3,3.0,1.6,2.7,3.8,3.7,8.6,5.3,27.3,0.9,5.9,"4,972",
South East,10.8,21.3,3.4,2.6,4.2,5.8,5.1,9.7,8.0,20.6,1.1,7.5,"5,476",
South West,7.9,20.8,3.6,2.6,4.9,6.3,5.7,9.4,7.6,22.7,1.0,7.4,"3,305",
England,8.8,19.0,3.2,2.3,4.2,5.2,4.9,8.8,7.4,22.8,1.1,6.9,"33,862",
Wales,9.0,21.1,4.3,1.9,5.3,6.0,6.1,7.7,7.4,22.0,1.1,7.3,"1,910",
Scotland,8.4,22.6,3.2,2.0,4.8,5.7,5.5,8.2,6.7,28.4,1.1,7.3,"3,214",
Great Britain excluding London,9.0,20.6,3.3,2.4,4.5,5.5,5.2,8.7,7.5,22.8,1.1,7.1,"34,014",
Great Britain,8.8,19.4,3.3,2.3,4.3,5.3,5.0,8.7,7.3,23.2,1.1,7.0,"38,986",
Area type of residence:,,,,,,,,,,,,,,
London Boroughs,7.8,11.3,3.0,1.6,2.7,3.8,3.7,8.6,5.3,27.3,0.9,5.9,"4,972",
Metropolitan built-up areas,7.0,17.7,2.8,1.8,3.4,4.1,4.0,7.4,5.8,25.5,1.2,5.9,"5,776",
Large urban (over 250k population),7.9,19.1,2.7,2.1,3.4,4.7,4.1,8.1,6.8,19.6,1.2,6.2,"5,321",
Medium urban (25k to 250k population),8.6,19.8,2.9,2.3,3.7,4.9,5.0,8.0,7.2,23.1,1.0,6.6,"10,792",
Small/medium urban (10k to 25k population),9.2,21.1,3.5,2.0,5.0,6.2,5.1,8.2,7.1,22.1,1.1,7.1,"2,842",
Small urban (3k to 10k population),10.7,23.9,3.7,3.1,5.6,6.4,5.3,9.5,9.4,20.7,1.0,8.1,"3,147",
Rural areas,12.1,23.0,5.3,3.4,7.5,8.1,7.5,12.1,9.7,24.7,1.0,10.0,"6,136",
All areas,8.8,19.4,3.3,2.3,4.3,5.3,5.0,8.7,7.3,23.2,1.1,7.0,"38,986"
,,,,,,,,,,,,,
"1 Two survey years combined, e.g. 2009 and 2010, not a financial year.",,,,,,,,,,,,,
,,,,,,,,,,,,,
Telephone: 020 7944 3097,,,,,,,,,,,,,Source: National Travel Survey
Email: national.travelsurvey@dft.gsi.gov.uk,,,,,,,,,,,,,Last updated: July 2012
Notes & definitions,,,,,,,,,,,,,Next update: Spring 2013
,,,,,,,,,,,,,
The figures in this table are National Statistics,,,,,,,,,,,,,
,,,,,,,,,,,,,
,,,,,,,,,,,,,




,,,,,,,,,,,,,




,,,,,,,,,,,,
