Department for Transport statistics,,,,,,,,
National Travel Survey website,,,,,,,,

Table NTS9910,,,,,,,,
"Average length of trip by main mode, region and area type: Great Britain, 2009/101 ",,,,,,,,

,,,,,,,,
,Average trip length (miles),,,,,,,
,Walk,Car/van driver,Car/van passenger,Other private2,Local bus,Other public3,All modes,Unweighted sample size (individuals)
Region of residence:,,,,,,,,
North East,0.8,8.6,9.5,10.1,5.2,14.7,7.0,"1,780"
North West,0.7,7.3,7.5,11.4,4.3,18.5,6.0,"4,611"
Yorkshire and The Humber,0.7,8.1,8.9,8.7,4.8,20.5,6.7,"3,334"
East Midlands,0.7,9.1,8.9,5.3,5.4,31.4,7.2,"2,997"
West Midlands,0.7,8.1,8.4,9.0,4.3,21.1,6.7,"3,574"
East of England,0.7,9.3,9.1,7.2,5.3,28.0,8.0,"3,813"
London,0.7,7.5,8.5,5.9,3.6,13.6,5.9,"4,972",
South East,0.7,8.8,9.1,6.7,4.4,28.8,7.5,"5,476",
South West,0.8,8.5,10.0,9.0,4.9,38.4,7.4,"3,305",
England,0.7,8.4,8.8,7.9,4.3,20.0,6.9,"33,862",
Wales,0.7,8.9,8.8,12.6,6.0,19.2,7.3,"1,910",
Scotland,0.7,8.7,9.1,12.2,5.6,24.8,7.3,"3,214",
Great Britain excluding London,0.7,8.5,8.9,8.8,4.9,24.3,7.1,"34,014",
Great Britain,0.7,8.4,8.8,8.5,4.5,20.3,7.0,"38,986",
Area type of residence:,,,,,,,,,
London Boroughs,0.7,7.5,8.5,5.9,3.6,13.6,5.9,"4,972",
Metropolitan built-up areas,0.7,7.0,7.2,11.3,4.3,15.5,5.9,"5,776",
Large urban (over 250k population),0.8,7.5,7.8,6.3,4.1,22.7,6.2,"5,321",
Medium urban (25k to 250k population),0.8,7.8,8.2,7.6,4.4,25.2,6.6,"10,792",
Small/medium urban (10k to 25k population),0.7,8.8,9.4,9.0,6.2,27.6,7.1,"2,842",
Small urban (3k to 10k population),0.6,9.4,10.2,13.2,7.2,34.6,8.1,"3,147",
Rural areas,0.7,11.0,11.9,10.1,8.1,40.5,10.0,"6,136",
All areas,0.7,8.4,8.8,8.5,4.5,20.3,7.0,"38,986"
,,,,,,,,
"1 Two survey years combined, e.g. 2009 and 2010, not a financial year.",,,,,,,,
"2 Bicycle, motorcycle and private hire bus.",,,,,,,,
"3 Non-local bus, London underground, surface rail, taxi / minicab and other public (air, ferries and light rail).",,,,,,,,
,,,,,,,,
Telephone: 020 7944 3097,,,,,,,,Source: National Travel Survey
Email: national.travelsurvey@dft.gsi.gov.uk,,,,,,,,Last updated: July 2012
Notes & definitions,,,,,,,,Next update: Spring 2013
,,,,,,,,
The figures in this table are National Statistics,,,,,,,,
,,,,,,,,
