Department for Transport statistics,,,,,,,,,
National Travel Survey website,,,,,,,,,
,,,,,,,,,
Table NTS9915,,,,,,,,,
"Take-up rate of concessionary travel schemes by region and area type: Great Britain, 2002/03 to 2009/101",,,,,,,,,
,,,,,,,,,
,,,,,,,,,
,"Percentage of eligible pensioners holding concessionary passes2, 3",,,,,,,,
,2002/034,2003/04,2004/05,2005/06,2006/07,2007/08,2008/09,2009/10,"Unweighted sample size (individuals, 2009/10)"
Region of residence:,,,,,,,,,
North East,68,63,62,66,70,75,80,81,445
North West,59,59,57,62,68,73,74,75,"1,262"
Yorkshire and The Humber,62,59,57,62,69,73,77,80,850
East Midlands,48,49,51,55,60,65,71,77,809
West Midlands,58,58,56,58,66,71,75,76,986
East of England,35,38,38,39,48,59,64,66,"1,075"
London,86,83,84,84,85,88,89,89,971
South East,48,43,40,43,53,61,68,73,"1,366"
South West,44,40,43,51,57,63,72,75,"1,030"
England,56,54,53,57,63,69,74,76,"8,794"
Wales,63,66,65,66,64,66,75,80,563
Scotland,70,72,74,78,83,87,85,85,950
Great Britain (excluding London),54,53,53,56,63,69,73,76,"9,336"
Great Britain,57,56,56,59,65,71,75,77,"10,307"
Area type of residence:,,,,,,,,,
London Boroughs,86,83,84,84,85,88,89,89,971
Metropolitan built-up areas,74,73,70,75,81,83,83,83,"1,455"
Large urban (over 250k population),59,58,57,59,65,71,77,79,"1,365"
Medium urban (25k to 250k population),54,53,53,56,63,72,76,77,"2,830"
Small / medium urban (10k to 25k population),54,53,54,56,62,69,74,78,870
Small urban (3k to 10k population),49,47,46,52,59,65,70,76,"1,011"
Rural areas,34,35,35,41,49,52,59,65,"1,805"
All areas,57,56,56,59,65,71,75,77,"10,307"
,,,,,,,,,
"1 Two survey years combined, e.g. 2009 and 2010, not a financial year.",,,,,,,,,
2 There have been various changes to the eligibility criteria over the period shown:,,,,,,,,,
,,,,,,,,,
Time Period,Eligibility criteria for concessionary travel schemes,,,,,,,,
,,,,,,,,,
Up to 31 March 20034,"Men aged 65 and over, women aged 60 and over",,,,,,,,
1 April 2003 to 5 April 2010,Men and women aged 60 and over,,,,,,,,
6 April 2010 onwards,"In England, men and women over the equivalent pensionable age for women5",,,,,,,,
,In Scotland and Wales the criteria remained men and women aged 60 and over,,,,,,,,
,,,,,,,,,
,,,,,,,,,
"3 Those eligible by age, rather than disability.",,,,,,,,,
"4 Prior to 1 June 2001 (England), 1 April 2002 (Wales) and 30 September 2002 (Scotland) concessionary travel schemes were not a statutory requirement for all local authorities.",,,,,,,,,
"5 Pension age changes in England, DirectGov:",,,,,,,,,
http://www.direct.gov.uk/en/Pensionsandretirementplanning/StatePension/DG_4017919,,,,,,,,,
,,,,,,,,,
Telephone: 020 7944 3097,,,,,,,,,Source: National Travel Survey
Email: national.travelsurvey@dft.gsi.gov.uk,,,,,,,,,Last updated: July 2012
Notes & definitions,,,,,,,,,Next update: Spring 2013
,,,,,,,,,
The figures in this table are National Statistics,,,,,,,,,
,,,,,,,,,
,,,,,,,,,
,,,,,,,,,
,,,,,,,,,
,,,,,,,,,
,,,,,,,,,
,,,,,,,,,
,,,,,,,,,
,,,,,,,,,




