Department for Transport statistics,,,,,,,,,,,,,,,
Traffic (http://www.dft.gov.uk/statistics/series/traffic),,,,,,,,,,,,,,,
Table TRA0305,,,,,,,,,,,,,,,
"Average daily traffic flow (five year average) by month in Great Britain, 2002-2006 (average) 1",,,,,,,,,,,,,,,
,,,,,,,,,,,,,,,Index: Average daily traffic flow in month = 100
,Motorways,,,,All rural major and minor roads,,,,All urban major and minor roads,,,,All roads,,
,Cars & taxis,Goods vehicles ,All motor vehicles,,Cars & taxis,Goods vehicles ,All motor vehicles,,Cars & taxis,Goods vehicles ,All motor vehicles,,Cars & taxis,Goods vehicles ,All motor vehicles
January,90,93,90,,87,91,87,,97,93,96,,91,93,91
February,94,98,94,,91,97,91,,98,99,98,,94,98,94
March 2,98,102,98,,97,101,97,,102,102,102,,98,102,99
April 2,102,100,101,,102,100,101,,102,101,101,,102,100,101
May,101,100,101,,103,100,103,,101,101,101,,101,100,101
June,103,103,103,,105,104,105,,101,103,102,,103,103,103
July,106,103,105,,108,103,108,,101,105,101,,105,103,105
August,108,98,106,,111,101,110,,98,99,98,,107,99,106
September,104,105,105,,106,107,106,,101,104,102,,104,105,105
October,103,104,103,,101,104,102,,101,102,101,,102,104,103
November,98,105,99,,97,104,98,,101,103,101,,98,104,99
December 3,94,89,93,,92,87,91,,97,88,96,,94,89,93
,,,,,,,,,,,,,,,
1 Indices are based on average daily traffic and are not affected by the varying number of days in each month,,,,,,,,,,,,,,,Source: DfT Automatic traffic counters
2 Figures affected by Easter,,,,,,,,,,,,,,,Last updated: June 2011
3 Figures affected by Christmas,,,,,,,,,,,,,,,
Telephone: 020 7944 3095,,,,,,,,,,,,,,,
Email: roadtraff.stats@dft.gsi.gov.uk,,,,,,,,,,,,,,,
Notes & definitions (http://assets.dft.gov.uk/statistics/releases/traffic-estimates-2010/traffic-estimates-2010-notes.pdf),,,,,,,,,,,,,,,
The figures in this table are not National Statistics.,,,,,,,,,,,,,,,
,,,,,,,,,,,,,,,
,,,,,,,,,,,,,,,
