Department for Transport statistics,,,,,,,,,,,,,,,
Traffic (http://www.dft.gov.uk/statistics/series/traffic),,,,,,,,,,,,,,,
Table TRA0203,,,,,,,,,,,,,,,
"Motor vehicle traffic (vehicle kilometres) by road class and region and country in Great Britain, annual 2006",,,,,,,,,,,,,,,
Estimates for the period since 2000 have been revised to take into account the minor road benchmarking exercise. Further details available at http://www.dft.gov.uk/statistics/series/traffic,,,,,,,,,,,,,,,
,,,,,,,,,,,,,,,Billion vehicle kilometres
,,Major roads,,,,,,,,,,,,,
,,,'A' roads,,,,,,,,,,,,
,,,Rural,,,,Urban,,,,,Minor roads,,,
,,Motorway 1,Trunk,Principal,Total,,Trunk,Principal,Total,All 'A' roads,All major roads,Rural,Urban,All minor roads,All roads
North East 2,,1.1,2.9,3.4,6.3,,0.9,2.9,3.9,10.2,11.4,1.7,5.8,7.5,18.9
of which:,,,,,,,,,,,,,,,
  Tyne and Wear FMC,,0.2,0.9,0.6,1.5,,0.5,1.7,2.2,3.7,3.9,0.3,3.2,3.4,7.3
  Rest of North East,,0.9,2.0,2.8,4.8,,0.5,1.2,1.7,6.5,7.5,1.4,2.6,4.0,11.5
North West 2,,17.7,2.2,7.1,9.3,,0.3,10.5,10.9,20.2,37.9,4.6,13.3,17.9,55.8
of which:,,,,,,,,,,,,,,,
  Greater Manchester FMC,,6.0,0.0,0.7,0.7,,0.1,4.8,4.9,5.7,11.7,0.4,5.9,6.3,18.0
  Merseyside FMC,,1.5,0.1,0.7,0.8,,0.1,2.1,2.2,3.0,4.5,0.2,3.0,3.3,7.8
  Rest of North West,,10.2,2.0,5.7,7.8,,0.2,3.6,3.7,11.5,21.7,3.9,4.4,8.3,30.0
Yorkshire and the Humber 2,,9.6,4.0,6.5,10.6,,0.3,7.1,7.5,18.0,27.6,5.6,9.2,14.7,42.4
of which:,,,,,,,,,,,,,,,
  South Yorkshire FMC,,3.2,0.2,1.0,1.3,,0.0,2.1,2.1,3.4,6.5,0.8,2.7,3.5,10.0
  West Yorkshire FMC,,4.4,0.6,1.4,2.0,,0.1,3.8,3.9,5.9,10.3,1.1,4.3,5.4,15.7
  Rest of Yorkshire and the Humber ,,2.0,3.2,4.1,7.3,,0.2,1.2,1.4,8.8,10.7,3.7,2.2,5.9,16.6
East Midlands,,6.8,6.1,9.8,15.9,,0.5,4.4,4.9,20.8,27.6,6.7,7.2,14.0,41.6
West Midlands 2,,12.7,4.2,6.1,10.3,,0.7,7.2,7.9,18.2,30.9,5.5,12.3,17.8,48.7
of which:,,,,,,,,,,,,,,,
  West Midlands FMC,,2.9,0.2,0.3,0.5,,0.0,4.4,4.5,5.0,7.9,0.3,8.3,8.6,16.4
  Rest of West Midlands,,9.8,4.0,5.8,9.8,,0.6,2.8,3.4,13.3,23.0,5.2,4.0,9.2,32.2
East of England,,8.3,9.4,11.0,20.5,,0.4,5.0,5.5,25.9,34.3,10.7,10.5,21.2,55.4
London,,2.2,0.0,0.7,0.7,,0.0,17.6,17.6,18.3,20.5,0.1,10.9,11.0,31.5
South East,,22.6,9.4,15.5,24.9,,0.6,9.7,10.3,35.2,57.8,11.6,16.4,28.0,85.7
South West,,8.6,5.8,11.6,17.3,,0.3,4.8,5.1,22.4,31.1,9.7,9.0,18.6,49.7
England,,89.7,44.1,71.7,115.8,,4.1,69.4,73.5,189.3,279.0,56.1,94.5,150.6,429.6
Wales,,3.4,6.1,4.8,10.9,,0.5,3.0,3.5,14.4,17.7,4.9,5.0,9.9,27.6
Scotland,,6.4,9.0,7.9,16.9,,1.0,4.6,5.5,22.4,28.9,6.8,8.2,15.0,43.9
Great Britain,,99.5,59.2,84.4,143.6,,5.6,76.9,82.5,226.1,325.5,67.9,107.6,175.5,501.1
,,,,,,,,,,,,,,,
1 Includes trunk motorways and principal motorways,,,,,,,,,,,,,,,Source: DfT National Road Traffic Survey
2 Use controls on left hand side to access data for Former Metropolitan Counties (FMC) within these regions,,,,,,,,,,,,,,,Last updated: February 2012
Telephone: 020 7944 3095,,,,,,,,,,,,,,,
Email: roadtraff.stats@dft.gsi.gov.uk,,,,,,,,,,,,,,,
Notes & definitions (http://assets.dft.gov.uk/statistics/releases/traffic-estimates-2010/traffic-estimates-2010-notes.pdf),,,,,,,,,,,,,,,
The figures in this table are National Statistics.,,,,,,,,,,,,,,,
,,,,,,,,,,,,,,,
