Department for Transport statistics,,,,,,,,,,,,,,,,
Traffic (http://www.dft.gov.uk/statistics/series/traffic),,,,,,,,,,,,,,,,
Table TRA0302,,,,,,,,,,,,,,,,
"Motor vehicle flow by road class and region and country in Great Britain, 2006 1",,,,,,,,,,,,,,,,
Estimates for the period since 2000 have been revised to take into account the minor road benchmarking exercise. Further details available at http://www.dft.gov.uk/statistics/series/traffic,,,,,,,,,,,,,,,,
,,,,,,,,Thousand vehicles per day,,,,,,,,
,,Major roads,,,,,,,,,,,,,,
,,,'A' roads,,,Minor roads,,,,,,,,,,
,,Motorway 2,Rural,Urban,All major roads,Rural,Urban,All roads,,,,,,,,
North East,,53.8,13.8,21.3,17.1,0.6,2.3,3.2,,,,,,,,
North West ,,76.1,11.0,17.8,22.4,0.9,2.0,4.1,,,,,,,,
Yorkshire & the Humber,,69.2,12.9,18.8,20.4,1.0,2.0,3.6,,,,,,,,
East Midlands,,95.9,13.9,19.1,18.7,1.0,2.2,3.6,,,,,,,,
West Midlands,,80.6,11.6,19.8,21.4,0.9,2.7,4.1,,,,,,,,
East of England,,86.2,18.3,18.3,22.6,1.2,2.6,3.8,,,,,,,,
London,,99.6,29.6,29.1,31.5,1.1,2.4,5.9,,,,,,,,
South East,,94.5,18.1,19.4,26.9,1.4,2.4,5.0,,,,,,,,
South West,,72.2,11.2,19.9,16.2,0.8,2.4,2.7,,,,,,,,
England,,81.7,14.1,20.8,21.7,1.0,2.3,3.9,,,,,,,,
Wales,,65.3,8.2,17.8,11.3,0.6,2.0,2.2,,,,,,,,
Scotland,,43.3,4.9,16.7,7.4,0.5,1.9,2.0,,,,,,,,
Great Britain,,76.6,11.1,20.3,17.7,0.9,2.3,3.5,,,,,,,,
,,,,,,,,,,,,,,,,
1 The calculation for the average daily flow is estimated by dividing the annual traffic estimate by the road length and the number of days in the year,,,,,,,,Source: DfT National Road Traffic Survey,,,,,,,,
2 Includes trunk motorways and principal motorways,,,,,,,,Last updated: February 2012,,,,,,,,
Telephone: 020 7944 3095,,,,,,,,,,,,,,,,
Email: roadtraff.stats@dft.gsi.gov.uk,,,,,,,,,,,,,,,,
Notes & definitions (http://assets.dft.gov.uk/statistics/releases/traffic-estimates-2010/traffic-estimates-2010-notes.pdf),,,,,,,,,,,,,,,,
The figures in this table are National Statistics.,,,,,,,,,,,,,,,,
,,,,,,,,,,,,,,,,
,,,,,,,,,,,,,,,,
,,,,,,,,,,,,,,,,
