Department for Transport statistics,,,,,,,,,,,,,,,
Traffic (http://www.dft.gov.uk/statistics/series/traffic),,,,,,,,,,,,,,,
Table TRA0306,,,,,,,,,,,,,,,
"Average traffic distribution by day of the week in Great Britain, 2008",,,,,,,,,,,,,,,
,,,,,,,,,,,,,,,Index: Average day = 100
,Motorways,,,,All rural major and minor roads,,,,All urban major and minor roads,,,,All roads,,
,Cars & taxis,Goods vehicles ,All motor vehicles,,Cars & taxis,Goods vehicles ,All motor vehicles,,Cars & taxis,Goods vehicles ,All motor vehicles,,Cars & taxis,Goods vehicles ,All motor vehicles
Monday,99,116,103,,101,118,103,,100,116,101,,100,117,103
Tuesday,99,127,104,,102,130,105,,105,128,107,,101,127,105
Wednesday,101,130,107,,103,130,107,,108,129,109,,103,130,107
Thursday,102,132,108,,104,131,107,,106,128,107,,103,131,108
Friday,112,117,113,,114,118,114,,108,122,110,,112,118,113
Saturday,93,45,84,,94,44,88,,96,50,93,,94,46,86
Sunday,92,33,80,,83,29,76,,77,27,73,,88,32,78
,,,,,,,,,,,,,,,
Telephone: 020 7944 3095,,,,,,,,,,,,,,,Source: DfT Automatic Traffic Counters
Email: roadtraff.stats@dft.gsi.gov.uk,,,,,,,,,,,,,,,Last updated: June 2011
Notes & definitions (http://assets.dft.gov.uk/statistics/releases/traffic-estimates-2010/traffic-estimates-2010-notes.pdf),,,,,,,,,,,,,,,
The figures in this table are not National Statistics.,,,,,,,,,,,,,,,
,,,,,,,,,,,,,,,
,,,,,,,,,,,,,,,


,,,,,,,,,,,,,,,
,,,,,,,,,,,,,,,
,,,,,,,,,,,,,,,
,,,,,,,,,,,,,,,
,,,,,,,,,,,,,,,
,,,,,,,,,,,,,,,
,,,,,,,,,,,,,,,
