Department for Transport statistics,,,,,,,,,,,,
Traffic (http://www.dft.gov.uk/statistics/series/traffic),,,,,,,,,,,,
Table TRA0105,,,,,,,,,,,,
"Change in traffic on major roads by region and country in Great Britain, from 2000 to 2010",,,,,,,,,,,,
,,Percentages,,,,,,,,,,
Region,,Change 2000 to 2010,,,,,,,,,,
North East,,7.7,,,,,,,,,,
North West,,6.5,,,,,,,,,,
Yorkshire and The Humber,,7.2,,,,,,,,,,
East Midlands,,8.0,,,,,,,,,,
West Midlands,,6.4,,,,,,,,,,
East of England,,6.1,,,,,,,,,,
London,,-3.5,,,,,,,,,,
South East,,3.5,,,,,,,,,,
South West,,9.3,,,,,,,,,,
England,,5.6,,,,,,,,,,
Wales,,10.3,,,,,,,,,,,,,,,
Scotland,,9.8,,,,,,,,,,,,,,,
Great Britain,,6.2,,,,,,,,,,,,,,,
,,,,,,,,,,,,,,,,,
,,Source: DfT National Road Traffic Survey,,,,,,,,,,,,,,,
Telephone: 020 7944 3095,,Last updated: June 2011,,,,,,,,,,,,,,,
Email: roadtraff.stats@dft.gsi.gov.uk,,Next update: June 2012,,,,,,,,,,,,,,,
Notes & definitions (http://assets.dft.gov.uk/statistics/releases/traffic-estimates-2010/traffic-estimates-2010-notes.pdf),,,,,,,,,,,,,,,,,
The figures in this table are National Statistics.,,,,,,,,,,,,,,,,,
,,,,,,,,,,,,,,,,,
,,,,,,,,,,,,,,,,,
,,,,,,,,,,,,,,,,,
,,,,,,,,,,,,,,,,,
