Department for Transport statistics,,,,,,,
Traffic (http://www.dft.gov.uk/statistics/series/traffic),,,,,,,
Table TRA0308,,,,,,,
"Car traffic distribution on all roads by time of day in Great Britain, 2007",,,,,,,
,,,Index: Average hour in week = 100,,,,
Time of day,Weekdays,Saturday,Sunday,,,,
00:00-01:00,14,24,28,,,,
01:00-02:00,8,15,17,,,,
02:00-03:00,6,10,11,,,,
03:00-04:00,6,9,9,,,,
04:00-05:00,11,11,9,,,,
05:00-06:00,30,20,12,,,,
06:00-07:00,86,37,21,,,,
07:00-08:00,173,63,35,,,,
08:00-09:00,189,100,55,,,,
09:00-10:00,147,137,94,,,,
10:00-11:00,134,173,141
11:00-12:00,137,191,169
12:00-13:00,141,188,177
13:00-14:00,146,178,171
14:00-15:00,153,165,169
15:00-16:00,171,157,173
16:00-17:00,202,155,181
17:00-18:00,216,155,172
18:00-19:00,173,133,152
19:00-20:00,119,102,127
20:00-21:00,82,73,101
21:00-22:00,60,53,74
22:00-23:00,45,45,49
23:00-00:00,28,38,31
,,,
Telephone: 020 7944 3095,,,Source: DfT Automatic Traffic Counters
Email: roadtraff.stats@dft.gsi.gov.uk,,,Last updated: June 2011
Notes & definitions (http://assets.dft.gov.uk/statistics/releases/traffic-estimates-2010/traffic-estimates-2010-notes.pdf),,,
The figures in this table are not National Statistics.,,,
,,,
,,,
,,,
,,,
,,,
,,,
,,,
,,,
,,,
,,,
,,,
,,,
,,,
,,,
,,,
,,,
,,,
,,,
,,,
,,,
,,,
,,,
,,,
,,,
,,,
,,,
,,,
,,,
,,,
,,,
,,,
,,,
