Department for Transport statistics,,,,,,,,,
Traffic (http://www.dft.gov.uk/statistics/series/traffic),,,,,,,,,
Table TRA0204,,,,,,,,,
"Road traffic (vehicle kilometres) by vehicle type and road class in Great Britain, annual 2006",,,,,,,,,
Estimates for the period since 2000 have been revised to take into account the minor road benchmarking exercise. Further details available at http://www.dft.gov.uk/statistics/series/traffic,,,,,,,,,
,,,,,,,,Billion vehicle kilometres,
,,Cars and taxis,Motorcycles,Buses & coaches,Light vans,Goods vehicles,All motor vehicles,Pedal cycles,
Motorways 2,,74.2,0.4,0.6,12.1,12.2,99.5,-,
Rural 'A' roads:,,,,,,,,,
,Trunk 3,45.5,0.4,0.3,7.2,5.8,59.2,-,
,Principal,68.1,0.8,0.6,10.4,4.5,84.4,0.1,
,All rural 'A' roads,113.6,1.2,0.9,17.6,10.3,143.6,0.1,
Urban 'A' roads: 1,,,,,,,,,
,Trunk 3,4.5,-,-,0.7,0.4,5.6,-,
,Principal,63.1,1.0,1.2,9.0,2.6,76.9,0.7,
,All urban 'A' roads,67.6,1.0,1.2,9.7,3.0,82.5,0.7,
All major roads 4,,255.4,2.6,2.7,39.4,25.4,325.5,0.8,
Minor roads:,,,,,,,,,
,Minor rural roads,53.4,0.9,0.7,11.1,1.9,67.9,0.9,
,Minor urban roads 1,88.6,1.6,1.9,13.8,1.7,107.6,2.8,
,All minor roads,141.9,2.5,2.6,24.9,3.6,175.5,3.7,
All roads,,397.4,5.1,5.3,64.3,29.0,501.1,4.5,
,,,,,,,,,
"1 Urban roads: Major and minor roads within an urban area with a population of 10,000 or more. These are based on the 2001 urban settlements.  The definition for 'urban settlement' is in 'Urban and rural area definitions: a user guide which can be found o",,,,,,,,Source: DfT National Road Traffic Survey,
2 Includes trunk motorways and principal motorways,,,,,,,,Last updated: February 2012,
3 Figures for trunk and principal roads in England since 2001 are affected by the detrunking programme,,,,,,,,,
"4 Includes motorways, urban and rural 'A' roads",,,,,,,,,
Telephone: 020 7944 3095,,,,,,,,,
Email: roadtraff.stats@dft.gsi.gov.uk,,,,,,,,,
Notes & definitions (http://assets.dft.gov.uk/statistics/releases/traffic-estimates-2010/traffic-estimates-2010-notes.pdf),,,,,,,,,
The figures in this table are National Statistics.,,,,,,,,,
