Department for Transport statistics,,,,,,,,,,,,,,,
Traffic (http://www.dft.gov.uk/statistics/series/traffic),,,,,,,,,,,,,,,
Table TRA0305,,,,,,,,,,,,,,,
"Average daily traffic flow (five year average) by month in Great Britain, 2006-2010 (average) 1",,,,,,,,,,,,,,,
,,,,,,,,,,,,,,,Index: Average daily traffic flow in month = 100
,Motorways,,,,All rural major and minor roads,,,,All urban major and minor roads,,,,All roads,,
,Cars & taxis,Goods vehicles ,All motor vehicles,,Cars & taxis,Goods vehicles ,All motor vehicles,,Cars & taxis,Goods vehicles ,All motor vehicles,,Cars & taxis,Goods vehicles ,All motor vehicles
January,88,93,89,,88,91,88,,96,91,95,,89,93,90
February,92,97,93,,91,97,92,,97,97,97,,93,97,93
March 2,98,103,99,,98,102,98,,102,103,102,,99,103,99
April 2,101,100,101,,102,100,102,,101,100,101,,101,100,101
May,102,101,102,,104,101,104,,101,100,101,,102,101,102
June,103,105,104,,106,106,106,,102,105,103,,104,105,104
July,106,103,105,,107,104,107,,102,105,102,,105,103,105
August,108,99,106,,109,101,108,,98,100,99,,107,99,105
September,105,104,105,,105,106,105,,102,105,102,,105,104,105
October,105,104,105,,103,105,103,,102,104,102,,104,104,104
November,99,104,100,,98,103,98,,101,103,101,,99,104,100
December 3,92,88,91,,90,85,89,,95,87,94,,92,87,91
,,,,,,,,,,,,,,,
1 Indices are based on average daily traffic and are not affected by the varying number of days in each month,,,,,,,,,,,,,,,Source: DfT Automatic traffic counters
2 Figures affected by Easter,,,,,,,,,,,,,,,Last updated: June 2011
3 Figures affected by Christmas,,,,,,,,,,,,,,,Next update: June 2012
Telephone: 020 7944 3095,,,,,,,,,,,,,,,
Email: roadtraff.stats@dft.gsi.gov.uk,,,,,,,,,,,,,,,
Notes & definitions (http://assets.dft.gov.uk/statistics/releases/traffic-estimates-2010/traffic-estimates-2010-notes.pdf),,,,,,,,,,,,,,,
The figures in this table are not National Statistics.,,,,,,,,,,,,,,,
,,,,,,,,,,,,,,,
,,,,,,,,,,,,,,,
