Department for Transport statistics,,,,,,,
Traffic (http://www.dft.gov.uk/statistics/series/traffic),,,,,,,
Table TRA0307,,,,,,,
"Traffic distribution by time of day on all roads in Great Britain, 2006",,,,,,,
,,,Index: Average hour in week = 100,,,,
Time of day,Weekdays,Saturday,Sunday,,,,
00:00-01:00,18,26,25,,,,
01:00-02:00,12,18,16,,,,
02:00-03:00,10,14,11,,,,
03:00-04:00,11,12,9,,,,
04:00-05:00,18,14,9,,,,
05:00-06:00,41,23,13,,,,
06:00-07:00,98,40,21,,,,
07:00-08:00,178,66,34,,,,
08:00-09:00,191,97,51,,,,
09:00-10:00,157,128,85,,,,
10:00-11:00,146,157,124
11:00-12:00,149,172,148
12:00-13:00,152,169,154
13:00-14:00,156,159,149
14:00-15:00,163,147,146
15:00-16:00,176,138,150
16:00-17:00,198,136,156
17:00-18:00,202,136,148
18:00-19:00,162,117,132
19:00-20:00,114,91,113
20:00-21:00,80,65,91
21:00-22:00,60,48,67
22:00-23:00,45,40,46
23:00-00:00,30,35,29
,,,
Telephone: 020 7944 3095,,,Source: DfT Automatic Traffic Counters
Email: roadtraff.stats@dft.gsi.gov.uk,,,Last updated: June 2011
Notes & definitions (http://assets.dft.gov.uk/statistics/releases/traffic-estimates-2010/traffic-estimates-2010-notes.pdf),,,
The figures in this table are not National Statistics.,,,
,,,
,,,
,,,
,,,
,,,
,,,
,,,
,,,
,,,
,,,
,,,
,,,
,,,
,,,
,,,
,,,
,,,
,,,
,,,
,,,
,,,
,,,
,,,
,,,
,,,
,,,
,,,
,,,
,,,
,,,
,,,
,,,
