Department for Transport statistics,,,,,,,,,,,,,,,
Traffic (http://www.dft.gov.uk/statistics/series/traffic),,,,,,,,,,,,,,,
Table TRA0305,,,,,,,,,,,,,,,
"Average daily traffic flow (five year average) by month in Great Britain, 2003-2007 (average) 1",,,,,,,,,,,,,,,
,,,,,,,,,,,,,,,Index: Average daily traffic flow in month = 100
,Motorways,,,,All rural major and minor roads,,,,All urban major and minor roads,,,,All roads,,
,Cars & taxis,Goods vehicles ,All motor vehicles,,Cars & taxis,Goods vehicles ,All motor vehicles,,Cars & taxis,Goods vehicles ,All motor vehicles,,Cars & taxis,Goods vehicles ,All motor vehicles
January,90,92,90,,87,90,87,,97,91,96,,90,92,90
February,94,98,94,,91,97,91,,98,99,97,,94,98,94
March 2,98,103,99,,97,102,97,,102,103,102,,98,103,99
April 2,102,100,101,,102,100,102,,101,100,101,,102,100,101
May,101,100,100,,103,101,103,,101,101,101,,101,100,101
June,103,105,104,,106,106,106,,102,106,103,,103,105,104
July,106,102,105,,108,102,107,,101,105,101,,105,102,105
August,108,99,106,,110,102,110,,98,101,98,,107,99,106
September,104,104,105,,106,106,106,,101,104,102,,104,104,104
October,103,103,103,,101,104,102,,101,102,101,,102,104,103
November,98,105,100,,97,104,98,,102,103,102,,99,105,100
December 3,94,89,93,,92,86,91,,97,86,96,,94,88,93
,,,,,,,,,,,,,,,
1 Indices are based on average daily traffic and are not affected by the varying number of days in each month,,,,,,,,,,,,,,,Source: DfT Automatic traffic counters
2 Figures affected by Easter,,,,,,,,,,,,,,,Last updated: June 2011
3 Figures affected by Christmas,,,,,,,,,,,,,,,
Telephone: 020 7944 3095,,,,,,,,,,,,,,,
Email: roadtraff.stats@dft.gsi.gov.uk,,,,,,,,,,,,,,,
Notes & definitions (http://assets.dft.gov.uk/statistics/releases/traffic-estimates-2010/traffic-estimates-2010-notes.pdf),,,,,,,,,,,,,,,
The figures in this table are not National Statistics.,,,,,,,,,,,,,,,
,,,,,,,,,,,,,,,
,,,,,,,,,,,,,,,
