Department for Transport statistics,,,,,,,,,,,
Traffic (http://www.dft.gov.uk/statistics/series/traffic),,,,,,,,,,,
Table TRA3202,,,,,,,,,,,
"Proportion of foreign registered vehicles in traffic by road type and region and country in Great Britain, 2009",,,,,,,,,,,
,,,,,,,,,,Per cent,
,,,A' Roads,,,,,,Lower confidence interval1,Upper confidence interval1,
,,Motorway 2,Rural,Urban,All 'A' Roads,,Minor roads 3,All roads,,,
North East,,0.56,0.28,0.23,0.26,,..,0.18,0.16,0.21,
North West ,,0.63,0.21,0.21,0.21,,..,0.28,0.26,0.31,
Yorkshire and the Humber,,0.56,0.61,0.73,0.66,,..,0.41,0.37,0.44,
East Midlands,,0.88,0.17,0.24,0.18,,..,0.26,0.23,0.29,
West Midlands,,0.56,0.41,0.19,0.32,,..,0.29,0.26,0.32,
East of England,,1.19,0.46,0.27,0.42,,..,0.43,0.39,0.46,
London,,0.71,0.66,0.68,0.68,,..,0.47,0.43,0.50,
South East,,1.33,0.36,0.44,0.38,,..,0.55,0.51,0.59,
South West,,0.77,0.31,0.60,0.38,,..,0.43,0.40,0.47,
England,,0.87,0.36,0.44,0.39,,..,0.39,0.38,0.40,,
Wales,,0.73,0.58,0.80,0.63,,..,0.43,0.39,0.47,,
Scotland,,0.28,0.53,0.35,0.49,,..,0.32,0.29,0.35,,
Great Britain,,0.83,0.39,0.45,0.41,,0.12,0.39,0.38,0.40,,
,,,,,,,,,,,,
Lower confidence interval (GB)1,,0.79,0.38,0.43,0.40,,0.10,0.38,,,,
Upper confidence interval (GB)1,,0.87,0.41,0.46,0.42,,0.13,0.40,,,,
,,,,,,,,,,,,
1 At the 95% confidence level for the GB/all roads estimate,,,,,,,,,,Source: DfT Roadside Survey,,
2 Includes trunk motorways and principal motorways,,,,,,,,,,Last updated: June 2011,,
3 Sample sizes for minor roads too small to produce robust estimates at regional level,,,,,,,,,,,,
NB This table has been revised since first publication. The revisions relate to how the individual site data are weighted.,,,,,,,,,,,,
Telephone: 020 7944 3077,,,,,,,,,,,,
Email: vehicles.stats@dft.gsi.gov.uk,,,,,,,,,,,,
Notes & definitions (http://assets.dft.gov.uk/statistics/releases/traffic-estimates-2010/traffic-estimates-2010-notes.pdf),,,,,,,,,,,,
The figures in this table are not National Statistics.,,,,,,,,,,,,




