Department for Transport statistics,,,,,,,,,,,,,,,,,,,,,,,,,
Traffic (http://www.dft.gov.uk/statistics/series/traffic),,,,,,,,,,,,,,,,,,,,,,,,,
Table TRA3105,,,,,,,,,,,,,,,,,,,,,,,,,
"Heavy goods vehicle traffic by axle configuration and road category in Great Britain, 2008",,,,,,,,,,,,,,,,,,,,,,,,,
Estimates for the period since 2000 have been revised to take into account the minor road benchmarking exercise. Further details available at http://www.dft.gov.uk/statistics/series/traffic,,,,,,,,,,,,,,,,,,,,,,,,,
,,,,,,,,,,,Per cent / billion vehicle miles/kilometres,,,,,,,,,,,,,,
,,Rigid (number of axles),,,,,Articulated (number of axles),,,,,,,,,,,,,,,,,,
Road category,,2,3,4 or more,Total,,3 or 4,5,6 or more,Total,All HGVs,,,,,,,,,,,,,,
Motorways,,30,25,27,29,,45,61,55,56,42,,,,,,,,,,,,,,
Rural 'A' roads:,,,,,,,,,,,,,,,,,,,,,,,,,
,Trunk,16,16,17,16,,23,23,25,24,20,,,,,,,,,,,,,,
,Principal,19,20,24,19,,18,10,12,12,16,,,,,,,,,,,,,,
,All rural 'A' roads,34,36,42,36,,41,34,37,36,36,,,,,,,,,,,,,,
Urban 'A' roads:,,,,,,,,,,,,,,,,,,,,,,,,,
,Trunk,1,1,1,1,,1,1,1,1,1,,,,,,,,,,,,,,
,Principal,13,12,14,13,,7,3,4,4,9,,,,,,,,,,,,,,
,All urban 'A' roads,14,13,15,14,,8,4,5,5,10,,,,,,,,,,,,,,
All major roads,,78,75,84,79,,93,99,97,97,88,,,,,,,,,,,,,,
Minor roads:,,,,,,,,,,,,,,,,,,,,,,,,,
Rural minor roads,,11,15,10,12,,4,1,2,2,7,,,,,,,,,,,,,,
Urban minor roads,,10,10,6,10,,3,0,1,1,6,,,,,,,,,,,,,,
All minor roads,,22,25,16,21,,7,2,3,3,12,,,,,,,,,,,,,,
All roads (billion vehicle miles),,6.6,1.2,1.1,9.0,,1.0,4.0,3.7,8.8,17.8,,,,,,,,,,,,,,
All roads (billion vehicle kilometres),,10.6,2.0,1.8,14.5,,1.6,6.5,6.0,14.1,28.6,,,,,,,,,,,,,,
,,,,,,,,,,,,,,,,,,,,,,,,,
Telephone: 020 7944 3095,,,,,,,,,,,Source: DfT National Road Traffic Survey,,,,,,,,,,,,,,
Email: roadtraff.stats@dft.gsi.gov.uk,,,,,,,,,,,Last updated: February 2012,,,,,,,,,,,,,,
Notes & definitions (http://assets.dft.gov.uk/statistics/releases/traffic-estimates-2010/traffic-estimates-2010-notes.pdf),,,,,,,,,,,,,,,,,,,,,,,,,
The figures in this table are National Statistics.,,,,,,,,,,,,,,,,,,,,,,,,,
,,,,,,,,,,,,,,,,,,,,,,,,,
,,,,,,,,,,,,,,,,,,,,,,,,,
,,,,,,,,,,,,,,,,,,,,,,,,,
,,,,,,,,,,,




,,,,,,,,,,,
,,,,,,,,,,,
,,,,,,,,,,,
,,,,,,,,,,,
,,,,,,,,,,,
,,,,,,,,,,,
,,,,,,,,,,,
,,,,,,,,,,,
,,,,,,,,,,,
,,,,,,,,,,,
,,,,,,,,,,,
,,,,,,,,,,,
,,,,,,,,,,,
,,,,,,,,,,,
,,,,,,,,,,,
