Department for Transport statistics,,,,,,,,,,,,,,,,,,,,
Taxi Statistics (http://www.dft.gov.uk/statistics/series/taxis/),,,,,,,,,,,,,,,,,,,,
Table TAXI0103,,,,,,,,,,,,,,,,,,,,
"Taxis, Private Hire Vehicles (PHVs) and their drivers: England and Wales by licensing region, 31 March 2011",,,,,,,,,,,,,,,,,,,,
,,,,,,,,,,,,Thousands,,,,,,,,
,Licensed taxis and taxi drivers,,,,,Private hire vehicles (PHVs),,,,,,,,,,,,,,
Licensing region,Wheelchair accessible taxis 2,"Other 
taxis","Total 
taxis",Taxi only licensed drivers,,"Wheelchair 
accessible 
PHVs 3","Vehicle licences 
issued","Operator 
licences 
issued",PHV only licensed drivers,,Dual taxi/PHV driver licences,"Total driver 
licences 
issued",,,,,,,,
North East,1.3,3.6,4.9,6.2,,0.2,5.3,0.3,6.2,,3.0,15.4,,,,,,,,
North West,5.4,2.6,8.1,12.0,,0.6,22.5,1.9,25.3,,6.1,43.3,,,,,,,,
Yorkshire and the Humber,2.1,2.0,4.0,3.1,,0.6,17.1,1.5,14.1,,9.3,26.5,,,,,,,,
East Midlands,1.9,2.4,4.3,1.4,,0.2,7.8,1.3,3.7,,11.2,16.4,,,,,,,,
West Midlands,4.3,1.7,6.0,3.6,,0.4,13.2,1.0,13.5,,8.3,25.5,,,,,,,,
East of England,2.2,4.9,7.1,3.6,,0.5,10.6,2.0,8.5,,10.8,23.0,,,,,,,,
London1,22.6,0.0,22.6,25.1,,..,50.7,3.1,61.2,,0.0,86.3,,,,,,,,
South East,2.6,7.2,9.7,7.4,,0.7,16.8,3.2,15.8,,10.9,34.1,,,,,,,,
South West,1.9,4.5,6.4,3.7,,0.4,6.9,1.6,5.8,,7.5,17.0,,,,,,,,
England,44.3,28.8,73.0,66.0,,3.6,150.9,15.9,154.1,,67.2,287.3,,,,,,,,
Wales,1.3,3.7,5.0,2.0,,0.2,4.2,0.7,1.8,,8.1,11.9,,,,,,,,
England and Wales,45.6,32.4,78.0,68.1,,3.8,155.1,16.7,155.9,,75.3,299.2,,,,,,,,
"1  TfL is the licensing authority in London. PHV driver licensing by TfL began in April 2003, with vehicle licensing in April 2004.",,,,,,,,,,,,,,,,,,,,
2  Includes purpose built taxis (which are wheelchair accessible) and converted vehicles.,,,,,,,,,,,,,,,,,,,,
3  Levels of response for this question were lower than others.  Regional figures are estimates produced by scaling figures provided by those authorities able to provide a figure,,,,,,,,,,,,,,,,,,,,
"TfL were unable to provide a figure for London, so the England total is likely to represent an underestimate.",,,,,,,,,,,,,,,,,,,,
,,,,,,,,,,,,,,,,,,,,
Telephone: 020 7944 3094,,,,,,,,,,,,Source: Taxi Licensing Authorities,,,,,,,,
Email: bus.statistics@dft.gsi.gov.uk,,,,,,,,,,,,Last updated: 15 December 2011,,,,,,,,
,,,,,,,,,,,,Next update: 2013,,,,,,,,
,,,,,,,,,,,,,,,,,,,,
The figures in this table are National Statistics,,,,,,,,,,,,,,,,,,,,
,,,,,,,,,,,,,,,,,,,,
,,,,,,,,,,,,,,,,,,,,
,,,,,,,,,,,,,,,,,,,,
