Department for Transport statistics,,,,,,,,,,,,,,,,,,,
Taxi Statistics (http://www.dft.gov.uk/statistics/series/taxis/),,,,,,,,,,,,,,,,,,,
Table TAXI0103 [2005 data],,,,,,,,,,,,,,,,,,,
"Taxis, Private Hire Vehicles (PHVs) and their drivers: England and Wales by licensing region, 31 March 2005",,,,,,,,,,,,,,,,,,,
,,,,,,,,,,,Thousands,,,,,,,,
,Licensed taxis and taxi drivers,,,,,Private hire vehicles (PHVs),,,,,,,,,,,,,
Licensing region,Wheelchair accessible taxis2,"Other 
taxis","Total 
taxis",Taxi only licensed drivers,,"Vehicle licences 
issued","Operator 
licences 
issued",PHV only licensed drivers,,Dual taxi/PHV driver licences,"Total driver 
licences 
issued",,,,,,,,
North East,1.0,3.2,4.2,4.7,,4.8,0.5,5.5,,2.7,12.9,,,,,,,,
North West,4.7,2.7,7.4,11.5,,17.9,1.6,22.1,,5.5,39.1,,,,,,,,
Yorkshire and the Humber,1.2,2.1,3.2,3.2,,12.2,1.6,10.9,,6.4,20.5,,,,,,,,
East Midlands,1.6,3.0,4.6,2.4,,6.3,1.1,3.1,,10.0,15.5,,,,,,,,
West Midlands,2.7,1.5,4.2,4.4,,11.7,0.9,13.1,,5.7,23.3,,,,,,,,
East of England,1.5,4.1,5.6,5.0,,8.2,1.7,8.6,,6.2,19.8,,,,,,,,
London1,20.8,0.0,20.8,24.9,,40.0,2.3,40.0,,0.0,64.9,,,,,,,,
South East,1.6,6.9,8.5,8.3,,13.7,2.7,13.4,,8.2,30.0,,,,,,,,
South West,1.3,4.3,5.7,4.4,,5.4,1.4,5.7,,6.1,16.1,,,,,,,,
England,36.3,27.8,64.2,68.8,,120.4,13.8,122.5,,50.8,242.1,,,,,,,,
Wales,0.5,3.4,3.9,2.2,,4.2,0.8,1.7,,7.5,11.4,,,,,,,,
England and Wales,36.8,31.2,68.0,71.1,,124.5,14.6,124.1,,58.3,253.5,,,,,,,,
"1  TfL is the licensing authority in London. PHV driver licensing by TfL began in April 2003, with vehicle licensing in April 2004.",,,,,,,,,,,,,,,,,,,
2 Includes both purpose built taxis (designed to be wheelchair accessible) and other vehicles converted to be wheelchair accessible,,,,,,,,,,,,,,,,,,,
,,,,,,,,,,,,,,,,,,,
Telephone: 020 7944 3094,,,,,,,,,,,Source: Taxi Licensing Authorities,,,,,,,,
Email: bus.statistics@dft.gsi.gov.uk,,,,,,,,,,,Last updated: 15 December 2011,,,,,,,,
,,,,,,,,,,,Next update: None,,,,,,,,
,,,,,,,,,,,,,,,,,,,
The figures in this table are National Statistics,,,,,,,,,,,,,,,,,,,
,,,,,,,,,,,,,,,,,,,
,,,,,,,,,,,,,,,,,,,
,,,,,,,,,,,,,,,,,,,
,,,,,,,,,,,,,,,,,,,
,,,,,,,,,,,,,,,,,,,
,
,
,
,
,
,
,
,
,
,
,
,
,
,
,
,
,
,
,
,
,
,
,
,
,
,
,
,
,
,
,
,
,
,
,
,
,
,
,
,
