Department for Transport statistics,,,,,,,,,,,,,,
Rail Statistics (http://www.dft.gov.uk/statistics/series/rail/),,,,,,,,,,,,,,
,,,,,,,,,,,,,,
Table RAI0211,,,,,,,,,,,,,,
Passengers in excess of capacity (PiXC)1 on a typical autumn weekday by operator: London & South East train operators: annual from 2008,,,,,,,,,,,,,,
Percentage of passengers in excess of capacity; 3-hour peaks; all London & South East operators,,,,,,,,,,,,,,
,,,,,,,,,,,,,,Percentage
,AM peak PiXC,,,,,PM peak PiXC,,,,,Overall PiXC,,,
Train operating company,2008,2009,2010,2011,,2008,2009,2010,2011,,2008,2009,2010,2011
c2c,2.7%,1.5%,2.6%,3.9%,,0.4%,0.3%,0.6%,1.0%,,1.6%,1.0%,1.7%,2.6%
Chiltern Railways2,3.9%,2.6%,3.1%,4.9%,,0.3%,0.7%,0.8%,1.2%,,2.3%,1.8%,2.1%,3.3%
First Capital Connect3,4.9%,0.9%,2.8%,3.2%,,3.2%,1.2%,1.2%,1.4%,,4.2%,1.0%,2.1%,2.3%
First Great Western4,8.9%,11.4%,18.5%,10.7%,,3.6%,4.4%,14.4%,10.4%,,6.5%,8.2%,16.6%,10.5%
London Midland5,6.9%,3.6%,0.4%,2.8%,,2.3%,8.1%,4.6%,10.6%,,4.8%,5.9%,2.5%,6.8%
"London Overground6,7,8",1.4%,2.7%,0.0%,0.0%,,0.0%,0.0%,0.0%,0.0%,,0.8%,1.6%,0.0%,0.0%
National Express East Anglia2,4.8%,2.6%,4.9%,4.7%,,2.4%,0.9%,1.3%,3.2%,,3.7%,1.8%,3.2%,4.0%
"Southeastern8,9",3.0%,1.6%,1.3%,1.5%,,1.6%,0.5%,0.2%,0.0%,,2.3%,1.1%,0.8%,0.8%,
Southern10,4.2%,4.2%,5.1%,5.6%,,0.8%,1.3%,1.6%,1.5%,,2.7%,3.0%,3.5%,3.8%,
South West Trains8,2.8%,2.8%,3.4%,4.1%,,1.7%,1.8%,1.7%,2.4%,,2.3%,2.3%,2.6%,3.3%,
All London & South East operators,4.0%,2.9%,4.0%,4.0%,,1.8%,1.4%,1.9%,2.3%,,3.0%,2.2%,3.0%,3.2%,
,,,,,,,,,,,,,,,
1  Percentage of standard class passengers in excess of the capacity on their train service. See Notes and definitions for more information.,,,,,,,,,,,,,,,
2  Figures are based on only one manual count per service.,,,,,,,,,,,,,,,
3  First Capital Connect acquired extra rolling stock to increase capacity during 2009.,,,,,,,,,,,,,,,
4  Includes Heathrow Connect services.,,,,,,,,,,,,,,,
5  London Midland gained additional capacity as a result of the December 2009 timetable change.,,,,,,,,,,,,,,,
6  Includes services to and from London Euston (Watford DC line services) only and excludes services on other London Overground lines.,,,,,,,,,,,,,,,
7  London Overground introduced new rolling stock on the Watford DC line during 2010 which increased the capacity of these services.,,,,,,,,,,,,,,,
"8  London Overground, Southeastern and South West Trains use a different standing allowance per passenger to other operators on some or all of their rolling stock (see Notes and definitions for details).",,,,,,,,,,,,,,,
9  From 2010 includes the high speed services which were introduced in December 2009.,,,,,,,,,,,,,,,
10  From 2009 includes Gatwick Express services.,,,,,,,,,,,,,,,

Telephone: 020 7944 2419,,,,,,,,,,,,,,Source: Passenger counts; Department for Transport and Transport for London
Email: rail.stats@dft.gsi.gov.uk,,,,,,,,,,,,,,
,,,,,,,,,,,,,,Last updated: 5 July 2012
Notes and definitions (http://assets.dft.gov.uk/statistics/releases/rail-passenger-numbers-and-crowding-on-weekdays-2011/rail-notes-definitions.pdf),,,,,,,,,,,,,,Next updated: July 2013
,,,,,,,,,,,,,,
The figures in this table are outside the scope of National Statistics,,,,,,,,,,,,,,
