Department for Transport statistics,,,,,,,,,,,,,,,,,,,
Rail Statistics (http://www.dft.gov.uk/statistics/series/rail/),,,,,,,,,,,,,,,,,,,
,,,,,,,,,,,,,,,,,,,
Table RAI0107,,,,,,,,,,,,,,,,,,,
Passengers in excess of capacity (PiXC)1 on a typical autumn weekday on London & South East train operators' services2: annual from 2000,,,,,,,,,,,,,,,,,,,
Percentage of passengers in excess of capacity; 3-hour peaks; all London & South East operators,,,,,,,,,,,,,,,,,,,
,,,,,,,,,,,,Percentage,,,,,,,
,2000,2001,2002,2003,2004,2005,2006,2007,2008,2009,2010,2011,,,,,,,
AM peak (07:00-09:59),5.1%,5.0%,3.7%,3.8%,4.1%,4.0%,4.7%,4.2%,4.0%,2.9%,4.0%,4.0%,,,,,,,
PM peak (16:00-18:59),1.8%,1.7%,2.1%,1.5%,1.5%,1.6%,1.9%,1.5%,1.8%,1.4%,1.9%,2.3%,,,,,,,
Both peaks,3.6%,3.6%,2.9%,2.7%,2.9%,2.9%,3.4%,3.0%,3.0%,2.2%,3.0%,3.2%,,,,,,,
,,,,,,,,,,,,,,,,,,,
1  Percentage of standard class passengers in excess of the capacity on their train service. See Notes and definitions for more information.,,,,,,,,,,,,,,,,,,,
"2  Applies to autumn weekday commuter services on a typical weekday arriving in London during the AM peak, and those departing during the PM peak. The measure is",,,,,,,,,,,,,,,,,,,
"   derived from the number of passengers travelling in excess of capacity on all services, divided by the total number of people travelling, and expressed as a percentage.",,,,,,,,,,,,,,,,,,,
,,,,,,,,,,,,,,,,,,,
Telephone: 020 7944 2419,,,,,,,,,,,,Source: Passenger counts; Department for Transport and Transport for London,,,,,,,
Email: rail.stats@dft.gsi.gov.uk,,,,,,,,,,,,,,,,,,,
,,,,,,,,,,,,Last updated: 5 July 2012,,,,,,,
Notes and definitions (http://assets.dft.gov.uk/statistics/releases/rail-passenger-numbers-and-crowding-on-weekdays-2011/rail-notes-definitions.pdf),,,,,,,,,,,,Next updated: July 2013,,,,,,,
,,,,,,,,,,,,,,,,,,,
The figures in this table are outside the scope of National Statistics,,,,,,,,,,,,,,,,,,,
,,,,,,,,,,,,,,,,,,,
,,,,,,,,,,,,,,,,,,,
