Table Index - Rail passenger numbers and crowding on weekdays in major cities in England and Wales: 2011,
This release was published on 5 July 2012,
Link to release page (http://www.dft.gov.uk/statistics/releases/rail-passenger-numbers-and-crowding-on-weekdays-2011),
Web Reference,Table Title
Passenger numbers statistics tables,
RAI0201,"City centre peak and all day arrivals and departures by rail on a typical autumn weekday, by city: 2011"
RAI0202,"City centre arrivals and departures by rail on a typical autumn weekday, by city and time band: 2011"
RAI0203,"Central London arrivals and departures by rail in on a typical autumn weekday, by station and time band: 2011"
Crowding statistics tables,
RAI0107,Passengers in excess of capacity (PiXC) on a typical autumn weekday on London & South East train operators' services: annual from 2000
RAI0211,Passengers in excess of capacity (PiXC) on a typical autumn weekday by operator: London & South East train operators: annual from 2008
RAI0212,"Peak rail capacity, standard class critical loads and crowding on a typical autumn weekday by city: 2011"
RAI0213,"Peak rail capacity, standard class critical loads and crowding on a typical autumn weekday in London by terminal: 2011"
RAI0214,Peak crowding on a typical autumn weekday by city and train operator: 2011
RAI0215,Peak crowding on a typical autumn weekday in London by terminal and train operator: 2011
