Department for Transport statistics,,,,,,,,,,,,,,,,,,,,,,,,,,,,,,,,
Energy and environment,,,,,,,,,,,,,,,,,,,,,,,,,,,,,,,,
ENV0102 (TSGB0302) ,,,,,,,,,,,,,,,,,,,,,,,,,,,,,,,,
"Energy consumption by transport mode and source of energy: United Kingdom, 2000-20101,2",,,,,,,,,,,,,,,,,,,,,,,,,,,,,,,,
,,,,,,,,,,,,,Million tonnes of oil equivalent/percentage,,,,,,,,,,,,,,,,,,,
,,2000,2001,2002,2003,2004,2005,2006,2007,2008,2009,2010,,,,,,,,,,,,,,,,,,,,
(a) Transport energy consumption,,,,,,,,,,,,,"Percent of all 
energy consumed 
by final users in 2010",,,,,,,,,,,,,,,,,,,
Road transport,Petroleum3,38.6,38.7,39.4,39.3,39.7,39.8,39.9,40.2,38.8,37.2,37.2,26,,,,,,,,,,,,,,,,,,,
,Biofuels,..,..,-,-,-,0.1,0.2,0.3,0.8,1.0,1.1,1,,,,,,,,,,,,,,,,,,,
,Electricty,..,..,..,..,-,-,-,-,-,-,-,-,,,,,,,,,,,,,,,,,,,
,Total,38.6,38.7,39.4,39.3,39.7,39.9,40.1,40.5,39.6,38.2,38.4,27,,,,,,,,,,,,,,,,,,,
Railways,Petroleum,0.5,0.5,0.6,0.6,0.6,0.6,0.6,0.6,0.6,0.6,0.6,-,,,,,,,,,,,,,,,,,,,
,Electricity,..,..,..,..,0.3,0.3,0.3,0.3,0.3,0.3,0.3,-,,,,,,,,,,,,,,,,,,,
,Coal,..,..,..,..,-,-,-,-,-,-,-,-,,,,,,,,,,,,,,,,,,,
,Total,..,..,..,..,0.9,0.9,0.9,1.0,1.0,0.9,1.0,1,,,,,,,,,,,,,,,,,,,
Shipping4,Petroleum,3.0,3.1,2.6,2.9,3.2,3.3,4.0,3.9,4.2,4.0,3.5,2,,,,,,,,,,,,,,,,,,,
Aviation4,Petroleum,11.4,11.2,11.1,11.3,12.3,13.2,13.3,13.2,12.8,12.1,11.7,8
Total transport energy consumption3,,..,..,..,..,56.1,57.3,58.4,58.6,57.6,55.3,54.5,39
All energy used by final users1,,..,..,..,..,150.2,150.0,147.7,145.2,144.9,135.0,141.0,100
"Energy used by transport 
as a percentage of all 
energy used by final users1",,..,..,..,..,37,38,40,40,40,41,39,.
(b) Transport energy consumption from renewable sources,,,,,,,,,,,,,"Percent off all 
transport energy 
consumption in 2010"
% electricity generated from renewable sources,,..,..,..,..,3,4,4,5,5,7,7,
Transport renewable electricity ,,..,..,..,..,-,-,-,-,-,-,-,-
Road transport biofuels,,..,..,-,-,-,0.1,0.2,0.3,0.8,1.0,1.1,2.1
Total renewable transport energy consumption,,..,..,..,..,-,0.1,0.2,0.4,0.8,1.0,1.2,2.1
Total transport energy consumption3,,..,..,..,..,40.6,57.3,58.4,58.6,57.6,55.3,54.5,100.0
"Renewable energy as a 
percentage of all transport 
energy consumption",,..,..,..,..,0.1,0.1,0.3,0.6,1.4,1.8,2.1,.
,,,,,,,,,,,,,
"1. This is the energy content of both primary and secondary fuel supplied to final users. Thus it is net of the fuel  industry's own use and conversion, transmission and distribution ",,,,,,,,,,,,,
    losses. The energy necessary to evaporate the water present in the fuel or formed during the combustion process is also excluded. The non-energy use of fuels is excluded.,,,,,,,,,,,,,
"2. There are revisions to some of the earlier data, for details see Digest of UK Energy Statistics 2010 (DUKES) published by DECC.",,,,,,,,,,,,,
3. The 'road transport - petroleum' and 'transport total' energy consumption figures differ slightly from those in DUKES since they exclude petroleum consumption from off-road  ,,,,,,,,,,,,,
    machinery and equipment.,,,,,,,,,,,,,
4. These figures include international and military aviation/shipping.,,,,,,,,,,,,,
,,,,,,,,,,,,,
Telephone: 020 7944 4129,,,,,,,,,,,,,Sources: Department for Energy and Climate Change (DECC); 
E-mail: environment.stats@dft.gsi.gov.uk,,,,,,,,,,,,,National Atmospheric Emissions Inventory (NAEI)
Notes and definitions,,,,,,,,,,,,,
,,,,,,,,,,,,,Last updated: September 2011
The figures in this table are National Statistics,,,,,,,,,,,,,Next updated: September 2012
