Department for Transport statistics,,,,,,,,,,,,,,,,,,,,,,,,,,,,,,,,
Energy and environment,,,,,,,,,,,,,,,,,,,,,,,,,,,,,,,,
Table ENV0103 (TSGB0303),,,,,,,,,,,,,,,,,,,,,,,,,,,,,,,,
"Average new car fuel consumption: Great Britain, 1997-20101,2",,,,,,,,,,,,,,,,,,,,,,,,,,,,,,,,
,,,,,litres per 100 km/miles per gallon,,,,,,,,,,,,,,,,,,,,,,,,,,,
,Petrol cars,,,Diesel cars,,,,,,,,,,,,,,,,,,,,,,,,,,,,
,litres per 100km,miles per gallon,,litres per 100km,miles per gallon,,,,,,,,,,,,,,,,,,,,,,,,,,,
1997,8.5,33.3,,7.0,40.4,,,,,,,,,,,,,,,,,,,,,,,,,,,
1998,8.4,33.5,,6.9,41.1,,,,,,,,,,,,,,,,,,,,,,,,,,,
1999,8.3,34.0,,6.6,42.9,,,,,,,,,,,,,,,,,,,,,,,,,,,
2000,8.2,34.6,,6.3,44.9,,,,,,,,,,,,,,,,,,,,,,,,,,,
2001,8.1,35.1,,6.2,45.8,,,,,,,,,,,,,,,,,,,,,,,,,,,
2002,8.0,35.5,,6.1,46.3,,,,,,,,,,,,,,,,,,,,,,,,,,,
2003,7.8,36.1,,6.2,45.8,,,,,,,,,,,,,,,,,,,,,,,,,,,
2004,7.8,36.3,,6.1,46.0,,,,,,,,,,,,,,,,,,,,,,,,,,,
2005,7.7,36.8,,6.2,45.6,,,,,,,,,,,,,,,,,,,,,,,,,,,
2006,7.5,37.6,,6.2,45.3,
2007,7.4,38.3,,6.1,46.0,
2008,7.1,39.9,,5.9,48.0,
2009,6.6,42.7,,5.7,49.8,
2010,6.4,44.0,,5.4,52.1,

1. These figures are registration weighted (weighted to account for the relative sales of different models,,,,,,
    of cars).,,,,,,
"2. These figures are obtained under consistent, carefully controlled laboratory conditions and do not ",,,,,,
"    refect external factors such as cold starts, differing driving conditions, different loads carried, etc.",,,,,,
,,,,,,
Telephone: 020 7944 4129,,,,,Sources: DVLA database;,
E-mail: environment.stats@dft.gsi.gov.uk,,,,,Society of Motor Manufacturers and Traders (SMMT);,
Notes and definitions,,,,,Defra/DECC's Greenhouse Gas Conversion Factors,
,,,,,,
"The figures in this table, 2001 onwards are National Statistics",,,,,Last updated: September 2011,
,,,,,Next updated: September 2012
,,,,,
