Department for Transport statistics,,,,,,,,,,,,,,,,,,,,,,,,,,,,,,,,
Energy and environment,,,,,,,,,,,,,,,,,,,,,,,,,,,,,,,,
Table ENV0101 (TSGB0301),,,,,,,,,,,,,,,,,,,,,,,,,,,,,,,,
"Petroleum consumption by transport mode and fuel type: United Kingdom, 2000-20101 ",,,,,,,,,,,,,,,,,,,,,,,,,,,,,,,,
,,,,,,,,,,,,,Million tonnes/percentage,,,,,,,,,,,,,,,,,,,
,,,2000,2001,2002,2003,2004,2005,2006,2007,2008,2009,2010,,,,,,,,,,,,,,,,,,,
Road transport,Petrol2,Cars & taxis,20.1,19.8,19.7,18.9,18.5,17.9,17.3,16.7,15.9,15.0,..,,,,,,,,,,,,,,,,,,,
,,Light vans,0.9,0.7,0.6,0.5,0.5,0.4,0.4,0.4,0.3,0.3,..,,,,,,,,,,,,,,,,,,,
,,Motorcycles & mopeds,0.2,0.2,0.2,0.2,0.2,0.2,0.2,0.2,0.2,0.2,..,,,,,,,,,,,,,,,,,,,
,,Total,21.1,20.7,20.6,19.7,19.2,18.5,17.9,17.3,16.4,15.5,14.7,,,,,,,,,,,,,,,,,,,
,Diesel2,Cars & taxis,4.2,4.5,4.9,5.3,5.8,6.2,6.6,7.0,7.1,7.4,..,,,,,,,,,,,,,,,,,,,
,,Light vans,3.2,3.4,3.6,3.9,4.2,4.3,4.5,4.7,4.6,4.5,..,,,,,,,,,,,,,,,,,,,
,,Heavy goods vehicles,6.8,6.7,6.9,6.9,6.9,7.2,7.4,7.7,7.2,6.6,..,,,,,,,,,,,,,,,,,,,
,,Buses & coaches,1.4,1.4,1.5,1.6,1.6,1.7,1.7,1.7,1.7,1.7,..,,,,,,,,,,,,,,,,,,,
,,Total,15.6,16.0,16.9,17.7,18.5,19.4,20.1,21.1,20.6,20.1,20.9,,,,,,,,,,,,,,,,,,,
,LPG3,,-,0.1,0.1,0.1,0.1,0.1,0.1,0.1,0.1,0.1,0.1,,,,,,,,,,,,,,,,,,,
,Total,,36.8,36.8,37.6,37.5,37.8,38.0,38.1,38.5,37.1,35.7,35.7
Rail,Gas oil ,,0.5,0.5,0.5,0.5,0.6,0.6,0.6,0.6,0.6,0.6,0.6
Shipping4,Gas oil,,2.1,2.2,1.7,2.0,1.9,1.8,2.2,1.8,1.7,1.7,1.6
,Fuel oils,,1.0,0.9,0.8,0.9,1.3,1.5,1.8,2.0,2.6,2.4,1.9
,Total,,3.0,3.1,2.6,2.9,3.2,3.3,4.0,3.9,4.2,4.0,3.5
Aviation4,Aviation spirit,,0.1,0.1,-,-,-,0.1,-,-,-,-,-
,Aviation turbine fuel,,10.8,10.6,10.5,10.8,11.6,12.5,12.6,12.6,12.2,11.5,11.1
,Total,,10.9,10.7,10.6,10.8,11.7,12.5,12.7,12.6,12.2,11.6,11.1
All petroleum used by transport,,,51.2,51.0,51.2,51.7,53.3,54.5,55.4,55.6,54.2,51.8,51.0
All petroleum use (energy and non-energy),,,77.2,76.4,76.2,77.2,79.1,80.9,79.8,77.4,76.1,72.0,71.7
Transport as a percentage of all energy and non-energy use,,,66,67,67,67,67,67,69,72,71,72,71
,,,,,,,,,,,,,
"1. There are revisions to some of the earlier data, for details see Digest of UK Energy Statistics 2010 (DUKES) published ",,,,,,,,,,,,,
    by DECC.,,,,,,,,,,,,,
2. Revisions to the back series for the breakdown by mode for road transport arise from methodological improvements to  the UK Greenhouse Gas Inventory (see notes and,,,,,,,,,,,,,
    definitions). The totals for road transport and all transport differ slightly from those in DUKES since they exclude a small amount of fuel which is used by off-road ,,,,,,,,,,,,,
    machinery and equipment. Figures for the 2010 road transport breakdown by mode will become available after the 1990-2010 UK Greenhouse Gas Inventory is published.,,,,,,,,,,,,,
3. Liquified petroleum gas - consists of propane and butane.,,,,,,,,,,,,,
4. These figures include international and military aviation/shipping.,,,,,,,,,,,,,
,,,,,,,,,,,,,
Telephone: 020 7944 4129,,,,,,,,,,,,,Sources: Department for Energy and Climate Change (DECC);
E-mail: environment.stats@dft.gsi.gov.uk,,,,,,,,,,,,,National Atmospheric Emissions Inventory (NAEI)
Notes and definitions,,,,,,,,,,,,,
,,,,,,,,,,,,,Last updated: September 2011
The figures in this table are National Statistics,,,,,,,,,,,,,Next updated: April 2012
,,,,,,,,,,,,,
,,,,,,,,,,,,,
,,,,,,,,,,,,,
,,,,,,,,,,,,,
,,,,,,,,,,,,,
,,,,,,,,,,,,,
,,,,,,,,,,,,,
,,,,,,,,,,,,,
,,,,,,,,,,,,,
,,,,,,,,,,,,,
,,,,,,,,,,,,,
