Department for Tranport statistics,,,,,,,,,
Transport Statistics Great Britain,,,,,,,,,
,,,,,,,,,
Table RDE0103,,,,,,,,,
"Road taxation revenue, United Kingdom: 2010/11",,,,,,,,,
,,,�million,,,,,,
,,Number of  vehicles,,,,,,,
,,licensed during year,Vehicle excise,,,,,,
(a) Vehicle Excise Duty classified by vehicle taxation group,, (thousand), duty1,,,,,,
Private and light goods,,"39,024","5,450",,,,,,
"Motorcycles, scooters and mopeds ",,"1,330",61,,,,,,
Buses and coaches,,125,28,,,,,,
Goods ,,483,225,,,,,,
Other ,,"1,906",18,,,,,,
All vehicles,,"42,868","5,782",,,,,,
(b) Fuel tax classified by propulsion type2,Petrol,Diesel,Total3,,,,,,
,"11,813","14,826","27,256",,
1. Net receipts (inlcuding refunds),,,,,
2. Not including receipts from VAT,,,,,
3. Total fuel tax by propulsion includes oil and gas.,,,Source: HMRC (Hydrocarbon Oils Bulletin) and DVLA,,
,,,Last updated: November 2011,,
Contact: 020-7944 3077,,,Next updated: November 2012,,
Email: vehicles.stats@dft.gsi.gov.uk ,,,,,

The road tax figures in this table are outside the scope of National Statistics,,,,,
,,,,,
