Department for Transport statistics,,,,,,,,,,,,,,,,,,,,,,,,
Transport Statistics Great Britain,,,,,,,,,,,,,,,,,,,,,,,,
,,,,,,,,,,,,,,,,,,,,,,,,
Table RDE0102 (Alternative number TSGB0718),,,,,,,,,,,,,,,,,,,,,,,,
Road construction tender price index1: 1999-2010,,,,,,,,,,,,,,,,,,,,,,,,
,,,,,,,,,,,,,,,,,,,,,,,,1995=100
,,,,,,,,,,,,,,,,,,,,,,,,
,,,,,,,,,,,,,,,,,,,,,,,,
Year,,1999,,2000,,2001,,2002,,2003,,2004,,2005,,2006,,2007,,2008,,2009,,2010
,,,,,,,,,,,,,,,,,,,,,,,,
,,,,,,,,,,,,,,,,,,,,,,,,
All roads,,100,,114,,117,,121,,121,,122,,135,,150,,153,,146,,146,,164
,,,,,,,,,,,,,,,,,,,,,,,,
,,,,,,,,,,,,,,,,,,,,,, ,,
1  This table has been revised so that the index is 1995 = 100,,,,,,,,,,,,,,,,,,,,,,,,
,,,,,,,,,,,,,,,,,,,,,,,,
Contact: 020-7944 5032,,,,,,,,,,,,,,,,,,,,,,,,Source: derived from Construction Statistics Annual 2011 (ONS)
Email: roadmaintenance.stats@dft.gsi.gov.uk,,,,,,,,,,,,,,,,,,,,,,,,Last updated: November 2011
,,,,,,,,,,,,,,,,,,,,,,,,Next updated: November 2012
The figures in this table are outside the scope of National Statistics,,,,,,,,,,,,,,,,,,,,,,,,
