Department for Transport statistics,,,,,,,,,,,,,
Free Flow Vehicle Speeds (http://www.dft.gov.uk/pgr/statistics/datatablespublications/roads/free-flow-vehicle-speeds),,,,,,,,,,,,,
Table SPE0102,,,,,,,,,,,,,
"Vehicle speeds on built-up roads by speed limit and vehicle type in Great Britain, 2006",,,,,,,,,,,,,
,,,,,,,,,,,,Per cent / miles per hour / number of vehicles,
,,,,,,,Heavy goods vehicles 5,,,,,,
,,,,,,,Rigid by number of axles,,,,Articulated by number of axles,,
,,Motorcycles 3,Cars,Cars towing,Light Goods 4,Buses / Coaches,2,3,4 or more,,3 & 4,5 or more,
(a) 30 mph speed limit roads 1,,,,,,,,,,,,,
Under 20 mph,,11,6,7,7,10,9,7,5,,7,3,
20-29 mph,,38,44,48,42,62,47,48,45,,46,46,
30-34 mph,,26,31,33,31,21,29,34,36,,33,39,
35-39 mph,,14,13,10,14,6,11,9,11,,10,11,
40-44 mph,,6,4,2,4,1,3,1,2,,2,2,
45-49 mph,,3,1,0,1,0,1,0,0,,0,0,
50 mph and over,,2,0,0,0,0,0,0,0,,0,0,
Percentage over 35 mph,,25,19,12,19,7,15,11,14,,13,13,
Average speed (mph),,30,30,29,30,27,29,29,30,,29,30,
Number observed (thousands),,726,"63,956",158,"5,835",484,"1,733",143,137,,97,194,
,,,,,,,,,,,,,
(b) 40 mph speed limit roads 2,,,,,,,,,,,,,
Under 20 mph,,3,3,3,3,3,4,3,2,,4,2,
20-29 mph,,10,11,16,11,14,15,12,9,,13,12,
30-34 mph,,20,25,28,24,31,26,22,20,,25,23,
35-39 mph,,28,34,35,32,37,32,40,41,,38,42,
40-44 mph,,19,17,14,17,11,15,18,21,,15,16,
45-49 mph,,11,7,4,8,3,6,4,5,,4,3,
50-59 mph,,7,3,1,4,1,2,1,1,,1,1,
60 mph and over,,2,1,0,1,0,1,0,0,,0,0,
Percentage over 45 mph,,20,10,4,12,4,9,5,7,,6,4,
Average speed (mph),,38,36,35,37,35,36,36,37,,35,36,
Number observed (thousands),,710,"47,452",219,"4,688",416,"1,431",238,168,,177,472,
,,,,,,,,,,,,,
1 Average vehicle speeds from 26 sites.,,,,,,,,,,,,Source: DfT Automatic Traffic Counters,
2 Average vehicle speeds from 10 sites.,,,,,,,,,,,,,
3 Motorcycles includes mopeds and other types of two wheeled motor vehicles.,,,,,,,,,,,,,
4 Goods vehicles 3.5 tonnes gross weight and under.,,,,,,,,,,,,,
5 Goods vehicles over 3.5 tonnes gross weight.,,,,,,,,,,,,,
Telephone: 020 7944 6397,,,,,,,,,,,,,
Email: roadtraff.stats@dft.gsi.gov.uk,,,,,,,,,,,,,
Notes & definitions (http://www.dft.gov.uk/pgr/statistics/datatablespublications/roads/free-flow-vehicle-speeds/#technical),,,,,,,,,,,,,
The figures in this table are National Statistics.,,,,,,,,,,,,,

,,,,,,,,,,,,,
,,,,,,,,,,,,,
