Department for Transport statistics,,,,,,,,,,,,,
Free Flow Vehicle Speeds (http://www.dft.gov.uk/pgr/statistics/datatablespublications/roads/free-flow-vehicle-speeds),,,,,,,,,,,,,
Table SPE0101,,,,,,,,,,,,,
"Vehicle speeds on non-built-up roads by road type and vehicle type in Great Britain, 2010",,,,,,,,,,,,,
,,,,,,,,,,,,Per cent / miles per hour / number of vehicles,
,,,,,,,Heavy goods vehicles 5,,,,,,
,,,,,,,Rigid by number of axles,,,,Articulated by number of axles,,
,,Motorcycles 7,Cars,Cars towing,Light Goods 4,Buses / Coaches,2 6,3,4 or more,,3 & 4,5 or more,
(a) Motorways 1,,,,,,,,,,,,,
Under 50 mph,,6,4,13,4,6,7,11,13,,10,10,
50-59 mph,,25,14,55,15,42,50,80,85,,86,89,
60-64 mph,,9,14,19,13,24,11,8,0,,2,1,
65-69 mph,,12,19,8,18,10,11,0,0,,1,0,
70-74 mph,,15,21,3,19,9,10,0,0,,1,0,
75-79 mph,,13,15,1,15,5,6,0,1,,1,0,
80-89 mph,,15,12,0,13,3,4,0,0,,0,0,
90 mph and over,,5,2,0,2,1,1,0,0,,0,0,
Speed limit (mph),,70,70,60,70,70,n/a,60,60,,60,60,
Percentage more than 10 mph over limit,,20,14,4,15,4,n/a,0,2,,1,0,
Average speed (mph),,68,69,57,69,61,61,54,54,,54,54,
Number observed (thousands),,"2,848","385,917","2,579","65,069","5,215","24,299","2,452","1,527",,"6,170","34,405",
,,,,,,,,,,,,,
(b) Dual carriageways 2 ,,,,,,,,,,,,,
Under 30 mph,,0,0,1,0,0,0,0,0,,0,0,
30-39 mph,,1,0,1,0,1,0,1,1,,1,0,
40-49 mph,,6,3,15,3,8,9,18,17,,19,16,
50-59 mph,,21,17,53,18,44,51,70,80,,76,83,
60-64 mph,,10,17,18,16,25,13,10,1,,2,1,
65-69 mph,,13,21,8,20,10,11,0,0,,1,0,
70-79 mph,,29,32,4,32,10,13,0,1,,1,0,
80 mph and over,,20,10,0,11,2,3,0,0,,0,0,
Speed limit (mph),,70,70,60,70,60,n/a,50,50,,50,50,
Percentage more than 10 mph over limit,,20,10,4,11,11,n/a,10,2,,4,1,
Average speed (mph),,69,68,56,68,60,60,53,53,,53,53,
Number observed (thousands),,372,"43,847",356,"6,485",395,"2,243",279,188,,444,"2,462",
,,,,,,,,,,,,,
(c) Single carriageways 3,,,,,,,,,,,,,
Under 20 mph,,2,1,2,1,1,1,2,1,,1,0,
20-29 mph,,4,3,7,3,3,4,7,7,,8,3,
30-39 mph,,11,17,20,16,21,20,27,27,,25,26,
40-49 mph,,30,44,50,43,50,46,49,47,,48,52,
50-59 mph,,29,28,18,29,21,24,15,16,,17,19,
60-64 mph,,9,5,1,5,2,3,0,0,,1,0,
65-69 mph,,5,2,0,2,1,1,0,0,,0,0,
70 mph and over,,10,1,0,2,1,1,0,1,,1,0,
Speed limit (mph),,60,60,50,60,50,n/a,40,40,,40,40,
Percentage more than 10 mph over limit,,10,1,2,2,3,n/a,15,17,,18,19,
Average speed (mph),,52,47,42,48,45,46,42,43,,43,44,
Number observed (thousands),,483,"42,251",436,"5,666",425,"1,934",240,178,,290,"1,191",
,,,,,,,,,,,,,
1 Average vehicle speeds from 26 motorway sites.,,,,,,,,,,,,Source: DfT Automatic Traffic Counters,
2 Average vehicle speeds from 7 dual carriageway sites.,,,,,,,,,,,,Last updated: July 2010,
3 Average vehicle speeds from 24 single carriageway sites.,,,,,,,,,,,,Next update: July 2011,
4 Goods vehicles 3.5 tonnes gross weight and under.,,,,,,,,,,,,,
5 Goods vehicles over 3.5 tonnes gross weight.,,,,,,,,,,,,,
6 Speed limit depends on loading which cannot be determined.,,,,,,,,,,,,,
7 Motorcycles include mopeds and other types of two wheeled motor vehicles.,,,,,,,,,,,,,
Telephone: 020 7944 6397,,,,,,,,,,,,,
Email: roadtraff.stats@dft.gsi.gov.uk,,,,,,,,,,,,,
Notes & definitions (http://www.dft.gov.uk/pgr/statistics/datatablespublications/roads/free-flow-vehicle-speeds/#technical),,,,,,,,,,,,,
The figures in this table are National Statistics.,,,,,,,,,,,,,

,,,,,,,,,,,,,
