Department for Transport statistics,,,,,,,,,,,,,
Free Flow Vehicle Speeds (http://www.dft.gov.uk/pgr/statistics/datatablespublications/roads/free-flow-vehicle-speeds),,,,,,,,,,,,,
Table SPE0101,,,,,,,,,,,,,
"Vehicle speeds on non-built-up roads by road type and vehicle type in Great Britain, 2006",,,,,,,,,,,,,
,,,,,,,,,,,,Per cent / miles per hour / number of vehicles,
,,,,,,,Heavy goods vehicles 5,,,,,,
,,,,,,,Rigid by number of axles,,,,Articulated by number of axles,,
,,Motorcycles 7,Cars,Cars towing,Light Goods 4,Buses / Coaches,2 6,3,4 or more,,3 & 4,5 or more,
(a) Motorways 1,,,,,,,,,,,,,
Under 50 mph,,5,5,16,5,6,8,13,16,,9,10,
50-59 mph,,21,13,51,15,45,43,79,82,,87,89,
60-64 mph,,8,12,19,13,40,15,6,1,,2,1,
65-69 mph,,12,17,9,17,5,14,1,0,,1,0,
70-74 mph,,15,20,4,18,2,10,0,0,,1,0,
75-79 mph,,14,16,1,15,0,5,0,0,,0,0,
80-89 mph,,18,15,0,14,0,4,0,0,,0,0,
90 mph and over,,7,3,0,3,1,1,0,0,,0,0,
Speed limit (mph),,70,70,60,70,70,n/a,60,60,,60,60,
Percentage more than 10 mph over limit,,25,17,5,17,1,n/a,0,1,,1,0,
Average speed (mph),,70,70,57,69,59,61,54,53,,54,53,
Number observed (thousands),,"3,288","448,555","3,405","62,215","2,184","29,904","2,825","1,770",,"8,289","41,265",
,,,,,,,,,,,,,
(b) Dual carriageways 2 ,,,,,,,,,,,,,
Under 30 mph,,0,0,1,0,0,0,0,0,,0,0,
30-39 mph,,1,0,1,0,1,1,2,1,,1,1,
40-49 mph,,5,3,18,4,10,10,21,20,,20,15,
50-59 mph,,25,16,51,19,52,47,74,77,,75,83,
60-64 mph,,9,16,16,16,30,15,3,1,,2,1,
65-69 mph,,12,20,8,19,4,12,0,0,,1,0,
70-79 mph,,28,33,4,31,2,12,0,0,,1,0,
80 mph and over,,20,12,0,12,0,3,0,0,,0,0,
Speed limit (mph),,70,70,60,70,60,n/a,50,50,,50,50,
Percentage more than 10 mph over limit,,20,12,5,12,2,n/a,3,1,,4,1,
Average speed (mph),,68,68,56,68,57,60,52,52,,53,53,
Number observed (thousands),,450,"49,332",424,"5,514",226,"2,443",301,206,,548,"2,673",
,,,,,,,,,,,,,
(c) Single carriageways 3,,,,,,,,,,,,,
Under 20 mph,,1,0,2,0,0,1,1,0,,1,0,
20-29 mph,,3,2,6,2,3,3,5,5,,4,2,
30-39 mph,,12,15,19,16,22,19,25,25,,22,21,
40-49 mph,,29,41,49,41,50,46,50,47,,50,48,
50-59 mph,,27,31,22,30,22,26,18,21,,22,28,
60-64 mph,,9,6,2,6,2,3,0,0,,1,1,
65-69 mph,,6,3,0,3,0,1,0,0,,0,0,
70 mph and over,,12,2,0,2,0,1,0,0,,0,0,
Speed limit (mph),,60,60,50,60,50,n/a,40,40,,40,40,
Percentage more than 10 mph over limit,,12,2,3,2,3,n/a,19,22,,23,29,
Average speed (mph),,53,48,44,48,45,46,43,44,,44,46,
Number observed (thousands),,483,"47,705",579,"5,384",292,"2,118",329,214,,422,"2,214",
,,,,,,,,,,,,,
1 Average vehicle speeds from 27 motorway sites.,,,,,,,,,,,,Source: DfT Automatic Traffic Counters,
2 Average vehicle speeds from 7 dual carriageway sites.,,,,,,,,,,,,,
3 Average vehicle speeds from 26 single carriageway sites.,,,,,,,,,,,,,
4 Goods vehicles 3.5 tonnes gross weight and under.,,,,,,,,,,,,,
5 Goods vehicles over 3.5 tonnes gross weight.,,,,,,,,,,,,,
6 Speed limit depends on loading which cannot be determined.,,,,,,,,,,,,,
7 Motorcycles include mopeds and other types of two wheeled motor vehicles.,,,,,,,,,,,,,
Telephone: 020 7944 6397,,,,,,,,,,,,,
Email: roadtraff.stats@dft.gsi.gov.uk,,,,,,,,,,,,,
Notes & definitions (http://www.dft.gov.uk/pgr/statistics/datatablespublications/roads/free-flow-vehicle-speeds/#technical),,,,,,,,,,,,,
The figures in this table are National Statistics.,,,,,,,,,,,,,

,,,,,,,,,,,,,
