Department for Transport statistics,,,,,,,,,,,,,
Free Flow Vehicle Speeds (http://www.dft.gov.uk/pgr/statistics/datatablespublications/roads/free-flow-vehicle-speeds),,,,,,,,,,,,,
Table SPE0101,,,,,,,,,,,,,
"Vehicle speeds on non-built-up roads by road type and vehicle type in Great Britain, 2007",,,,,,,,,,,,,
,,,,,,,,,,,,Per cent / miles per hour / number of vehicles,
,,,,,,,Heavy goods vehicles 5,,,,,,
,,,,,,,Rigid by number of axles,,,,Articulated by number of axles,,
,,Motorcycles 7,Cars,Cars towing,Light Goods 4,Buses / Coaches,2 6,3,4 or more,,3 & 4,5 or more,
(a) Motorways 1,,,,,,,,,,,,,
Under 50 mph,,5,4,12,4,5,7,11,13,,7,8,
50-59 mph,,23,12,53,15,46,50,81,85,,89,90,
60-64 mph,,8,12,20,13,33,12,7,1,,2,1,
65-69 mph,,12,18,10,17,7,11,1,0,,1,0,
70-74 mph,,14,20,4,19,5,9,0,0,,1,0,
75-79 mph,,14,16,1,15,3,6,0,0,,0,0,
80-89 mph,,18,15,0,14,2,4,0,0,,0,0,
90 mph and over,,7,3,0,3,0,1,0,0,,0,0,
Speed limit (mph),,70,70,60,70,70,n/a,60,60,,60,60,
Percentage more than 10 mph over limit,,25,18,5,17,3,n/a,0,1,,1,0,
Average speed (mph),,70,70,58,70,60,61,54,54,,54,54,
Number observed (thousands),,"3,243","423,289","2,934","63,161","3,536","27,665","2,625","1,645",,"7,778","40,387",
,,,,,,,,,,,,,
(b) Dual carriageways 2 ,,,,,,,,,,,,,
Under 30 mph,,0,0,1,0,0,0,0,0,,1,0,
30-39 mph,,1,0,1,0,1,1,2,1,,1,1,
40-49 mph,,5,3,16,3,9,9,20,19,,18,15,
50-59 mph,,20,15,50,17,54,47,69,77,,76,82,
60-64 mph,,9,16,17,15,25,13,7,1,,2,1,
65-69 mph,,13,20,9,19,6,11,1,0,,1,0,
70-79 mph,,29,33,5,32,5,14,1,1,,1,0,
80 mph and over,,23,12,0,13,1,4,0,0,,0,0,
Speed limit (mph),,70,70,60,70,60,n/a,50,50,,50,50,
Percentage more than 10 mph over limit,,23,12,6,13,6,n/a,9,3,,5,2,
Average speed (mph),,69,69,56,68,58,60,53,53,,53,53,
Number observed (thousands),,399,"45,106",378,"5,708",328,"2,197",264,186,,425,"2,076",
,,,,,,,,,,,,,
(c) Single carriageways 3,,,,,,,,,,,,,
Under 20 mph,,1,0,2,0,1,1,1,1,,1,0,
20-29 mph,,3,2,7,3,3,3,6,6,,5,2,
30-39 mph,,11,16,20,16,20,19,25,26,,23,23,
40-49 mph,,30,41,48,40,50,45,50,46,,48,49,
50-59 mph,,28,30,22,30,24,26,17,21,,22,25,
60-64 mph,,9,6,2,6,2,3,0,0,,1,1,
65-69 mph,,6,2,0,3,0,1,0,0,,0,0,
70 mph and over,,12,2,0,2,0,1,0,0,,0,0,
Speed limit (mph),,60,60,50,60,50,n/a,40,40,,40,40,
Percentage more than 10 mph over limit,,12,2,2,2,3,n/a,18,21,,23,26,
Average speed (mph),,53,48,43,48,45,46,43,43,,44,45,
Number observed (thousands),,543,"51,337",617,"6,355",434,"2,456",337,247,,455,"2,455",
,,,,,,,,,,,,,
1 Average vehicle speeds from 27 motorway sites.,,,,,,,,,,,,Source: DfT Automatic Traffic Counters,
2 Average vehicle speeds from 7 dual carriageway sites.,,,,,,,,,,,,,
3 Average vehicle speeds from 26 single carriageway sites.,,,,,,,,,,,,,
4 Goods vehicles 3.5 tonnes gross weight and under.,,,,,,,,,,,,,
5 Goods vehicles over 3.5 tonnes gross weight.,,,,,,,,,,,,,
6 Speed limit depends on loading which cannot be determined.,,,,,,,,,,,,,
7 Motorcycles include mopeds and other types of two wheeled motor vehicles.,,,,,,,,,,,,,
Telephone: 020 7944 6397,,,,,,,,,,,,,
Email: roadtraff.stats@dft.gsi.gov.uk,,,,,,,,,,,,,
Notes & definitions (http://www.dft.gov.uk/pgr/statistics/datatablespublications/roads/free-flow-vehicle-speeds/#technical),,,,,,,,,,,,,
The figures in this table are National Statistics.,,,,,,,,,,,,,

,,,,,,,,,,,,,
