Department for Transport statistics,,,,,,,,
Road Traffic and Speeds (http://www.dft.gov.uk/pgr/statistics/datatablespublications/roads/traffic),,,,,,,,
Table TRA0104,,,,,,,,
"Road traffic (vehicle miles) by vehicle type and road class in Great Britain, annual 2006",,,,,,,,
,,,,,,,,Billion vehicle miles
,,Cars and taxis,Motorcycles,Buses & coaches,Light vans,Goods vehicles,All motor vehicles,Pedal cycles
Motorways 2,,46.1,0.3,0.3,7.5,7.6,61.8,.
Rural 'A' roads:,,,,,,,,
,Trunk 3,28.3,0.2,0.2,4.5,3.6,36.8,-
,Principal,42.3,0.5,0.4,6.4,2.8,52.5,0.1
,All rural 'A' roads,70.6,0.7,0.6,10.9,6.4,89.2,0.1
Urban 'A' roads: 1,,,,,,,,
,Trunk 3,2.8,-,-,0.4,0.2,3.5,-
,Principal,39.2,0.6,0.7,5.6,1.6,47.8,0.4
,All urban 'A' roads,42.0,0.6,0.8,6.0,1.8,51.3,0.4
All major roads 4,,158.7,1.6,1.7,24.5,15.8,202.3,0.5
Minor roads:,,,,,,,,
,Minor rural roads,33.9,0.5,0.4,7.0,1.2,43.1,0.6
,Minor urban roads 1,57.6,1.1,1.3,9.0,1.1,70.0,1.8
,All minor roads,91.5,1.6,1.7,16.0,2.3,113.1,2.4
All roads,,250.2,3.2,3.3,40.5,18.1,315.4,2.9
,,,,,,,,
"1 Urban roads: Major and minor roads within an urban area with a population of 10,000 or more. These are based on the 2001 urban settlements.  The definition for 'urban settlement' is in 'Urban and rural area definitions: a user guide which can be found o",,,,,,,,Source: DfT National Road Traffic Survey
2 Includes trunk motorways and principal motorways,,,,,,,,Last updated: June 2011
3 Figures for trunk and principal roads in England since 2001 are affected by the detrunking programme,,,,,,,,
"4 Includes motorways, urban and rural 'A' roads",,,,,,,,
Telephone: 020 7944 3095,,,,,,,,
Email: roadtraff.stats@dft.gsi.gov.uk,,,,,,,,
Notes & definitions (http://www.dft.gov.uk/pgr/statistics/datatablespublications/roads/traffic/#technical),,,,,,,,
The figures in this table are National Statistics.,,,,,,,,
