Department for Transport statistics,,,,,,,,,,,,,,,,,,,
Road Traffic and Speeds (http://www.dft.gov.uk/pgr/statistics/datatablespublications/roads/traffic),,,,,,,,,,,,,,,,,,,
Table TRA0104,,,,,,,,,,,,,,,,,,,
"Road traffic (vehicle miles) by vehicle type and road class in Great Britain, annual 2009",,,,,,,,,,,,,,,,,,,
,,,,,,,,Billion vehicle miles,,,,,,,,,,,
,,Cars and taxis,Motorcycles,Buses & coaches,Light vans,Goods vehicles,All motor vehicles,Pedal cycles,,,,,,,,,,,
Motorways 2,,46.7,0.3,0.3,7.6,7.0,61.8,.,,,,,,,,,,,
Rural 'A' roads:,,,,,,,,,,,,,,,,,,,
,Trunk 3,27.7,0.3,0.2,4.8,3.3,36.1,-,,,,,,,,,,,
,Principal,41.8,0.5,0.4,6.8,2.6,52.1,0.1,,,,,,,,,,,
,All rural 'A' roads,69.5,0.8,0.6,11.6,5.8,88.2,0.1,,,,,,,,,,,
Urban 'A' roads: 1,,,,,,,,,,,,,,,,,,,
,Trunk 3,2.7,-,-,0.4,0.2,3.4,-,,,,,,,,,,,
,Principal,38.4,0.6,0.7,5.6,1.4,46.6,0.4,,,,,,,,,,,
,All urban 'A' roads,41.1,0.6,0.7,6.0,1.6,50.0,0.4,,,,,,,,,,,
All major roads 4,,157.3,1.6,1.6,25.1,14.4,200.0,0.5,,,,,,,,,,,
Minor roads:,,,,,,,,,,,,,,,,,,,
,Minor rural roads,34.3,0.5,0.4,7.3,1.1,43.6,0.6,,,,,,,,,,,
,Minor urban roads 1,57.3,1.1,1.2,9.0,0.9,69.6,1.9,,,,,,,,,,,
,All minor roads,91.7,1.6,1.6,16.3,2.0,113.2,2.5,,,,,,,,,,,
All roads,,249.0,3.2,3.2,41.4,16.4,313.2,3.1,,,,,,,,,,,
,,,,,,,,,,,,,,,,,,,
"1 Urban roads: Major and minor roads within an urban area with a population of 10,000 or more. These are based on the 2001 urban settlements.  The definition for 'urban settlement' is in 'Urban and rural area definitions: a user guide which can be found o",,,,,,,,Source: DfT National Road Traffic Survey,,,,,,,,,,,
2 Includes trunk motorways and principal motorways,,,,,,,,Last updated: June 2011,,,,,,,,,,,
3 Figures for trunk and principal roads in England since 2001 are affected by the detrunking programme,,,,,,,,,,,,,,,,,,,
"4 Includes motorways, urban and rural 'A' roads",,,,,,,,,,,,,,,,,,,
Telephone: 020 7944 3095,,,,,,,,,,,,,,,,,,,
Email: roadtraff.stats@dft.gsi.gov.uk,,,,,,,,,,,,,,,,,,,
Notes & definitions (http://www.dft.gov.uk/pgr/statistics/datatablespublications/roads/traffic/#technical),,,,,,,,,,,,,,,,,,,
The figures in this table are National Statistics.,,,,,,,,,,,,,,,,,,,
