Department for Transport statistics,,,,,,,,,,,,
Road Traffic and Speeds (http://www.dft.gov.uk/pgr/statistics/datatablespublications/roads/traffic),,,,,,,,,,,,
Table TRA0204,,,,,,,,,,,,
"Road traffic (vehicle kilometres) by vehicle type and road class in Great Britain, annual 2008",,,,,,,,,,,,
,,,,,,,,Billion vehicle kilometres,,,,
,,Cars and taxis,Motorcycles,Buses & coaches,Light vans,Goods vehicles,All motor vehicles,Pedal cycles,,,,
Motorways 2,,74.8,0.4,0.5,12.3,12.1,100.1,.,,,,
Rural 'A' roads:,,,,,,,,,,,,
,Trunk 3,44.4,0.4,0.3,7.8,5.7,58.6,-,,,,
,Principal,67.3,0.8,0.6,11.0,4.5,84.2,0.1,,,,
,All rural 'A' roads,111.7,1.2,0.9,18.8,10.2,142.8,0.2,,,,
Urban 'A' roads: 1,,,,,,,,,,,,
,Trunk 3,4.3,-,-,0.7,0.4,5.5,-,,,,
,Principal,61.1,0.9,1.1,9.0,2.4,74.6,0.7,,,,
,All urban 'A' roads,65.5,0.9,1.1,9.7,2.8,80.1,0.7,,,,
All major roads 4,,252.0,2.6,2.5,40.8,25.1,323.0,0.8,,,,
Minor roads:,,,,,,,,,,,,
,Minor rural roads,56.5,0.9,0.7,12.2,2.0,72.2,1.0,,,,
,Minor urban roads 1,93.3,1.7,2.0,15.1,1.7,113.7,3.0,,,,
,All minor roads,149.8,2.6,2.7,27.3,3.6,185.9,3.9,,,,
All roads,,401.7,5.1,5.2,68.1,28.7,508.9,4.7,,,,
,,,,,,,,,,,,
"1 Urban roads: Major and minor roads within an urban area with a population of 10,000 or more. These are based on the 2001 urban settlements.  The definition for 'urban settlement' is in 'Urban and rural area definitions: a user guide which can be found o",,,,,,,,Source: DfT National Road Traffic Survey,,,,
2 Includes trunk motorways and principal motorways,,,,,,,,Last updated: June 2011,,,,
3 Figures for trunk and principal roads in England since 2001 are affected by the detrunking programme,,,,,,,,,,,,
"4 Includes motorways, urban and rural 'A' roads",,,,,,,,,,,,
Telephone: 020 7944 3095,,,,,,,,,,,,
Email: roadtraff.stats@dft.gsi.gov.uk,,,,,,,,,,,,
Notes & definitions (http://www.dft.gov.uk/pgr/statistics/datatablespublications/roads/traffic/#technical),,,,,,,,,,,,
The figures in this table are National Statistics.,,,,,,,,,,,,
