Department for Transport statistics,,,,,,,,
Road Traffic and Speeds (http://www.dft.gov.uk/pgr/statistics/datatablespublications/roads/traffic),,,,,,,,
Table TRA0104,,,,,,,,
"Road traffic (vehicle miles) by vehicle type and road class in Great Britain, annual 2007",,,,,,,,
,,,,,,,,Billion vehicle miles
,,Cars and taxis,Motorcycles,Buses & coaches,Light vans,Goods vehicles,All motor vehicles,Pedal cycles
Motorways 2,,46.5,0.2,0.3,7.8,7.6,62.5,.
Rural 'A' roads:,,,,,,,,
,Trunk 3,27.6,0.2,0.2,4.8,3.6,36.4,-
,Principal,42.1,0.5,0.4,6.9,2.9,52.8,0.1
,All rural 'A' roads,69.7,0.7,0.6,11.7,6.5,89.2,0.1
Urban 'A' roads: 1,,,,,,,,
,Trunk 3,2.7,-,-,0.4,0.2,3.4,-
,Principal,38.6,0.6,0.7,5.8,1.6,47.2,0.4
,All urban 'A' roads,41.2,0.6,0.7,6.2,1.7,50.5,46.5
All major roads 4,,157.4,1.6,1.6,25.6,16.0,202.2,0.4
Minor roads:,,,,,,,,
,Minor rural roads,34.9,0.6,0.5,7.6,1.2,44.7,0.6
,Minor urban roads 1,58.8,1.3,1.4,9.3,1.1,71.8,1.7
,All minor roads,93.7,1.9,1.9,16.9,2.3,116.5,2.2
All roads,,251.1,3.5,3.4,42.5,18.3,318.8,2.6
,,,,,,,,
"1 Urban roads: Major and minor roads within an urban area with a population of 10,000 or more. These are based on the 2001 urban settlements.  The definition for 'urban settlement' is in 'Urban and rural area definitions: a user guide which can be found o",,,,,,,,Source: DfT National Road Traffic Survey
2 Includes trunk motorways and principal motorways,,,,,,,,Last updated: June 2011
3 Figures for trunk and principal roads in England since 2001 are affected by the detrunking programme,,,,,,,,
"4 Includes motorways, urban and rural 'A' roads",,,,,,,,
Telephone: 020 7944 3095,,,,,,,,
Email: roadtraff.stats@dft.gsi.gov.uk,,,,,,,,
Notes & definitions (http://www.dft.gov.uk/pgr/statistics/datatablespublications/roads/traffic/#technical),,,,,,,,
The figures in this table are National Statistics.,,,,,,,,
