Department for Transport statistics,,,,,,,,,,,,
Road Traffic and Speeds (http://www.dft.gov.uk/pgr/statistics/datatablespublications/roads/traffic),,,,,,,,,,,,
Table TRA0204,,,,,,,,,,,,
"Road traffic (vehicle kilometres) by vehicle type and road class in Great Britain, annual 2010",,,,,,,,,,,,
,,,,,,,,Billion vehicle kilometres,,,,
,,Cars and taxis,Motorcycles,Buses & coaches,Light vans,Goods vehicles,All motor vehicles,Pedal cycles,,,,
Motorways 2,,73.8,0.4,0.4,12.0,11.5,98.2,-,,,,
Rural 'A' roads:,,,,,,,,,,,,
,Trunk 3,43.6,0.4,0.3,7.6,5.2,57.1,-,,,,
,Principal,66.2,0.7,0.6,11.0,4.1,82.7,0.2,,,,
,All rural 'A' roads,109.8,1.1,0.9,18.7,9.4,139.8,0.2,,,,
Urban 'A' roads: 1,,,,,,,,,,,,
,Trunk 3,4.3,-,-,0.7,0.3,5.4,-,,,,
,Principal,61.1,0.8,1.2,8.9,2.2,74.3,0.7,,,,
,All urban 'A' roads,65.4,0.9,1.2,9.6,2.6,79.7,0.7,,,,
All major roads 4,,249.0,2.4,2.6,40.3,23.4,317.7,0.9,,,,
Minor roads:,,,,,,,,,,,,
,Minor rural roads,55.0,0.7,0.6,12.0,1.6,69.9,1.1,,,,
,Minor urban roads 1,88.4,1.6,2.0,14.9,1.4,108.3,3.0,,,,
,All minor roads,143.4,2.3,2.6,26.9,3.0,178.2,4.1,,,,
All roads,,392.4,4.7,5.2,67.2,26.4,495.9,5.0,,,,
,,,,,,,,,,,,
"1 Urban roads: Major and minor roads within an urban area with a population of 10,000 or more. These are based on the 2001 urban settlements.  The definition for 'urban settlement' is in 'Urban and rural area definitions: a user guide which can be found o",,,,,,,,Source: DfT National Road Traffic Survey,,,,
2 Includes trunk motorways and principal motorways,,,,,,,,Last updated: June 2011,,,,
3 Figures for trunk and principal roads in England since 2001 are affected by the detrunking programme,,,,,,,,Next update: June 2012,,,,
"4 Includes motorways, urban and rural 'A' roads",,,,,,,,,,,,
Telephone: 020 7944 3095,,,,,,,,,,,,
Email: roadtraff.stats@dft.gsi.gov.uk,,,,,,,,,,,,
Notes & definitions (http://www.dft.gov.uk/pgr/statistics/datatablespublications/roads/traffic/#technical),,,,,,,,,,,,
The figures in this table are National Statistics.,,,,,,,,,,,,
