Department for Transport statistics,,,,,,,,
Road Traffic and Speeds (http://www.dft.gov.uk/pgr/statistics/datatablespublications/roads/traffic),,,,,,,,
Table TRA0104,,,,,,,,
"Road traffic (vehicle miles) by vehicle type and road class in Great Britain, annual 2008",,,,,,,,
,,,,,,,,Billion vehicle miles
,,Cars and taxis,Motorcycles,Buses & coaches,Light vans,Goods vehicles,All motor vehicles,Pedal cycles
Motorways 2,,46.5,0.2,0.3,7.6,7.5,62.2,.
Rural 'A' roads:,,,,,,,,
,Trunk 3,27.6,0.2,0.2,4.8,3.5,36.4,-
,Principal,41.8,0.5,0.4,6.8,2.8,52.3,0.1
,All rural 'A' roads,69.4,0.7,0.6,11.7,6.3,88.7,0.1
Urban 'A' roads: 1,,,,,,,,
,Trunk 3,2.7,-,-,0.4,0.2,3.4,-
,Principal,38.0,0.6,0.7,5.6,1.5,46.4,0.4
,All urban 'A' roads,40.7,0.6,0.7,6.0,1.7,49.8,0.4
All major roads 4,,156.6,1.6,1.6,25.4,15.6,200.7,0.5
Minor roads:,,,,,,,,
,Minor rural roads,35.1,0.6,0.4,7.6,1.2,44.9,0.6
,Minor urban roads 1,58.0,1.1,1.2,9.4,1.1,70.6,1.9
,All minor roads,93.1,1.6,1.7,17.0,2.2,115.5,2.4
All roads,,249.6,3.2,3.2,249.6,17.8,316.2,2.9
,,,,,,,,
"1 Urban roads: Major and minor roads within an urban area with a population of 10,000 or more. These are based on the 2001 urban settlements.  The definition for 'urban settlement' is in 'Urban and rural area definitions: a user guide which can be found o",,,,,,,,Source: DfT National Road Traffic Survey
2 Includes trunk motorways and principal motorways,,,,,,,,Last updated: June 2011
3 Figures for trunk and principal roads in England since 2001 are affected by the detrunking programme,,,,,,,,
"4 Includes motorways, urban and rural 'A' roads",,,,,,,,
Telephone: 020 7944 3095,,,,,,,,
Email: roadtraff.stats@dft.gsi.gov.uk,,,,,,,,
Notes & definitions (http://www.dft.gov.uk/pgr/statistics/datatablespublications/roads/traffic/#technical),,,,,,,,
The figures in this table are National Statistics.,,,,,,,,
