Department for Transport statistics,,,,,,,,,,,,,,,,,,,
Road Traffic and Speeds (http://www.dft.gov.uk/pgr/statistics/datatablespublications/roads/traffic),,,,,,,,,,,,,,,,,,,
Table TRA0204,,,,,,,,,,,,,,,,,,,
"Road traffic (vehicle kilometres) by vehicle type and road class in Great Britain, annual 2009",,,,,,,,,,,,,,,,,,,
,,,,,,,,Billion vehicle kilometres,,,,,,,,,,,
,,Cars and taxis,Motorcycles,Buses & coaches,Light vans,Goods vehicles,All motor vehicles,Pedal cycles,,,,,,,,,,,
Motorways 2,,75.2,0.4,0.4,12.2,11.2,99.5,.,,,,,,,,,,,
Rural 'A' roads:,,,,,,,,,,,,,,,,,,,
,Trunk 3,44.5,0.4,0.3,7.6,5.2,58.1,-,,,,,,,,,,,
,Principal,67.3,0.8,0.6,11.0,4.1,83.8,0.2,,,,,,,,,,,
,All rural 'A' roads,111.8,1.2,0.9,18.6,9.4,142.0,0.2,,,,,,,,,,,
Urban 'A' roads: 1,,,,,,,,,,,,,,,,,,,
,Trunk 3,4.4,-,-,0.7,0.3,5.5,-,,,,,,,,,,,
,Principal,61.7,0.9,1.1,9.0,2.3,75.0,0.7,,,,,,,,,,,
,All urban 'A' roads,66.1,0.9,1.1,9.7,2.6,80.4,0.7,,,,,,,,,,,
All major roads 4,,253.1,2.6,2.5,40.4,23.2,321.9,0.9,,,,,,,,,,,
Minor roads:,,,,,,,,,,,,,,,,,,,
,Minor rural roads,55.3,0.8,0.7,11.7,1.7,70.1,1.0,,,,,,,,,,,
,Minor urban roads 1,92.3,1.8,2.0,14.5,1.5,112.0,3.1,,,,,,,,,,,
,All minor roads,147.5,2.6,2.7,26.2,3.2,182.2,4.1,,,,,,,,,,,
All roads,,400.7,5.2,5.2,66.6,26.4,504.0,5.0,,,,,,,,,,,
,,,,,,,,,,,,,,,,,,,
"1 Urban roads: Major and minor roads within an urban area with a population of 10,000 or more. These are based on the 2001 urban settlements.  The definition for 'urban settlement' is in 'Urban and rural area definitions: a user guide which can be found o",,,,,,,,Source: DfT National Road Traffic Survey,,,,,,,,,,,
2 Includes trunk motorways and principal motorways,,,,,,,,Last updated: June 2011,,,,,,,,,,,
3 Figures for trunk and principal roads in England since 2001 are affected by the detrunking programme,,,,,,,,,,,,,,,,,,,
"4 Includes motorways, urban and rural 'A' roads",,,,,,,,,,,,,,,,,,,
Telephone: 020 7944 3095,,,,,,,,,,,,,,,,,,,
Email: roadtraff.stats@dft.gsi.gov.uk,,,,,,,,,,,,,,,,,,,
Notes & definitions (http://www.dft.gov.uk/pgr/statistics/datatablespublications/roads/traffic/#technical),,,,,,,,,,,,,,,,,,,
The figures in this table are National Statistics.,,,,,,,,,,,,,,,,,,,
