Department for Transport statistics,,,,,,,,
Road Traffic and Speeds (http://www.dft.gov.uk/pgr/statistics/datatablespublications/roads/traffic),,,,,,,,
Table TRA0204,,,,,,,,
"Road traffic (vehicle kilometres) by vehicle type and road class in Great Britain, annual 2007",,,,,,,,
,,,,,,,,Billion vehicle kilometres
,,Cars and taxis,Motorcycles,Buses & coaches,Light vans,Goods vehicles,All motor vehicles,Pedal cycles
Motorways 2,,74.9,0.4,0.5,12.5,12.3,100.6,.
Rural 'A' roads:,,,,,,,,
,Trunk 3,44.4,0.4,0.3,7.7,5.8,58.6,-
,Principal,67.7,0.8,0.6,11.1,4.7,84.9,0.1
,All rural 'A' roads,112.1,1.2,0.9,18.8,10.5,143.5,0.1
Urban 'A' roads: 1,,,,,,,,
,Trunk 3,4.3,-,-,0.7,0.4,5.4,-
,Principal,62.1,1.0,1.2,9.3,2.5,75.9,0.6
,All urban 'A' roads,66.3,1.0,1.2,10.0,2.8,81.3,0.6
All major roads 4,,253.3,2.6,2.6,41.2,25.7,325.4,0.7
Minor roads:,,,,,,,,
,Minor rural roads,56.2,0.9,0.8,12.2,2.0,72.0,0.9
,Minor urban roads 1,94.6,2.1,2.2,14.9,1.7,115.5,2.7
,All minor roads,150.8,3.0,3.0,27.2,3.7,187.5,3.5
All roads,,404.1,5.6,5.5,68.4,29.4,513.0,4.2
,,,,,,,,
"1 Urban roads: Major and minor roads within an urban area with a population of 10,000 or more. These are based on the 2001 urban settlements.  The definition for 'urban settlement' is in 'Urban and rural area definitions: a user guide which can be found o",,,,,,,,Source: DfT National Road Traffic Survey
2 Includes trunk motorways and principal motorways,,,,,,,,Last updated: June 2011
3 Figures for trunk and principal roads in England since 2001 are affected by the detrunking programme,,,,,,,,
"4 Includes motorways, urban and rural 'A' roads",,,,,,,,
Telephone: 020 7944 3095,,,,,,,,
Email: roadtraff.stats@dft.gsi.gov.uk,,,,,,,,
Notes & definitions (http://www.dft.gov.uk/pgr/statistics/datatablespublications/roads/traffic/#technical),,,,,,,,
The figures in this table are National Statistics.,,,,,,,,
