Department for Transport statistics,,,,,,,,
Road Traffic and Speeds (http://www.dft.gov.uk/pgr/statistics/datatablespublications/roads/traffic),,,,,,,,
Table TRA0104,,,,,,,,
"Road traffic (vehicle miles) by vehicle type and road class in Great Britain, annual 2010",,,,,,,,
,,,,,,,,Billion vehicle miles
,,Cars and taxis,Motorcycles ,Buses & coaches,Light vans,Goods vehicles,All motor vehicles,Pedal cycles
Motorways 2,,45.9,0.3,0.3,7.5,7.1,61.0,-
Rural 'A' roads:,,,,,,,,
,Trunk 3,27.1,0.2,0.2,4.7,3.2,35.5,-
,Principal,41.1,0.5,0.4,6.9,2.6,51.4,0.1
,All rural 'A' roads,68.2,0.7,0.6,11.6,5.8,86.9,0.1
Urban 'A' roads: 1,,,,,,,,
,Trunk 3,2.6,-,-,0.4,0.2,3.3,-
,Principal,38.0,0.5,0.7,5.5,1.4,46.2,0.4
,All urban 'A' roads,40.6,0.5,0.7,6.0,1.6,49.5,0.4
All major roads 4,,154.7,1.5,1.6,25.1,14.5,197.4,0.5
Minor roads:,,,,,,,,
,Minor rural roads,34.2,0.4,0.4,7.5,1.0,43.5,0.7
,Minor urban roads 1,54.9,1.0,1.2,9.2,0.9,67.3,1.9
,All minor roads,89.1,1.4,1.6,16.7,1.9,110.7,2.6
All roads,,243.8,2.9,3.2,41.8,16.4,308.1,3.1
,,,,,,,,
"1 Urban roads: Major and minor roads within an urban area with a population of 10,000 or more. These are based on the 2001 urban settlements.  The definition for 'urban settlement' is in 'Urban and rural area definitions: a user guide which can be found o",,,,,,,,Source: DfT National Road Traffic Survey
2 Includes trunk motorways and principal motorways,,,,,,,,Last updated: June 2011
3 Figures for trunk and principal roads in England since 2001 are affected by the detrunking programme,,,,,,,,Next update: June 2012
"4 Includes motorways, urban and rural 'A' roads",,,,,,,,
Telephone: 020 7944 3095,,,,,,,,
Email: roadtraff.stats@dft.gsi.gov.uk,,,,,,,,
Notes & definitions (http://www.dft.gov.uk/pgr/statistics/datatablespublications/roads/traffic/#technical),,,,,,,,
The figures in this table are National Statistics.,,,,,,,,
