Department for Transport statistics,,,,,,,,,,,,,,,,
Traffic (http://www.dft.gov.uk/statistics/series/traffic),,,,,,,,,,,,,,,,
Table TRA9905,,,,,,,,,,,,,,,,
TSGB: Forecasts of road traffic in England and vehicles in Great Britain 1,,,,,,,,,,,,,,,,
,,,,,Index: 2003 = 100,,,,,,,,,,,
,,2003,2015,2025,2035,,,,,,,,,,,
Traffic volume: England:,,,,,,,,,,,,,,,,
,Cars and taxis,100,104,121,136,,,,,,,,,,,
,Goods vehicles 2,100,106,115,123,,,,,,,,,,,
,Light goods vehicles ,100,131,163,203,,,,,,,,,,,
,Buses and coaches,100,100,100,100,,,,,,,,,,,
,All motor traffic (except two wheelers),100,107,125,143,,,,,,,,,,,
Car ownership 3: Great Britain:,,,,,,,,,,,,,,,,
,Cars per person,100,107,113,120,,,,,,,,,,,
,Number of cars,100,115,130,144,,,,,,,,,,,
,,,,,,,,,,,,,,,,
"1 The traffic forecasts are central forecasts taken from the Department's Road Transport Forecasts for England 2009, which is available on the website at: http://www.dft.gov.uk/publications/road-transport-forecast-dft-ntm-results-2009/. The published paper also contains a forecast range reflecting uncertainties in the key forecasting assumptions that affect travel demand; and a break down of the forecasts by region.",,,,,Source: Integrated Transport Economics,,,
2 Over 3.5 tonnes gross vehicle weight,,,,,Last updated: 4 November 2010,,,
3 Car Ownership Data is taken from the NTEM dataset (Ver 6.1). More detailed data can be obtained from the TEMPRO website: www.dft.gov.uk/tempro,,,,,Next update: Early 2012,,,
Telephone: 020 7944 6197,,,,,,,,
Notes & definitions (http://assets.dft.gov.uk/statistics/releases/traffic-estimates-2010/traffic-estimates-2010-notes.pdf),,,,,,,,
The figures in this table are not National Statistics.,,,,,,,,
