Top content pages on www.dft.gov.uk,,
01 Aug 2010 to 31 July 2011,,
,,
Page,Pageviews,Unique Pageviews
/dvla/,5664140,4622141
/dvla/vehicles.aspx,2735098,1938124
/dvla/drivers.aspx,2443612,1849850
/dsa/,2297381,1880363
/dvla/contactus.aspx,1957862,1315302
/dvla/onlineservices.aspx,1142643,855732
/vosa/,1123569,884585
/,997143,767078
/dvla/contactus/drivers_enquiries.aspx,829750,671008
/dsa/category.asp?cat=661,697011,555712
/search,619583,447156
/dvla/forms.aspx,597610,468775
/dvla/contactus/localoffices/findnear/england.aspx,554715,386537
/vosa/onlineservices/onlineservices.htm,545389,395032
/dvla/contactus/vehicles_enquiries.aspx,520183,407010
/dvla/contactus/localoffices/findnear.aspx,505214,402724
/dvla/contactus/localoffices.aspx,471763,370625
/dvla/forms/onlineforms.aspx,384080,336188
/dvla/medical.aspx,362837,257559
/fyn/search.php,346917,150604
/dsa,346472,266086
/dvla/prizedraw/form.php,295315,129154
/dvla/contactus/localoffices/findnear/wales/swansea_local_office.aspx,258912,218644
/vosa/contactus/contactus.htm,230207,165097
/dvla/prizedraw/,227848,188927
/pgr/rail/pi/highspeedrail/proposedroute/maps/,227370,91047
/think/,225797,185618
/ha/standards/dmrb/index.htm,222197,91204
/dvla/medical/ataglance.aspx,219465,175542
/mca/,207645,172500
/pgr/rail/pi/highspeedrail/,171640,123442
/vosa/forms/forms.htm,162508,99898
/press/releases/,161538,114443
/dvla/contactus/localoffices/findnear/england/london_wimbledon_local_office.aspx,158437,119987
/dsa/Category.asp?cat=661,157195,126319
/dvla/default.aspx?sc_lang=en,149248,118007
/vosa/publications/applicationsanddecisions/applicationsanddecisions.htm,147268,88762
/pgr/roads/tss/tsmanual/,145495,87440
/dvla/onlineservices/order_forms.aspx,142973,114763
/dvla/recruitment/vacancies.aspx,137275,102528
/ha/standards/mchw/index.htm,133831,60338
/pgr/rail/pi/highspeedrail/hs2ltd/route/,133744,53955
/pgr/,131085,98988
/roads/,127840,99767
/vca/fcb/carfueldata-tools-redirect-page.asp,124837,85170
/vosa/publications/noticesandproceedings/noticesandproceedings.htm,122131,82394
/contact,121316,98755
/dvla/about.aspx,119614,96072
/dvla/medical/medical_drivers.aspx,114225,84689
/dvla/prizedraw/phase3.php,112570,88139
/dsa/about/dsa-online-services/,110917,98596
/pgr/statistics/,110858,81211
/vosa/publications/publications.htm,107695,71867
/press/,107261,84609
/dvla/contactus/localoffices/findnear/england/london_borehamwood_local_office.aspx,106117,82648
/dvla/?sc_lang=en,104983,83729
/pgr/roadsafety/drs/highwaycode,102527,68545
/vosa/forms/vehicletestforms/vehicletestforms.htm,102109,63507
/vosa/publications/manualsandguides/vehicletestingmanualsandguides.htm,100848,60007
/pgr/sustainable/cycling/cycletoworkguidance/,100399,80292
/dvla/contactus/localoffices/findnear/england/birmingham_local_office.aspx,99776,76935
/pgr/roads/tss/,95193,64416
/pgr/freight/road/workingtime/,94933,66254
/mca/mcga07-home/newsandpublications/press-releases.htm,93885,69443
/vosa/trainingcourses/trainingcourses.htm,93859,47720
/dsa/category.asp?cat=75,93802,72389
/mca/mcga07-home/workingatsea/mcga-trainingandcert.htm,92877,61431
/dvla/data.aspx,92862,70312
/pgr/roadsafety/,91421,67468
/vosa/vacancies/vacancies.htm,90670,58774
/think/education/early-years-and-primary/,90556,62229
/about/,90034,67276
/pgr/roads/tss/workingdrawings/,89447,37201
/pgr/rail/pi/highspeedrail/proposedroute/,87681,59791
/dvla/contactus/localoffices/findnear/england/leeds_local_office.aspx,86625,62904
/dvla/contactus/medical_enquiries.aspx,85593,70963
/dvla/contactus/localoffices/findnear/england/manchester_local_office.aspx,82134,65724
/dvla/pressoffice/pressreleases/archive2008/170708_06.aspx,81834,74743
/vosa/onlineservices/operatorlicensingsearchfacilities/operatorlicensingsearchfacilities.htm,81337,73940
/transportforyou/access/bluebadge/,79166,53463
/dvla/vehicles/search.aspx?ext=dg,78679,49609
/pgr/roads/,77117,57723
/dvla/medical/medical_professionals.aspx,76839,58141
/dsa/instructors.asp,76344,54221
/rail/,76058,56654
/vosa/latestfees/latestfees.htm,71910,60069
/ha/standards/mchw/vol1/index.htm,71209,42737
/dvla/foi.aspx,69402,54075
/mca/mcga-seafarer_information/mcga-dqs_st_shs_seafarer_information-medical/mcga-dqs_st_shs_ships_capt_medical_guide.htm,68684,62085
/vosa/aboutvosa/aboutvosa.htm,67499,50785
/pgr/statistics/datatablespublications/,65132,40347
/dsa/category.asp?cat=686,65002,52659
/dvla/contactus/localoffices/findnear/england/nottingham_local_office.aspx,64392,49949
/vosa/forms/lorryoperatorlicensingforms/lorryoperatorlicensingforms.htm,64060,36388
/consultations/,63446,47904
/dvla/recruitment.aspx,63200,50681
/dvla/contactus/localoffices/findnear/england/chelmsford_local_office.aspx,63086,49505
/dvla/contactus/localoffices/findnear/england/london_sidcup_local_office.aspx,60823,48396
/dsa/category.asp?cat=1,60434,43892
/dvla/contactus/localoffices/findnear/scotland/glasgow_local_office.aspx,59942,46896
/think/education,59923,48401
/bikeability/,59678,59617
/dvla/contactus/localoffices/openingtimes.aspx,56296,52151
/vosa/publications/manualsandguides/drivershoursandtachographguides.htm,56105,38425
/dvla/publications.aspx,56095,45523
/vosa/publications/manualsandguides/manualsandguides.htm,54540,32903
/think/education/early-years-and-primary/pupils/over-7s/,54403,32313
/trafficsignsimages/SelectCategory.php,54396,11744
/aviation/,53038,38041
/vosa/operationalactivities/operationalactivities.htm,52269,40876
/vosa/publications/leafletsandposters/vehicletestingleaflets.htm,51396,33379
/press/ministers/,51159,32152
/pgr/statistics/datatablespublications/accidents/,51157,33060
/ha/standards/,50928,31436
/pgr/security/aviation/listofdftregulatedagents,50250,39019
/drivingchallenge/,50047,39310
/mca/mcga07-home,49904,44978
/pgr/statistics/datatablespublications/nts/,49659,24377
/vosa/index.htm,49567,38122
/dvla/contactus/localoffices/findnear/england/bristol_local_office.aspx,48697,38928
/fyn/?theory=,48266,35378
/dvla/onlineservices/order_forms/form_confirm.aspx,48165,40586
/dsa/index.asp,47536,37946
/dvla/pressoffice.aspx,47264,36637
/pgr/rail/pi/highspeedrail/hs2ltd/,46511,32780
/ha/standards/dmrb/vol6/index.htm,46060,23429
/dvla/contactus/localoffices/findnear/scotland/edinburgh_local_office.aspx,45692,33882
/dvla/contactus/localoffices/findnear/england/Theale_local_office.aspx,45047,36079
/dvla//medical.aspx,44681,31233
/think/focusareas/driving/?whoareyou_id=&page=Overview,44526,36852
/dsa/category.asp?cat=668,44467,32736
/pgr/aviation/,44133,31066
/dvla/contactus/if_things_go_wrong.aspx,43924,38220
/think/education/early-years-and-primary/pupils/5-to-7/,43647,24408
/dvla/contactus/localoffices/findnear/england/northampton_local_office.aspx,43041,34578
/think/education/early-years-and-primary/teachers/,42963,29017
/pgr/sustainable/manforstreets/,42743,27903
/pgr/roadsafety/speedmanagement/vanspeedlimits,42690,37202
/pgr/rail/,42657,32126
/dvla/contactus/localoffices/findnear/england/sheffield_local_office.aspx,42335,33561
/dvla/consultations.aspx,41703,34666
/dvla/contactus/localoffices/findnear/scotland.aspx,41610,32105
/pgr/freight/road/workingtime/drivershoursgoods.pdf,41560,33118
/pgr/statistics/datatablespublications/tsgb/,41429,22667
/think/focusareas/children/?whoareyou_id=&page=Overview,41243,33932
/pgr/regional/buses/concessionary/informationlocalauthorities/listoftcas,40413,25464
/dvla/contactus/localoffices/findnear/england/preston_local_office.aspx,39432,31559
/vosa/publications/specialnotices/specialnotices.htm,39294,23623
/pgr/roadsafety/drs/drivingforwork/drivershoursandtachographrules/,39238,27951
/dvla/contactus/localoffices/findnear/england/maidstone_local_office.aspx,39167,31234
/pgr/rail/pi/highspeedrail/hs2ltd/route/mitigatednorthernroutesection/,38834,15117
/mca/mcga-googlesearch?cx=016727968828408486277:401dtusdzes&cof=FORID:10&ie=UTF-8&sa=Search&siteurl=www.dft.gov.uk/mca/,38525,19470
/mca/mcga07-home/aboutus/mcga-aboutus-careers/mcga-aboutus-trawls.htm,38444,26665
/press/speechesstatements/statements/baker20110214,38396,32565
/dvla/prizedraw/qanda.html,37635,33308
/dvla/prizedraw/qanda-text.html,37599,33334
/mca/mcga07-home/aboutus/contact07.htm,37395,26242
/mca/mcga07-home/aboutus/mcga-aboutus-careers.htm,37317,27372
/cyclingengland/,36968,28576
/fyn/?car=,36941,26892
/mca/mcga-404,36441,27936
/dvla/contactus/localoffices/findnear/wales.aspx,36403,26663
/dvla/contracttenders.aspx,36071,28124
/dvla/contactus/localoffices/findnear/england/brighton_local_office.aspx,35766,27798
/pgr/statistics/datatablespublications/vehicles/licensing/,35551,22405
/pgr/rail/pi/highspeedrail/hs2ltd/route/keyplan.pdf,35354,20325
/about/recruitment/vacancies/,35228,24652
/faqs/,35187,27141
/dsa/category.asp?cat=648,34991,22868
/dvla/contactus/localoffices/findnear/england/chester_local_office.aspx,34979,27950
/dvla/contactus/localoffices/findnear/england/portsmouth_local_office.aspx,34753,27948
/think/education/early-years-and-primary/pupils/,34689,19125
/dvla/contactus/localoffices/loservices.aspx,34128,25009
/think/education/early-years-and-primary/pupils/over-7s/play/,33835,18269
/think/education/secondary/,33778,21608
/dvla/contactus/localoffices/findnear/england/newcastle_upon_tyne_local_office.aspx,33720,27429
/consultations/open/,33431,25752
/dsa/category.asp?cat=657,33287,21781
/fyn/theory.php,32032,22943
/vosa/contactus/vosalocationsandofficesofthetrafficcommissioners/vosalocationsandofficesofthetrafficcommissioners.htm,31957,23201
/dvla/contactus/localoffices/findnear/england/worcester_local_office.aspx,31325,24650
/webtag/documents/index.php,31227,19043
/dvla/onlineservices/order_forms.aspx?ext=dg,30953,25609
/mca/mcga-googlesearch?cx=016727968828408486277:401dtusdzes&cof=FORID:10&ie=UTF-8&siteurl=www.dft.gov.uk/mca/,30869,15740
/dvla/contactus/localoffices/findnear/england/exeter_local_office.aspx,30207,23707
/pgr/roads/tpm/tal/,30188,15184
/ha/standards/dmrb/vol7/index.htm,30042,16168
/dvla/contactus/localoffices/findnear/england/shrewsbury_local_office.aspx,29881,23837
/consultations/dft-2011-08/,29679,22205
/dvla/contactus/localoffices/findnear/england/oxford_local_office.aspx,29370,22461
/pgr/regional/buses/concessionary/,29315,19410
/dvla/contactus/localoffices/findnear/england/bournemouth_local_office.aspx,29042,23175
/think/focusareas/driving/drinkdriving,29014,25158
/dvla/contactus/localoffices/findnear/england/peterborough_local_office.aspx,28828,23505
/dvla/medical/about_dri_med.aspx,28524,23049
/webtag/,28409,23706
/pgr/rail/passenger/franchises/,28316,15337
/dvla/contactus/localoffices/findnear/wales/cardiff_local_office.aspx,28296,22767
/dvla/prizedraw/index.html,28275,20512
/pgr/freight/dgt1/,27869,18623
/ha/standards/dmrb/vol2/index.htm,27698,12778
/transportforyou/access/bluebadge/reform/,27500,16611
/pgr/statistics/datatablespublications/accidents/casualtiesgbar/,27435,17193
/pgr/regional/,27362,20630
/pgr/sustainable/,27294,19994
/ha/standards/mchw/vol3/index.htm,27254,14484
/ha/standards/dmrb/vol1/index.htm,27212,12564
/about/dftorganisationchart/,27036,15528
/vosa/corporatepoliciesandstandards/corporatepoliciesandstandards.htm,26753,19262
/ha/standards/dmrb/vol6/section2.htm,26464,15130
/press/ministers/philiphammond,26268,19371
/vosa/forms/busandcoachoperatorlicenceforms/busandcoachoperatorlicenceforms.htm,26172,14136
/think/education/early-years-and-primary/pupils/under-5s/,26096,16342
/vca/,25866,21660
/pgr/security/,25832,18969
/vosa/usefullinks.htm,25638,20016
/pgr/roadsafety/speedmanagement/speedlimits,25500,19056
/trafficsignsimages/,25195,18681
/vosa/newsandevents/newsandevents.htm,25191,18521
/mca/mcga07-home/workingatsea.htm,25171,20389
/pgr/security/aviation/,25134,15490
/mca/mcga07-home/shipsandcargoes/mcga-shipsregsandguidance/marinenotices.htm,25069,16944
/search?site=webtag_collection,24957,9161
/dsa/news.asp?id=SXA9BB-A7838DD9,24688,21247
/pgr/rail/pi/,24559,16517
/dvla/forms/onlineleaflets.aspx,24526,21037
/gcda/,24469,19299
/pgr/roads/tpm/,24429,16932
/pgr/roadsafety/drs/hidheadlamps,24306,22533
/think/mediacentre/237144/drinkdriving,24295,12071
/vosa/whatsnew/whatsnew.htm,24211,14948
/dvla/contactus/localoffices/findnear/england/stockton_local_office.aspx,23944,19083
/dsa/category.asp?cat=697,23553,16588
/mca/mcga07-home/newsandpublications.htm,23381,19062
/pgr/roads/tpm/tmaportal/tmafeatures/tmapart6/,23155,13504
/ha/standards/ians/index.htm,23121,13973
/think/education/early-years-and-primary/pupils/over-7s/watch/kerrs-story/,22915,17646
/mca/mcga07-home/shipsandcargoes/mcga-ukshipregister.htm,22903,17248
/ha/standards/tech_info/index.htm,22733,10397
/pgr/statistics/datatablespublications/accidents/casualtiesgbar/rrcgb2009,22722,16389
/ha/standards/mchw/vol2/index.htm,22681,13667
/think/education/early-years-and-primary/pupils/5-to-7/play/,22621,12828
/vosa/publications/noticesandproceedings/np-scottishtrafficarea/np-scottishtrafficarea.htm,22574,15191
/fyn/practical.php?car=,22540,16150
/pgr/roads/network/local/streetworks/,22430,14545
/ha/standards/dmrb/,22421,12655
/ha/standards/mchw/vol3/section1.htm,22235,13386
/ha/standards/dmrb/vol6/section1.htm,22122,12451
/transportforyou/access/,22003,15928
/trafficsignsimages/imagelist.php?CATID=4,22001,8148
/about/spendingreview,21956,15323
/dsa/category.asp?cat=278,21905,16755
/pgr/roads/tpm/trafficcommissioners/,21759,14087
/think/mediacentre/,21683,17193
/think/focusareas/children/childincar?page=Overview,21638,19385
/think/mediacentre/237144/,21490,14598
/ha/standards/dmrb/vol7/section2.htm,21374,12051
/think/focusareas/children/childincar,21325,19463
/dvla/contactus/localoffices/findnear/england/lincoln_local_office.aspx,21265,16989
/pgr/roads/vehicles/,21125,15851
/think/education/early-years-and-primary/pupils/over-7s/do/,21111,12519
/pgr/sustainable/olev/,21088,13607
/vosa/publications/specialnotices/2010specialnotices.htm,21011,10649
/fyn/?Cat=-1&TestType=car&TypeID=17,21010,13471
/press/speechesstatements/statements/?view=Filter,20960,10939
/pgr/regional/transportfund/,20951,13854
/think/education/early-years-and-primary/pupils/over-7s/watch/yasmins-story/,20917,15911
/mca/mcga07-home/shipsandcargoes/mcga-shipsregsandguidance.htm,20762,15127
/help/findinginfo,20647,17039
/think/education/early-years-and-primary/pupils/over-7s/watch/,20523,13465
/fyn/?Cat=-1&TestType=&TypeID=18,20411,15048
/dvla/contactus/localoffices/findnear/england/beverley_local_office.aspx,20380,16386
/think/search?whoareyou_id=,20338,15544
/trafficsignsimages/SearchSigns.php,20304,11146
/vosa/publications/noticesandproceedings/np-easterntrafficarea/np-easterntrafficarea.htm,20207,13819
/pgr/roadsafety/drs/drivingforwork/drivershoursandtachographrules/drivershourtachographrules.pdf,20065,15324
/ha/standards/dmrb/vol4/index.htm,19678,10109
/pgr/freight/,19664,14348
/dsa/Category.asp?cat=75,19475,16480
/vosa/publications/applicationsanddecisions/ad-easterntrafficarea/ad-easterntrafficarea.htm,19398,11873
/atoz,19288,14900
/vca/fcb/index.asp,19288,13399
/vosa/publications/noticesandproceedings/np-northeasterntrafficarea/np-northeasterntrafficarea.htm,19245,13024
/dvla/contactus/localoffices/findnear/england/norwich_local_office.aspx,19123,15548
/press/speechesstatements/,18965,12534
/ha/standards/dmrb/vol0/index.htm,18861,8651
/vosa/publications/applicationsanddecisions/ad-scottishtrafficarea/ad-scottishtrafficarea.htm,18728,11905
/vosa/newsandevents/pressreleases/pressreleases.htm,18394,12110
/publications,18210,13873
/dvla/contactus/localoffices/findnear/england/london_wimbledon_local_office.aspx?map=fac,18121,15288
/think/focusareas/invehiclesafety/?whoareyou_id=&page=Overview,18109,15467
/vosa/publications/noticesandproceedings/np-westerntrafficarea/np-westerntrafficarea.htm,18024,12595
/pgr/roadsafety/speedmanagement/,17956,12334
/dvla/onlineservices/report_unlicensed.aspx,17917,15131
/pgr/roadsafety/child/,17890,12618
/ha/standards/index.htm,17818,10153
/think/login,17656,15431
/dsa/category.asp?cat=77,17538,13125
/pgr/rail/strategyfinance/valueformoney/realising-the-potential-of-gb-rail/,17485,12502
/think/focusareas/teenagers/?whoareyou_id=&page=Overview,17397,14053
/vosa/forms/miscellaneousforms/miscellaneousforms.htm,17307,13043
/dsa/about/contact/,17303,12804
/mca/mcga07-home.htm,17303,14635
/matrix/,17283,12982
/pgr/roads/vehicles/vssafety/requirementsfortrailers,17169,14406
/vosa/publications/applicationsanddecisions/ad-northwesterntrafficarea/ad-northwesterntrafficarea.htm,17165,10549
/think/education/early-years-and-primary/pupils/5-to-7/see/,17099,10932
/pgr/roads/vehicles/vssafety/towingwithvehiclesfrequently4577,17021,15128
/vosa/publications/noticesandproceedings/np-northwesterntrafficarea/np-northwesterntrafficarea.htm,17019,11532
/fyn/practical.php,16991,12894
/pgr/roads/tss/tsmanual/tsmchapter3.pdf,16988,13810
/news,16949,11431
/vosa/publications/applicationsanddecisions/ad-northeasterntrafficarea/ad-northeasterntrafficarea.htm,16919,10526
/vosa/publications/consultationsandresearch/consultationpapers/consultationpapers.htm,16900,11643
/dvla/pressoffice/pressreleases.aspx,16823,12635
/dvla//data/relinfo/howtorequest.aspx,16773,13041
/pgr/roads/tpm/tmaportal/,16747,11049
/mca/mcga07-home/newsandpublications/mcga-publications.htm,16710,13667
/press/speechesstatements/statements/hammond20101220,16699,13965
/dvla/prizedraw/data.html,16657,14982
/think/?whoareyou_id=,16624,13521
/ha/standards/dmrb/vol1/section3.htm,16617,9166
/pgr/security/aviation/aviation-security-training/,16536,10176
/dvla/prizedraw/data-text.html,16484,14828
/dvla/contactus/localoffices/findnear/england/ipswich_local_office.aspx,16256,13149
/vosa/onlineservices/vehiclerecalls/vehiclerecalls.htm,16176,12484
/vosa/publications/manualsandguides/safetyandmaintenanceguides.htm,16171,7601
/dvla/contactus/localoffices/findnear/scotland/aberdeen_local_office.aspx,16068,13103
/mca/mcga07-home/workingatsea/mcga-trainingandcert/seafarerapplicationforms.htm,15976,8688
/pgr/statistics/datatablespublications/public/bus/,15933,8784
/pgr/roads/tss/tslegislation/,15812,9105
/adobepdf/259428/281009/bluebadge.pdf,15781,13711
/think/education/early-years-and-primary/pupils/5-to-7/do/,15705,10325
/contact.html,15677,12709
/think/education/early-years-and-primary/teachers/lower-primary/,15659,10713
/pgr/statistics/datatablespublications/accidents/roadcasualtiesonline/,15634,10953
/shipping/,15598,10796
/vosa/newsandevents/pressreleases/2010pressreleases/2010pressreleases.htm,15561,9953
/vosa/publications/noticesandproceedings/np-scottishtrafficarea/np-scottishtrafficarea2011.htm,15512,9676
/pgr/roads/tss/tsmanual/tsmchap8part1.pdf,15502,10560
/pgr/evaluation/,15498,12089
/vosa/publications/leafletsandposters/leafletsandposters.htm,15479,7305
/think/education/early-years-and-primary/pupils/over-7s/read/,15478,10919
/vosa/onlineservices/vehicledefects.htm,15440,12381
/ha/standards/mchw/vol1/pdfs/series_0600.pdf,15403,9118
/think/education/early-years-and-primary/teachers/upper-primary/,15338,10566
/think/focusareas/driving/drinkdriving?whoareyou_id=&page=Overview,15287,13111
/pgr/roads/tpm/trafficcommissioners/trafficareaofficescontactdetails,15263,12399
/pgr/roads/network/local/streetworks/cop/,15214,9087
/think/education/early-years-and-primary/parents/7-to-11s/the-green-cross-code/,15204,11342
/think/mediacentre/246822,15201,10983
/vosa/publications/noticesandproceedings/np-westmidlandtrafficarea/np-westmidlandtrafficarea.htm,15182,10051
/dvla/vehicles/browse.aspx?ext=dg,15114,10872
/pgr/roads/vehicles/vssafety/,15107,8792
/think/mediacentre/237144/current,14895,9438
/ha/standards/dmrb/vol2/section2.htm,14862,8057
/about/publications/business/plan2011-15/,14809,10325
/vosa/corporatepoliciesandstandards/freedomofinformation/freedomofinformation.htm,14785,11370
/dvla/search.aspx?keywords=mot,14769,13041
/dvla//data/relinfo.aspx,14734,10382
/vosa/forms/busserviceregistrationforms/busserviceregistrationforms.htm,14698,8113
/pgr/shippingports/,14669,10310
/dvla/pressoffice/pressreleases/archive2005/20050420_07.aspx,14627,11260
/vosa/publications/specialnotices/2011specialnotices.htm,14530,9775
/dvla/contactus/customer_complaint_statistics.aspx,14518,12593
/think/education/secondary/students/incident-scene/,14495,9868
/dvla/prizedraw/about-text.html,14459,12551
/dvla/prizedraw/about.html,14433,12499
/mca/mcga07-home/shipsandcargoes/mcga-shipsregsandguidance/marinenotices/mcga-mgn.htm,14425,9307
/dvla/search.aspx?keywords=sorn,14398,12453
/vosa/contactus/vosalocationsandofficesofthetrafficcommissioners/centralisedlicensingunitandofficesofthetrafficcommissioners.htm,14376,12600
/think/education/early-years-and-primary/pupils/5-to-7/play/know-the-road/,14367,8108
/pgr/statistics/datatablespublications/roads/congestion/,14360,8214
/vca/fcb/new-car-fuel-consump.asp,14322,9966
/dvla/contactus/localoffices/findnear/scotland/dundee_local_office.aspx,14290,11163
/vosa/publications/noticesandproceedings/np-scottishtrafficarea/np-scottishtrafficarea2010.htm,14240,7908
/think/education/early-years-and-primary/parents/,14218,10064
/vosa/publications/applicationsanddecisions/ad-westerntrafficarea/ad-westerntrafficarea.htm,14204,8927
/pgr/statistics/datatablespublications/roads/traffic/,14141,8191
/vosa/trainingcourses/applyingforatrainingcourse.htm,14135,10455
/ha/standards/dmrb/vol6/section3.htm,14082,7753
/vosa/publications/applicationsanddecisions/ad-westmidlandtrafficarea/ad-westmidlandtrafficarea.htm,14047,8328
/pgr/roads/network/local/streetworks/cop/safetyatstreetworksandroadworks,14013,5858
/vosa/repository/Rules on Drivers Hours and Tachographs - Goods vehcles in the UK and Europe.pdf,14007,11951
/trafficsignsimages/imagelist.php?CATID=5,13959,6727
/mca/mcga07-home/emergencyresponse/mcga-searchandrescue.htm,13845,10421
/mca/mcga-shs_capt_guide_chap1.pdf,13783,12454
/matrix/Map.aspx,13770,10569
/think/education/early-years-and-primary/pupils/over-7s/play/codebreaker/,13763,10182
/vosa/contactus/vosalocationsandofficesofthetrafficcommissioners/vosaenforcementoffices.htm,13625,11743
/ha/standards/dmrb/vol3/index.htm,13597,7059
/vosa/trainingcourses/trainingapplicationforms.htm,13586,7702
/dsa/category.asp?cat=593,13535,9056
/pgr/security/aviation/airport/,13519,9245
/pgr/sustainable/travelplans/,13502,9696
/pgr/freight/dgt1/road/,13496,7732
/vosa/publications/noticesandproceedings/np-welshtrafficarea/np-welshtrafficarea.htm,13481,9231
/vosa/publications/noticesandproceedings/np-easterntrafficarea/np-easterntrafficarea2011.htm,13423,8384
/matrix/results.aspx,13371,5190
/ha/standards/mchw/vol4/index.htm,13369,8608
/vosa/repository/Application for a Vehicle Identity Check (VIC 1).pdf,13364,10448
/vosa/forms/trainingapplicationforms/trainingapplicationforms.htm,13363,8143
/pgr/regional/transportassessments/guidanceonta,13284,7049
/dvla/contactus/localoffices/findnear/england/leeds_local_office.aspx?map=fac,13278,10879
/vosa/contactus/sharingintelligence/sharingintelligence.htm,13271,9441
/vosa/publications/manualsandguides/operatorlicensingguides.htm,13193,7951
/pgr/regional/sustainabletransport/,13132,10285
/vosa/publications/noticesandproceedings/np-southeastmetropolitantrafficarea/np-southeastmetropolitantrafficarea.htm,13094,8773
/press/speechesstatements/speeches/?view=Filter,13070,8498
/think/mediacentre/237144/teenagers,13030,6742
/vosa/sitemap/sitemap.htm,12991,9683
/dvla/medical/medical_advisory_information/reviewofdm.aspx,12939,9650
/pgr/roads/tss/tsmanual/chapter2/,12888,7601
/dvla/onlineservices/order_forms/form_confirm.aspx?ext=dg,12882,10886
/dvla/search.aspx?keywords=change+of+address,12882,11497
/think/focusareas/driving/drinkdriving?page=Overview&whoareyou_id=?,12882,12873
/dvla/onlineservices/report_unlicensed.aspx?ext=dg,12873,10391
/think/education/early-years-and-primary/teachers/lower-primary/lesson-ideas/,12846,8184
/pgr/rail/passenger/,12800,9178
/ha/standards/dmrb/vol0/section1.htm,12797,7052
/transportforyou/informationforparentsteacher6173,12759,8622
/pgr/roads/network/,12743,9402
/pgr/roads/tss/tsmanual/trafficsignsmanualchapter5.pdf,12743,11341
/pgr/shippingports/uksar/,12736,9328
/pgr/roadsafety/drs/highwaycode.html,12717,8672
/dvla/data/relinfo/howtorequest.aspx,12715,10098
/think/education/early-years-and-primary/teachers/upper-primary/lesson-ideas/,12653,7854
/vosa/publications/noticesandproceedings/np-easterntrafficarea/np-easterntrafficarea2010.htm,12600,7040
/trafficsignsimages/AdvanceSearch.php,12588,4946
/mca/mcga07-home/workingatsea/mcga-medicalcertandadvice/mcga-ml5-medicalinfo/mcga-approved-docs-list.htm,12576,9089
/dvla/vehicles/search.aspx,12559,10310
/think/education/early-years-and-primary/pupils/5-to-7/read/,12550,7763
/think/education/early-years-and-primary/pupils/over-7s/watch/tales-of-the-road-1/,12544,9442
/vosa/publications/applicationsanddecisions/ad-southeastmetropolitantrafficarea/ad-southeastmetropolitantrafficarea.htm,12539,7559
/mca/mcga07-home/emergencyresponse/mcga-searchandrescue/mcga-volunteering.htm,12496,9519
/think/education/early-years-and-primary/pupils/over-7s/read/tales-of-the-road/,12462,10012
/pgr/aviation/environmentalissues/,12452,9618
/think/education/early-years-and-primary/pupils/over-7s/watch/amirs-story/,12434,9650
/think/mediacentre/?whoareyou_id=,12417,10363
/pgr/rail/pi/highspeedrail/hs2ltd/hs2report/,12412,6308
/think/education/early-years-and-primary/pupils/over-7s/play/snakes-and-hazards/,12396,9993
/vosa/publications/noticesandproceedings/np-westerntrafficarea/np-westerntrafficarea2011.htm,12305,7690
/dsa/category.asp?cat=732,12232,8454
/cyclingengland/cycling-cities-towns/,12219,9146
/pgr/sustainable/cycling/,12164,7922
/foi/,12147,10127
/dvla/medical/medical_advisory_information.aspx,12124,9051
/foi/responses/2010/,12111,6184
/ha/standards/dmrb/vol5/index.htm,12108,5602
/mca/mcga07-home/workingatsea/mcga-healthandsafety.htm,12108,9142
/consultations/closed/,12086,8659
/vosa/contractopportunities/contractopportunities.htm,12017,9842
/press/ministers/normanbaker,11990,9220
/vosa/publications/applicationsanddecisions/ad-scottishtrafficarea/ad-scottishtrafficarea2011.htm,11984,6629
/think/education/early-years-and-primary/pupils/over-7s/play/crash-scene-investigation/,11980,9732
/vosa/trainingcourses/trainingcoursefees.htm,11975,9337
/mca/mcga07-home/shipsandcargoes/mcga-shipsregsandguidance/marinenotices/mcga-msn.htm,11952,7531
/think/focusareas/driving/drinkdriving?page=FAQ,11952,11295
/think/education/early-years-and-primary/pupils/5-to-7/play/stop-look-and-listen/,11951,7665
/ha/standards/dmrb/vol4/section2.htm,11913,7206
/publications/dft-regulated-agents-and-in-flight-suppliers/,11880,8822
/pgr/regional/taxis/,11861,7973
/pgr/economics/,11829,8574
/vosa/publications/applicationsanddecisions/ad-scottishtrafficarea/ad-scottishtrafficarea2010.htm,11779,5663
/think/focusareas/motorcycling?whoareyou_id=&page=Overview,11767,9937
/pgr/rail/pi/highspeedrail/hs2ltd/recommended-route/,11720,7707
/transportforyou/access/peti/guidanceontheuseoftactilepav6167,11713,6539
/pgr/statistics/datatablespublications/vehicles/,11664,7604
/pgr/statistics/datatablespublications/accidents/casualtiesmr/rrcgbmainresults2009,11635,9089
/press/ministers/theresavilliers,11540,8644
/pgr/security/personnelsecurity/,11511,8206
/pgr/economics/software/coba11usermanual/,11483,6194
/think/education/early-years-and-primary/pupils/under-5s/play/,11418,8719
/vosa/publications/noticesandproceedings/np-westerntrafficarea/np-westerntrafficarea2010.htm,11409,6452
/vosa/publications/noticesandproceedings/np-northeasterntrafficarea/np-northeasterntrafficarea2011.htm,11360,7320
/pgr/roads/tss/tsmanual/tsmchapter1.pdf,11334,10283
/transportforyou/access/peti/inclusivemobility,11324,5570
/foi/dft-f0007532,11320,8265
/dvla/search.aspx?keywords=Search,11272,9199
/pgr/freight/road/,11245,8298
/vosa/publications/noticesandproceedings/np-northeasterntrafficarea/np-northeasterntrafficarea2010.htm,11236,6542
/dvla/search.aspx?keywords=theory+test,11220,10306
/vosa/publications/leafletsandposters/safetyandmaintenanceleaflets.htm,11205,5165
/webtag/documents/expert/unit3.5.6.php,11188,7145
/vosa/publications/applicationsanddecisions/ad-easterntrafficarea/ad-easterntrafficarea2011.htm,11167,6058
/pgr/roads/tpm/ltnotes/,11144,7528
/ha/standards/dmrb/vol1/section1.htm,11078,5622
/pgr/statistics/datatablespublications/trends/current/,11075,6512
/dvla/search.aspx?keywords=v62,11060,10359
/ha/standards/dmrb/vol8/index.htm,11001,5387
/pgr/roadsafety/drs/,10994,8276
/vosa/publications/noticesandproceedings/np-northwesterntrafficarea/np-northwesterntrafficarea2011.htm,10994,6675
/bikeability/delivering-bikeability/,10947,10922
/dvla/Home.aspx,10946,9799
/vosa/publications/noticesandproceedings/np-northwesterntrafficarea/np-northwesterntrafficarea2010.htm,10936,6487
/pgr/roadsafety/strategicframework/,10917,8223
/pgr/rail/passenger/franchises/InterCityWest/,10863,6876
/search?spell=1&access=p&ie=UTF-8,10840,7690
/vosa/publications/leafletsandposters/drivershoursandtachographleaflets.htm,10829,6189
/think/focusareas/driving/drinkdriving?page=Campaign&whoareyou_id=,10790,9194
