Department for Transport statistics,,,,,,,,,,,,,,,,
Road lengths statistics,,,,,,,,,,,,,,,,
Table RDL0102b,,,,,,,,,,,,,,,,
"Major road dual carriageway road length (miles) by road type and local authority in Great Britain, 2011",,,,,,,,,,,,,,,,
,,,,,,,,,,,,,,,,Miles
,,,,Motorway dual carriageway      ,,,,'A' road dual carriageway,,,,,,All major road dual carriageway,,
"ONS Area 
Code",Region,Local authority,,"Trunk 
motoways","Principal
motoways","All
motoways",,"Trunk 
rural 'A'",Trunk urban 'A',Principal rural 'A',"Principal
urban 'A'","All 'A' 
roads",,Trunk ," 
Principal",Total major road dual carriageway
E06000047,North East,County Durham UA,,22.9,0,22.9,,18.5,0,21.3,2.7,42.4,,41.3,24,65.3
E06000005,North East,Darlington UA,,5.9,0,5.9,,2.4,0,3.3,1.5,7.1,,8.3,4.8,13
E06000001,North East,Hartlepool UA,,0,0,0,,4.5,0,4.5,6.4,15.3,,4.5,10.9,15.3
E06000002,North East,Middlesbrough UA,,0,0,0,,3.9,3.9,0,6.4,14.2,,7.8,6.4,14.2
E06000048,North East,Northumberland UA ,,0,0,0,,45.5,0,19,2,66.5,,45.5,21,66.5
E06000003,North East,Redcar and Cleveland UA,,0,0,0,,2.7,1.9,8.2,5.3,18.1,,4.7,13.5,18.1
E06000004,North East,Stockton-on-Tees UA,,0,0,0,,11.6,5.2,4.5,5.5,26.8,,16.8,10,26.8
E08000020,North East,Gateshead,,3.3,0,3.3,,4,3,2.2,10.8,19.9,,10.3,13,23.2
E08000021,North East,Newcastle upon Tyne,,0,1.5,1.5,,8.1,4.8,0.1,9.8,22.7,,12.9,11.3,24.2
E08000022,North East,North Tyneside,,0,0,0,,4.5,3.3,5.6,8.3,21.7,,7.8,13.9,21.7
E08000023,North East,South Tyneside,,0.1,0,0.1,,3.7,1.6,2.2,7.9,15.3,,5.3,10.1,15.3
E08000024,North East,Sunderland,,2.4,0,2.4,,8,0,7.2,13.7,28.9,,10.4,20.9,31.3
E06000008,North West,Blackburn with Darwen UA,,5,0,5,,0,0,1.5,3.5,5,,5,5,9.9
E06000009,North West,Blackpool UA,,0,0,0,,0,0,1.1,7.1,8.2,,0,8.2,8.2
E06000049,North West,Cheshire East UA,,29.4,0,29.4,,1.5,0,6.9,8.8,17.2,,30.9,15.7,46.6
E06000050,North West,Cheshire West and Chester UA,,25.2,0,25.2,,14.2,0,20.4,9.2,43.7,,39.3,29.6,68.9
E06000006,North West,Halton UA,,4,0,4,,0,0,5,17.3,22.3,,4,22.3,26.3
E06000007,North West,Warrington UA,,20.9,0,20.9,,0,0,4.2,10.1,14.3,,20.9,14.3,35.2
E10000006,North West,Cumbria ,,66.5,0,66.5,,38,0.7,10.3,1.8,50.7,,105.1,12.1,117.2
E08000001,North West,Bolton,,10.7,0,10.7,,0,0,3.2,8.6,11.7,,10.7,11.7,22.4
E08000002,North West,Bury,,12.9,0,12.9,,0,0,0.1,3.7,3.7,,12.9,3.7,16.6
E08000003,North West,Manchester,,10.3,2,12.2,,0,1.4,0.4,22,23.8,,11.6,24.4,36
E08000004,North West,Oldham ,,5.2,0,5.2,,0.1,1.3,0.1,8,9.5,,6.6,8.1,14.7
E08000005,North West,Rochdale,,15.6,0,15.6,,0,0,0.3,6.8,7.1,,15.6,7.1,22.7
E08000006,North West,Salford,,17.4,0,17.4,,0,0,1.1,14.2,15.3,,17.4,15.3,32.7
E08000007,North West,Stockport,,8,0,8,,0,0,1.1,7,8.1,,8,8.1,16.2
E08000008,North West,Tameside,,9.5,0,9.5,,0.1,0,0.1,6.5,6.7,,9.6,6.6,16.2
E08000009,North West,Trafford,,5.9,0,5.9,,0,0,0.1,9.2,9.3,,5.9,9.3,15.2
E08000010,North West,Wigan,,11.4,0,11.4,,0,0,8.5,3,11.4,,11.4,11.4,22.9
E10000017,North West,Lancashire ,,93.5,7,100.5,,8.5,1.4,28.7,24.7,63.3,,103.5,60.4,163.9
E08000011,North West,Knowsley ,,9.8,3.3,13.1,,0,0.2,8.2,10.6,19,,10.1,22.1,32.1
E08000012,North West,Liverpool,,0,0.6,0.6,,0,0,0.9,37.6,38.5,,0,39.1,39.1
E08000014,North West,Sefton,,5.1,0,5.1,,0.1,3.4,2.9,12.7,19,,8.5,15.6,24.1
E08000013,North West,St. Helens,,8.7,0,8.7,,0,0,12.7,5.7,18.5,,8.7,18.5,27.2
E08000015,North West,Wirral,,12.4,0,12.4,,0,0,2.2,12.9,15.1,,12.4,15.1,27.5
E06000011,Yorkshire and The Humber,East Riding of Yorkshire UA,,21.6,0,21.6,,11.7,0.1,9.2,2.1,23,,33.4,11.2,44.6
E06000010,Yorkshire and The Humber,"Kingston upon Hull, City of UA",,0,0,0,,0,5.8,0,10.6,16.4,,5.8,10.6,16.4
E06000012,Yorkshire and The Humber,North East Lincolnshire UA,,0,0,0,,8,0,3.8,3.2,15,,8,7,15
E06000013,Yorkshire and The Humber,North Lincolnshire UA,,24.2,0,24.2,,6.9,0,12.4,2.9,22.2,,31.1,15.3,46.4
E06000014,Yorkshire and The Humber,York UA,,0,0,0,,11.4,0,1.7,1.6,14.7,,11.4,3.4,14.7
E10000023,Yorkshire and The Humber,North Yorkshire ,,27.7,0,27.7,,67.4,0,8.8,1.3,77.5,,95.1,10.1,105.2
E08000016,Yorkshire and The Humber,Barnsley,,10.7,0,10.7,,0.4,0,5.2,5.2,10.8,,11.2,10.4,21.6
E08000017,Yorkshire and The Humber,Doncaster,,37.5,0,37.5,,2.7,0,1.7,16.3,20.8,,40.3,18.1,58.3
E08000018,Yorkshire and The Humber,Rotherham ,,16.8,0,16.8,,0,0,3.1,11.7,14.9,,16.8,14.9,31.7
E08000019,Yorkshire and The Humber,Sheffield,,6.4,0,6.4,,0.2,0.7,1.7,24.9,27.7,,7.4,26.7,34.1
E08000032,Yorkshire and The Humber,Bradford,,1.7,0,1.7,,0,0,7.4,16,23.4,,1.7,23.4,25
E08000033,Yorkshire and The Humber,Calderdale,,7.6,0,7.6,,0,0,0.3,8.4,8.7,,7.6,8.7,16.3
E08000034,Yorkshire and The Humber,Kirklees ,,13.9,0,13.9,,0,0,0.5,12.5,13,,13.9,13,26.9
E08000035,Yorkshire and The Humber,Leeds,,38.3,2.2,40.5,,5.8,0,3.6,47.4,56.9,,44.1,53.2,97.3
E08000036,Yorkshire and The Humber,Wakefield,,22.4,0,22.4,,6.1,0,2,13.5,21.6,,28.5,15.5,44
E06000015,East Midlands,Derby UA,,0,0,0,,1.9,8.3,0,9.9,20.1,,10.3,9.9,20.1
E06000016,East Midlands,Leicester UA,,0,0,0,,2.1,0,0,16.2,18.4,,2.1,16.2,18.4
E06000018,East Midlands,Nottingham UA,,0.2,0,0.2,,0,3.7,0,10.7,14.4,,3.9,10.7,14.6
E06000017,East Midlands,Rutland UA,,0,0,0,,3.7,0,0.1,0,3.8,,3.7,0.1,3.8
E10000007,East Midlands,Derbyshire ,,22.1,0,22.1,,39.1,0.7,21.5,7.4,68.8,,62,28.9,90.8
E10000018,East Midlands,Leicestershire ,,50.1,0,50.1,,34,0,27.8,12.4,74.2,,84.1,40.2,124.3
E10000019,East Midlands,Lincolnshire,,0,0,0,,24.8,0,13.5,2.5,40.8,,24.8,16,40.8
E10000021,East Midlands,Northamptonshire,,33.8,0,33.8,,63.6,0.9,17.4,15.9,97.8,,98.3,33.3,131.6
E10000024,East Midlands,Nottinghamshire ,,14.2,0,14.2,,41.4,4.4,22.8,9.6,78.2,,60,32.4,92.4
E06000019,West Midlands,"Herefordshire, County of UA",,4.7,0,4.7,,10.5,0.9,0.1,0.5,12.1,,16.1,0.6,16.7
E06000051,West Midlands,Shropshire UA,,7.7,0,7.7,,11.6,0,4.3,0.8,16.7,,19.3,5.2,24.4
E06000021,West Midlands,Stoke-on-Trent UA,,0,0,0,,0.6,8.6,1.6,6.8,17.5,,9.1,8.4,17.5
E06000020,West Midlands,Telford and Wrekin UA,,2.5,0,2.5,,2.7,0,3.4,6.5,12.6,,5.2,9.9,15.1
E10000028,West Midlands,Staffordshire ,,59.2,0,59.2,,40,7,27.9,11.6,86.5,,106.1,39.5,145.6
E10000031,West Midlands,Warwickshire,,84.7,0,84.7,,34.2,1.9,11.7,9.7,57.5,,120.7,21.4,142.2
E08000025,West Midlands,Birmingham,,13.4,2,15.4,,0,0,3,58.5,61.6,,13.4,63.6,77
E08000026,West Midlands,Coventry,,2.3,0,2.3,,1.9,0,2.4,17.5,21.7,,4.2,19.9,24
E08000027,West Midlands,Dudley ,,3.4,0,3.4,,0,0,3.4,14.6,18,,3.4,18,21.4
E08000028,West Midlands,Sandwell ,,11.2,0,11.2,,0,0.2,0,27.5,27.7,,11.4,27.5,38.9
E08000029,West Midlands,Solihull,,12.3,0,12.3,,2.2,0,7.4,10.2,19.8,,14.5,17.6,32.1
E08000030,West Midlands,Walsall,,5.4,0,5.4,,1.1,0.6,0.2,7.6,9.4,,7.1,7.8,14.9
E08000031,West Midlands,Wolverhampton,,0,0,0,,0,0,0.2,14.4,14.5,,0,14.5,14.5
E10000034,West Midlands,Worcestershire ,,47.5,0,47.5,,3.2,0.1,42.5,18.3,64.1,,50.8,60.8,111.6
E06000055,East of England,Bedford UA ,,0,0,0,,13,0,2.7,2,17.6,,13,4.7,17.6
E06000056,East of England,Central Bedfordshire UA ,,16.5,0,16.5,,13.8,1.6,5.7,1.5,22.5,,31.9,7.1,39
E06000032,East of England,Luton UA,,1.6,0,1.6,,0,0,0.7,3.7,4.4,,1.6,4.4,6
E06000031,East of England,Peterborough UA,,0,0,0,,10.4,3.2,8.5,12.5,34.5,,13.6,20.9,34.5
E06000033,East of England,Southend-on-Sea UA,,0,0,0,,0,0,0,8.8,8.8,,0,8.8,8.8
E06000034,East of England,Thurrock UA,,4.2,0,4.2,,10.7,0.1,10.7,3,24.5,,15,13.7,28.7
E10000003,East of England,Cambridgeshire ,,29.5,0,29.5,,85.1,2.7,10.6,4.7,103.1,,117.3,15.3,132.6
E10000012,East of England,Essex ,,46.8,0,46.8,,73.8,0,46.7,23.6,144.1,,120.5,70.3,190.9
E10000015,East of England,Hertfordshire,,66.1,0,66.1,,3.3,0,77.1,29.8,110.3,,69.3,107,176.3
E10000020,East of England,Norfolk,,0,0,0,,61,2.9,9.6,5.7,79.2,,63.8,15.3,79.2
E10000029,East of England,Suffolk,,0,0,0,,63.6,4.1,19.2,4.8,91.7,,67.7,24,91.7
E09000007,London,Camden,,0,0,0,,0,0,0,2.3,2.3,,0,2.3,2.3
E09000001,London,City of London,,0,0,0,,0,0,0,3.8,3.8,,0,3.8,3.8
E09000012,London,Hackney,,0,0,0,,0,0,0,2.2,2.2,,0,2.2,2.2
E09000013,London,Hammersmith and Fulham,,0,0,0,,0,0,0,4.2,4.2,,0,4.2,4.2
E09000014,London,Haringey,,0,0,0,,0,0,0,2.7,2.7,,0,2.7,2.7
E09000019,London,Islington,,0,0,0,,0,0,0,1.2,1.2,,0,1.2,1.2
E09000020,London,Kensington and Chelsea,,0,0,0,,0,0,0,3.3,3.3,,0,3.3,3.3
E09000022,London,Lambeth,,0,0,0,,0,0,0,3,3,,0,3,3
E09000023,London,Lewisham,,0,0,0,,0,0,0,3.5,3.5,,0,3.5,3.5
E09000025,London,Newham,,0,0,0,,0,0,0,10.1,10.1,,0,10.1,10.1
E09000028,London,Southwark,,0,0,0,,0,0,0,3.9,3.9,,0,3.9,3.9
E09000030,London,Tower Hamlets,,0,0,0,,0,0,0,9.8,9.8,,0,9.8,9.8
E09000032,London,Wandsworth,,0,0,0,,0,0,0,5.3,5.3,,0,5.3,5.3
E09000033,London,Westminster,,0,0,0,,0,0,0,10.1,10.1,,0,10.1,10.1
E09000002,London,Barking and Dagenham,,0,0,0,,0,0,0,9,9,,0,9,9
E09000003,London,Barnet,,7.5,0,7.5,,0,0,2.7,16.9,19.6,,7.5,19.6,27.1
E09000004,London,Bexley,,0,0,0,,0,0,2.6,12.6,15.2,,0,15.2,15.2
E09000005,London,Brent,,0,0,0,,0,0,0,6.2,6.2,,0,6.2,6.2
E09000006,London,Bromley,,0,0,0,,0,0,2.4,3.4,5.8,,0,5.8,5.8
E09000008,London,Croydon,,0,0,0,,0,0,0.2,5.9,6.1,,0,6.1,6.1
E09000009,London,Ealing,,0,0,0,,0,0,0,11.5,11.5,,0,11.5,11.5
E09000010,London,Enfield,,7,0,7,,0,0,0.2,12.2,12.5,,7,12.5,19.4
E09000011,London,Greenwich,,0,0,0,,0,0,0,18.5,18.5,,0,18.5,18.5
E09000015,London,Harrow,,0.6,0,0.6,,0,0,0,4.3,4.3,,0.6,4.3,4.9
E09000016,London,Havering,,7.3,0,7.3,,0,0,4.1,13.2,17.3,,7.3,17.3,24.6
E09000017,London,Hillingdon,,6.4,0,6.4,,0,0,1.7,19.4,21.1,,6.4,21.1,27.5
E09000018,London,Hounslow,,6.1,0,6.1,,0,0,0,16.8,16.8,,6.1,16.8,22.9
E09000021,London,Kingston upon Thames,,0,0,0,,0,0,0.2,8.3,8.6,,0,8.6,8.6
E09000024,London,Merton,,0,0,0,,0,0,0,6.2,6.2,,0,6.2,6.2
E09000026,London,Redbridge,,2.5,0,2.5,,0,0,0.2,14,14.3,,2.5,14.3,16.8
E09000027,London,Richmond upon Thames,,0,0,0,,0,0,0,3.7,3.7,,0,3.7,3.7
E09000029,London,Sutton,,0,0,0,,0,0,0,1.1,1.1,,0,1.1,1.1
E09000031,London,Waltham Forest,,0,0,0,,0,0,0,6.9,6.9,,0,6.9,6.9
E06000036,South East,Bracknell Forest UA,,0.6,0,0.6,,0,0,3.4,6.6,10.1,,0.6,10.1,10.6
E06000043,South East,Brighton and Hove UA,,0,0,0,,8.8,0,0.7,8.1,17.6,,8.8,8.8,17.6
E06000046,South East,Isle of Wight UA,,0,0,0,,0,0,0.7,1.8,2.5,,0,2.5,2.5
E06000035,South East,Medway UA,,4.9,0,4.9,,0,0,4.6,11.4,16,,4.9,16,20.9
E06000042,South East,Milton Keynes UA,,10.4,0,10.4,,5.8,5.2,4.8,16.5,32.4,,21.5,21.4,42.9
E06000044,South East,Portsmouth UA,,4.4,1.5,5.9,,2.5,0,0,8,10.4,,6.9,9.4,16.3
E06000038,South East,Reading UA,,0.7,0,0.7,,0,0,0.1,6.5,6.6,,0.7,6.6,7.3
E06000039,South East,Slough UA,,5.8,0,5.8,,0,0,1.3,4.5,5.8,,5.8,5.8,11.6
E06000045,South East,Southampton UA,,1.6,0,1.6,,0.1,0,0.3,9.2,9.6,,1.6,9.5,11.1
E06000037,South East,West Berkshire UA,,27.7,0,27.7,,13.4,0,5.2,3.4,22.1,,41.1,8.6,49.7
E06000040,South East,Windsor and Maidenhead UA,,12.6,0,12.6,,4.1,0,3,3.2,10.3,,16.7,6.2,22.9
E06000041,South East,Wokingham UA,,7.9,5.1,13,,0,0,8.5,1.4,9.9,,7.9,15,22.9
E10000002,South East,Buckinghamshire ,,37.8,0,37.8,,4.1,0,17.7,7.7,29.4,,41.9,25.3,67.3
E10000011,South East,East Sussex ,,0,0,0,,7.1,1.2,5.8,4.5,18.6,,8.3,10.3,18.6
E10000014,South East,Hampshire ,,78.7,0,78.7,,78.1,2.1,45.4,35,160.6,,158.9,80.5,239.4
E10000016,South East,Kent ,,99.9,0,99.9,,73.2,1.5,56.3,23.1,154.1,,174.6,79.4,254
E10000025,South East,Oxfordshire,,35.2,0,35.2,,25.2,0.9,34.7,6.5,67.3,,61.3,41.2,102.5
E10000030,South East,Surrey,,63.3,0,63.3,,28.3,3.9,36.4,32.2,100.7,,95.4,68.5,164
E10000032,South East,West Sussex,,7.9,0,7.9,,43.2,3.7,31.8,20.3,98.9,,54.8,52,106.8
E06000022,South West,Bath and North East Somerset UA,,0,0,0,,2.7,0,3.5,1.3,7.5,,2.7,4.8,7.5
E06000028,South West,Bournemouth UA,,0,0,0,,0,0,0.7,7.3,8,,0,8,8
E06000023,South West,"Bristol, City of UA",,8.6,0,8.6,,0,0.3,0.3,15.4,16,,8.9,15.7,24.7
E06000052,South West,Cornwall UA ,,0,0,0,,56.4,0.9,5.6,3.7,66.6,,57.3,9.3,66.6
E06000053,South West,Isles of Scilly UA,,0,0,0,,0,0,0,0,0,,0,0,0
E06000024,South West,North Somerset UA,,18.1,0,18.1,,0,0,3.3,3.1,6.4,,18.1,6.4,24.5
E06000026,South West,Plymouth UA,,0,0,0,,2.1,5.5,0.1,11.6,19.2,,7.5,11.7,19.2
E06000029,South West,Poole UA,,0,0,0,,0,0,0,8.9,8.9,,0,8.9,8.9
E06000025,South West,South Gloucestershire UA,,46.1,0,46.1,,0.2,0,6.3,12.4,18.9,,46.4,18.6,65
E06000030,South West,Swindon UA,,9.5,0,9.5,,9.3,0,2.1,6.5,17.9,,18.8,8.6,27.4
E06000027,South West,Torbay UA,,0,0,0,,0,0,1.9,3,4.8,,0,4.8,4.8
E06000054,South West,Wiltshire UA ,,21.7,0,21.7,,25.7,1.8,6.2,1.7,35.4,,49.3,7.9,57.2
E10000008,South West,Devon ,,23.9,0,23.9,,91.3,0,25.7,3.9,121,,115.3,29.6,144.9
E10000009,South West,Dorset ,,0,0,0,,17.9,0.4,14.8,3.4,36.5,,18.3,18.2,36.5
E10000013,South West,Gloucestershire ,,42.4,0,42.4,,20.2,1.9,14.2,14.3,50.6,,64.4,28.5,92.9
E10000027,South West,Somerset,,32.6,0,32.6,,22.4,0,6.3,5.9,34.7,,55.1,12.2,67.3
W06000001,Wales,Isle of Anglesey,,0,0,0,,20.5,0.1,0,0.1,20.7,,20.6,0.1,20.7
W06000002,Wales,Gwynedd,,0,0,0,,10.3,0,0.4,0.1,10.8,,10.3,0.6,10.8
W06000003,Wales,Conwy,,0,0,0,,22.2,0,0.6,2.1,24.9,,22.2,2.7,24.9
W06000004,Wales,Denbighshire,,0,0,0,,8.8,0,3.1,0.4,12.3,,8.8,3.5,12.3
W06000005,Wales,Flintshire,,0,0,0,,20.6,3.7,10.3,4.8,39.5,,24.3,15.2,39.5
W06000006,Wales,Wrexham,,0,0,0,,10,1.6,1.4,1.8,14.8,,11.6,3.2,14.8
W06000023,Wales,Powys,,0,0,0,,5,0,0.2,0,5.2,,5,0.2,5.2
W06000008,Wales,Ceredigion,,0,0,0,,0.2,0.1,0,0,0.3,,0.3,0,0.3
W06000009,Wales,Pembrokeshire,,0,0,0,,0.8,0.4,0,0,1.2,,1.2,0,1.2
W06000010,Wales,Carmarthenshire,,3.2,0,3.2,,26.1,0.5,0.9,0.8,28.3,,29.8,1.7,31.4
W06000011,Wales,Swansea,,9.6,0,9.6,,0,0,2.9,11.2,14.1,,9.6,14.1,23.7
W06000012,Wales,Neath Port Talbot,,14.4,0,14.4,,14.6,1.1,4.2,1.7,21.6,,30.1,5.8,36
W06000013,Wales,Bridgend,,11,0,11,,0,0,7.7,6,13.7,,11,13.7,24.7
W06000014,Wales,The Vale of Glamorgan,,2.3,0,2.3,,0,0,3.9,0.8,4.7,,2.3,4.7,7
W06000015,Wales,Cardiff,,10.6,0,10.6,,1.5,0,10.2,17.3,29,,12.1,27.5,39.6
W06000016,Wales,Rhondda Cynon Taf,,6.1,0,6.1,,7.3,3,4,2.7,17,,16.4,6.7,23.1
W06000024,Wales,Merthyr Tydfil,,0,0,0,,11.9,0,0.2,0.9,13,,11.9,1.1,13
W06000018,Wales,Caerphilly,,0,0,0,,2.4,0,7.6,0.2,10.2,,2.4,7.8,10.2
W06000019,Wales,Blaenau Gwent,,0,0,0,,1.1,0,0,0.2,1.2,,1.1,0.2,1.2
W06000020,Wales,Torfaen,,0,0,0,,7.1,1.1,0.1,1.5,9.8,,8.2,1.6,9.8
W06000021,Wales,Monmouthshire,,14.1,0,14.1,,27.5,0.1,1.1,0,28.8,,41.8,1.1,42.9
W06000022,Wales,Newport,,16.6,0,16.6,,6.4,0,1.6,11.6,19.5,,23,13.1,36.1
S12000033,Scotland,Aberdeen City,,0,0,0,,7.2,5.1,3.1,7.8,23.2,,12.3,10.9,23.2
S12000034,Scotland,Aberdeenshire,,0,0,0,,41.8,0,0.9,0,42.7,,41.8,0.9,42.7
S12000041,Scotland,Angus,,0,0,0,,29,0,0,0.9,30,,29,0.9,30
S12000035,Scotland,Argyll & Bute,,0,0,0,,0,0,0.2,0.2,0.4,,0,0.4,0.4
S12000005,Scotland,Clackmannanshire,,0,0,0,,0,0,0.4,0.3,0.7,,0,0.7,0.7
S12000006,Scotland,Dumfries and Galloway,,37.5,0,37.5,,3.7,0.1,0.2,0.5,4.6,,41.3,0.7,42.1
S12000042,Scotland,Dundee City,,0,0,0,,0.3,8.3,0,3.3,11.9,,8.6,3.3,11.9
S12000008,Scotland,East Ayrshire,,0,0,0,,6.1,0,6.7,0,12.8,,6.1,6.7,12.8
S12000009,Scotland,East Dunbartonshire,,0,0,0,,0,0,0.1,1.4,1.4,,0,1.4,1.4
S12000010,Scotland,East Lothian,,0,0,0,,26.6,0,2,0,28.6,,26.6,2,28.6
S12000011,Scotland,East Renfrewshire,,7.4,0,7.4,,0,0,0.4,4.4,4.8,,7.4,4.8,12.2
S12000036,Scotland,"Edinburgh, City of",,10.2,0,10.2,,9.9,0,10.7,6.1,26.7,,20.1,16.8,36.9
S12000013,Scotland,Eilean Siar,,0,0,0,,0,0,0,0,0,,0,0,0
S12000014,Scotland,Falkirk,,22.6,0,22.6,,0.9,0,0.9,1.9,3.6,,23.4,2.7,26.2
S12000015,Scotland,Fife,,10.7,0,10.7,,18.3,1.4,4.3,5.5,29.5,,30.4,9.8,40.2
S12000043,Scotland,Glasgow City,,26.2,0,26.2,,0,0,0.4,35.4,35.8,,26.2,35.8,61.9
S12000017,Scotland,Highland,,0,0,0,,19.8,2.7,0,0.1,22.6,,22.5,0.1,22.6
S12000018,Scotland,Inverclyde,,0,0,0,,2.5,0.2,1.9,3.9,8.5,,2.7,5.8,8.5
S12000019,Scotland,Midlothian,,0,0,0,,1.6,0,0.8,0.1,2.5,,1.6,0.9,2.5
S12000020,Scotland,Moray,,0,0,0,,0.4,0.2,0,0,0.6,,0.6,0,0.6
S12000021,Scotland,North Ayrshire,,0,0,0,,8.2,0,2.7,1.1,12,,8.2,3.8,12
S12000044,Scotland,North Lanarkshire,,15.2,0,15.2,,10.6,8,6.2,7.8,32.5,,33.8,13.9,47.7
S12000023,Scotland,Orkney Islands,,0,0,0,,0,0,0,0,0,,0,0,0
S12000024,Scotland,Perth and Kinross,,24.3,0,24.3,,54.5,0,1.3,0.7,56.5,,78.8,2.1,80.8
S12000038,Scotland,Renfrewshire,,12.7,0,12.7,,7.3,0,1.4,10.7,19.3,,19.9,12.1,32
S12000026,Scotland,Scottish Borders,,0,0,0,,5,0,0,0,5,,5,0,5
S12000027,Scotland,Shetland Islands,,0,0,0,,0,0,0,0,0,,0,0,0
S12000028,Scotland,South Ayrshire,,0,0,0,,12.3,0,2.2,2.7,17.1,,12.3,4.8,17.1
S12000029,Scotland,South Lanarkshire,,41.1,0,41.1,,2.7,4,5.4,10,22.1,,47.8,15.4,63.3
S12000030,Scotland,Stirling,,14.2,0,14.2,,5.3,0,0.7,2.7,8.7,,19.5,3.4,22.9
S12000039,Scotland,West Dunbartonshire,,0,0,0,,9.3,0.8,0.6,4.7,15.3,,10.1,5.3,15.3
S12000040,Scotland,West Lothian,,23.3,0,23.3,,0,0,3.1,3,6.1,,23.3,6.1,29.4

Telephone: 020 7944 3180,,,,,,,,,,,,,,,,Source: Department for Transport
Email: road.length@dft.gsi.gov.uk,,,,,,,,,,,,,,,,
Notes and definitions,,,,,,,,,,,,,,,,Last updated: 28 June 2012
Methodology note,,,,,,,,,,,,,,,,Next update: June 2013

The figures in this table are National Statistics,,,,,,,,,,,,,,,,
