Department for Transport statistics ,,,,,,,,,,,,,,,,,,,,,,,,,
Road Freight Statistics,,,,,,,,,,,,,,,,,,,,,,,,,
,,,,,,,,,,,,,,,,,,,,,,,,,
Table RFS0135,,,,,,,,,,,,,,,,,,,,,,,,,
"Goods lifted, goods moved and loaded vehicle kilometres by mode of appearance, 2010",,,,,,,,,,,,,,,,,,,,,,,,,
,,,,,,,,,,,,,,,,,,,,,,,,,
,Mode of appearance of load,,,,,,,,,,,,,,,,,,,,,,,,
,Liquid bulk,Solid bulk,Large freight containers incl. ISO containers,Other freight containers including stillages,Palletised goods,Pre-slung goods,"No packaging, e.g. livestock, cars, plant",Roll-cages,Other cargo types,Total,,,,,,,,,,,,,,,
Tonnes lifted (millions),,,,,,,,,,,,,,,,,,,,,,,,,
Mainly public haulage,77,257,43,8,228,9,18,20,140,800,,,,,,,,,,,,,,,
Mainly own account,86,203,3,8,126,5,27,90,142,689,,,,,,,,,,,,,,,
All modes,163,460,46,15,354,14,44,110,282,"1,489",,,,,,,,,,,,,,,
Percentage share,11,31,3,1,24,1,3,7,19,100,,,,,,,,,,,,,,,
Tonne kilometres (millions),,,,,,,,,,,,,,,,,,,,,,,,,
Mainly public haulage,"5,836","17,165","5,503","1,004","33,713","1,432","1,987","3,107","19,134","88,879",,,,,,,,,,,,,,,
Mainly own account,"4,670","8,617",246,795,"13,254",363,"1,994","8,292","11,741","49,971",,,,,,,,,,,,,,,
All modes,"10,506","25,782","5,749","1,798","46,966","1,794","3,981","11,399","30,875","138,850",,,,,,,,,,,,,,,
Percentage share,8,19,4,1,34,1,3,8,22,100,,,,,,,,,,,,,,,
Loaded kilometres (millions),,,,,,,,,,,,,,,,,,,,,,,,,
Mainly public haulage,270,772,387,119,"2,710",79,207,328,"1,635","6,507",,,,,,,,,,,,,,,
Mainly own account,341,822,26,142,"1,745",54,291,"1,156","2,303","6,881",,,,,,,,,,,,,,,
All modes,612,"1,594",413,261,"4,454",133,498,"1,485","3,938","13,388",,,,,,,,,,,,,,,
Percentage share,5,12,3,2,33,1,4,11,29,100,,,,,,,,,,,,,,,
,,,,,,,,,,,,,,,,,,,,,,,,,
Telephone: 020 7944 4261,,,,,,,,,,"Source: Continuing Survey of Road Goods Transport, DfT",,,,,,,,,,,,,,,
Email: roadfreight.stats@dft.gsi.gov.uk,,,,,,,,,,Last updated: October 2011,,,,,,,,,,,,,,,
Notes & definitions (http://www.dft.gov.uk/statistics/series/road-freight/),,,,,,,,,,Next update: October 2012,,,,,,,,,,,,,,,
,,,,,,,,,,,,,,,,,,,,,,,,,
The figures in this table are National Statistics,,,,,,,,,,,,,,,,,,,,,,,,,
