Department for Transport statistics ,,,,,,,,,,,,,,,,,,,,,,
Road Freight Statistics,,,,,,,,,,,,,,,,,,,,,,
,,,,,,,,,,,,,,,,,,,,,,
Table RFS0134,,,,,,,,,,,,,,,,,,,,,,
"Goods lifted and moved by commodity and limits on load, 2010",,,,,,,,,,,,,,,,,,,,,,
,,,,,,,,,,,,,Millions,,,,,,,,,
,Tonnes lifted,,,,,,,Tonne kilometres,,,,,,,,,,,,,,
Commodity,Limited by weight,Limited by volume,Limited by both,"% limited by weight, volume or both",Other1,Total,,Limited by weight,Limited by volume,Limited by both,"% limited by weight, volume or both",Other1,Total,,,,,,,,,
"Food, drink & tobacco",,,,,,,,,,,,,,,,,,,,,,
Agricultural products,5,19,56,79,22,102,,476,"2,267","5,585",81,"2,008","10,335",,,,,,,,,
Beverages,1,10,13,65,13,37,,112,"1,382","2,000",76,"1,088","4,582",,,,,,,,,
Other foodstuffs,4,88,59,62,93,244,,441,"11,743","7,492",68,"9,425","29,102",,,,,,,,,
Subtotal,9,118,128,67,127,382,,"1,029","15,392","15,077",72,"12,521","44,019",,,,,,,,,
Bulk products,,,,,,,,,,,,,,,,,,,,,,
"Wood, timber and cork",..,9,15,75,7,31,,..,"1,227","1,867",83,583,"3,748",,,,,,,,,
"Sand, gravel and clay",4,3,51,85,10,68,,220,125,"2,393",88,367,"3,106",,,,,,,,,
Other crude minerals,9,7,128,86,23,168,,489,390,"6,624",88,987,"8,489"
Ores,..,5,7,73,4,16,,..,347,594,83,174,"1,129"
Crude materials,..,9,10,81,4,23,,..,933,"1,274",83,386,"2,663"
Coal and Coke,1,..,9,88,1,11,,110,..,"1,189",90,88,"1,439"
Cements,3,5,44,83,11,64,,88,247,"1,850",87,336,"2,521"
Other building materials,2,13,35,67,25,75,,191,"1,372","3,244",75,"1,562","6,369"
Iron and steel products,1,8,7,60,11,27,,74,"1,090","1,113",68,"1,052","3,328"
Subtotal,21,60,305,80,96,482,,"1,327","5,783","20,147",83,"5,535","32,792"
"Chemicals, petrol & fertiliser",,,,,,,,,,,,,
Fertiliser,1,4,20,86,4,29,,33,319,"1,306",85,283,"1,941"
Petrol and petroleum products,2,4,43,71,20,68,,155,470,"3,825",74,"1,564","6,014"
Chemicals,2,10,10,65,12,34,,255,"1,508","1,391",68,"1,500","4,654"
Subtotal,4,19,73,73,36,132,,444,"2,297","6,521",73,"3,347","12,609"
Miscellaneous products,,,,,,,,,,,,,
Other metal products n.e.s,0,6,4,61,7,18,,51,648,499,71,480,"1,677"
Machinery and transport equip.,1,25,12,55,31,68,,120,"3,123","1,433",62,"2,861","7,537"
Misc manufactures,2,28,19,64,27,76,,316,"4,311","3,181",71,"3,155","10,963",,,,,,,,,
Misc articles,7,92,71,52,159,329,,470,"10,571","5,525",57,"12,686","29,253",,,,,,,,,
Subtotal,10,152,107,55,224,492,,957,"18,653","10,638",61,"19,183","49,430",,,,,,,,,
All commodities,45,348,613,68,483,"1,489",,"3,757","42,124","52,383",71,"40,586","138,850",,,,,,,,,
,,,,,,,,,,,,,,,,,,,,,,
1. Includes not limited and not recorded.,,,,,,,,,,,,,,,,,,,,,,
,,,,,,,,,,,,,,,,,,,,,,
Telephone: 020 7944 4261,,,,,,,,,,,,,"Source: Continuing Survey of Road Goods Transport, DfT",,,,,,,,,
Email: roadfreight.stats@dft.gsi.gov.uk,,,,,,,,,,,,,Last updated: October 2011,,,,,,,,,
Notes & definitions (http://www.dft.gov.uk/statistics/series/road-freight/),,,,,,,,,,,,,Next update: October 2012,,,,,,,,,
,,,,,,,,,,,,,,,,,,,,,,
The figures in this table are National Statistics,,,,,,,,,,,,,,,,,,,,,,
