Department for Transport statistics ,,,,,,,,,,,,,,,,,,
Road Freight Statistics,,,,,,,,,,,,,,,,,,
,,,,,,,,,,,,,,,,,,
Table RFS0133,,,,,,,,,,,,,,,,,,
"Goods lifted and moved by commodity and mode of working, 2010",,,,,,,,,,,,,,,,,,
,,,,,,,Millions,,,,,,,,,,,
,Tonnes lifted,,,,Tonne kilometres,,,,,,,,,,,,,
,Mainly public haulage,Mainly own account,Total,,Mainly public haulage,Mainly own account,Total,,,,,,,,,,,
,,,,,,,,,,,,,,,,,,
Commodity,,,,,,,,,,,,,,,,,,
"Food, drink & tobacco",,,,,,,,,,,,,,,,,,
Agricultural products,58,44,102,,"6,521","3,814","10,335",,,,,,,,,,,
Beverages,26,10,37,,"3,687",895,"4,582",,,,,,,,,,,
Other foodstuffs,108,136,244,,"15,787","13,315","29,102",,,,,,,,,,,
Subtotal,193,190,382,,"25,995","18,024","44,019",,,,,,,,,,,
Bulk products,,,,,,,,,,,,,,,,,,
"Wood, timber and cork",20,11,31,,"2,983",765,"3,748",,,,,,,,,,,
"Sand, gravel and clay",49,19,68,,"2,403",703,"3,106",,,,,,,,,,,
Other crude minerals,107,61,168,,"6,027","2,462","8,489",,,,,,,,,,,
Ores,6,9,16,,625,505,"1,129",,,,,,,,,,,
Crude materials,14,9,23,,"2,079",584,"2,663",,,,,,,,,,,
Coal and Coke,10,1,11,,"1,361",78,"1,439",,,,,,,,,,,
Cements,30,34,64,,"1,289","1,232","2,521",,,,,,,,,,,
Other building materials,39,36,75,,"4,456","1,913","6,369",,,,,,,,,,,
Iron and steel products,19,8,27,,"2,510",818,"3,328",,,,,,,,,,,
Subtotal,293,189,482,,"23,733","9,059","32,792",,,,,,,,,,,
"Chemicals, petrol & fertiliser",,,,,,,,,,,,,,,,,,
Fertiliser,11,18,29,,"1,170",771,"1,941",,,,,,,,,,,
Petrol and petroleum products,36,33,68,,"3,287","2,727","6,014",,,,,,,,,,,
Chemicals,28,7,34,,"3,823",831,"4,654",,,,,,,,,,,
Subtotal,74,58,132,,"8,281","4,328","12,609",,,,,,,,,,,
Miscellaneous products,,,,,,,,,,,,,,,,,,
Other metal products n.e.s,8,11,18,,"1,046",632,"1,677",,,,,,,,,,,
Machinery and transport equip.,35,33,68,,"4,635","2,902","7,537",,,,,,,,,,,
Misc manufactures,50,26,76,,"7,944","3,019","10,963",,,,,,,,,,,
Misc articles,147,182,329,,"17,246","12,007","29,253",,,,,,,,,,,
Subtotal,240,252,492,,"30,871","18,560","49,430",,,,,,,,,,,
All commodities,800,689,"1,489",,"88,879","49,971","138,850",,,,,,,,,,,
,,,,,,,,,,,,,,,,,,
Telephone: 020 7944 4261,,,,,,,"Source: Continuing Survey of Road Goods Transport, DfT",,,,,,,,,,,
Email: roadfreight.stats@dft.gsi.gov.uk,,,,,,,Last updated: October 2011,,,,,,,,,,,
Notes & definitions (http://www.dft.gov.uk/statistics/series/road-freight/),,,,,,,Next update: October 2012,,,,,,,,,,,
,,,,,,,,,,,,,,,,,,
The figures in this table are National Statistics,,,,,,,,,,,,,,,,,,
