Department for Transport statistics ,,,,,
Road Freight Statistics,,,,,
,,,,,
Table RFS0118,,,,,
"Empty running by business type, 2010",,,,,
,,,,,
,,,,,Percentage empty running
,,Total vehicle kms (millions),Vehicle type,,
Business Type,,,Rigid,Artic,All
Mainly public haulage,,"9,150",30.8,28.0,28.9
Mainly own account,,"9,619",28.4,28.6,28.5
,"Agriculture, forestry and fishing",247,40.5,34.1,38.4
,Energy and water supply,44,41.0,52.9,46.9
,"Manufacture, mining and quarrying","1,564",29.9,34.0,31.2
,Construction,685,43.3,33.7,42.3
,"Wholesale & retail trade, repairs and hotels","4,816",25.7,26.6,26.1
,"Transport, storage and communication",993,18.5,23.5,20.9
,"Banking, finance and insurance, business services and leasing",288,32.7,33.1,32.8
,"Education, public admin & defence, extra-territorial organisations",53,39.3,..,39.3
,"Health, social work and other community services1 ",929,25.9,47.6,28.7
All business types,,"18,769",29.2,28.2,28.7
,,,,,
1 Includes a small number of cases where the business was not specified.,,,,,
,,,,,
""".."" means the sample size was too small to produce a reliable estimate.",,,,,
,,,,,
Telephone: 020 7944 4261,,,,,"Source: Continuing Survey of Road Goods Transport, DfT"
Email: roadfreight.stats@dft.gsi.gov.uk,,,,,Last updated: October 2011
Notes & definitions (http://www.dft.gov.uk/statistics/series/road-freight/),,,,,Next update: October 2012
,,,,,
The figures in this table are National Statistics,,,,,

,,
,,
