Department for Transport statistics ,,,,,,,,,,,,,,,,
Road Freight Statistics,,,,,,,,,,,,,,,,
,,,,,,,,,,,,,,,,
Table RFS0116,,,,,,,,,,,,,,,,
"Average length of haul by vehicle type, annual 2000 - 2010",,,,,,,,,,,,,,,,
,,,,,,,,,,,,,,,,
,,,,,,,,,,,Kilometres,,,,,
Vehicle type and size (gvw tonnes)1,2000,2001,2002,2003,2004,2005,2006R,2007R,2008R,2009R,2010,,,,,
Rigid vehicles,,,,,,,,,,,,,,,,
  Over 3.5 to 7.5,66,57,59,61,55,55,56,56,54,57,58,,,,,
  Over 7.5 to 17,70,69,66,65,59,65,54,50,53,61,63,,,,,
  Over 17 to 25,56,67,70,68,69,71,72,73,68,71,69,,,,,
  Over 25,36,35,35,36,35,37,35,36,38,45,44,,,,,
All rigids,49,47,46,46,44,45,43,43,45,52,51,,,,,
Articulated vehicles,,,,,,,,,,,,,,,,
  Over 3.5 to 33 ,131,132,122,128,120,121,122,113,112,119,118,,,,,
  Over 33,135,136,134,133,125,124,123,124,121,122,123,,,,,
All artics,134,136,133,133,125,124,123,124,120,122,122,,,,,
All vehicles,,,,,,,,,,,,,,,,
  Up to 25,66,65,66,65,62,65,64,64,61,66,65,,,,,
  Over 25,102,101,98,98,92,91,89,90,91,97,98,,,,,
All vehicles,94,94,92,92,87,87,86,86,87,92,93,,,,,
,,,,,,,,,,,,,,,,
Note: figures for 2006 to 2009 have been revised. See the Notes and Definitions for further information.,,,,,,,,,,,,,,,,
,,,,,,,,,,,,,,,,
Telephone: 020 7944 4261,,,,,,,,,,,"Source: Continuing Survey of Road Goods Transport, DfT",,,,,
Email: roadfreight.stats@dft.gsi.gov.uk,,,,,,,,,,,Last updated: October 2011,,,,,
Notes & definitions (http://www.dft.gov.uk/statistics/series/road-freight/),,,,,,,,,,,Next update: October 2012,,,,,
,,,,,,,,,,,,,,,,
The figures in this table are National Statistics,,,,,,,,,,,,,,,,
