Department for Transport statistics ,,,,,,,,,,,,,,,,
Road Freight Statistics,,,,,,,,,,,,,,,,
,,,,,,,,,,,,,,,,
Table RFS0115,,,,,,,,,,,,,,,,
"Average vehicle kilometres per vehicle per year, by vehicle type, annual 2000 - 2010",,,,,,,,,,,,,,,,
,,,,,,,,,,,,,,,,
,,,,,,,,,,,Thousand kilometres,,,,,
Vehicle type and size (gvw tonnes)1,2000,2001,2002,2003,2004,2005,2006R,2007R,2008R,2009R,2010,,,,,
Rigid vehicles,,,,,,,,,,,,,,,,
  Over 3.5 to 7.5,31,28,29,29,29,27,25,24,23,24,23,,,,,
  Over 7.5 to 17,43,40,39,36,34,35,34,30,28,28,29,,,,,
  Over 17 to 25,51,51,50,49,52,49,49,49,44,44,42,,,,,
  Over 25,53,51,50,49,48,48,46,47,43,38,41,,,,,
All rigids,39,37,37,36,37,36,35,34,32,31,32,,,,,
Articulated vehicles,,,,,,,,,,,,,,,,
  Over 3.5 to 33 ,89,84,79,79,73,73,73,71,66,65,64,,,,,
  Over 33,99,97,96,97,96,96,98,97,93,82,93,,,,,
All artics,96,94,93,94,92,93,95,94,90,80,90,,,,,
All vehicles,,,,,,,,,,,,,,,,
  Over 3.5 to 25,37,35,35,34,34,33,32,31,29,29,29,,,,,
  Over 25 to 35,69,64,60,58,55,55,53,53,48,42,44,,,,,
  Over 35,99,97,96,97,96,96,97,96,92,82,93,,,,,
All vehicles,54,53,52,52,52,51,51,50,48,44,47,,,,,
,,,,,,,,,,,,,,,,
"Note: The averages cover all vehicles in the survey, including those those that were unlicensed or scrapped, and so are different to figures in RFS0123 ",,,,,,,,,,,,,,,,
,,,,,,,,,,,,,,,,
Note: figures for 2006 to 2009 have been revised. See the Notes and Definitions for further information.,,,,,,,,,,,,,,,,
,,,,,,,,,,,,,,,,
Telephone: 020 7944 4261,,,,,,,,,,,"Source: Continuing Survey of Road Goods Transport, DfT",,,,,
Email: roadfreight.stats@dft.gsi.gov.uk,,,,,,,,,,,Last updated: October 2011,,,,,
Notes & definitions (http://www.dft.gov.uk/statistics/series/road-freight/),,,,,,,,,,,Next update: October 2012,,,,,
,,,,,,,,,,,,,,,,
The figures in this table are National Statistics,,,,,
