Department for Transport statistics ,,,,,,,
Road Freight Statistics,,,,,,,
,,,,,,,
Table RFS0137,,,,,,,
"Goods lifted by origin of goods, GOR, FMC and country, 2004 - 2010",,,,,,,
,,,,,,,
,,,,,,,           Million tonnes
Origin,2004,2005,2006R,2007R,2008R,2009R,2010
,,,,,,,
North East,76,78,71,74,73,56,62
  Tyne and Wear FMC,28,27,24,24,21,17,19
  Rest of North East,48,51,47,50,52,39,43
North West,200,210,224,227,218,170,176
  Greater Manchester FMC,60,72,70,66,66,45,48
  Merseyside FMC,25,34,39,37,34,29,28
  Rest of North West,115,104,115,124,119,95,99
Yorkshire and The Humber,220,195,204,210,181,152,164
  South Yorkshire FMC,52,42,37,43,38,25,34
  West Yorkshire FMC,70,60,63,67,51,46,53
  Rest of Yorkshire and The Humber ,98,92,104,100,93,81,77
East Midlands,172,179,192,198,182,154,168
West Midlands,168,172,172,189,162,145,149
  West Midlands FMC,65,57,67,66,64,51,55
  Rest of West Midlands,103,115,105,123,98,94,94
East of England,196,206,213,195,199,163,194
London,101,89,100,90,87,67,79
South East,194,202,192,190,180,134,159
South West,157,155,149,174,135,117,132
England,"1,483","1,487","1,516","1,548","1,418","1,158","1,283"
Wales,86,94,89,96,89,66,73
Scotland,173,164,169,176,156,131,131
Great Britain,"1,742","1,745","1,774","1,820","1,664","1,355","1,487"
Northern Ireland,2,1,2,3,4,1,2,,,,,,,,
United Kingdom,"1,744","1,746","1,776","1,822","1,668","1,356","1,489",,,,,,,,
,,,,,,,,,,,,,,,
The figures in this table are based on the activity of British-registered hauliers to be consistent with other tables in this release.,,,,,,,,,,,,,,,
,,,,,,,,,,,,,,,
Note: figures for 2006 to 2009 have been revised. See the Notes and Definitions for further information.,,,,,,,,,,,,,,,
,,,,,,,,,,,,,,,
Telephone: 020 7944 4261,,,,,,,"Source: Continuing Survey of Road Goods Transport, DfT",,,,,,,,
Email: roadfreight.stats@dft.gsi.gov.uk,,,,,,,Last updated: October 2011,,,,,,,,
Notes & definitions (http://www.dft.gov.uk/statistics/series/road-freight/),,,,,,,Next update: October 2012,,,,,,,,
,,,,,,,,,,,,,,,
The figures in this table are National Statistics,,,,,,,,,,,,,,,
,,,,,,,,,,,,,,,
,,,,,,,,,,,,,,,
,,,,,,,,,,,,,,,
,,,,,,,,,,,,,,,
,,,,,,
,,,,,,
,,,,,,
,,,,,,
,,,,,,
,,,,,,
,,,,,,
,,,,,,
,,,,,,
,,,,,,
,,,,,,
,,,,,,
,,,,,,
,,,,,,
,,,,,,
,,,,,,
,,,,,,
,,,,,,
