Department for Transport statistics ,,,,,,,,,,,,,,,,,,,,,,,,,,
Road Freight Statistics,,,,,,,,,,,,,,,,,,,,,,,,,,
,,,,,,,,,,,,,,,,,,,,,,,,,,
Table RFS0136,,,,,,,,,,,,,,,,,,,,,,,,,,
"Goods lifted by vehicle type and mode of appearance, 2010",,,,,,,,,,,,,,,,,,,,,,,,,,
,,,,,,,,,,Million tonnes,,,,,,,,,,,,,,,,
,Mode of appearance of load,,,,,,,,,,,,,,,,,,,,,,,,,
Vehicle type and size (gvw tonnes),Liquid bulk,Solid bulk,Large freight containers incl. ISO containers,Other freight containers including stillages,Palletised goods,Pre-slung goods,"No packaging, e.g. livestock, cars, plant",Roll-cages,Other cargo types,Total,,,,,,,,,,,,,,,,
Rigid vehicles,,,,,,,,,,,,,,,,,,,,,,,,,,
  Over 3.5 to 7.5,1,7,..,1,13,1,4,5,23,54,,,,,,,,,,,,,,,,
  Over 7.5 to 17,2,5,..,1,6,1,3,6,13,37,,,,,,,,,,,,,,,,
  Over 17 to 25,7,22,0,2,25,1,11,8,27,103,,,,,,,,,,,,,,,,
  Over 25,63,252,2,2,28,3,11,5,49,414,,,,,,,,,,,,,,,,
All rigids,73,286,2,5,72,5,29,24,111,607,,,,,,,,,,,,,,,,
Articulated vehicles,,,,,,,,,,,,,,,,,,,,,,,,,,
  Over 3.5 to 33 ,0,1,0,1,8,0,1,12,11,33,,,,,,,,,,,,,,,,
  Over 33,90,173,44,9,274,9,14,74,160,848,,,,,,,,,,,,,,,,
All artics,90,174,44,10,282,9,15,86,171,881,,,,,,,,,,,,,,,,
All vehicles,,,,,,,,,,,,,,,,,,,,,,,,,,
  Over 3.5 to 25,10,35,0,4,46,2,19,19,63,197,,,,,,,,,,,,,,,,
  Over 25 to 35,62,249,1,2,35,3,11,17,56,436,,,,,,,,,,,,,,,,
  Over 35,91,176,44,9,274,9,15,73,163,855,,,,,,,,,,,,,,,,
All vehicles,163,460,46,15,354,14,44,110,282,"1,489",,,,,,,,,,,,,,,,
,,,,,,,,,,,,,,,,,,,,,,,,,,
Telephone: 020 7944 4261,,,,,,,,,,"Source: Continuing Survey of Road Goods Transport, DfT",,,,,,,,,,,,,,,,
Email: roadfreight.stats@dft.gsi.gov.uk,,,,,,,,,,Last updated: October 2011,,,,,,,,,,,,,,,,
Notes & definitions (http://www.dft.gov.uk/statistics/series/road-freight/),,,,,,,,,,Next update: October 2012,,,,,,,,,,,,,,,,
,,,,,,,,,,,,,,,,,,,,,,,,,,
The figures in this table are National Statistics,,,,,,,,,,,,,,,,,,,,,,,,,,
