Department for Transport statistics ,,,,,,,,,,,,,,,,,,,,,
Road Freight Statistics,,,,,,,,,,,,,,,,,,,,,
,,,,,,,,,,,,,,,,,,,,,
Table RFS0125,,,,,,,,,,,,,,,,,,,,,
"Percentage of vehicles working during survey week and reasons for not working, 2010",,,,,,,,,,,,,,,,,,,,,
,,,,,,,,,,,,,,,,,,,,,
,,,,,,,Percentage of sampled vehicles,,,,,,,,,,,,,,
,,,Not working,,,,,,,,,,,,,,,,,,
Vehicle type and size (gvw tonnes),Total ,Working,Repair,Holiday,No driver,No work,Site work,MOT/service,Other,,,,,,,,,,,,
,,,,,,,,,,,,,,,,,,,,,
Rigid vehicles,,,,,,,,,,,,,,,,,,,,,
  Over 3.5 to 7.5,100 ,71 ,3 ,2 ,..,16 ,1 ,1 ,6 ,,,,,,,,,,,,
  Over 7.5 to 17,100 ,79 ,3 ,1 ,1 ,12 ,1 ,1 ,3 ,,,,,,,,,,,,
  Over 17 to 25,100 ,82 ,2 ,2 ,0 ,9 ,0 ,1 ,2 ,,,,,,,,,,,,
  Over 25,100 ,83 ,2 ,2 ,1 ,8 ,1 ,1 ,2 ,,,,,,,,,,,,
All rigids,100 ,79 ,3 ,2 ,1 ,11 ,1 ,1 ,3 ,,,,,,,,,,,,
,,,,,,,,,,,,,,,,,,,,,
Articulated vehicles,,,,,,,,,,,,,,,,,,,,,
  Over 3.5 to 30,100 ,77 ,3 ,..,..,10 ,3 ,..,4 ,,,,,,,,,,,,
  Over 30 to 33,100 ,84 ,..,..,..,8 ,..,..,..,,,,,,,,,,,,
  Over 33,100 ,86 ,2 ,1 ,0 ,5 ,1 ,1 ,2 ,,,,,,,,,,,,
All artics,100 ,85 ,2 ,1 ,0 ,6 ,2 ,1 ,3 ,,,,,,,,,,,,
,,,,,,,,,,,,,,,,,,,,,
All vehicles,,,,,,,,,,,,,,,,,,,,,
  Over 3.5 to 25,100 ,77 ,3 ,2 ,1 ,12 ,1 ,1 ,4 ,,,,,,,,,,,,
  Over 25 to 35,100 ,82 ,2 ,2 ,1 ,8 ,1 ,1 ,3 ,,,,,,,,,,,,
  Over 35,100 ,87 ,2 ,1 ,0 ,5 ,1 ,1 ,2 ,,,,,,,,,,,,
,,,,,,,,,,,,,,,,,,,,,
All vehicles,100 ,82 ,2 ,2 ,1 ,9 ,1 ,1 ,3 ,,,,,,,,,,,,
,,,,,,,,,,,,,,,,,,,,,
""".."" means the sample size was potentially disclosive.",,,,,,,,,,,,,,,,,,,,,
,,,,,,,,,,,,,,,,,,,,,
Telephone: 020 7944 4261,,,,,,,,,"Source: Continuing Survey of Road Goods Transport, DfT",
Email: roadfreight.stats@dft.gsi.gov.uk,,,,,,,,,Last updated: October 2011,
Notes & definitions (http://www.dft.gov.uk/statistics/series/road-freight/),,,,,,,,,Next update: October 2012,
,,,,,,,,,,
The figures in this table are National Statistics,,,,,,,,,,
