Department for Transport statistics ,,,,,,,,,,,,,,,,
Road Freight Statistics,,,,,,,,,,,,,,,,
,,,,,,,,,,,,,,,,
Table RFS0113,,,,,,,,,,,,,,,,
"Average tonnes lifted per vehicle per year, by vehicle type, annual 2000 - 2010",,,,,,,,,,,,,,,,
,,,,,,,,,,,,,,,,
,,,,,,,,,,,Thousand tonnes,,,,,
Vehicle type and size (gvw tonnes)1,2000,2001,2002,2003,2004,2005,2006R,2007R,2008R,2009R,2010,,,,,
Rigid vehicles,,,,,,,,,,,,,,,,
  Over 3.5 to 7.5,0.5,0.5,0.5,0.5,0.5,0.5,0.4,0.4,0.4,0.4,0.4,,,,,
  Over 7.5 to 17,1.7,1.5,1.5,1.4,1.3,1.3,1.4,1.2,1.1,0.9,1.0,,,,,
  Over 17 to 25,3.8,3.1,2.7,2.6,2.6,2.4,2.3,2.3,2.1,2.0,2.0,,,,,
  Over 25,10.9,10.3,10.2,9.5,9.7,9.0,9.0,9.0,7.2,5.4,6.0,,,,,
All rigids,2.4,2.4,2.5,2.5,2.6,2.6,2.6,2.7,2.3,1.9,2.1,,,,,
Articulated vehicles,,,,,,,,,,,,,,,,
  Over 3.5 to 33 ,4.1,3.9,3.7,3.5,3.3,3.2,3.4,3.4,3.3,3.2,3.0,,,,,
  Over 33,8.4,8.2,8.2,8.3,8.8,8.7,8.9,8.9,8.7,7.7,9.0,,,,,
All artics,7.4,7.3,7.4,7.5,7.9,8.0,8.2,8.3,8.1,7.2,8.3,,,,,
All vehicles,,,,,,,,,,,,,,,,
  Over 3.5 to 25,1.2,1.1,1.1,1.0,1.1,1.0,1.0,1.0,0.9,0.9,0.9,,,,,
  Over 25 to 35,8.4,8.2,8.4,8.0,8.2,8.0,8.1,8.2,6.7,5.1,5.7,,,,,
  Over 35,8.4,8.3,8.3,8.4,8.9,8.8,8.9,9.0,8.7,7.7,9.0,,,,,
All vehicles,3.8,3.7,3.8,3.9,4.1,4.0,4.1,4.2,3.9,3.3,3.8,,,,,
,,,,,,,,,,,,,,,,
"The averages cover all vehicles in the survey, including those those that were unlicensed or scrapped, and so are different to figures in Table RFS0121. ",,,,,,,,,,,,,,,,
,,,,,,,,,,,,,,,,
Note: figures for 2006 to 2009 have been revised. See the Notes and Definitions for further information.,,,,,,,,,,,,,,,,
,,,,,,,,,,,,,,,,
Telephone: 020 7944 4261,,,,,,,,,,,"Source: Continuing Survey of Road Goods Transport, DfT",,,,,
Email: roadfreight.stats@dft.gsi.gov.uk,,,,,,,,,,,Last updated: October 2011,,,,,
Notes & definitions (http://www.dft.gov.uk/statistics/series/road-freight/),,,,,,,,,,,Next update: October 2012,,,,,
,,,,,,,,,,,,,,,,
The figures in this table are National Statistics,,,,,
