Department for Transport statistics ,,,,,,,,
Road Freight Statistics,,,,,,,,
,,,,,,,,
Table RFS0142,,,,,,,,
"Survey response rates, 2004 - 2010",,,,,,,,
,,,,,,,,
,,,,,,,,Number of vehicles
,,2004,2005,2006,2007,2008,2009,2010
Forms posted,,"17,290","18,394","17,127","18,398","15,493","16,281","18,601"
Forms returned,,"16,295","17,328","16,059","17,248","14,498","15,262","17,362"
of which :,Used,"13,726","14,878","13,822","14,602","12,180","13,087","15,312"
,Not used,"2,569","2,450","2,237","2,646","2,318","2,175","2,050"
Used forms as a % of posted forms,,79,81,81,79,79,80,82
Reasons for non use of returned forms (%) :     ,,,,,,,,
Vehicle unlicensed                      ,,20.9,21.6,22.3,25.0,24.0,33.8,28.9
Vehicle sold                            ,,29.1,26.9,28.5,22.7,23.2,17.9,19.4
Vehicle scrapped                        ,,7.2,6.6,7.8,8.7,8.2,9.7,9.3,,
Respondent excused,,27.7,27.6,23.6,26.5,26.2,19.7,16.1,,
Any other reason,,15.1,17.3,17.7,17.2,18.4,18.9,26.3,,
All reasons,,100.0,100.0,100.0,100.0,100.0,100.0,100.0,,
,,,,,,,,,,
Telephone: 020 7944 4261,,,,,,,,"Source: Continuing Survey of Road Goods Transport, DfT",,
Email: roadfreight.stats@dft.gsi.gov.uk,,,,,,,,Last updated: October 2011,,
Notes & definitions (http://www.dft.gov.uk/statistics/series/road-freight/),,,,,,,,Next update: October 2012,,
,,,,,,,,,,
The figures in this table are National Statistics,,,,,,,,,,

,,,,,,,,,,
,,,,,,,,,,
