Department for Transport statistics ,,,,,,
Road Freight Statistics,,,,,,

Table RFS0102,,,,,,
"Road haulage economic activity, 1990 - 2009",,,,,,
,,,,,,
,Index 2006 = 100,,,,,
Year,GDP1,Manufacturing Output,Construction Output,Road freight moved,Road freight lifted,Freight intensity
1990,67,92,85,86,93,128
1991,66,87,78,82,85,124
1992,66,87,75,80,82,120
1993,68,88,74,84,86,125
1994,70,93,77,90,90,128
1995,73,94,78,94,91,130
1996,75,95,81,96,92,129
1997,77,96,82,98,93,127
1998,80,97,84,100,92,125
1999,83,98,84,98,88,118
2000,86,100,85,99,90,115
2001,88,99,87,98,89,111
2002,90,97,90,98,92,109
2003,92,97,95,100,93,108
2004,95,99,98,100,98,105
2005,97,99,99,100,98,103
2006R,100,100,100,100,100,100
2007R,103,101,103,103,103,100
2008R,103,98,102,96,94,93
2009R,98,87,91,82,76,84
2010,99,90,98,91,84,92
Percentage change between,,,,,,
1990 - 2010,48,-2,15,6,-10,-28
2000 - 2010,15,-10,15,-8,-7,-20
2009 - 2010,1,4,7,11,10,9

Note: road freight figures for 2006 to 2009 have been revised. See the Notes and Definitions for further information.,,,,,,

1. Gross Domestic Product at market prices,,,,,,
,,,,,,
Telephone: 020 7944 4261,,,,,,"Source: Continuing Survey of Road Goods Transport, DfT"
Email: roadfreight.stats@dft.gsi.gov.uk,,,,,,"Source: Manufacturing and Construction Output, ONS"
Notes & definitions (http://www.dft.gov.uk/statistics/series/road-freight/),,,,,,Last updated: October 2011
,,,,,,Next update: October 2012
The figures in this table are National Statistics,,,,,,
