Department for Transport statistics ,,,,,,,,,,,,,,,,
Road Freight Statistics,,,,,,,,,,,,,,,,
,,,,,,,,,,,,,,,,
Table RFS0114,,,,,,,,,,,,,,,,
"Average tonne kilometres per vehicle per year, by vehicle type, annual 2000 - 2010",,,,,,,,,,,,,,,,
,,,,,,,,,,,,,,,,
,,,,,,,,,,,Thousand tonne kilometres,,,,,
Vehicle type and size (gvw tonnes)1,2000,2001,2002,2003,2004,2005,2006R,2007R,2008R,2009R,2010,,,,,
Rigid vehicles,,,,,,,,,,,,,,,,
  Over 3.5 to 7.5,33,30,30,28,28,25,24,20,21,23,24,,,,,
  Over 7.5 to 17,116,103,99,88,79,81,73,60,61,53,61,,,,,
  Over 17 to 25,211,207,188,174,181,171,167,167,143,141,136,,,,,
  Over 25,394,365,361,345,341,330,313,322,274,240,268,,,,,
All rigids,117,113,116,114,115,116,114,116,105,98,106,,,,,
Articulated vehicles,,,,,,,,,,,,,,,,
  Over 3.5 to 33 ,535,513,451,447,391,390,418,388,365,377,351,,,,,
  Over 33,"1,124","1,118","1,105","1,106","1,100","1,087","1,094","1,110","1,055",944,"1,100",,,,,
All artics,990,988,982,995,991,992,"1,010","1,023",973,880,"1,021",,,,,
All vehicles,,,,,,,,,,,,,,,,
  Over 3.5 to 25,79,72,72,67,66,64,63,61,56,57,57,,,,,
  Over 25 to 35,470,433,400,377,362,355,346,350,301,253,276,,,,,
  Over 35,"1,129","1,124","1,108","1,118","1,108","1,094","1,101","1,111","1,054",944,"1,101",,,,,
All vehicles,356,354,354,356,354,352,354,362,340,305,350,,,,,
,,,,,,,,,,,,,,,,
"Note: The averages cover all vehicles in the survey, including those those that were unlicensed or scrapped, and so are different to figures in Table RFS0122 ",,,,,,,,,,,,,,,,
,,,,,,,,,,,,,,,,
Note: figures for 2006 to 2009 have been revised. See the Notes and Definitions for further information.,,,,,,,,,,,,,,,,
,,,,,,,,,,,,,,,,
Telephone: 020 7944 4261,,,,,,,,,,,"Source: Continuing Survey of Road Goods Transport, DfT",,,,,
Email: roadfreight.stats@dft.gsi.gov.uk,,,,,,,,,,,Last updated: October 2011,,,,,
Notes & definitions (http://www.dft.gov.uk/statistics/series/road-freight/),,,,,,,,,,,Next update: October 2012,,,,,
,,,,,,,,,,,,,,,,
The figures in this table are National Statistics,,,,,,,,,,


,,,,,,,,,,
