Department for Transport statistics ,,,,,,,,,,,
Road Freight Statistics,,,,,,,,,,,
,,,,,,,,,,,
Table RFS0111,,,,,,,,,,,
"Goods moved by commodity1, annual 2000 - 2010",,,,,,,,,,,
,,,,,,,,,,,
,,,,,,,,,,,Billion tonne kilometres
Commodity,2000,2001,2002,2003,2004,2005,2006R,2007R,2008R,2009R,2010
"Food, drink and tobacco",,,,,,,,,,,
  Agricultural products,13.4,11.5,12.8,11.3,12.4,11.6,11.4,11.5,11.8,9.6,10.3
  Beverages,6.4,6.1,7.0,6.5,6.6,6.0,6.5,6.6,6.0,5.2,4.6
  Other foodstuffs,24.5,23.8,23.3,24.4,22.7,22.9,23.3,25.8,24.1,26.5,29.1
Subtotal,44.3,41.4,43.1,42.2,41.7,40.6,41.2,43.9,41.9,41.3,44.0
Bulk products,,,,,,,,,,,
"  Wood, timber and cork",3.7,3.9,3.8,4.1,4.5,4.6,4.1,3.2,3.9,3.7,3.7
  Crude minerals2,12.4,13.0,13.9,13.8,14.0,14.8,15.1,15.5,12.8,9.8,11.6
  Ores,1.2,1.2,1.1,1.2,1.4,1.7,1.3,1.8,1.7,1.2,1.1
  Crude materials,2.6,2.3,2.7,2.3,3.3,2.4,2.7,2.6,2.2,2.0,2.7
  Coal and coke,1.5,2.1,1.5,1.5,1.2,1.5,1.3,1.5,1.0,0.9,1.4
  Building materials3,10.6,11.7,10.9,12.0,12.1,10.9,11.3,11.3,10.6,8.2,8.9
  Iron and steel products,6.8,5.7,5.3,5.4,5.4,5.2,4.6,6.2,3.9,3.2,3.3
Subtotal,38.8,39.8,39.3,40.4,41.9,41.2,40.4,42.1,36.1,29.1,32.8
"Chemicals, petrol & fertiliser",,,,,,,,,,,
  Fertiliser,1.2,1.2,1.2,1.2,0.8,1.1,0.8,0.9,1.3,1.6,1.9
  Petrol and petroleum products,6.4,5.8,5.2,5.5,5.7,5.5,5.6,5.0,6.2,4.6,6.0
  Chemicals,6.8,7.2,6.5,6.8,6.2,7.6,6.1,6.8,5.8,5.0,4.7
Subtotal,14.4,14.2,12.9,13.5,12.8,14.3,12.5,12.7,13.4,11.1,12.6
Miscellaneous products,,,,,,,,,,,
  Other metal products n.e.s,1.7,1.4,1.5,1.5,1.9,2.1,2.1,2.0,1.8,1.7,1.7
  Machinery and transport equipment,9.1,8.9,8.5,8.7,8.9,9.3,9.2,9.3,8.5,6.9,7.5
  Miscellaneous manufactures n.e.s,15.1,15.4,16.2,15.8,16.3,15.5,16.0,16.0,12.1,10.6,11.0
  Miscellaneous articles n.e.s4,27.1,28.2,28.4,29.5,28.7,29.7,31.1,31.4,31.9,24.5,29.3
Subtotal,52.9,53.9,54.6,55.6,55.7,56.5,58.4,58.6,54.3,43.7,49.4
All commodities,150.5,149.4,149.8,151.7,152.1,152.6,152.4,157.3,145.8,125.2,138.9
,,,,,,,,,,,
1. See Appendix D for definitions of commodity.,,,,,,,,,,,
"2. Comprises 'sand, gravel and clay' and 'other crude minerals'.",,,,,,,,,,,
3. Comprises 'cement' and 'other building materials'.,,,,,,,,,,,
4. Including 'commodity not known'.,,,,,,,,,,,
Note: figures for 2006 to 2009 have been revised. See the Notes and Definitions for further information.,,,,,,,,,,,

Telephone: 020 7944 4261,,,,,,,,,,,"Source: Continuing Survey of Road Goods Transport, DfT"
Email: roadfreight.stats@dft.gsi.gov.uk,,,,,,,,,,,Last updated: October 2011
Notes & definitions (http://www.dft.gov.uk/statistics/series/road-freight/),,,,,,,,,,,Next update: October 2012
,,,,,,,,,,,
The figures in this table are National Statistics,,,,,,,,,,,
,,,,,,,,,,,
,,,,,,,,,,,
