Department for Transport statistics ,,,,,,,,,,,
Road Freight Statistics,,,,,,,,,,,
,,,,,,,,,,,
Table RFS0112,,,,,,,,,,,
"Average length of haul by commodity1, annual 2000 - 2010",,,,,,,,,,,
,,,,,,,,,,,
,,,,,,,,,,,Kilometres
Commodity,2000,2001,2002,2003,2004,2005,2006R,2007R,2008R,2009R,2010
"Food, drink and tobacco",,,,,,,,,,,
  Agricultural products,113,120,113,107,110,105,111,113,114,98,101
  Beverages,136,119,137,134,112,134,117,118,131,135,125
  Other foodstuffs,136,137,133,136,126,125,120,125,117,123,119
Subtotal,128,129,127,127,119,120,117,121,118,117,115
Bulk products,,,,,,,,,,,
"  Wood, timber and cork",142,139,134,129,109,130,140,113,115,120,121
  Crude minerals2,40,44,42,42,39,40,41,41,42,47,49
  Ores,77,76,66,59,64,76,71,82,74,80,72
  Crude materials,144,116,131,124,133,113,121,115,114,131,115
  Coal and coke,69,100,91,70,87,72,80,66,70,96,129
  Building materials3,64,71,65,73,65,64,64,66,62,68,64
  Iron and steel products,139,129,136,131,126,123,115,135,126,128,123
Subtotal,64,67,63,64,60,60,60,61,60,68,68
"Chemicals, petrol & fertiliser",,,,,,,,,,,
  Fertiliser,121,131,106,104,124,78,127,101,62,84,67
  Petrol and petroleum products,85,79,88,85,85,79,82,72,81,79,88
  Chemicals,139,145,159,145,135,143,128,146,136,137,136
Subtotal,108,107,116,110,106,104,103,101,95,98,96
Miscellaneous products,,,,,,,,,,,
  Other metal products n.e.s,104,98,106,92,99,110,98,102,91,89,91
  Machinery and transport equipment,132,127,125,132,127,122,119,114,118,107,111
  Miscellaneous manufactures n.e.s,156,159,154,162,147,142,145,146,133,135,144
  Miscellaneous articles n.e.s4,83,80,77,78,76,77,74,73,82,81,89
Subtotal,104,101,98,99,97,96,93,92,95,94,100
All commodities,94,94,92,92,87,87,86,86,87,92,93
,,,,,,,,,,,
1. See Note and Definitions for commodity definitions.,,,,,,,,,,,
"2. Comprises 'sand, gravel and clay' and 'other crude minerals'.",,,,,,,,,,,
3. Comprises 'cement' and 'other building materials'.,,,,,,,,,,,
4. Including 'commodity not known'.,,,,,,,,,,,
,,,,,,,,,,,
Note: figures for 2006 to 2009 have been revised. See the Notes and Definitions for further information.,,,,,,,,,,,

Telephone: 020 7944 4261,,,,,,,,,,,"Source: Continuing Survey of Road Goods Transport, DfT"
Email: roadfreight.stats@dft.gsi.gov.uk,,,,,,,,,,,Last updated: October 2011
Notes & definitions (http://www.dft.gov.uk/statistics/series/road-freight/),,,,,,,,,,,Next update: October 2012
,,,,,,,,,,,
The figures in this table are National Statistics,,,,,,,,,,,
,,,,,,,,,,,
,,,,,
,,,,,
,,,,,
,,,,,
,,,,,
