Department for Transport statistics ,,,,,,,,,,,,,,,,
Road Freight Statistics,,,,,,,,,,,,,,,,
,,,,,,,,,,,,,,,,
Table RFS0120,,,,,,,,,,,,,,,,
"Vehicle kilometres (loaded, empty, total) by vehicle type and mode of working: 2010",,,,,,,,,,,,,,,,
,,,,,,,,,,,Million kilometres,,,,,
,Loaded kilometres,,,,Empty kilometres,,,,      Total kilometres,,,,,,,
Vehicle type and size (gvw tonnes),Mainly public haulage,Mainly own account,Total,,Mainly public haulage,Mainly own account,Total,,Mainly public haulage,Mainly own account,Total,,,,,
Rigid vehicles,,,,,,,,,,,,,,,,
  Over 3.5 to 7.5,532,"1,727","2,259",,201,624,825,,734,"2,351","3,084",,,,,
  Over 7.5 to 17,170,669,839,,61,220,281,,230,890,"1,120",,,,,
  Over 17 to 25,592,"1,030","1,623",,198,376,573,,790,"1,406","2,196",,,,,
  Over 25,718,"1,101","1,819",,438,574,"1,012",,"1,156","1,675","2,831",,,,,
All rigids,"2,012","4,527","6,539",,897,"1,795","2,692",,"2,909","6,322","9,231",,,,,
Articulated vehicles,,,,,,,,,,,,,,,,
  Over 3.5 to 33 ,227,318,546,,68,101,169,,295,420,715,,,,,
  Over 33,"4,268","2,036","6,303",,"1,678",842,"2,520",,"5,946","2,877","8,823"
All artics,"4,495","2,354","6,849",,"1,746",943,"2,689",,"6,241","3,297","9,538"
All vehicles,,,,,,,,,,,
  Over 3.5 to 25,"1,309","3,462","4,770",,465,"1,232","1,698",,"1,774","4,694","6,468"
  Over 25 to 35,892,"1,392","2,284",,481,660,"1,141",,"1,373","2,052","3,426"
  Over 35,"4,306","2,028","6,333",,"1,697",845,"2,542",,"6,003","2,873","8,875"
All vehicles,"6,507","6,881","13,388",,"2,643","2,738","5,381",,"9,150","9,619","18,769"

Telephone: 020 7944 4261,,,,,,,,,,,"Source: Continuing Survey of Road Goods Transport, DfT"
Email: roadfreight.stats@dft.gsi.gov.uk,,,,,,,,,,,Last updated: October 2011
Notes & definitions (http://www.dft.gov.uk/statistics/series/road-freight/),,,,,,,,,,,Next update: October 2012
,,,,,,,,,,,
The figures in this table are National Statistics,,,,,,,,,,,
