Department for Transport statistics ,,,,,,,,,,,,,,,,,,,,
Road Freight Statistics,,,,,,,,,,,,,,,,,,,,
,,,,,,,,,,,,,,,,,,,,
Table RFS0119,,,,,,,,,,,,,,,,,,,,
"Goods lifted, goods moved and vehicle kilometres by vehicle type and mode of working, 2010",,,,,,,,,,,,,,,,,,,,
,,,,,,,,,,,Millions,,,,,,,,,
,      Tonnes lifted,,,,     Tonne kilometres,,,,      Total kilometres,,,,,,,,,,,
Vehicle type and size (gvw tonnes),Mainly public haulage,Mainly own account,Total,,Mainly public haulage,Mainly own account,Total,,Mainly public haulage,Mainly own account,Total,,,,,,,,,
Rigid vehicles,,,,,,,,,,,,,,,,,,,,
  Over 3.5 to 7.5,9,45,54,,691,"2,431","3,122",,734,"2,351","3,084",,,,,,,,,
  Over 7.5 to 17,6,30,37,,514,"1,793","2,307",,230,890,"1,120",,,,,,,,,
  Over 17 to 25,30,73,103,,"2,780","4,373","7,154",,790,"1,406","2,196",,,,,,,,,
  Over 25,189,225,414,,"8,697","9,676","18,372",,"1,156","1,675","2,831",,,,,,,,,
All rigids,234,373,607,,"12,682","18,273","30,955",,"2,909","6,322","9,231",,,,,,,,,
Articulated vehicles,,,,,,,,,,,,,,,,,,,,
  Over 3.5 to 33 ,12,21,33,,"1,553","2,387","3,940",,295,420,715,,,,,,,,,
  Over 33,553,295,848,,"74,645","29,310","103,955",,"5,946","2,877","8,823"
All artics,565,316,881,,"76,198","31,697","107,895",,"6,241","3,297","9,538"
All vehicles,,,,,,,,,,,
  Over 3.5 to 25,46,151,197,,"4,068","8,773","12,841",,"1,774","4,694","6,468"
  Over 25 to 35,196,240,436,,"9,602","11,677","21,279",,"1,373","2,052","3,426"
  Over 35,557,298,855,,"75,210","29,521","104,730",,"6,003","2,873","8,875"
All vehicles,800,689,"1,489",,"88,879","49,971","138,850",,"9,150","9,619","18,769"

Telephone: 020 7944 4261,,,,,,,,,,,"Source: Continuing Survey of Road Goods Transport, DfT"
Email: roadfreight.stats@dft.gsi.gov.uk,,,,,,,,,,,Last updated: October 2011
Notes & definitions (http://www.dft.gov.uk/statistics/series/road-freight/),,,,,,,,,,,Next update: October 2012
,,,,,,,,,,,
The figures in this table are National Statistics,,,,,,,,,,,
