Department for Transport statistics ,,,,,,,,,,,,,,,,,,,,,,,
Road Freight Statistics,,,,,,,,,,,,,,,,,,,,,,,
,,,,,,,,,,,,,,,,,,,,,,,
Table RFS0127,,,,,,,,,,,,,,,,,,,,,,,
"Vehicle activity by length of haul and mode of working, 2010",,,,,,,,,,,,,,,,,,,,,,,
,,,,,,,,,,,,,,,,,,,,,,,
,Length of haul (kilometres),,,,,,,,,,,,,,,,,,,,,,
,Up to 25,Over 25 to 50,Over 50 to 100,Over 100 to 150,Over 150 to 200,Over 200 to 300,Over 300,All lengths,,,,,,,,,,,,,,,
Tonne lifted (million),,,,,,,,,,,,,,,,,,,,,,,
   Mainly public haulage,167,148,162,102,74,89,57,800,,,,,,,,,,,,,,,
   Mainly own account,223,150,151,70,41,40,14,689,,,,,,,,,,,,,,,
   All modes,390,298,313,172,116,129,71,"1,489",,,,,,,,,,,,,,,
   Percentage of total,26,20,21,12,8,9,5,100,,,,,,,,,,,,,,,
Tonnes kilometres (million),,,,,,,,,,,,,,,,,,,,,,,
   Mainly public haulage,"2,237","5,360","11,743","12,700","12,981","21,569","22,290","88,879",,,,,,,,,,,,,,,
   Mainly own account,"2,909","5,473","10,828","8,593","7,211","9,653","5,304","49,971",,,,,,,,,,,,,,,
   All modes,"5,146","10,833","22,570","21,293","20,191","31,222","27,594","138,850",,,,,,,,,,,,,,,
   Percentage of total,4,8,16,15,15,22,20,100,,,,,,,,,,,,,,,

Telephone: 020 7944 4261,,,,,,,,"Source: Continuing Survey of Road Goods Transport, DfT",,,,,,,,,,,,,,,
Email: roadfreight.stats@dft.gsi.gov.uk,,,,,,,,Last updated: October 2011,,,,,,,,,,,,,,,
Notes & definitions (http://www.dft.gov.uk/statistics/series/road-freight/),,,,,,,,Next update: October 2012,,,,,,,,,,,,,,,
,,,,,,,,,,,,,,,,,,,,,,,
The figures in this table are National Statistics,,,,,,,,,,,,,,,,,,,,,,,
,,,,,,,,,,,,,,,,,,,,,,,

,,,,,,,,,,,,,,,,,,,,,,,
