Department for Transport statistics,,,,,,,,,,,,,
Free Flow Vehicle Speeds (http://www.dft.gov.uk/statistics/series/speeds/),,,,,,,,,,,,,
Table SPE0101,,,,,,,,,,,,,
"Free-flow vehicle speeds on non-built-up roads by road type and vehicle type in Great Britain, 2009",,,,,,,,,,,,,
,,,,,,,,,,,,Per cent / miles per hour / number of vehicles,
,,,,,,,Heavy goods vehicles 5,,,,,,
,,,,,,,Rigid by number of axles,,,,Articulated by number of axles,,
,,Motorcycles 7,Cars,Cars towing,Light Goods 4,Buses / Coaches,2 6,3,4 or more,,3 & 4,5 or more,
(a) Motorways 1,,,,,,,,,,,,,
Under 50 mph,,5,3,12,3,5,5,10,12,,8,8,
50-59 mph,,23,12,55,14,41,50,80,84,,88,91,
60-64 mph,,9,13,20,13,26,11,8,1,,2,1,
65-69 mph,,12,19,9,18,9,11,1,1,,1,0,
70-74 mph,,15,21,3,20,8,10,1,1,,1,0,
75-79 mph,,14,16,1,16,5,6,0,1,,0,0,
80-89 mph,,16,13,0,14,3,4,0,1,,0,0,
90 mph and over,,6,2,0,3,3,2,0,0,,0,0,
Speed limit (mph),,70,70,60,70,70,n/a,60,60,,60,60,
Percentage more than 10 mph over limit,,22,16,5,17,6,n/a,1,2,,1,0,
Average speed (mph),,69,70,57,70,63,62,54,54,,54,54,
Number observed (thousands),,"3,401","411,044","2,963","65,557","4,864","25,756","2,594","1,559",,"6,685","34,906",
,,,,,,,,,,,,,
(b) Dual carriageways 2 ,,,,,,,,,,,,,
Under 30 mph,,0,0,1,0,0,0,0,0,,0,0,
30-39 mph,,1,1,2,0,0,1,2,1,,1,1,
40-49 mph,,6,3,16,3,8,9,18,18,,18,16,
50-59 mph,,23,17,52,18,46,52,70,78,,75,82,
60-64 mph,,9,16,18,16,26,12,9,1,,2,1,
65-69 mph,,13,21,8,20,9,10,0,0,,1,0,
70-79 mph,,28,32,4,32,9,12,0,1,,1,0,
80 mph and over,,20,10,0,11,2,3,0,1,,1,0,
Speed limit (mph),,70,70,60,70,60,n/a,50,50,,50,50,
Percentage more than 10 mph over limit,,20,10,4,11,11,n/a,10,3,,5,1,
Average speed (mph),,68,68,56,68,60,59,53,53,,53,53,
Number observed (thousands),,446,"47,236",397,"6,517",376,"2,293",295,195,,459,"2,424",
,,,,,,,,,,,,,
(c) Single carriageways 3,,,,,,,,,,,,,
Under 20 mph,,1,1,2,0,1,1,1,1,,1,0,
20-29 mph,,3,2,7,3,3,3,6,6,,7,3,
30-39 mph,,11,16,18,15,20,19,26,26,,23,20,
40-49 mph,,32,41,49,40,49,45,49,47,,47,49,
50-59 mph,,28,30,22,31,24,27,17,18,,21,28,
60-64 mph,,9,5,2,6,2,3,0,0,,1,1,
65-69 mph,,6,2,0,3,1,1,0,0,,0,0,
70 mph and over,,11,1,0,2,1,1,0,0,,0,0,
Speed limit (mph),,60,60,50,60,50,n/a,40,40,,40,40,
Percentage more than 10 mph over limit,,11,1,2,2,4,n/a,18,20,,22,29,
Average speed (mph),,52,48,43,48,46,46,43,43,,44,46,
Number observed (thousands),,575,"45,343",488,"5,825",418,"2,058",262,186,,324,"1,505",
,,,,,,,,,,,,,
1 Average vehicle speeds from 27 motorway sites.,,,,,,,,,,,,Source: DfT Automatic Traffic Counters,
2 Average vehicle speeds from 7 dual carriageway sites.,,,,,,,,,,,,Last updated: June 2011,
3 Average vehicle speeds from 26 single carriageway sites.,,,,,,,,,,,,Next update: Juny 2012,
4 Goods vehicles 3.5 tonnes gross weight and under.,,,,,,,,,,,,,
5 Goods vehicles over 3.5 tonnes gross weight.,,,,,,,,,,,,,
6 Speed limit depends on loading which cannot be determined.,,,,,,,,,,,,,
7 Motorcycles include mopeds and other types of two wheeled motor vehicles.,,,,,,,,,,,,,
Telephone: 020 7944 3095,,,,,,,,,,,,,
Email: roadtraff.stats@dft.gsi.gov.uk,,,,,,,,,,,,,
Notes & definitions (http://assets.dft.gov.uk/statistics/releases/free-flow-vehicle-speeds-2010/free-flow-vehicle-speeds-2010-notes.pdf),,,,,,,,,,,,,
The figures in this table are National Statistics.,,,,,,,,,,,,,

,,,,,,,,,,,,,
