Department for Transport statistics,,,,,,,,,,,,,
Free Flow Vehicle Speeds (http://www.dft.gov.uk/statistics/series/speeds/),,,,,,,,,,,,,
Table SPE0102,,,,,,,,,,,,,
"Free flow vehicle speeds on built-up roads by speed limit and vehicle type in Great Britain, 2007",,,,,,,,,,,,,
,,,,,,,,,,,,Per cent / miles per hour / number of vehicles,
,,,,,,,Heavy goods vehicles 5,,,,,,
,,,,,,,Rigid by number of axles,,,,Articulated by number of axles,,
,,Motorcycles 3,Cars,Cars towing,Light Goods 4,Buses / Coaches,2,3,4 or more,,3 & 4,5 or more,
(a) 30 mph speed limit roads 1,,,,,,,,,,,,,
Under 20 mph,,10,6,7,8,11,10,9,6,,7,4,
20-29 mph,,39,44,50,41,63,45,49,44,,48,50,
30-34 mph,,26,30,32,30,20,28,32,36,,32,36,
35-39 mph,,14,13,9,15,5,12,8,11,,10,9,
40-44 mph,,6,4,2,5,1,4,1,2,,2,1,
45-49 mph,,3,1,0,1,0,1,0,0,,0,0,
50 mph and over,,2,0,0,1,0,1,0,0,,0,0,
Percentage over 35 mph,,26,19,11,22,7,18,10,14,,13,11,
Average speed (mph),,31,30,29,30,27,29,29,30,,29,30,
Number observed (thousands),,646,"58,529",142,"5,756",591,"1,740",119,128,,88,178,
,,,,,,,,,,,,,
(b) 40 mph speed limit roads 2,,,,,,,,,,,,,
Under 20 mph,,4,3,4,4,4,5,4,3,,6,3,
20-29 mph,,12,13,19,14,16,16,16,12,,14,14,
30-34 mph,,21,27,29,25,31,26,24,21,,24,23,
35-39 mph,,28,32,32,31,35,30,36,38,,35,40,
40-44 mph,,18,15,13,16,10,14,15,19,,15,16,
45-49 mph,,10,6,3,7,2,5,3,5,,4,3,
50-59 mph,,6,2,1,3,1,2,1,1,,2,1,
60 mph and over,,2,0,0,1,0,0,0,0,,0,0,
Percentage over 45 mph,,18,9,4,11,3,8,4,7,,6,4,
Average speed (mph),,38,36,34,36,34,35,35,36,,35,36,
Number observed (thousands),,815,"52,868",231,"6,137",557,"1,970",231,186,,199,519,
,,,,,,,,,,,,,
1 Average vehicle speeds from 26 sites.,,,,,,,,,,,,Source: DfT Automatic Traffic Counters,
2 Average vehicle speeds from 10 sites.,,,,,,,,,,,,,
3 Motorcycles includes mopeds and other types of two wheeled motor vehicles.,,,,,,,,,,,,,
4 Goods vehicles 3.5 tonnes gross weight and under.,,,,,,,,,,,,,
5 Goods vehicles over 3.5 tonnes gross weight.,,,,,,,,,,,,,
Telephone: 020 7944 3095,,,,,,,,,,,,,
Email: roadtraff.stats@dft.gsi.gov.uk,,,,,,,,,,,,,
Notes & definitions (http://assets.dft.gov.uk/statistics/releases/free-flow-vehicle-speeds-2010/free-flow-vehicle-speeds-2010-notes.pdf),,,,,,,,,,,,,
The figures in this table are National Statistics.,,,,,,,,,,,,,

,,,,,,,,,,,,,
,,,,,,,,,,,,,
