Department for Transport statistics,,,,,,,,,,,,,
Free Flow Vehicle Speeds (http://www.dft.gov.uk/statistics/series/speeds/),,,,,,,,,,,,,
Table SPE0102,,,,,,,,,,,,,
"Free flow vehicle speeds on built-up roads by speed limit and vehicle type in Great Britain, 2009",,,,,,,,,,,,,
,,,,,,,,,,,,Per cent / miles per hour / number of vehicles,
,,,,,,,Heavy goods vehicles 5,,,,,,
,,,,,,,Rigid by number of axles,,,,Articulated by number of axles,,
,,Motorcycles 3,Cars,Cars towing,Light Goods 4,Buses / Coaches,2,3,4 or more,,3 & 4,5 or more,
(a) 30 mph speed limit roads 1,,,,,,,,,,,,,
Under 20 mph,,8,5,5,6,10,8,7,5,,6,3,
20-29 mph,,41,47,51,43,63,47,51,46,,49,51,
30-34 mph,,27,31,33,31,20,29,32,37,,32,36,
35-39 mph,,14,13,9,14,5,12,8,9,,10,9,
40-44 mph,,6,4,2,4,1,3,2,2,,2,2,
45-49 mph,,3,1,0,1,0,1,0,0,,0,0,
50 mph and over,,2,0,0,1,0,1,0,0,,0,0,
Percentage over 35 mph,,24,18,11,20,7,17,10,12,,12,11,
Average speed (mph),,31,30,29,30,27,30,29,30,,29,30,
Number observed (thousands),,637,"57,433",134,"6,146",558,"1,745",108,108,,81,174,
,,,,,,,,,,,,,
(b) 40 mph speed limit roads 2,,,,,,,,,,,,,
Under 20 mph,,3,2,3,3,3,4,3,3,,4,2,
20-29 mph,,18,18,23,17,23,20,21,14,,17,15,
30-34 mph,,20,26,28,25,30,26,24,22,,25,24,
35-39 mph,,26,31,30,29,31,29,35,37,,35,41,
40-44 mph,,18,15,12,16,9,13,14,19,,15,14,
45-49 mph,,9,6,3,7,2,5,3,5,,4,3,
50-59 mph,,5,2,1,3,1,2,1,1,,1,1,
60 mph and over,,2,0,0,1,1,1,0,0,,0,0,
Percentage over 45 mph,,16,8,4,10,4,8,4,6,,6,4,
Average speed (mph),,37,36,34,36,34,35,35,36,,35,35,
Number observed (thousands),,766,"49,093",188,"5,684",532,"1,723",190,152,,166,414,
,,,,,,,,,,,,,
1 Average vehicle speeds from 26 sites.,,,,,,,,,,,,Source: DfT Automatic Traffic Counters,
2 Average vehicle speeds from 10 sites.,,,,,,,,,,,,Last updated: July 2010,
3 Motorcycles includes mopeds and other types of two wheeled motor vehicles.,,,,,,,,,,,,Next update: July 2011,
4 Goods vehicles 3.5 tonnes gross weight and under.,,,,,,,,,,,,,
5 Goods vehicles over 3.5 tonnes gross weight.,,,,,,,,,,,,,
Telephone: 020 7944 3095,,,,,,,,,,,,,
Email: roadtraff.stats@dft.gsi.gov.uk,,,,,,,,,,,,,
Notes & definitions (http://assets.dft.gov.uk/statistics/releases/free-flow-vehicle-speeds-2010/free-flow-vehicle-speeds-2010-notes.pdf),,,,,,,,,,,,,
The figures in this table are National Statistics.,,,,,,,,,,,,,

,,,,,,,,,,,,,
,,,,,,,,,,,,,
