Department for Transport statistics,,,,,,,,,,,,,
Free Flow Vehicle Speeds (http://www.dft.gov.uk/statistics/series/speeds/),,,,,,,,,,,,,
Table SPE0101,,,,,,,,,,,,,
"Free-flow vehicle speeds on non-built-up roads by road type and vehicle type in Great Britain, 2008",,,,,,,,,,,,,
,,,,,,,,,,,,Per cent / miles per hour / number of vehicles,
,,,,,,,Heavy goods vehicles 5,,,,,,
,,,,,,,Rigid by number of axles,,,,Articulated by number of axles,,
,,Motorcycles 7,Cars,Cars towing,Light Goods 4,Buses / Coaches,2 6,3,4 or more,,3 & 4,5 or more,
(a) Motorways 1,,,,,,,,,,,,,
Under 50 mph,,5,5,16,5,7,8,13,15,,10,10,
50-59 mph,,24,14,54,15,44,52,79,83,,87,89,
60-64 mph,,9,13,18,13,26,11,6,1,,1,1,
65-69 mph,,13,19,8,18,8,10,1,0,,1,0,
70-74 mph,,15,20,3,19,7,9,0,0,,1,0,
75-79 mph,,13,15,1,14,4,6,0,0,,0,0,
80-89 mph,,15,12,0,13,3,4,0,0,,0,0,
90 mph and over,,5,2,0,3,1,1,0,0,,0,0,
Speed limit (mph),,70,70,60,n/a,70,n/a,60,60,,60,60,
Percentage more than 10 mph over limit,,20,15,4,n/a,4,n/a,1,1,,1,0,
Average speed (mph),,69,69,57,69,61,60,54,53,,54,53,
Number observed (thousands),,"3,382","442,152","3,214","68,719","4,636","28,833","2,798","1,810",,"7,821","42,327",
,,,,,,,,,,,,,
(b) Dual carriageways 2 ,,,,,,,,,,,,,
Under 30 mph,,0,0,1,0,0,0,0,0,,0,0,
30-39 mph,,1,1,1,1,1,1,2,2,,1,1,
40-49 mph,,5,4,16,4,8,9,18,19,,16,13,
50-59 mph,,17,17,51,19,49,50,67,77,,78,85,
60-64 mph,,10,16,17,16,24,13,12,1,,3,1,
65-69 mph,,14,20,8,19,7,11,0,0,,1,0,
70-79 mph,,30,31,4,30,8,13,0,1,,1,0,
80 mph and over,,22,10,0,11,2,3,0,0,,0,0,
Speed limit (mph),,70,70,60,n/a,60,n/a,50,50,,50,50,
Percentage more than 10 mph over limit,,22,10,5,n/a,10,n/a,12,2,,5,2,
Average speed (mph),,22,10,5,n/a,10,n/a,12,2,,5,2,
Number observed (thousands),,330,"40,623",329,"5,501",262,"2,084",231,141,,376,"1,869",
,,,,,,,,,,,,,
(c) Single carriageways 3,,,,,,,,,,,,,
Under 20 mph,,1,0,2,0,0,1,1,1,,1,0,
20-29 mph,,3,2,7,2,3,3,5,6,,6,2,
30-39 mph,,10,15,18,14,19,18,23,26,,21,18,
40-49 mph,,29,41,49,40,50,45,50,46,,48,49,
50-59 mph,,30,31,22,31,25,28,20,21,,24,31,
60-64 mph,,9,6,2,6,2,3,0,0,,0,1,
65-69 mph,,6,2,0,3,1,1,0,0,,0,0,
70 mph and over,,11,2,0,2,0,1,0,0,,0,0,
Speed limit (mph),,60,60,50,n/a,50,n/a,40,40,,40,40,
Percentage more than 10 mph over limit,,11,2,2,n/a,3,n/a,20,22,,24,31,
Average speed (mph),,53,48,43,49,46,47,43,44,,44,46,
Number observed (thousands),,529,"45,823",499,"5,851",396,"2,205",295,201,,365,"1,707",
,,,,,,,,,,,,,
1 Average vehicle speeds from 27 motorway sites.,,,,,,,,,,,,Source: DfT Automatic Traffic Counters,
2 Average vehicle speeds from 7 dual carriageway sites.,,,,,,,,,,,,,
3 Average vehicle speeds from 26 single carriageway sites.,,,,,,,,,,,,,
4 Goods vehicles 3.5 tonnes gross weight and under.,,,,,,,,,,,,,
5 Goods vehicles over 3.5 tonnes gross weight.,,,,,,,,,,,,,
6 Speed limit depends on loading which cannot be determined.,,,,,,,,,,,,,
7 Motorcycles include mopeds and other types of two wheeled motor vehicles.,,,,,,,,,,,,,
Telephone: 020 7944 3095,,,,,,,,,,,,,
Email: roadtraff.stats@dft.gsi.gov.uk,,,,,,,,,,,,,
Notes & definitions (http://assets.dft.gov.uk/statistics/releases/free-flow-vehicle-speeds-2010/free-flow-vehicle-speeds-2010-notes.pdf),,,,,,,,,,,,,
The figures in this table are National Statistics.,,,,,,,,,,,,,

,,,,,,,,,,,,,
