Department for Transport statistics,,,,,,,,,,,,,
Free Flow Vehicle Speeds (http://www.dft.gov.uk/statistics/series/speeds/),,,,,,,,,,,,,
Table SPE0102,,,,,,,,,,,,,
"Free flow vehicle speeds on built-up roads by speed limit and vehicle type in Great Britain, 2008",,,,,,,,,,,,,
,,,,,,,,,,,,Per cent / miles per hour / number of vehicles,
,,,,,,,Heavy goods vehicles 5,,,,,,
,,,,,,,Rigid by number of axles,,,,Articulated by number of axles,,
,,Motorcycles 3,Cars,Cars towing,Light Goods 4,Buses / Coaches,2,3,4 or more,,3 & 4,5 or more,
(a) 30 mph speed limit roads 1,,,,,,,,,,,,,
Under 20 mph,,8,5,5,6,11,8,7,4,,6,3,
20-29 mph,,39,46,50,42,63,46,50,44,,48,48,
30-34 mph,,27,31,33,31,20,29,33,39,,33,37,
35-39 mph,,14,13,9,15,5,12,8,10,,10,10,
40-44 mph,,6,4,2,5,1,4,1,2,,2,2,
45-49 mph,,3,1,0,1,0,1,0,0,,0,0,
50 mph and over,,2,0,0,1,0,1,0,0,,0,0,
Percentage over 35 mph,,26,18,11,21,7,17,10,13,,13,12,
Average speed (mph),,31,30,29,30,27,29,29,30,,29,30,
Number observed (thousands),,641,"56,950",141,"5,928",555,"1,761",115,134,,88,177,
,,,,,,,,,,,,,
(b) 40 mph speed limit roads 2,,,,,,,,,,,,,
Under 20 mph,,3,2,4,3,3,4,4,3,,5,2,
20-29 mph,,16,17,22,16,21,18,20,14,,17,15,
30-34 mph,,19,26,27,24,30,26,24,20,,25,24,
35-39 mph,,26,31,31,30,32,30,34,37,,34,40,
40-44 mph,,19,16,12,16,10,14,15,19,,14,15,
45-49 mph,,10,6,3,7,2,5,3,5,,4,3,
50-59 mph,,6,2,1,3,1,2,1,2,,1,1,
60 mph and over,,2,0,0,1,0,0,0,0,,0,0,
Percentage over 45 mph,,18,9,4,11,4,8,4,7,,6,4,
Average speed (mph),,38,36,34,36,34,35,34,36,,35,35,
Number observed (thousands),,734,"48,546",195,"5,642",528,"1,781",205,170,,167,444,
,,,,,,,,,,,,,
1 Average vehicle speeds from 26 sites.,,,,,,,,,,,,Source: DfT Automatic Traffic Counters,
2 Average vehicle speeds from 10 sites.,,,,,,,,,,,,,
3 Motorcycles includes mopeds and other types of two wheeled motor vehicles.,,,,,,,,,,,,,
4 Goods vehicles 3.5 tonnes gross weight and under.,,,,,,,,,,,,,
5 Goods vehicles over 3.5 tonnes gross weight.,,,,,,,,,,,,,
Telephone: 020 7944 3095,,,,,,,,,,,,,
Email: roadtraff.stats@dft.gsi.gov.uk,,,,,,,,,,,,,
Notes & definitions (http://assets.dft.gov.uk/statistics/releases/free-flow-vehicle-speeds-2010/free-flow-vehicle-speeds-2010-notes.pdf),,,,,,,,,,,,,
The figures in this table are National Statistics.,,,,,,,,,,,,,

,,,,,,,,,,,,,
,,,,,,,,,,,,,
