Department for Transport statistics,,,,,,,,,,,,,
Free Flow Vehicle Speeds (http://www.dft.gov.uk/statistics/series/speeds/),,,,,,,,,,,,,
Table SPE0102,,,,,,,,,,,,,
"Free flow vehicle speeds on built-up roads by speed limit and vehicle type in Great Britain, 2010",,,,,,,,,,,,,
,,,,,,,,,,,,Per cent / miles per hour / number of vehicles,
,,,,,,,Heavy goods vehicles 5,,,,,,
,,,,,,,Rigid by number of axles,,,,Articulated by number of axles,,
,,Motorcycles 3,Cars,Cars towing,Light Goods 4,Buses / Coaches,2,3,4 or more,,3 & 4,5 or more,
(a) 30 mph speed limit roads 1,,,,,,,,,,,,,
Under 20 mph,,13,5,5,6,11,8,8,5,,6,3,
20-29 mph,,42,49,53,44,64,46,53,46,,50,53,
30-34 mph,,24,30,32,31,19,29,30,37,,31,34,
35-39 mph,,12,12,8,13,5,12,8,10,,10,8,
40-44 mph,,5,3,1,4,1,3,1,2,,2,1,
45-49 mph,,2,1,0,1,0,1,0,0,,1,0,
50 mph and over,,2,0,0,0,1,1,0,0,,0,0,
Percentage over 35 mph,,20,16,10,19,6,17,10,12,,13,10,
Average speed (mph),,29,30,29,30,27,30,29,30,,29,30,
Number observed (thousands),,633,"54,544",122,"6,111",612,"1,714",102,95,,73,168,
,,,,,,,,,,,,,
(b) 40 mph speed limit roads 2,,,,,,,,,,,,,
Under 20 mph,,4,4,4,4,4,5,5,3,,6,2,
20-29 mph,,19,20,23,20,25,22,23,18,,19,16,
30-34 mph,,19,25,25,24,29,24,24,24,,23,23,
35-39 mph,,24,28,30,27,30,27,32,34,,32,40,
40-44 mph,,18,15,13,15,10,13,13,16,,15,15,
45-49 mph,,10,6,3,7,2,5,3,4,,4,3,
50-59 mph,,6,2,1,3,1,2,1,1,,1,1,
60 mph and over,,2,0,0,0,0,0,0,0,,0,0,
Percentage over 45 mph,,17,8,4,10,4,8,3,5,,6,4,
Average speed (mph),,37,35,34,35,34,34,34,35,,34,35,
Number observed (thousands),,614,"41,395",144,"5,292",509,"1,587",165,122,,145,370,
,,,,,,,,,,,,,
1 Average vehicle speeds from 25 sites.,,,,,,,,,,,,Source: DfT Automatic Traffic Counters,
2 Average vehicle speeds from 10 sites.,,,,,,,,,,,,Last updated: June 2011,
3 Motorcycles includes mopeds and other types of two wheeled motor vehicles.,,,,,,,,,,,,Next update: June 2012,
4 Goods vehicles 3.5 tonnes gross weight and under.,,,,,,,,,,,,,
5 Goods vehicles over 3.5 tonnes gross weight.,,,,,,,,,,,,,
Telephone: 020 7944 3095,,,,,,,,,,,,,
Email: roadtraff.stats@dft.gsi.gov.uk,,,,,,,,,,,,,
Notes & definitions (http://assets.dft.gov.uk/statistics/releases/free-flow-vehicle-speeds-2010/free-flow-vehicle-speeds-2010-notes.pdf),,,,,,,,,,,,,
The figures in this table are National Statistics.,,,,,,,,,,,,,

,,,,,,,,,,,,,
,,,,,,,,,,,,,
