Department for Transport statistics,,,,,,,,
Free Flow Vehicle Speeds (http://www.dft.gov.uk/statistics/series/speeds/),,,,,,,,
Table SPE0103,,,,,,,,
"Free flow vehicle speeds on non-built-up roads in Great Britain, annual from 2006 to 2011",,,,,,,,
,,,,,,Number / miles per hour / per cent,,
,2006,2007,2008,2009,2010,2011,,
(a) Motorways,,,,,,,,
Sites,27,27,27,27,26,26,,
Observations (thousands),"603,700","576,263","605,692","559,329","530,482","654,091",,
Average car speed,70,70,69,70,69,69,,
% exceeding limit,54,53,49,52,49,49,,
% exceeding limit by more than 10 mph,17,18,15,16,14,13,,
Average motorcycle speed,70,70,69,69,68,69,,
% exceeding limit,54,54,48,51,48,49,,
% exceeding limit by more than 10 mph,25,25,20,22,20,20,,
Average artic1 speed,53,54,54,54,54,54,,
% exceeding limit,2,2,1,1,2,1
% exceeding limit by more than 10 mph,0,0,0,0,0,0
Average bus/coach speed,59,60,61,63,61,62
% exceeding limit 2,3,10,15,19,18,18
% exceeding limit by more than 10 mph,1,3,4,6,4,3
,,,,,,
(b) Dual carriageways,,,,,,
Sites,7,7,7,7,7,7
Observations (thousands),"62,117","57,067","51,745","60,637","57,071","60,566"
Average car speed,68,69,67,68,68,68
% exceeding limit,45,45,41,42,42,41
% exceeding limit by more than 10 mph,12,12,10,10,10,9
Average motorcycle speed,68,69,70,68,69,70
% exceeding limit,48,52,52,48,49,53
% exceeding limit by more than 10 mph,20,23,22,20,20,21
Average artic1 speed,53,53,54,53,53,53
% exceeding limit,83,83,86,83,83,83
% exceeding limit by more than 10 mph,2,2,2,2,1,1
Average bus/coach speed,57,58,59,60,60,60
% exceeding limit,36,34,34,46,47,49
% exceeding limit by more than 10 mph,2,6,10,11,11,13
,,,,,,
(c) Single carriageways,,,,,,
Sites,28,28,28,28,24,24
Observations (thousands),"59,741","65,235","57,869","56,984","53,094","51,720"
Average car speed,48,48,48,48,47,48
% exceeding limit,11,9,10,9,7,8
% exceeding limit by more than 10 mph,2,2,2,1,1,1
Average motorcycle speed,53,53,53,52,52,52
% exceeding limit,27,27,26,25,24,23
% exceeding limit by more than 10 mph,12,12,11,11,10,9
Average artic1 speed,46,45,46,45,44,44
% exceeding limit,76,74,78,76,70,71
% exceeding limit by more than 10 mph,28,26,30,28,19,19
Average bus/coach speed,45,45,46,46,45,45
% exceeding limit,24,26,28,28,25,26
% exceeding limit by more than 10 mph,3,3,3,4,3,4
,,,,,,
1 Artic = Articulated heavy goods vehicles,,,,,,Source: DfT Automatic Traffic Counters
2 Figures prior to 2010 have been corrected since original publications,,,,,,
Telephone: 020 7944 3095,,,,,,Last updated: July 2012
Email: roadtraff.stats@dft.gsi.gov.uk,,,,,,Next update: July 2013
Notes & definitions (http://assets.dft.gov.uk/statistics/releases/free-flow-vehicle-speeds-2010/free-flow-vehicle-speeds-2010-notes.pdf),,,,,,
The figures in this table are National Statistics.,,,,,,
,,,,,,
,,,,,,

,,,,,,

