Department for Transport statistics,,,,,,,,,,,,
Free Flow Vehicle Speeds (http://www.dft.gov.uk/statistics/series/speeds/),,,,,,,,,,,,
Table SPE0104,,,,,,,,,,,,
"Free flow vehicle speeds on built-up roads in Great Britain, annual from 2006 to 2011",,,,,,,,,,,,
,,,,,,Number / miles per hour / per cent,,,,,,
,2006,2007,2008,2009,2010,2011,,,,,,
(a) 30 mph limit,,,,,,,,,,,,
Sites,26,26,26,26,25,25,,,,,,
Observations (thousands),"73,464","87,330","66,491","67,124","64,176","64,348",,,,,,
Average car speed,30,30,30,30,30,30,,,,,,
% exceeding limit,49,49,49,48,46,47,,,,,,
% exceeding limit by more than 5 mph,19,19,18,18,16,16,,,,,,
Average motorcycle speed,30,31,31,31,29,30,,,,,,
% exceeding limit,51,51,53,50,45,50,,,,,,
% exceeding limit by more than 5 mph,25,26,26,24,20,23,,,,,,
Average rigid 2 axle HGV speed,29,29,29,30,30,30,,,,,,
% exceeding limit,44,46,46,46,46,46,,,,,,
% exceeding limit by more than 5 mph,15,18,17,17,17,17,,,,,,
Average bus/coach speed,27,27,27,27,27,27,,,,,,
% exceeding limit,28,27,27,27,25,25,,,,,,
% exceeding limit by more than 5 mph,7,7,7,7,6,7,,,,,,
,,,,,,,,,,,,
(b) 40 mph limit,,,,,,,,,,,,
Sites,10,10,10,10,10,10,,,,,,
Observations (thousands),"55,971","63,713","58,413","58,907","50,343","56,892",,,,,,
Average car speed,36,36,36,36,35,35,,,,,,
% exceeding limit,28,24,24,23,23,23,,,,,,
% exceeding limit by more than 5 mph,10,9,9,8,8,8,,,,,,
Average motorcycle speed,38,38,38,37,37,37,,,,,,
% exceeding limit,39,36,36,34,34,35,,,,,,
% exceeding limit by more than 5 mph,20,18,18,16,17,17,,,,,,
Average rigid 2 axle HGV speed,36,35,35,35,34,35,,,,,,
% exceeding limit,24,22,22,21,22,21,,,,,,
% exceeding limit by more than 5 mph,9,8,8,8,8,8,,,,,,
Average bus/coach speed,35,34,34,34,34,34,,,,,,
% exceeding limit,15,14,13,13,13,13,,,,,,
% exceeding limit by more than 5 mph,4,3,4,4,4,4,,,,,,
,,,,,,,,,,,,
,,,,,,Source: DfT Automatic Traffic Counters,,,,,,
Telephone: 020 7944 3095,,,,,,Last updated: June 2012,,,,,,
Email: roadtraff.stats@dft.gsi.gov.uk,,,,,,Next update: June 2013,,,,,,
Notes & definitions (http://assets.dft.gov.uk/statistics/releases/free-flow-vehicle-speeds-2010/free-flow-vehicle-speeds-2010-notes.pdf),,,,,,,,,,,,
The figures in this table are National Statistics.,,,,,,,,,,,,
,,,,,,,,,,,,
,,,,,,,,,,,,

,,,,,,,,,,,,
,,,,,,,,,,,,
