Department for Transport statistics,,,,,,,,,,
Bus Statistics (http://www.dft.gov.uk/statistics/series/buses/),,,,,,,,,,
Table BUS0801,,,,,,,,,,
"Expenditure on the English National Concessionary Travel Scheme1 as a percentage of total net expenditure on concessionary travel2 by metropolitan area status: England, annual from 2010/11",,,,,,,,,,
,,,,,,,Percentage,,,
,,London,English metropolitan areas,English non-metropolitan areas,England,,England excluding London,,,
2010/11 (outturn),,72%,75%,89%,81%,,83%,,,
2011/12 (forecast),,71%,77%,92%,82%,,85%,,,
1. The English National Concessionary Travel Scheme (minimum statutory concession) provides free local bus travel to eligible ,,,,,,,,,,
older and disabled people anywhere in England between 9.30am and 11pm on weekdays and at any time at weekends and bank ,,,,,,,,,,
holidays. In London the statutory minimum concession provides free travel on the London Local Transport Network.,,,,,,,,,,
"2. Net current expenditure is on the whole travel concession service, including the statutory concession and discretionary concessions ",,,,,,,,,,
"such as peak travel, companion travel, travel on other modes than buses, youth concession schemes, etc. ",,,,,,,,,,
,,,,,,,Source: DfT Concessionary Travel Survey,,,
Telephone: 020 7944 4589,,,,,,,Last updated: 15 March 2012,,,
Email: concessionaryfares@dft.gsi.gov.uk,,,,,,,Next update: Spring 2013,,,
The figures in this table are outside the scope of National Statistics
