Department for Transport statistics,,,,,,,,,,
Bus Statistics (http://www.dft.gov.uk/statistics/series/buses/),,,,,,,,,,
Table BUS0803b,,,,,,,,,,
"Reimbursement (at current prices1) of bus operators for concessionary travel by older/disabled people2 and reimbursement per journey by metropolitan area status: England, annual from 2010/11",,,,,,,,,,
,,,,,,,� millions/pence,,,
,,London,English metropolitan areas,English non-metropolitan areas,England,,England excluding London,,,
Total reimbursement of bus operators for concessionary travel by older/disabled people (� millions),,,,,,,,,,
2010/11 (outturn),,192,258,433,883,,691,,,
2011/12 (forecast),,211,258,418,888,,677,,,
Average reimbursement per journey (pence),,,,,,,,,,
2010/11 (outturn),,64,83,97,84,,91,,,
2011/12 (forecast),,69,84,91,83,,89,,,
1. These figures are not adjusted for inflation.,,,,,,,,,,
2. Reimbursement of bus journeys made by ENCTS pass holders (statutory and discretionary).,,,,,,,,,,
,,,,,,,Source: DfT Concessionary Travel Survey,,,
Telephone: 020 7944 4589,,,,,,,Last updated: 15 March 2012,,,
Email: concessionaryfares@dft.gsi.gov.uk,,,,,,,Next update: Spring 2013
The figures in this table are outside the scope of National Statistics,,,,,,,
