Department for Transport statistics,,,
Bus Statistics (http://www.dft.gov.uk/statistics/series/buses/),,,
Table BUS0804,,,
"Number of authorities offering concessionary travel discretionary enhancements1: England outside London, annual from 2010/11",,,
,,,Number of authorities
,,2010/11 (outturn),2011/12 (actual2)
Total number of Travel Concession Authorities (TCAs) outside London,,89,89
Number of TCAs offering no concessionary travel discretionary enhancements,,0,0
Additional eligible groups,,,
Older people below the eligible pension age,,2,2
Disabled not meeting statutory eligibility criteria,,4,4
Companions to disabled people,,60,55
Young people,,27,25
Unemployed people,,4,4
Extended travel times,,,
Extensions to travel times (any),,76,66
of which:,,,,,,
Pre-9.30 start during weekdays,,71,59,,,
Extension beyond 11pm during weekdays,,57,47,,,
Additional or alternative travel modes,,,,,,
Alternatives to scheme3,,28,20,,,
Additional modes (any),,49,44,,,
of which:,,,,,,
Trams/light rail/metro services,,9,9,,,
National rail services (within geographic area),,17,13,,,
Ferry services,,9,3,,,
On-demand transport services,,37,31,,,
Other modes (e.g. Park & Ride),,14,11,,,
1. Travel concessions offered at the discretion of the local authority in addition to the English National ,,,,,,
Concessionary Travel Scheme (ENTCS). The ENTCS offers free local bus travel anywhere in England to eligible older,,,,,,
and disabled people between 9.30am and 11pm on weekdays and at any time at weekends and bank holidays. In ,,,,,,
"some counties, discretions may only be offered in specific districts. Some of the enhancements may only be offered ",,,,,,
to a specific category of people (e.g. disabled).,,,,,,
2. The 2011/12 figures are actual (based on Travel Concession Authority schemes) as at June 2011.,,,,,,
"3. Alternative benefit in place of the statutory minimum (residents have to surrender their rights to free bus travel), ",,,,,,
e.g. taxi tokens.,,,,,,
,,,Source: DfT Concessionary Travel Survey,,,
Telephone: 020 7944 4589,,,Last updated: 15 March 2012,,,
Email: concessionaryfares@dft.gsi.gov.uk,,,Next update: Spring 2013,,,
The figures in this table are outside the scope of National Statistics,,,,,,
,,,,,,
