Department for Transport statistics,,,,,,,,,,,,,,,,,,,,,,,
Bus Statistics (http://www.dft.gov.uk/statistics/series/buses/),,,,,,,,,,,,,,,,,,,,,,,
Table BUS0805,,,,,,,,,,,,,,,,,,,,,,,
"Concessionary travel discretionary enhancements1 by Travel Concession Authority: England outside London, 2011/122",,,,,,,,,,,,,,,,,,,,,,,
,,,,,,,,,,,,,,,,,,,,,,,
Travel Concession Authority,Older people below eligible pension age,Disabled not meeting statutory eligibility criteria,Companions to disabled people,Young people,Unemployed people,Statutory travel time minimum only,Pre 9.30am start,Extension beyond 11pm,Alternatives3 to scheme,Additional modes,Of which,"Trams,
Light rail &
Metro services",National rail services,Ferry services,On-demand transport services,Other modes,,,,,,,
,,,,,,,,,,,,,,,,,,,,,,,
North East,,,,,,,,,,,,,,,,,,,,,,,
Darlington,No,No,Yes,No,No,Yes,No,No,No,No,,No,No,No,No,No,,,,,,,
Durham,No,No,Yes,No,No,No,Yes,No,No,Yes,,No,Yes,No,No,Yes,,,,,,,
Hartlepool,No,No,No,Yes,No,No,Yes,No,No,No,,No,No,No,No,No,,,,,,,
Middlesbrough,No,No,No,Yes,No,No,Yes,No,No,No,,No,No,No,No,No,,,,,,,
Northumberland,No,No,No,No,No,No,Yes,Yes,Yes,No,,No,No,No,No,No,,,,,,,
Redcar and Cleveland,No,No,No,Yes,No,No,Yes,No,No,No,,No,No,No,No,No,,,,,,,
Stockton-on-Tees,No,No,No,Yes,No,No,Yes,No,No,No,,No,No,No,No,No,,,,,,,
Tyne and Wear ITA,No,No,Yes,Yes,No,No,Yes,Yes,No,Yes,,Yes,Yes,Yes,No,No,,,,,,,
North West,,,,,,,,,,,,,,,,
Blackburn with Darwen,No,No,No,No,No,No,Yes,No,No,Yes,,Yes,No,No,No,No
Blackpool,No,No,No,No,No,No,Yes,No,No,Yes,,Yes,No,No,No,No
Cheshire East,No,No,No,No,No,No,Yes,No,No,Yes,,No,No,No,Yes,Yes
Cheshire West and Chester,No,No,No,No,No,No,Yes,No,No,Yes,,No,No,No,Yes,Yes
Cumbria,No,No,Yes,Yes,No,No,Yes,No,No,No,,No,No,No,No,No
Halton,No,No,No,No,No,No,No,Yes,No,Yes,,No,No,No,Yes,No
Lancashire,No,No,No,No,No,No,Yes,No,No,Yes,,Yes,No,No,No,No
Warrington,No,No,Yes,No,No,No,No,Yes,No,Yes,,No,No,No,Yes,No
Greater Manchester ITA,No,No,No,Yes,No,No,No,Yes,Yes,Yes,,Yes,Yes,No,Yes,No
Merseyside ITA,Yes,No,No,Yes,No,No,No,Yes,No,Yes,,No,Yes,Yes,No,No
Yorkshire and The Humber,,,,,,,,,,,,,,,,
East Riding of Yorkshire,No,No,Yes,No,No,Yes,No,No,No,No,,No,No,No,No,No
"Kingston upon Hull, City of",No,No,Yes,Yes,No,Yes,No,No,No,No,,No,No,No,No,No
North East Lincolnshire,No,Yes,Yes,No,No,Yes,No,No,No,Yes,,No,Yes,No,Yes,No
North Lincolnshire,No,No,Yes,Yes,No,No,Yes,Yes,No,Yes,,No,Yes,No,No,No
North Yorkshire,No,No,Yes,No,No,No,Yes,Yes,No,Yes,,no,no,no,Yes,no,
York,No,No,Yes,No,No,No,Yes,Yes,Yes,Yes,,No,No,No,No,Yes,
South Yorkshire ITA,No,No,Yes,Yes,No,No,Yes,Yes,No,Yes,,Yes,Yes,No,No,No,
West Yorkshire ITA,No,No,Yes,Yes,No,No,No,Yes,No,Yes,,No,Yes,No,Yes,No,
East Midlands,,,,,,,,,,,,,,,,,
Derby,No,No,No,Yes,No,Yes,No,No,No,Yes,,No,No,No,Yes,No,
Derbyshire,No,No,No,Yes,No,Yes,No,No,No,Yes,,No,No,No,Yes,No,
Leicester,No,No,No,No,Yes,No,Yes,Yes,No,Yes,,No,Yes,No,Yes,Yes,
Leicestershire,No,No,No,No,No,No,No,Yes,Yes,Yes,,No,No,No,Yes,Yes,
Lincolnshire,No,No,Yes,No,No,No,Yes,Yes,No,No,,No,No,No,No,No,
Northamptonshire,No,No,No,No,No,Yes,No,No,No,No,,No,No,No,No,No,
Nottingham,No,No,No,No,No,No,Yes,No,No,Yes,,Yes,No,No,Yes,No,
Nottinghamshire,No,No,Yes,No,No,Yes,No,No,No,Yes,,Yes,No,No,No,No,
Rutland,No,No,No,No,Yes,Yes,No,No,Yes,Yes,,No,No,No,Yes,No,
West Midlands,,,,,,,,,,,,,,,,,
"Herefordshire, County of",No,No,Yes,No,No,Yes,No,No,No,No,,No,No,No,No,No,
Shropshire,No,No,Yes,No,No,Yes,No,No,No,Yes,,No,No,No,Yes,No
Staffordshire,No,No,Yes,Yes,No,No,Yes,Yes,No,No,,No,No,No,No,No
Stoke-on-Trent,No,No,Yes,No,No,No,Yes,Yes,No,No,,No,No,No,No,No
Telford and Wrekin,No,No,Yes,Yes,No,No,Yes,Yes,Yes,Yes,,No,No,No,Yes,No
Warwickshire,No,No,No,No,No,No,Yes,Yes,No,No,,No,No,No,No,No
Worcestershire,No,No,Yes,No,No,No,Yes,No,No,Yes,,No,No,No,Yes,Yes
West Midlands ITA,No,No,No,Yes,No,No,No,Yes,No,Yes,,Yes,Yes,No,Yes,No
East of England,,,,,,,,,,,,,,,,
Bedford,No,No,Yes,No,Yes,No,Yes,Yes,Yes,No,,No,No,No,No,No
Cambridgeshire,No,No,No,No,No,No,Yes,Yes,No,Yes,,No,No,No,Yes,No
Central Bedfordshire,No,No,Yes,No,No,No,Yes,Yes,No,No,,No,No,No,No,No
Essex,No,No,Yes,No,No,No,Yes,Yes,No,No,,No,No,No,No,No
Hertfordshire,No,No,Yes,No,No,No,Yes,Yes,No,No,,No,No,No,No,No
Luton,No,No,Yes,Yes,Yes,No,Yes,Yes,No,Yes,,No,Yes,No,Yes,No
Norfolk,No,No,No,No,No,Yes,No,No,No,Yes,,No,No,No,Yes,No
Peterborough,No,No,No,No,No,No,No,Yes,No,Yes,,No,No,No,No,Yes
Southend-on-Sea,No,No,Yes,No,No,No,Yes,Yes,No,No,,No,No,No,No,No
Suffolk,No,No,No,No,No,No,Yes,No,Yes,No,,No,No,No,No,No
Thurrock,No,No,Yes,No,No,No,Yes,Yes,No,No,,No,No,No,No,No
South East,,,,,,,,,,,,,,,,
Bracknell Forest,No,No,No,No,No,No,Yes,Yes,Yes,No,,No,No,No,No,No
Brighton and Hove,No,No,No,No,No,No,Yes,Yes,Yes,No,,No,No,No,No,No
Buckinghamshire,No,No,No,Yes,No,No,Yes,No,Yes,No,,No,No,No,No,No
East Sussex,No,No,Yes,No,No,No,Yes,No,No,No,,No,No,No,No,No
Hampshire,No,No,Yes,No,No,No,Yes,Yes,Yes,Yes,,No,No,No,Yes,No
Isle of Wight,No,No,Yes,No,No,No,Yes,Yes,No,No,,No,No,No,No,No
Kent,No,No,Yes,Yes,No,Yes,No,No,No,No,,No,No,No,No,No
Medway,Yes,Yes,Yes,Yes,No,No,Yes,Yes,No,No,,No,No,No,No,No
Milton Keynes,No,No,No,Yes,No,Yes,No,Yes,No,Yes,,No,Yes,No,No,No
Oxfordshire,No,No,Yes,No,No,No,Yes,No,No,Yes,,No,No,No,Yes,No
Portsmouth,No,No,Yes,No,No,Yes,No,No,Yes,No,,No,No,No,No,No
Reading,No,No,No,No,No,Yes,No,No,No,No,,No,No,No,No,No
Slough,No,No,Yes,No,No,No,Yes,Yes,No,No,,No,No,No,No,No
Southampton,No,Yes,Yes,No,No,No,Yes,Yes,No,No,,No,No,No,No,No
Surrey,No,No,Yes,Yes,No,Yes,Yes,Yes,No,No,,No,No,No,No,No
West Berkshire,No,No,Yes,No,No,Yes,No,No,Yes,No,,No,No,No,No,No
West Sussex,No,No,Yes,No,No,No,Yes,Yes,No,No,,No,No,No,No,No
Windsor and Maidenhead,No,No,Yes,No,No,No,Yes,Yes,Yes,No,,No,No,No,No,No
Wokingham,No,No,Yes,No,No,No,Yes,No,Yes,Yes,,No,No,No,No,Yes
South West,,,,,,,,,,,,,,,,
Bath and North East Somerset,No,No,Yes,No,No,No,Yes,Yes,No,Yes,,No,No,No,Yes,No
Bournemouth,No,No,Yes,No,No,Yes,No,No,Yes,No,,No,No,No,No,No
"Bristol, City of",No,No,Yes,No,No,No,Yes,Yes,No,No,,No,No,No,No,No
Cornwall,No,No,No,Yes,No,Yes,No,No,No,Yes,,no,no,no,Yes,no
Devon,No,No,Yes,No,No,Yes,No,Yes,No,No,,No,No,No,No,No
Dorset,No,No,Yes,No,No,No,Yes,Yes,Yes,No,,No,No,No,No,No
Gloucestershire,No,No,Yes,No,No,No,Yes,Yes,No,No,,No,No,No,No,No
Isles of Scilly,No,No,Yes,No,No,No,Yes,No,Yes,Yes,,no,no,Yes,Yes,no
North Somerset,No,No,Yes,No,No,No,Yes,Yes,No,Yes,,No,No,No,Yes,No
Plymouth,No,No,No,No,No,No,Yes,No,No,Yes,,No,No,No,Yes,No
Poole,No,Yes,Yes,No,No,No,Yes,No,Yes,Yes,,No,Yes,No,Yes,Yes
Somerset,No,No,Yes,No,No,No,Yes,No,No,Yes,,no,no,no,Yes,Yes
South Gloucestershire,No,No,Yes,Yes,No,No,Yes,Yes,No,Yes,,No,No,No,Yes,No
Swindon,No,No,Yes,No,No,Yes,No,No,No,No,,No,No,No,No,No
Torbay,No,No,No,No,No,Yes,No,No,No,No,,No,No,No,No,No
Wiltshire,No,No,Yes,No,No,No,Yes,Yes,No,No,,No,No,No,No,No
1. Travel concessions offered at the discretion of the local authority in addition to the English National Concessionary Travel Scheme (ENTCS). The ENTCS offers free local bus travel anywhere in England to eligible older and disabled ,,,,,,,,,,,,,,,,
"people between 9.30am and 11pm on weekdays and at any time at weekends and bank holidays. In some counties, discretions may only be offered in specific districts. Some of the enhancements may only be offered to a specific ",,,,,,,,,,,,,,,,
category of people (e.g. disabled).,,,,,,,,,,,,,,,,
2. The 2011/12 figures are actual (based on Travel Concession Authority schemes) as at June 2011.,,,,,,,,,,,,,,,,
"3. Alternative benefit in place of the statutory minimum (residents have to surrender their rights to free bus travel), e.g. taxi tokens.",,,,,,,,,,,,,,,,
,,,,,,,,,,,,,,,,"Source: DfT Concessionary Travel Survey, TCA websites"
Telephone: 020 7944 4589,,,,,,,,,,,,,,,,Last updated: 15 March 2012
Email: concessionaryfares@dft.gsi.gov.uk,,,,,,,,,,,,,,,,Next update: Spring 2013
The figures in this table are outside the scope of National Statistics,
,
