Department for Transport statistics,,,,,,,,,,
Bus Statistics (http://www.dft.gov.uk/statistics/series/buses/),,,,,,,,,,
Table BUS0802,,,,,,,,,,
"Number of older/disabled concessionary travel passes and bus concessionary journeys1 per pass by metropolitan area status: England, annual from 2010/11",,,,,,,,,,
,,,,,,,Thousands/Number,,,
,,London,English metropolitan areas,English non-metropolitan areas,England,,England excluding London,,,
Number of older/disabled concessionary travel passes (thousands),,,,,,,,,,
2010/11 (outturn),,"1,152","2,284","6,163","9,600",,"8,447",,,
2011/12 (forecast),,"1,134","2,285","6,484","9,903",,"8,769",,,
Average number of bus concessionary journeys per pass,,,,,,,,,,
2010/11 (outturn),,260,136,73,110,,90,,,
2011/12 (forecast),,269,134,71,108,,87,,,
1. Bus journeys by ENCTS pass holders which are subject to reimbursement (statutory and discretionary concessions).,,,,,,,,,,
,,,,,,,Source: DfT Concessionary Travel Survey,,,
Telephone: 020 7944 4589,,,,,,,Last updated: 15 March 2012,,,
Email: concessionaryfares@dft.gsi.gov.uk,,,,,,,Next update: Spring 2013,,,
The figures in this table are outside the scope of National Statistics
