Department for Transport statistics,,,,,,,,,,
Bus Statistics (http://www.dft.gov.uk/statistics/series/buses/),,,,,,,,,,
Table BUS0803a,,,,,,,,,,
"Reimbursement (at 2011/12 prices1) of bus operators for concessionary travel by older/disabled people2 and reimbursement per journey by metropolitan area status: England, annual from 2010/11",,,,,,,,,,
,,,,,,,� millions/pence,,,
,,London,English metropolitan areas,English non-metropolitan areas,England,,England excluding London,,,
Total reimbursement of bus operators for concessionary travel by older/disabled people (� millions),,,,,,,,,,
2010/11 (outturn),,197,265,444,906,,709,,,
2011/12 (forecast),,211,258,418,888,,677,,,
Percentage change,,7.1,-2.6,-5.8,-2.0,,-4.6,,,
Average reimbursement per journey (pence),,,,,,,,,,
2010/11 (outturn),,66,85,99,86,,94,,,
2011/12 (forecast),,69,84,91,83,,89,,,
Percentage change,,5.2,-0.9,-7.9,-3.0,,-5.2,,,
1. Adjusted for inflation using GDP deflator (as at 22 December 2011).,,,,,,,,,,
2. Reimbursement of bus journeys made by ENCTS pass holders (statutory and discretionary).,,,,,,,,,,
,,,,,,,"Source: DfT Concessionary Travel Survey, HM Treasury GDP deflator"
Telephone: 020 7944 4589,,,,,,,Last updated: 15 March 2012
Email: concessionaryfares@dft.gsi.gov.uk,,,,,,,Next update: Spring 2013
The figures in this table are outside the scope of National Statistics,,,,,,,
