Department for Transport statistics,,,,,,,,
Rail Statistics (https://www.gov.uk/government/organisations/department-for-transport/series/rail-statistics),,,,,,,,
,,,,,,,,
Table RAI0215,,,,,,,,
Peak crowding on a typical autumn weekday in London by terminal and train operator: 2011,,,,,,,,
Percentage of passengers in excess of capacity (PiXC) and passengers standing; 3 hour peaks; all franchised operators,,,,,,,,
,,,,,,,,"Number, percentage"
,,AM peak arrivals (07:00-09:59),,,,PM peak departures (16:00-18:59),,
Terminal,Train operator,Number of services,PiXC1,Passengers standing1,,Number of services,PiXC1,Passengers standing1
"Blackfriars (via Elephant and Castle)2,3",First Capital Connect,16,7%,22%,,17,1%,3%
,Southeastern,18,3%,18%,,13,0%,8%
,Total,34,5%,20%,,30,1%,6%
Euston,London Midland,25,3%,17%,,24,11%,19%
,London Overground,9,0%,48%,,9,0%,41%
,Virgin Trains,28,0%,0%,,32,1%,1%
,Total,62,2%,16%,,65,7%,16%
Fenchurch Street,c2c,48,4%,21%,,44,1%,11%
,Total,48,4%,21%,,44,1%,11%
King's Cross,East Coast,14,0%,0%,,16,0%,0%
,First Capital Connect,34,2%,5%,,34,1%,2%
,Total,48,1%,4%,,50,1%,2%
Liverpool Street,"National Express East Anglia4,5",154,5%,16%,,150,3%,9%
,Total,154,5%,16%,,150,3%,9%
London Bridge3,First Capital Connect,3,0%,19%,,5,2%,21%
,Southeastern6,128,1%,21%,,128,0%,11%
,Southern,77,7%,29%,,69,2%,18%
,Total,208,3%,24%,,202,1%,13%
Marylebone,Chiltern Railways4,43,5%,8%,,46,1%,5%
,Total,43,5%,8%,,46,1%,5%
Moorgate,First Capital Connect,32,4%,21%,,31,2%,16%
,Total,32,4%,21%,,31,2%,16%
Paddington,"First Great Western7,R",66,11%,18%,,60,9%,15%
,TotalR,66,11%,18%,,60,9%,15%
"St. Pancras International2,3",East Midlands Trains,13,11%,11%,,15,10%,11%
,First Capital Connect,35,2%,17%,,36,1%,10%
,Southeastern,19,1%,1%,,19,0%,0%
,Total,67,3%,13%,,70,2%,8%
Victoria,Southeastern,41,1%,7%,,38,0%,3%
,Southern8,85,4%,23%,,88,1%,13%
,Total,126,3%,18%,,126,1%,10%
Waterloo,South West Trains,148,4%,29%,,149,2%,22%
,Total,148,4%,29%,,149,2%,22%
London totalR,,"1,036",4%,20%,,"1,023",2%,13%

"R  First Great Western, Paddington and London total PiXC and passengers standing figures were revised in December 2012. Details of this revision can be found in the",,,,,,,,
    correction note on the publication release page at the following link:,,,,,,,,
    https://www.gov.uk/government/publications/rail-passenger-numbers-and-crowding-on-weekdays-in-major-cities-in-england-and-wales-2011,,,,,,,,

1  As a percentage of standard class critical load. See Notes and definitions for more information.,,,,,,,,
2  Services run jointly by First Capital Connect and Southeastern are included in the First Capital Connect figures at St Pancras and the Southeastern figures at Blackfriars.,,,,,,,,
"3  For Thameslink services travelling through London, arrivals are included in the figures for the first terminal a service calls at and departures in the figures for the last",,,,,,,,
    terminal called at.,,,,,,,,
4  Figures are based on only one manual count per service.,,,,,,,,
5  Includes six services that terminate at Stratford (AM) and five services that start at Stratford (PM).,,,,,,,,
6  Services to and from Charing Cross and Cannon Street are included in the London Bridge figures.,,,,,,,,
7  Includes Heathrow Connect services.,,,,,,,,
8  Includes Gatwick Express services.,,,,,,,,
,,,,,,,,Source: Passenger counts; Department for Transport and Transport for London
Telephone: 020 7944 2419,,,,,,,,
Email: rail.stats@dft.gsi.gov.uk,,,,,,,,Last updated: 5 July 2012
,,,,,,,,Revised: 6 December 2012
Notes and definitions (https://www.gov.uk/government/uploads/system/uploads/attachment_data/file/9078/rail-notes-definitions.pdf),,,,,,,,Next updated: July 2013

The figures in this table are outside the scope of National Statistics,,,,,,,,
