Department for Transport statistics,,,,,,,,,,,,,,,
Rail Statistics (https://www.gov.uk/government/organisations/department-for-transport/series/rail-statistics),,,,,,,,,,,,,,,
,,,,,,,,,,,,,,,
Table RAI0201,,,,,,,,,,,,,,,
"City centre1 peak and all day arrivals and departures by rail on a typical autumn weekday, by city: 2011",,,,,,,,,,,,,,,
"Numbers of train services, seats and passengers on services on arrival and departure from city centre; all franchised operators",,,,,,,,,,,,,,,
,,,,,,,,,,,,,,,Number
,AM peak arrivals (07:00-09:59),,,,All day arrivals,,,,PM peak departures (16:00-18:59),,,,All day departures,,
,Number of services,Total seats2,Passengers2,,Number of services,Total seats2,Passengers2,,Number of services,Total seats2,Passengers2,,Number of services,Total seats2,Passengers2
Birmingham3,177,"47,175","35,653",,934,"249,260","107,402",,186,"48,934","39,757",,936,"250,264","107,232"
Bristol4,52,"13,077","7,923",,264,"65,242","26,169",,52,"12,345","8,938",,258,"63,886","26,349"
Cardiff5,113,"19,869","10,981",,614,"105,870","33,119",,115,"19,971","12,104",,615,"106,496","33,203"
Leeds,109,"25,965","23,262",,580,"133,870","64,841",,114,"26,822","24,432",,568,"131,842","63,865"
Leicester,38,"11,520","5,353",,202,"56,669","24,968",,37,"10,734","6,120",,200,"56,625","24,794"
Liverpool6,126,"29,127","20,226",,697,"144,554","64,437",,136,"29,429","21,835",,696,"142,996","61,433"
"London7,R","1,029","545,692","532,372",,"4,741","2,122,210","969,665",,"1,018","528,898","443,380",,"4,753","2,103,879","945,124"
Manchester8,176,"35,975","27,227",,921,"183,284","85,223",,182,"37,263","29,719",,918,"183,758","83,755"
Newcastle,32,"9,911","4,201",,195,"54,177","20,453",,38,"9,789","5,729",,192,"53,497","20,502"
Nottingham,34,"6,975","3,893",,211,"42,202","14,774",,40,"7,563","4,611",,207,"41,392","14,434"
Sheffield,58,"11,194","6,380",,344,"63,271","29,199",,62,"11,282","8,611",,344,"63,104","29,888"
,,,,,,,,,,,,,,,
London by station9,,,,,,,,,,,,,,,
   Elephant and Castle (for Blackfriars),34,"18,574","19,009",,123,"64,922","27,412",,30,"16,152","11,432",,117,"61,027","19,096"
   Euston,62,"28,186","24,782",,307,"113,354","62,381",,65,"29,033","24,251",,309,"113,338","63,919"
   Fenchurch Street,48,"26,320","24,910",,170,"72,520","33,544",,44,"25,200","20,197",,169,"71,120","31,886"
   King's Cross,48,"26,887","18,880",,215,"97,302","44,574",,50,"27,374","18,760",,220,"96,807","45,235"
   Liverpool Street10,148,"91,625","64,455",,651,"342,650","103,393",,145,"89,883","56,405",,633,"328,370","103,702"
   London Bridge11,208,"120,177","141,406",,895,"425,168","227,271",,202,"111,982","108,129",,921,"436,865","209,645"
   Marylebone10,43,"13,324","12,528",,171,"45,500","21,985",,46,"12,368","9,925",,175,"45,148","21,129"
   Old Street (for Moorgate),31,"13,920","14,623",,109,"43,848","19,565",,31,"14,384","10,288",,105,"42,224","15,937"
"   Paddington12,R",66,"25,913","23,884",,298,"107,728","58,151",,60,"24,518","22,282",,296,"106,994","59,549"
   St. Pancras International,67,"34,727","27,005",,339,"148,355","56,494",,70,"34,983","23,288",,344,"149,345","54,959"
   Victoria13,126,"66,427","57,511",,710,"307,125","118,605",,126,"66,154","50,634",,711,"305,554","115,407"
   Vauxhall (for Waterloo),148,"79,612","103,380",,753,"353,738","196,289",,149,"76,867","87,790",,753,"347,087","204,660"
London totalR,"1,029","545,692","532,372",,"4,741","2,122,210","969,665",,"1,018","528,898","443,380",,"4,753","2,103,879","945,124"
,,,,,,,,,,,,,,,
R  Total seats figures for London Paddington and London were revised in December 2012. Details of this revision can be found in the correction note on the publication release page at the following link:,,,,,,,,,,,,,,,
    https://www.gov.uk/government/publications/rail-passenger-numbers-and-crowding-on-weekdays-in-major-cities-in-england-and-wales-2011,,,,,,,,,,,,,,,
,,,,,,,,,,,,,,,
"1  Arrivals and departures at the city centre station. For cities with more than one station in the city centre, arrivals are counted at the first station a service calls at and departures on departure from the last station called at.",,,,,,,,,,,,,,,
2  Includes standard and first class.,,,,,,,,,,,,,,,
"3  Moor Street, New Street and Snow Hill. The number of passengers is recorded at Jewellery Quarter rather than Snow Hill for London Midland services.",,,,,,,,,,,,,,,
4  Temple Meads.,,,,,,,,,,,,,,,
5  Cardiff Central and Queen Street.,,,,,,,,,,,,,,,
"6  Liverpool Central, Lime Street, Moorfields and James Street.",,,,,,,,,,,,,,,
7  All stations in Zone 1 of the Transport for London (TfL) travelcard area.,,,,,,,,,,,,,,,
"8  Oxford Road, Piccadilly and Victoria.",,,,,,,,,,,,,,,
"9  Central London is defined as Zone 1 of the TfL travelcard area. The stations listed are the first station on each route within Zone 1. Where this is not a terminal, the terminal on that route is listed in brackets.",,,,,,,,,,,,,,,
10  Figures are based on only one manual count per service.,,,,,,,,,,,,,,,
11  Services to and from Charing Cross and Cannon Street are included in the London Bridge figures.,,,,,,,,,,,,,,,
12  Includes Heathrow Connect services.,,,,,,,,,,,,,,,
13  Includes Gatwick Express services.,,,,,,,,,,,,,,,
,,,,,,,,,,,,,,,"Source: Passenger counts; Department for Transport, Merseytravel and Transport for London"
Telephone: 020 7944 2419,,,,,,,,,,,,,,,
Email: rail.stats@dft.gsi.gov.uk,,,,,,,,,,,,,,,Last updated: 5 July 2012
,,,,,,,,,,,,,,,Revised: 6 December 2012
Notes and definitions (https://www.gov.uk/government/uploads/system/uploads/attachment_data/file/9078/rail-notes-definitions.pdf),,,,,,,,,,,,,,,Next updated: July 2013

The figures in this table are outside the scope of National Statistics,,,,,,,,,,,,,,,
