Department for Transport statistics,,,,,,,,,,,,,,,,,,
Rail Statistics (https://www.gov.uk/government/organisations/department-for-transport/series/rail-statistics),,,,,,,,,,,,,,,,,,
,,,,,,,,,,,,,,,,,,
Table RAI0212,,,,,,,,,,,,,,,,,,
"Peak rail capacity, standard class critical loads and crowding on a typical autumn weekday by city: 2011",,,,,,,,,,,,,,,,,,
"Service provision, standard class critical loads, passengers in excess of capacity (PiXC) and passengers standing; 3 hour peaks and 1 hour peaks; all franchised operators",,,,,,,,,,,,,,,,,,
,,,,,,,,,,,,,,,,,,"Number, percentage"
,,Service provision,,,,,,Passengers in excess of capacity (PiXC),,,Passengers standing,,,Services with PiXC,,,Services with passengers standing,
,,Number of services,Standard class seats,Standard class capacity1,,Standard class critical load2,,Number,Per cent3,,Number,Per cent3,,Number,Per cent4,,Number,Per cent4
AM peak arrivals (07:00-09:59)5,,,,,,,,,,,,,,,,,,
Birmingham,1 hour peak,67,"17,963","25,009",,"19,106",,"1,023",5%,,"3,397",18%,,15,22%,,31,46%
,3 hour peak,177,"44,186","61,298",,"36,769",,"1,149",3%,,"4,724",13%,,21,12%,,54,31%
Bristol,1 hour peak,18,"4,251","5,361",,"3,657",,62,2%,,256,7%,,3,17%,,6,33%
,3 hour peak,52,"11,807","14,915",,"8,010",,62,1%,,306,4%,,3,6%,,9,17%
Cardiff,1 hour peak,42,"7,671","9,899",,"5,862",,84,1%,,479,8%,,4,10%,,13,31%
,3 hour peak,113,"18,832","24,188",,"11,467",,84,1%,,598,5%,,4,4%,,20,18%
Leeds,1 hour peak,43,"10,389","14,242",,"11,726",,335,3%,,"2,147",18%,,14,33%,,34,79%
,3 hour peak,109,"24,677","33,535",,"22,949",,495,2%,,"3,103",14%,,17,16%,,59,54%
Leicester,1 hour peak,13,"3,191","3,843",,"2,113",,29,1%,,44,2%,,1,8%,,2,15%
,3 hour peak,38,"9,227","11,026",,"4,869",,29,1%,,54,1%,,1,3%,,3,8%
Liverpool,1 hour peak,47,"11,759","18,253",,"10,467",,21,0%,,503,5%,,1,2%,,12,26%
,3 hour peak,126,"28,648","44,545",,"21,132",,23,0%,,832,4%,,2,2%,,18,14%
London6,1 hour peak,404,"221,778","317,421",,"288,256",,"16,028",6%,,"75,874",26%,,149,37%,,317,78%
,3 hour peak,"1,036","519,772","751,281",,"581,292",,"23,019",4%,,"117,886",20%,,242,23%,,630,61%
Manchester,1 hour peak,68,"14,595","20,328",,"15,226",,333,2%,,"2,482",16%,,12,18%,,38,56%
,3 hour peak,176,"34,447","48,051",,"29,881",,485,2%,,"4,050",14%,,20,11%,,71,40%
Newcastle,1 hour peak,14,"2,825","3,479",,"1,926",,7,0%,,138,7%,,1,7%,,5,36%
,3 hour peak,32,"8,251","9,543",,"3,769",,7,0%,,158,4%,,1,3%,,6,19%
Nottingham,1 hour peak,14,"2,750","3,568",,"1,985",,0,0%,,32,2%,,0,0%,,3,21%
,3 hour peak,34,"6,358","7,986",,"3,818",,0,0%,,32,1%,,0,0%,,3,9%
Sheffield,1 hour peak,21,"3,416","4,623",,"2,961",,124,4%,,285,10%,,2,10%,,9,43%
,3 hour peak,58,"10,167","13,097",,"6,508",,139,2%,,388,6%,,3,5%,,14,24%
PM peak departures (16:00-18:59)7,,,,,,,,,,,,,,,,,,
Birmingham,1 hour peak,69,"17,496","24,068",,"16,388",,160,1%,,"1,839",11%,,6,9%,,30,43%
,3 hour peak,186,"45,704","62,548",,"39,803",,442,1%,,"3,613",9%,,16,9%,,65,35%
Bristol,1 hour peak,19,"4,311","5,408",,"3,922",,17,0%,,288,7%,,1,5%,,9,47%
,3 hour peak,52,"11,104","13,960",,"9,666",,80,1%,,688,7%,,4,8%,,23,44%
Cardiff,1 hour peak,40,"6,990","9,115",,"5,411",,44,1%,,417,8%,,4,10%,,10,25%
,3 hour peak,115,"18,912","24,572",,"12,532",,54,0%,,584,5%,,6,5%,,20,17%
Leeds,1 hour peak,40,"9,695","13,601",,"10,481",,234,2%,,"1,632",16%,,7,18%,,28,70%
,3 hour peak,114,"25,395","34,714",,"23,989",,355,1%,,"2,803",12%,,12,11%,,59,52%
Leicester,1 hour peak,13,"3,229","3,847",,"2,151",,35,2%,,71,3%,,1,8%,,3,23%
,3 hour peak,37,"8,596","10,200",,"5,516",,35,1%,,112,2%,,1,3%,,6,16%
Liverpool,1 hour peak,48,"10,711","16,632",,"9,318",,12,0%,,556,6%,,1,2%,,16,33%
,3 hour peak,136,"28,805","44,654",,"22,458",,89,0%,,"1,297",6%,,4,3%,,33,24%
London6,1 hour peak,372,"190,452","273,186",,"199,103",,"5,462",3%,,"27,613",14%,,62,17%,,194,52%
,3 hour peakR,"1,023","503,783","731,997",,"490,093",,"11,127",2%,,"63,362",13%,,129,13%,,452,44%
Manchester,1 hour peak,65,"12,515","17,367",,"13,270",,486,4%,,"2,229",17%,,14,22%,,39,60%
,3 hour peak,182,"35,118","49,213",,"31,888",,796,2%,,"4,201",13%,,24,13%,,82,45%
Newcastle,1 hour peak,14,"2,920","3,581",,"2,057",,0,0%,,85,4%,,0,0%,,2,14%
,3 hour peak,38,"8,364","10,100",,"5,211",,0,0%,,210,4%,,0,0%,,4,11%
Nottingham,1 hour peak,14,"2,367","3,092",,"1,780",,0,0%,,57,3%,,0,0%,,2,14%
,3 hour peak,40,"7,017","8,880",,"4,535",,13,0%,,121,3%,,1,3%,,3,8%
Sheffield,1 hour peak,22,"3,577","4,441",,"3,712",,85,2%,,479,13%,,5,23%,,14,64%
,3 hour peak,62,"10,298","12,865",,"8,696",,100,1%,,647,7%,,7,11%,,21,34%

"R  London 3 hour PM peak service provision, PiXC and passengers standing figures were revised in December 2012. Details of this revision can be found in the correction note on the publication release page at the following",,,,,,,,,,,,,,,,,,
    link: https://www.gov.uk/government/publications/rail-passenger-numbers-and-crowding-on-weekdays-in-major-cities-in-england-and-wales-2011,,,,,,,,,,,,,,,,,,
,,,,,,,,,,,,,,,,,,
"1  Includes standard class seats and, where permissible, an allowance for standing passengers.",,,,,,,,,,,,,,,,,,
2  The sum of the number of standard class passengers on each service at the point of highest load.  This represents the highest number of passengers that needed to be accommodated.,,,,,,,,,,,,,,,,,,
3  As a percentage of standard class critical load.,,,,,,,,,,,,,,,,,,
4  As a percentage of total number of services.,,,,,,,,,,,,,,,,,,
5  The 3 hour AM peak is between 07:00 and 09:59. The 1 hour AM peak is the high peak hour between 08:00 and 08:59.,,,,,,,,,,,,,,,,,,
6  See table RAI0213 for a more detailed breakdown of London figures by terminal.,,,,,,,,,,,,,,,,,,
7  The 3 hour PM peak is between 16:00 and 18:59. The 1 hour PM peak is the high peak hour between 17:00 and 17:59.,,,,,,,,,,,,,,,,,,

Telephone: 020 7944 2419,,,,,,,,,,,,,,,,,,"Source: Passenger counts; Department for Transport, Merseytravel and Transport for London"
Email: rail.stats@dft.gsi.gov.uk,,,,,,,,,,,,,,,,,,
,,,,,,,,,,,,,,,,,,Last updated: 5 July 2012
Notes and definitions (https://www.gov.uk/government/uploads/system/uploads/attachment_data/file/9078/rail-notes-definitions.pdf),,,,,,,,,,,,,,,,,,Revised: 6 December 2012
,,,,,,,,,,,,,,,,,,Next updated: July 2013
The figures in this table are outside the scope of National Statistics,,,,,,,,,,,,,,,,,,
