Department for Transport statistics,,,,,,,,
Rail Statistics (https://www.gov.uk/government/organisations/department-for-transport/series/rail-statistics),,,,,,,,
,,,,,,,,
Table RAI0214,,,,,,,,
Peak crowding on a typical autumn weekday by city and train operator: 2011,,,,,,,,
Percentage of passengers in excess of capacity (PiXC) and passengers standing; 3 hour peaks; all franchised operators,,,,,,,,
,,,,,,,,"Number, percentage"
,,3 hour AM peak (07:00-09:59),,,,3 hour PM peak (16:00-18:59),,
City,Train operator,Number of services,PiXC1,Passengers standing1,,Number of services,PiXC1,Passengers standing1
Birmingham,Arriva Trains Wales,6,0%,5%,,6,0%,1%
,Chiltern Railways2,8,0%,13%,,8,0%,1%
,CrossCountry,36,1%,5%,,42,1%,6%
,London Midland,112,4%,16%,,115,1%,12%
,Virgin Trains,15,0%,0%,,15,0%,1%
,Total,177,3%,13%,,186,1%,9%
Bristol,CrossCountry,9,0%,0%,,10,1%,2%
,First Great Western,42,1%,5%,,42,1%,8%
,South West Trains,1,*,*,,0,..,..
,Total,52,1%,4%,,52,1%,7%
Cardiff,Arriva Trains Wales,95,1%,6%,,97,1%,6%
,CrossCountry,3,0%,0%,,3,0%,0%
,First Great Western,15,0%,0%,,15,0%,0%
,Total,113,1%,5%,,115,0%,5%
Leeds,CrossCountry,4,0%,0%,,8,1%,5%
,East Coast,6,0%,0%,,6,0%,0%
,First TransPennine Express,22,5%,22%,,25,2%,18%
,Northern Rail,77,1%,13%,,75,1%,12%
,Total,109,2%,14%,,114,1%,12%
Leicester,CrossCountry,10,0%,0%,,10,0%,0%
,East Midlands Trains,28,1%,1%,,27,1%,2%
,Total,38,1%,1%,,37,1%,2%
Liverpool,East Midlands Trains,2,*,*,,3,0%,0%
,First TransPennine Express,3,0%,0%,,3,0%,18%
,London Midland,6,0%,0%,,6,0%,0%
,Merseyrail2,90,0%,4%,,95,0%,4%
,Northern Rail,23,0%,4%,,26,2%,15%
,Virgin Trains,2,*,*,,3,0%,0%
,Total,126,0%,4%,,136,0%,6%
London3,c2c,48,4%,21%,,44,1%,11%
,Chiltern Railways2,43,5%,8%,,46,1%,5%
,East Coast,14,0%,0%,,16,0%,0%
,East Midlands Trains,13,11%,11%,,15,10%,11%
,First Capital Connect,120,3%,16%,,123,1%,9%
,First Great WesternR,66,11%,18%,,60,9%,15%
,London Midland,25,3%,17%,,24,11%,19%
,London Overground,9,0%,48%,,9,0%,41%
,National Express East Anglia2,154,5%,16%,,150,3%,9%
,South West Trains,148,4%,29%,,149,2%,22%
,Southeastern,206,1%,18%,,198,0%,9%
,Southern,162,6%,25%,,157,2%,15%
,Virgin Trains,28,0%,0%,,32,1%,1%
,TotalR,"1,036",4%,20%,,"1,023",2%,13%
Manchester,Arriva Trains Wales,7,8%,9%,,7,0%,3%
,CrossCountry,6,0%,1%,,6,0%,8%
,East Midland Trains,6,0%,11%,,6,3%,15%
,First TransPennine Express,37,2%,25%,,38,3%,22%
,Northern Rail,115,1%,11%,,116,3%,12%
,Virgin Trains,5,0%,0%,,9,0%,0%
,Total,176,2%,14%,,182,2%,13%
Newcastle,CrossCountry,7,0%,4%,,9,0%,0%
,East Coast,11,0%,0%,,9,0%,0%
,First TransPennine Express,2,*,*,,3,0%,25%
,Northern Rail,12,1%,8%,,17,0%,4%
,Total,32,0%,4%,,38,0%,4%
Nottingham,CrossCountry,5,0%,0%,,6,0%,0%
,East Midlands Trains,26,0%,1%,,31,0%,3%
,Northern Rail,3,0%,0%,,3,0%,0%
,Total,34,0%,1%,,40,0%,3%
Sheffield,CrossCountry,12,8%,8%,,12,0%,0%
,East Midlands Trains,11,0%,5%,,12,0%,3%
,First TransPennine Express,5,0%,1%,,6,2%,12%
,Northern Rail,30,0%,7%,,32,2%,12%
,Total,58,2%,6%,,62,1%,7%
,,,,,,,,

"* Due to the confidentiality of the passenger counts for individual services, figures are not shown in instances where they would be based on",,,,,,,,
  fewer than three services.,,,,,,,,
,,,,,,,,
R  First Great Western and London total PiXC and passengers standing figures were revised in December 2012. Details of this revision can be found,,,,,,,,
    in the correction note on the publication release page at the following link:,,,,,,,,
    https://www.gov.uk/government/publications/rail-passenger-numbers-and-crowding-on-weekdays-in-major-cities-in-england-and-wales-2011,,,,,,,,
,,,,,,,,
1  As a percentage of standard class critical load. See Notes and definitions for more information.,,,,,,,,
2  Figures are based on only one manual count per service.,,,,,,,,
3  See table RAI0215 for a more detailed breakdown of London figures by terminal.,,,,,,,,
,,,,,,,,
Notes and definitions (https://www.gov.uk/government/uploads/system/uploads/attachment_data/file/9078/rail-notes-definitions.pdf),,,,,,,,
,,,,,,,,
,,,,,,,,"Source: Passenger counts; Department for Transport, Merseytravel and Transport for London"

Telephone: 020 7944 2419,,,,,,,,Last updated: 5 July 2012
Email: rail.stats@dft.gsi.gov.uk,,,,,,,,Revised: 6 December 2012
,,,,,,,,Next updated: July 2013
The figures in this table are outside the scope of National Statistics,,,,,,,,
