Department for Transport statistics,,,,,,,
Public attitudes statistics,,,,,,,
,,,,,,,
Table ATT0425,,,,,,,
How long distance travellers might change train usage if such improvements ,,,,,,,
"(ATT0424) were made, 2012",,,,,,,
,,,,,,,
,Long distance travellers who do not use trains (frequently)1,,,,,,
Every day,-,,,,,,
2-5 days a week,2%,,,,,,
About once a week,5%,,,,,,
About once a month,31%,,,,,,
Less than once a month,53%,,,,,,
Never,9%,,,,,,
Base count, 284 ,,,,,,
,,,,,,,
Telephone: 020 7944 6203,,,,,,,
Email: rail.stats@dft.gsi.gov.uk ,,,,,,,
,,,,,,,
"Source: April 2012, Office for National Statistics Opinions omnibus survey",,,,,,,
Last updated: April 2012,,,,,,,
,,,,,,,
- Negligible (less than half final figure shown),,,,,,,
,,,,,,,
"1. Made at least one long distance journeys in last 12 months, but used train",,,,,,,
for less than half of these trips. A long distance journey is one of more than 50 miles.,,,,,,,
Excludes Eurostar.,,,,,,,
,,,,,,,
,,,,,,,
,,,,,,,
,,,,,,,
,,,,,,,
,,,,,
,,,,,
,,,,,

,,,,,
