Department for Transport statistics,,,,,,,,,,,,
Public attitudes statistics,,,,,,,,,,,,
,,,,,,,,,,,,
Table ATT0411,,,,,,,,,,,,
"Basis for reasoning of attitudinal responses, 2012",,,,,,,,,,,,
,,,,,,,,,,,,
,Train users,Non-users,,,,,,,,,,
Personal experience of service,95%,51%,,,,,,,,,,
Info from friends/family/colleagues,38%,57%,,,,,,,,,,
Info from the Internet,17%,7%,,,,,,,,,,
Info from local press/newspapers,8%,15%,,,,,,,,,,
Info from TV,7%,19%,,,,,,,,,,
Info from national press/newspapers,7%,10%,,,,,,,,,,
Info from radio,3%,4%,,,,,,,,,,
Other information,1%,7%,,,,,,,,,,
Total, 552 , 509 ,,,,,,,,,,
,,,,,,,,,,,,
Telephone: 020 7944 6203,,,,,,,,,,,,
Email: rail.stats@dft.gsi.gov.uk ,,,,,,,,,,,,
,,,,,,,,,,,,
"Source: April 2012, Office for National Statistics Opinions omnibus survey",,,,,,,,,,,,
Last updated: April 2012,,,,,,,,,,,,
,,,,,,,,,,,,
Note: respondents were able to provide more than one answer so results may ,,,,,,,,,,,,
sum to more than 100%,,,,,,,,,,,,
,,,,,,,,,,,,
,,,,,,,,,,,,
,,,,,,,,,,,,
,,,,,,,,,,,,
,,,,,,,,,,,,
,,,,,,,,,,,,
,,,,,,,,,,,,
,,,,,,,,,,
,,,,,,,,,,
,,,,,,,,,,
,,,,,,,,,,
,,,,,,,,,,
,,,,,,,,,,
,,,,,,,,,,
,,,,,,,,,,

,,,,,,,,,,
