Department for Transport statistics,,,,,,,,,,,
Public attitudes statistics,,,,,,,,,,,
,,,,,,,,,,,
Table ATT0408,,,,,,,,,,,
"Change in short distance train use over previous 12 months, 20121",,,,,,,,,,,
,,,,,,,,,,,
,All train users,,,,,,,,,,
Increased a lot,2%,,,,,,,,,,
Increased a little,11%,,,,,,,,,,
Stayed the same,73%,,,,,,,,,,
Decreased a little,9%,,,,,,,,,,
Decreased a lot,5%,,,,,,,,,,
Fluctuated over the year,1%,,,,,,,,,,
Base count:, 551 ,,,,,,,,,,
,,,,,,,,,,,
Telephone: 020 7944 6203,,,,,,,,,,,
Email: rail.stats@dft.gsi.gov.uk ,,,,,,,,,,,
,,,,,,,,,,,
"Source: April 2012, Office for National Statistics Opinions omnibus survey",,,,,,,,,,,
Last updated: April 2012,,,,,,,,,,,
,,,,,,,,,,,
1. A short distance journey is a journey of 50 miles or less. Excludes ,,,,,,,,,,,
"Underground services, light rail/tram and specialist trains such as steam",,,,,,,,,,,
"railways, but  includes London Overground.",,,,,,,,,,,
,,,,,,,,,,,
,,,,,,,,,,,
,,,,,,,,,,,
,,,,,,,,,,,
,,,,,,,,,,,
,,,,,,,,,,,
,,,,,,,,,,,
,,,,,,,,,,,
,,,,,,,,,
,,,,,,,,,
,,,,,,,,,
,,,,,,,,,
,,,,,,,,,
,,,,,,,,,
,,,,,,,,,

,,,,,,,,,
