Department for Transport statistics,,,,,,,,
Public attitudes statistics,,,,,,,,
,,,,,,,,
ATT0414,,,,,,,,
"Improvements to encourage infrequent users to use short distance train services (more often), 20121",,,,,,,,
,,,,,,,,
Features ,Never use/use less than once a month,,,,,,,
Cheaper fares,43%,,,,,,,
Nothing would encourage me to use trains,35%,,,,,,,
Railway station nearer to home/destination,17%,,,,,,,
More frequent trains,12%,,,,,,,
Easier/better/cheaper parking facilities at stations,7%,,,,,,,
More routes,7%,,,,,,,
Less crowded trains,6%,,,,,,,
Improved condition/comfort of trains,6%,,,,,,,
More reliable/punctual trains,5%,,,,,,,
Better information about train services,4%,,,,,,
Better safety at railway stations,3%,,,,,,
Better bus links to/from stations,2%,,,,,,
Faster journey times,2%,,,,,,
Other,7%,,,,,,
Base count, 889 ,,,,,,

Telephone: 020 7944 6203,,,,,,,
Email: rail.stats@dft.gsi.gov.uk ,,,,,,,
"Source: April 2012, Office for National Statistics Opinions omnibus survey",,,,,,,

Note: respondents were able to provide more than one answer so results may sum to more than 100%,,,,,,,
"1. A short distance journey is a journey of 50 miles or less. Excludes Underground services,",,,,,,,
" light rail/tram and specialist trains such as steam railways, but  includes London Overground.",,,,,,,
