Department for Transport statistics,,,,,,,,,,,,
Public attitudes statistics,,,,,,,,,,,,
,,,,,,,,,,,,
Table ATT0402,,,,,,,,,,,,
"Time taken to walk/get bus to nearest railway station, 20121, 2",,,,,,,,,,,,
,,,,,,,,,,,,
,All rail users,Non-users,All,,,,,,,,,
Walk to nearest railway station,,,,,,,,,,,,
6 minutes or less,14%,7%,11%,,,,,,,,,
7-13 minutes,21%,12%,17%,,,,,,,,,
14-26 minutes,27%,25%,26%,,,,,,,,,
27-43 minutes,15%,21%,18%,,,,,,,,,
44 minutes or longer,23%,35%,28%,,,,,,,,,
Base count:,551,513,"1,064",,,,,,,,,
Get to nearest railway station by bus,,,,,,,,,,,,
6 minutes or less,18%,18%,18%,,,,,,,,,
7-13 minutes,23%,22%,23%,,,,,,,,
14-26 minutes,22%,22%,22%,,,,,,,,
27-43 minutes,12%,17%,14%,,,,,,,,
44 minutes or longer,5%,9%,7%,,,,,,,,
No bus services to station,21%,12%,17%,,,,,,,,
Base count, 517 , 486 ," 1,003 ",,,,,,,,
,,,,,,,,,,,
Telephone: 020 7944 6203,,,,,,,,,,,
Email: rail.stats@dft.gsi.gov.uk ,,,,,,,,,,,
,,,,,,,,,,,
"Source: April 2012, Office for National Statistics Opinions omnibus survey",,,,,,,,,,,
Last updated: April 2012,,,,,,,,,,,
,,,,,,,,,,,
1. Walking time is  based on 'the average person' not the respondent.,,,,,,,,,,,
2. Does not include underground station or specialist tourist staions such as steam railways.,,,,,,,,,,,
,,,,,,,,,,,
* Sample size is too small for reliable estimate,,,,,,,,,
Excludes 'don't know responses',,,,,,,,,
,,,,,,,,,
,,,,,,,,,
,,,,,,,,,
,,,,,,,,,
,,,,,,,,,
,,,,,,,,,
,,,,,,,,,
,,,,,,,,,
,,,,,,,,,
,,,,,,,,,
,,,,,,,,,
,,,,,,,,,
,,,,,,,,,
,,,,,,,,,

,,,,,,,,,,,,
