Department for Transport statistics,,,,,,,,,,,,,,,
Public attitudes statistics,,,,,,,,,,,,,,,
,,,,,,,,,,,,,,,
ATT0427,,,,,,,,,,,,,,,
"Ratings of ticket features, 2012",,,,,,,,,,,,,,,
,,,,,,,,,,,,,,,
,Very good,Fairly good,Neither good or poor,Fairly poor,Very poor,Don't know,,,,,,,,,
Users (280),,,,,,,,,,,,,,,
The information available about tickets,20%,41%,15%,18%,5%,2%,,,,,,,,,
The range of tickets available,11%,38%,26%,16%,6%,2%,,,,,,,,,
The ease of purchasing tickets,28%,50%,14%,5%,4%,-,,,,,,,,,
The availability of tickets,25%,54%,13%,6%,1%,2%,,,,,,,,,
Non-user (789),,,,,,,,,,,,,,,
The information available about tickets,8%,31%,19%,11%,4%,28%,,,,,,,,,
The range of tickets available,7%,29%,17%,9%,4%,35%,,,,,,,,,
The ease of purchasing tickets,12%,37%,13%,5%,3%,30%,,,,,,,,,
The availability of tickets,10%,35%,15%,4%,2%,35%,,,,,,,,,

Telephone: 020 7944 6203,,,,,,,,,,,,,,,
Email: rail.stats@dft.gsi.gov.uk ,,,,,,,,,,,,,,,
"Source: April 2012, Office for National Statistics Opinions omnibus survey",,,,,,,,,,,,,,,

Last updated: April 2012,,,,,,,,,,,,,,,

Note: base count in brackets,,,,,,,,,,,,,,,
- negligible (less than half the final digit shown),,,,,,,,,,,,,,,
