Department for Transport statistics,,,,,,,
Public attitudes statistics,,,,,,,
,,,,,,,
Table ATT0424,,,,,,,
"Improvements that would encourage greater use of train for long distance journeys, 20121",,,,,,,
,,,,,,,
,Long distance travellers who do not use trains (frequently)2,,,,,,
Cheaper fares,62%,,,,,,
More frequent trains,12%,,,,,,
More routes,10%,,,,,,
Less crowded trains,10%,,,,,,
Better transport links to/from stations,9%,,,,,,
Improved condition/comfort of the trains,9%,,,,,,
Railway station nearer to home/destination,7%,,,,,,
Faster journey times,6%,,,,,,
More reliable and punctual trains,5%,,,,,,
Easier/better parking facilities at station,4%,,,,,,
No single improvement/nothing 3,20%,,,,,,
Other,13%,,,,,,
Base count, 289 ,,,,,,
,,,,,,,
Telephone: 020 7944 6203,,,,,,,
Email: rail.stats@dft.gsi.gov.uk ,,,,,,,
,,,,,,,
"Source: April 2012, Office for National Statistics Opinions omnibus survey",,,,,,,
Last updated: April 2012,,,,,,,
,,,,,,,
Base count shown in brackets,,,,,,,
- Negligible (less than half final figure shown),,,,,,,
,,,,,,,
1. Multi-choice question: answer may sum to more than 100%,,,,,,,
"2. Made at least one long distance journeys in last 12 months, but used train",,,,,,,
for less than half of these trips. A long distance journey is one of more than 50 miles.,,,,,
Excludes Eurostar.,,,,,
3. Includes a number of respondents who said they have no need to make more long distance,,,,,
"journeys, or that they don't use long distance trains. This is because the filter was based on a",,,,,
very approximate usage of long distance journeys and what share are made by train.,,,,,
,,,,,
,,,,,
,,,,,
,,,,,
,,,,,
,,,,,
,,,,,
,,,,,

,,,,,
