Department for Transport statistics,,,,,,,
Public attitudes statistics,,,,,,,
,,,,,,,
ATT0422,,,,,,,
Ways to pass time on a long distance train service (those who remembered when they last ,,,,,,,
"used a long distance train service), 20121",,,,,,,
,,,,,,,
Features ,Things spent time doing ,Things spent most time doing,,,,,
Read a book/magazine/newspaper,69%,40%,,,,,
Used electronic device (films/music/games/internet),37%,15%,,,,,
Looked at the view,47%,12%,,,,,
Did work for my job (inc work text/calls/emails),20%,11%,,,,,
Talked to other passengers - personal,25%,10%,,,,,
Entertained children,5%,3%,,,,,
Slept/snoozed,20%,3%,,,,,
Text/calls/emails - personal,38%,2%,,,,,
Eating or drinking,38%,2%,,
Studied,5%,1%,,
Talked to other passengers - work related,3%,1%,,
Other,1%,-,,
Base number, 282 , 282 ,,

Telephone: 020 7944 6203,,,,
Email: rail.stats@dft.gsi.gov.uk ,,,,
"Source: April 2012, Office for National Statistics Opinions omnibus survey",,,,

More than one answer could be given to the first question (can sum more than 100%),,,,
- Negligible (less than half of the final digit shown),,,,

"1. Had made at least one long distance journey in the previous 12 months, and used the",,,,
train for this/some of these. A long distance journey is one of more than 50 miles. Excludes,,,,
Eurostar.,,,,
