Department for Transport statistics,,,,,,,,,
Public attitudes statistics,,,,,,,,,
,,,,,,,,,
ATT0412,,,,,,,,,
Features of short distance train services that users most value/consider in need of ,,,,,,,,,
"improvement, 20121",,,,,,,,,
,,,,,,,,,
Features ,Features like most about services,Features most in need of improvement2,,,,,,,
Speed,40%,..,,,,,,,
Frequency of trains,39%,..,,,,,,,
Reliability/punctuality,25%,..,,,,,,,
General convenience,25%,..,,,,,,,
Station close to home/destination,17%,..,,,,,,,
On board comfort,9%,..,,,,,,,
Level of/lack of crowding,6%,..,,,,,,,
Personal safety at stations,5%,..,,,,,,,
Cost of fares,4%,..,,,,,,,
Not driving,3%,..,,,,,,,
Passing time doing things,3%,..,,,,,,,
Information at stations,3%,..,,,,,,,
Other,2%,..,,,,,,,
Base count, 170 , 171 ,,,,,,,
,,,,,,,,,
Telephone: 020 7944 6203,,,,,,,,,
Email: rail.stats@dft.gsi.gov.uk ,,,,,,,,,
"Source: April 2012, Office for National Statistics Opinions omnibus survey",,,,,,,,,
,,,,,,,,,
.. Not available,,,,,,,,,

1. Based on those who used short distance trains at least once a month. A short distance ,,,,,,,,,
"journey is a journey of 50 miles or less. Excludes Underground services, light rail/tram and",,,,,,,,,
"specialist trains such as steam railways, but  includes London Overground.",,,,,,,,,
3. Due to an error when revising the 2009 questionnaire this data is not available for 2012.
"Note: respondents could select up to 3 answers, so answers may sum to more than 100%"
