Department for Transport statistics,,,,,,,,
Public attitudes statistics,,,,,,,,
,,,,,,,,
Table ATT0423,,,,,,,,
"Reasons for not using trains for long distance journeys (more often), 20121,2",,,,,,,,
,,,,,,,,
,All reasons,Main reason,,,,,,
It s easier by car/plane,29%,23%,,,,,,
It s not convenient,25%,20%,,,,,,
Train fares are too high,25%,16%,,,,,,
Trains don't go where I want,14%,11%,,,,,,
I think it is cheaper by car/plane,14%,8%,,,,,,
There is no railway station nearby,4%,2%,,,,,,
It's quicker by car/plane,7%,1%,,,,,,
Public transport links to/from stations are poor,4%,-,,,,,,
Trains are too crowded,2%,-,,,,,,
I have difficulty getting to the railway station,1%,-,,,,,,
Parking is difficult,1%,-,,,,,,
I have difficulty getting on and off trains,-,-,,,,,,
None3,13%,13%,,,,,,
Other,6%,4%,,,,,,
Base count, 293 , 293 ,,,,,,
,,,,,,,,
Telephone: 020 7944 6203,,,,,,,,
Email: rail.stats@dft.gsi.gov.uk ,,,,,,,,
,,,,,,,,
"Source: April 2012, Office for National Statistics Opinions omnibus survey",,,,,,,,
Last updated: April 2012,,,,,,,,
,,,,,,,,
Base count shown in brackets,,,,,,,,
- Negligible (less than half final figure shown),,,,,,,,
,,,,,,,,
1. Respondents were able to provide more than one answer to the first question: ,,,,,,
answers may sum to more than 100%,,,,,,
"2. Made at least one long distance journeys in last 12 months, but used train",,,,,,
for less than half of these trips. A long distance journey is one of more than 50 miles.,,,,,,
Excludes Eurostar.,,,,,,
3. Includes a number of respondents who said they have no need to make more long distance,,,,,,
"journeys, or that they don't use long distance trains. This is because the filter was based on a",,,,,,
very approximate usage of long distance journeys and what share are made by train.,,,,,,
,,,,,,
,,,,,,
,,,,,,
,,,,,,
,,,,,,
,,,,,,
,,,,,,
,,,,,,

,,,,,,,,,
