Department for Transport statistics,,,,,,,,,,
Public attitudes statistics,,,,,,,,,,
,,,,,,,,,,
Table ATT0419,,,,,,,,,,
"Purpose of long distance train journeys in the previous 12 months, 20121",,,,,,,,,,
,,,,,,,,,,
,Long distance train users2,,,,,,,,,
Visiting friends/relatives,44%,,,,,,,,,
Business,27%,,,,,,,,,
Holiday,25%,,,,,,,,,
Days out,22%,,,,,,,,,
Other leisure trips,21%,,,,,,,,,
Commuting (daily),1%,,,,,,,,,
Commuting (less frequent),9%,,,,,,,,,
Shopping trip,9%,,,,,,,,,
Personal business,6%,,,,,,,,,
Education (inc. escort),6%,,,,,,,,,
Base count:, 281 ,,,,,,,,,
,,,,,,,,,,
Telephone: 020 7944 6203,,,,,,,,,,
Email: rail.stats@dft.gsi.gov.uk ,,,,,,,,,,
,,,,,,,,,,
"Source: April 2012, Office for National Statistics Opinions omnibus survey",,,,,,,,,,
Last updated: April 2012,,,,,,,,,,
,,,,,,,,,,
1. A long distance journey is one of more than 50 miles. Excludes Eurostar.,,,,,,,,,,
"2. Had made at least one long distance journey in the previous 12 months,",,,,,,,,,,
and used the train for this/some of these.,,,,,,,,,,
Note: respondents could provide more then one answer so results may sum to more than 100%,,,,,,,,,,
,,,,,,,,,,
,,,,,,,,,,
,,,,,,,,,,
,,,,,,,,
,,,,,,,,
,,,,,,,,
,,,,,,,,
,,,,,,,,
,,,,,,,,
,,,,,,,,
,,,,,,,,
,,,,,,,,
,,,,,,,,
,,,,,,,,
,,,,,,,,

,,,,,,,,
