Department for Transport statistics,,,,,,,,,,
Public attitudes statistics,,,,,,,,,,
,,,,,,,,,,
Table ATT0421,,,,,,,,,,
"Attitudes towards, and experiences of long distance train services, 2012",,,,,,,,,,
,,,,,,,,,,
,Long distance train users1 (280),Non-users (789),,,,,,,,
Rating of overall quality of long distance rail services,,,,,,,,,,
Very good,21%,7%,,,,,,,,
Fairly good,59%,31%,,,,,,,,
Neither good nor poor,12%,14%,,,,,,,,
Fairly poor,7%,5%,,,,,,,,
Very poor,1%,2%,,,,,,,,
Don't know,-,41%,,,,,,,,
Opinion on change in long distance services over the last two years,,,,,,,,,,
Improved a lot,5%,1%,,,,,,,,
Improved a little,22%,13%,,,,,,,,
Stayed the same,60%,35%,,,,,,,,
Got a little worse,7%,5%,,,,,,,,
Got a lot worse,1%,1%,,,,,,,,
Don't know,6%,45%,,,,,,,,
"Based on recent experiences, long distance rail services have been�",,,,,,,,,,
A lot better than expected,6%,..,,,,,,,,
A little better than expected,26%,..,,,,,,,,
Same as expected,60%,..,,,,,,,,
A little worse than expected,6%,..,,,,,,,,
A lot worse than expected,2%,..,,,,,,,,
Don't know,1%,..,,,,,,,,
,,,,,,,,,,
Telephone: 020 7944 6203,,,,,,,,,,
Email: rail.stats@dft.gsi.gov.uk ,,,,,,,,,,
,,,,,,,,,,
"Source: April 2012, Office for National Statistics Opinions omnibus survey",,,,,,,,,,
Last updated: April 2012,,,,,,,,,,
,,,,,,,,,,
Base count shown in brackets,,,,,,,,,,
- Negligible (less than half final figure shown),,,,,,,,,,
.. Not available,,,,,,,,,,
,,,,,,,,,,
"1. Had made at least one long distance journey in the previous 12 months,",,,,,,,,,,
and used the train for this/some of these. A long distance journey is one of ,,,,,,,,,,
more than 50 miles. Excludes Eurostar.,,,,,,,,,,
,,,,,,,,,,
,,,,,,,,,,
,,,,,,,,,,
,,,,,,,,,,
,,,,,,,,,,
,,,,,,,,,,
,,,,,,,,
,,,,,,,,
,,,,,,,,
,,,,,,,,
,,,,,,,,

,,,,,,,,
