Department for Transport statistics,,,,,,,,,
Public attitudes statistics,,,,,,,,,
,,,,,,,,,
Table ATT0416,,,,,,,,,
Opinion on whether short distance train services have changed/will ,,,,,,,,,
"change over the past/next two years, 2012",,,,,,,,,
,,,,,,,,,
,Short distance train user,Non-user,,,,,,,
Over the last two years short distance train services have�,,,,,,,,,
Improved a lot,4%,2%,,,,,,,
Improved a little,16%,13%,,,,,,,
Stayed the same,63%,37%,,,,,,,
Got a little worse,12%,9%,,,,,,,
Got a lot worse,1%,1%,,,,,,,
Don't know,3%,38%,,,,,,,
"Over the next two years, short distance train services will�",,,,,,,,,
Improve a lot,1%,1%,,,,,,,
Improve a little,22%,13%,,,,,,,
Stay the same,56%,46%,,,,,,,
Get a little worse,18%,10%,,,,,,,
Get a lot worse,1%,2%,,,,,,,
Don't know,3%,28%,,,,,,,
Base count, 458 , 616 ,,,,,,,
,,,,,,,,,
Telephone: 020 7944 6203,,,,,,,,,
Email: rail.stats@dft.gsi.gov.uk ,,,,,,,,,
,,,,,,,,,
"Source: April 2012, Office for National Statistics Opinions omnibus survey",,,,,,,,,
Last updated: April 2012,,,,,,,,,
,,,,,,,,,
,,,,,,,,,
,,,,,,,,,
,,,,,,,
,,,,,,,
,,,,,,,
,,,,,,,
,,,,,,,
,,,,,,,
,,,,,,,
,,,,,,,
,,,,,,,

,,,,,,,
