Department for Transport statistics,,,,,,,
Public attitudes statistics,,,,,,,
,,,,,,,
ATT0426,,,,,,,
"Opinions on the number and range of train tickets, 2012",,,,,,,
,,,,,,,
,Train users,Non-users,,,,,
There are�,,,,,,,
Too few ticket types,11%,7%,,,,,
Too many ticket types,28%,23%,,,,,
About the right number of ticket types,54%,46%,,,,,
(Don't know),6%,24%,,,,,
Base count, 549 , 525 ,,,,,
Understanding of the range of tickets available,,,,,,,
Fully understand,32%,15%,,,,,
Partly understand,33%,21%,,,,,
Do not understand,35%,64%
Base count, 543 , 504 

Telephone: 020 7944 6203,,
Email: rail.stats@dft.gsi.gov.uk ,,
"Source: April 2012, Office for National Statistics Opinions omnibus survey",,
