Department for Transport statistics,,,,,,,,,,,,,,,
Public attitudes statistics,,,,,,,,,,,,,,,
,,,,,,,,,,,,,,,
ATT0410,,,,,,,,,,,,,,,
"Ratings of aspects of short distance train services, 2012 (excluding 'don't know' responses)1",,,,,,,,,,,,,,,
,,,,,,,,,,,,,,,
,Very good,Fairly good,Neither good or poor,Fairly poor,Very poor,Base count,,,,,,,,,
Short distance train users,,,,,,,,,,,,,,,
Overall quality rating,24%,49%,16%,9%,2%, 452 ,,,,,,,,,
Number of destinations,29%,51%,13%,5%,2%, 444 ,,,,,,,,,
Information about train times before travelling,33%,47%,12%,6%,2%, 446 ,,,,,,,,,
Frequency of trains,24%,55%,15%,5%,2%, 448 ,,,,,,,,,
Politeness/helpfulness of staff,20%,54%,16%,8%,2%, 448 ,,,,,,,,,
Reliability/punctuality,18%,52%,17%,11%,3%, 451 ,,,,,,,,,
State of repair/cleanliness of trains,12%,42%,22%,20%,4%, 453 ,,,,,,,,,
Room available to sit/stand comfortably,8%,35%,18%,26%,12%, 456 ,,,,,,,,,
Information at stations,11%,49%,23%,13%,5%, 446 ,,,,,,,,,
Information on board,20%,47%,24%,8%,2%, 452 ,,,,,,,,,
Information on fares before travelling,18%,39%,22%,16%,5%, 438 ,,,,,,,,,
Personal safety on board,13%,48%,27%,10%,2%, 443 ,,,,,,,,,
Personal safety at stations,12%,44%,30%,12%,3%, 438 ,,,,,,,,,
Cost of fares,4%,18%,19%,33%,25%, 443 ,,,,,,,,,
Public transport links to/from stations,13%,44%,20%,16%,7%, 428 ,,,,,,,,,
Ease of parking at stations,9%,30%,18%,26%,17%, 376 ,,,,,,,,,
Cost of parking at stations,10%,14%,19%,25%,31%, 343 ,,,,,,,,,
Non-users,,,,,,,,,,,,,,,
Overall quality rating,16%,44%,22%,13%,6%, 407 ,,,,,,,,,
Number of destinations,19%,58%,11%,9%,3%, 420 ,,,,,,,,,
Information about train times before travelling,19%,47%,19%,12%,2%, 402 ,,,,,,,,,
Frequency of trains,16%,51%,18%,12%,3%, 377 ,,,,,,,,,
Politeness/helpfulness of staff,13%,51%,27%,6%,2%, 361 ,,,,,,,,,
Reliability/punctuality,15%,43%,24%,15%,4%, 384 ,,,,,,,,,
State of repair/cleanliness of trains,6%,45%,27%,18%,5%, 374 ,,,,,,,,,
Room available to sit/stand comfortably,5%,33%,20%,25%,17%, 389 ,,,,,,,,,
Information at stations,9%,49%,28%,9%,6%, 372 ,,,,,,,,,
Information on board,12%,47%,28%,10%,4%, 345 ,,,,,,,,,
Information on fares before travelling,14%,38%,20%,20%,8%, 389 ,,,,,,,,,
Personal safety on board,6%,41%,29%,19%,5%, 370 ,,,,,,,,,
Personal safety at stations,5%,40%,30%,18%,7%, 372 ,,,,,,,,,
Cost of fares,4%,13%,14%,33%,37%, 417 ,,,,,,,,,
Public transport links to/from stations,14%,45%,21%,12%,8%, 410 ,,,,,,,,,
Ease of parking at stations,7%,31%,21%,26%,16%, 375 ,,,,,,,,,
Cost of parking at stations,5%,15%,17%,31%,32%, 336 ,,,,,,,,,
"All respondents (1,075)",,,,,,,,,,,,,,,
Overall quality rating,20%,46%,19%,11%,4%, 859 ,,,,,,,,,
Number of destinations,25%,54%,12%,7%,3%, 864 ,,,,,,,,,
Information about train times before travelling,27%,47%,15%,9%,2%, 848 ,,,,,,,,,
Frequency of trains,20%,53%,16%,8%,2%, 825 ,,,,,,,,,
Politeness/helpfulness of staff,17%,53%,21%,7%,2%, 809 ,,,,,,,,,
Reliability/punctuality,17%,48%,20%,13%,3%, 835 ,,,,,,,,,
State of repair/cleanliness of trains,9%,44%,24%,19%,4%, 827 ,,,,,,,,,
Room available to sit/stand comfortably,7%,34%,19%,26%,14%, 845 ,,,,,,,,,
Information at stations,10%,49%,25%,11%,5%, 818 ,,,,,,,,,
Information on board,16%,47%,25%,9%,2%, 797 ,,,,,,,,,
Information on fares before travelling,16%,39%,21%,18%,7%, 827 ,,,,,,,,,
Personal safety on board,10%,45%,28%,14%,4%, 813 ,,,,,,,,,
Personal safety at stations,9%,42%,30%,15%,5%, 810 ,,,,,,,,,
Cost of fares,4%,15%,17%,33%,31%, 860 ,,,,,,,,,
Public transport links to/from stations,13%,44%,20%,14%,8%, 838 ,,,,,,,,,
Ease of parking at stations,8%,30%,19%,26%,17%, 751 ,,,,,,,,,
Cost of parking at stations,8%,15%,18%,28%,31%, 679 ,,,,,,,,,

Telephone: 020 7944 6203,,,,,,,,,,,,,,,
Email: rail.stats@dft.gsi.gov.uk ,,,,,,,,,,,,,,,
"Source: April 2012, Office for National Statistics Opinions omnibus survey"

Last updated: April 2012
Next update: April 2014

"1. A short distance journey is a journey of 50 miles or less. Excludes Underground services, light rail/tram and specialist trains such as"
"steam railways, but  includes London Overground."
