Department for Transport statistics,,,,,,,,,,,
Public attitudes statistics,,,,,,,,,,,
,,,,,,,,,,,
Table ATT0401,,,,,,,,,,,
"Methods of travel used in the previous 12 months, 2012",,,,,,,,,,,
,,,,,,,,,,,
,All respondents,,,,,,,,,,
Walk,76%,,,,,,,,,,
Car/van - as driver,69%,,,,,,,,,,
Car/van - as passenger,68%,,,,,,,,,,
Bus (incl coach/private bus),57%,,,,,,,,,,
Train (but not underground),54%,,,,,,,,,,
Taxi/minicab,47%,,,,,,,,,,
Underground/metro,34%,,,,,,,,,,
Bicycle,21%,,,,,,,,,,
Light rail/tram,7%,,,,,,,,,,
Internal flights,7%,,,,,,,,,,
Motorcycle/moped/scooter,3%,,,,,,,,,,
HGV,2%,,,,,,,,,,
Other vehicle,2%,,,,,,,,,,
Base count," 1,084 ",,,,,,,,,,
,,,,,,,,,,,
Telephone: 020 7944 6203,,,,,,,,,,,
Email: rail.stats@dft.gsi.gov.uk ,,,,,,,,,,,
,,,,,,,,,,,
"Source: April 2012, Office for National Statistics Opinions omnibus survey",,,,,,,,,,,
Last updated: April 2012,,,,,,,,,,,
,,,,,,,,,,,
Note: respondents were able to provide more than one answer so results may ,,,,,,,,,,,
sum to more than 100%,,,,,,,,,,,
,,,,,,,,,,,
,,,,,,,,,,,
,,,,,,,,,
,,,,,,,,,
,,,,,,,,,
,,,,,,,,,
,,,,,,,,,
,,,,,,,,,
,,,,,,,,,
,,,,,,,,,
,,,,,,,,,
,,,,,,,,,
,,,,,,,,,
,,,,,,,,,
,,,,,,,,,
,,,,,,,,,

,,,,,,,,,
