Department for Transport statistics,,,,,,,,,
Public attitudes statistics,,,,,,,,,
,,,,,,,,,
Table ATT0420,,,,,,,,,
"Reasons for using the train for long distance journeys, 20121",,,,,,,,,
,,,,,,,,,
,Long distance train users2,,,,,,,,
It was quicker by train,44%,,,,,,,,
It was easier by train,38%,,,,,,,,
I don t drive/don t have a car/didn t want to drive,22%,,,,,,,,
It was cheaper by train,18%,,,,,,,,
You can do other things while travelling,12%,,,,,,,,
Trains are comfortable,7%,,,,,,,,
Someone else planned the journey,3%,,,,,,,,
Trains are reliable and punctual,3%,,,,,,,,
Convenience,2%,,,,,,,,
Railway station near to home/destination,2%,,,,,,,,
Other,10%,,,,,,,,
Base count, 281 ,,,,,,,,
,,,,,,,,,
Telephone: 020 7944 6203,,,,,,,,,
Email: rail.stats@dft.gsi.gov.uk ,,,,,,,,,
,,,,,,,,,
"Source: April 2012, Office for National Statistics Opinions omnibus survey",,,,,,,,,
Last updated: April 2012,,,,,,,,,
,,,,,,,,,
1. A long distance journey is one of more than 50 miles. Excludes Eurostar.,,,,,,,,,
"2. Had made at least one long distance journey in the previous 12 months,",,,,,,,,,
and used the train for this/some of these.,,,,,,,,,
Note: respondents were able to provide more than one answer so results may sum to more than 100%,,,,,,,,,
,,,,,,,,,
,,,,,,,,,
,,,,,,,
,,,,,,,
,,,,,,,
,,,,,,,
,,,,,,,
,,,,,,,
,,,,,,,
,,,,,,,
,,,,,,,
,,,,,,,

,,,,,,,
