Department for Transport statistics,,,,,,,,,,,
Public attitudes statistics,,,,,,,,,,,
,,,,,,,,,,,
Table ATT0407,,,,,,,,,,,
"Recent experience of short distance train services versus expectations, 20121",,,,,,,,,,,
,,,,,,,,,,,
,Short distance train users,,,,,,,,,,
A lot better than expected,4%,,,,,,,,,,
A little better than expected,18%,,,,,,,,,,
Same as expected,70%,,,,,,,,,,
A little worse than expected,6%,,,,,,,,,,
A lot worse than expected,1%,,,,,,,,,,
No recent experience,-,,,,,,,,,,
Don't know ,-,,,,,,,,,,
Base count, 458 ,,,,,,,,,,
,,,,,,,,,,,
Telephone: 020 7944 6203,,,,,,,,,,,
Email: rail.stats@dft.gsi.gov.uk ,,,,,,,,,,,
,,,,,,,,,,,
"Source: April 2012, Office for National Statistics Opinions omnibus survey",,,,,,,,,,,
Last updated: April 2012,,,,,,,,,,,
,,,,,,,,,,,
- Negligible (less than half the final digit shown),,,,,,,,,,,
,,,,,,,,,,,
1. A short distance journey is a journey of 50 miles or less. Excludes ,,,,,,,,,,,
"Underground services, light rail/tram and specialist trains such as steam",,,,,,,,,,,
"railways, but  includes London Overground.",,,,,,,,,,,
,,,,,,,,,,,
,,,,,,,,,,,
,,,,,,,,,,,
,,,,,,,,,,,
,,,,,,,,,,,
,,,,,,,,,
,,,,,,,,,
,,,,,,,,,
,,,,,,,,,
,,,,,,,,,
,,,,,,,,,
,,,,,,,,,

,,,,,,,,,
