Department for Transport statistics,,,,,,,,,
Public attitudes statistics,,,,,,,,,
,,,,,,,,,
ATT0413,,,,,,,,,
"Reasons for not using short distance train services (more often), 20121",,,,,,,,,
,,,,,,,,,
Features ,Reasons for not using short distance trains,Main reason for not using short distance trains,,,,,,,
It is easier by car,38%,31%,,,,,,,
I never leave the local vicinity/ don't need to use trains (more),31%,28%,,,,,,,
Train fares are too high,19%,10%,,,,,,,
Trains do not go where I want,12%,9%,,,,,,,
There is no railway station nearby,7%,4%,,,,,,,
Prefer to use (an) alternative mode(s),4%,4%,,,,,,,
It is quicker by car,17%,4%,,,,,,,
I have difficulty getting to the railway station,5%,2%,,,,,,,
I think it is cheaper by car,7%,2%,,,,,,,
Public transport links to/from stations are poor,3%,1%,,
Trains do not run often enough,3%,1%,,
Trains are too crowded,2%,1%,,
Accessibility problems,1%,1%,,
Parking is difficult,2%,-,,
Other,5%,3%,,
Base number, 905 , 905 ,,

Telephone: 020 7944 6203,,,,
Email: rail.stats@dft.gsi.gov.uk ,,,,
"Source: April 2012, Office for National Statistics Opinions omnibus survey",,,,

Note: respondents were able to provide more than one answer so results may sum to more than 100%,,,,
- Negligible (less than half final digit shown),,,,
1. Based on those who use short distance train services less than once a month. A short distance journey is a journey of 50,,,,
"miles or less. Excludes Underground services, light rail/tram and specialist trains such as steam railways, but  includes ",,,,
London Overground.
