Department for Transport statistics,,,,,,,,,,,
Public attitudes statistics,,,,,,,,,,,
,,,,,,,,,,,
Table ATT0406,,,,,,,,,,,
"Purpose of short distance train journeys in previous 12 months, 20121",,,,,,,,,,,
,,,,,,,,,,,
,Short distance train users,,,,,,,,,,
Shopping,38%,,,,,,,,,,
Days out,36%,,,,,,,,,,
Visting friends/relatives,32%,,,,,,,,,,
Other leisure trips,23%,,,,,,,,,,
Personal business,10%,,,,,,,,,,
Business,9%,,,,,,,,,,
Commuting (daily),9%,,,,,,,,,,
Commuting (less frequently),8%,,,,,,,,,,
Holiday,7%,,,,,,,,,,
Education,3%,,,,,,,,,,
Other,2%,,,,,,,,,,
Base count, 459 ,,,,,,,,,,
,,,,,,,,,,,
Telephone: 020 7944 6203,,,,,,,,,,,
Email: rail.stats@dft.gsi.gov.uk ,,,,,,,,,,,
,,,,,,,,,,,
"Source: April 2012, Office for National Statistics Opinions omnibus survey",,,,,,,,,,,
Last updated: April 2012,,,,,,,,,,,
,,,,,,,,,,,
1. A short distance journey is a journey of 50 miles or less. Excludes ,,,,,,,,,,,
"Underground services, light rail/tram and specialist trains such as ",,,,,,,,,,,
"steam railways, but  includes London Overground.",,,,,,,,,,,
Note: respondents were able to provide more than one answer so results ,,,,,,,,,,,
may sum to more than 100%,,,,,,,,,,,
,,,,,,,,,,,
,,,,,,,,,
,,,,,,,,,
,,,,,,,,,
,,,,,,,,,
,,,,,,,,,
,,,,,,,,,
,,,,,,,,,
,,,,,,,,,
,,,,,,,,,
,,,,,,,,,
,,,,,,,,,
,,,,,,,,,

,,,,,,,,,
