Department for Transport statistics,,,,,,,,,,,
Public attitudes statistics,,,,,,,,,,,
,,,,,,,,,,,
Table ATT0415,,,,,,,,,,,
How short distance train use might change if such improvements (ATT0414) ,,,,,,,,,,,
"were made, 20121",,,,,,,,,,,
,,,,,,,,,,,
,Current use,Suggested use after improvements,,,,,,,,,
Every day,-,3%,,,,,,,,,
2-5 days a week,-,6%,,,,,,,,,
About once a week,-,9%,,,,,,,,,
About once a month,-,25%,,,,,,,,,
Less than once a month,32%,29%,,,,,,,,,
Never,68%,29%,,,,,,,,,
Base count:, 884 , 884 ,,,,,,,,,
,,,,,,,,,,,
Telephone: 020 7944 6203,,,,,,,,,,,
Email: rail.stats@dft.gsi.gov.uk ,,,,,,,,,,,
,,,,,,,,,,,
"Source: April 2012, Office for National Statistics Opinions omnibus survey",,,,,,,,,,,
Last updated: April 2012,,,,,,,,,,,
,,,,,,,,,,,
"1. A short distance journey is a journey of 50 miles or less. Excludes Underground services,",,,,,,,,,,,
" light rail/tram and specialist trains such as steam railways, but  includes London Overground.",,,,,,,,,,,
Note: base is those who never use short distance train service/use short distance train ,,,,,,,,,,,
services less than once a month,,,,,,,,,,,
,,,,,,,,,,,
,,,,,,,,,,,
,,,,,,,,,,,
,,,,,,,,,,,
,,,,,,,,,,,
,,,,,,,,,,,
,,,,,,,,,
,,,,,,,,,
,,,,,,,,,
,,,,,,,,,
,,,,,,,,,
,,,,,,,,,
,,,,,,,,,
,,,,,,,,,
,,,,,,,,,

,,,,,,,,,
