Department for Transport statistics,,,,,,,,,,,
https://www.gov.uk/government/organisations/department-for-transport/series/road-accidents-and-safety-statistics,,,,,,,,,,,
TSGB0107 (Alternative number RAS53001),,,,,,,,,,,
Passenger casualty rates by mode: 2002-20111,,,,,,,,,,,

,,,,,,,,,,,Per billion passenger kilometres
,2002,2003,2004,2005,2006,2007,2008,2009,2010,2011,2002-2011 average
Air 2,,,,,,,,,,,
Killed,0.00,0.00,0.00,0.00,0.00,0.00,0.00,0.00,0.00,0.00,0.00
KSI 3 ,0.00,0.00,0.01,0.00,0.00,0.00,0.01,0.00,0.00,0.00,0.00
All 4,0.00,0.00,0.01,0.00,0.01,0.00,0.04,0.01,0.00,0.00,0.01
"Rail 5,6",,,,,,,,,,,
Killed,0.2,0.0,0.1,0.0,0.0,0.0,0.0,0.0,0.0,0.0,0.0
All,35.2,32.5,31.2,26.0,26.3,23.2,24.5,25.9,26.5,25.2,27.3
Water 7,,,,,,,,,,,
Killed,0.0,0.0,0.0,0.3,0.3,0.0,0.9,0.4,0.8,0.5,0.3
KSI,50,61,44,36,39,45,74,52,39,51,49,,
Bus or coach 8,,,,,,,,,,,,,
Killed,0.4,0.2,0.4,0.2,0.4,0.3,0.1,0.3,0.2,0.2,0.3,,
KSI  ,11,10,10,7,9,10,10,8,9,7,9,,
All ,173,175,178,158,152,159,157,139,136,139,157,,
Car 9,,,,,,,,,,,,,
Killed,2.7,2.8,2.6,2.6,2.5,2.2,1.9,1.6,1.3,1.4,2.2,,
KSI  ,29,27,25,23,22,20,18,17,15,14,21,,
All ,306,294,284,277,263,251,228,221,209,195,253,,
Van 9,,,,,,,,,,,,,
Killed,1.0,0.9,0.8,0.7,0.6,0.6,0.5,0.4,0.4,0.4,0.6,,
KSI  ,11,10,8,7,7,5,5,5,4,4,6,,
All ,96,90,77,73,69,59,55,54,51,51,67,,
Motorcycles 9,,,,,,,,,,,,,
Killed,112,116,106,99,109,100,91,85,81,72,98,,
KSI  ,"1,377","1,276","1,209","1,127","1,175","1,141","1,113","1,054","1,044","1,119","1,166",,
All ,"5,206","4,739","4,663","4,299","4,227","3,972","3,966","3,749","3,764","4,019","4,269"
Pedal cycle ,,,,,,,,,,,
Killed,30,26,33,34,32,33,25,22,23,22,28
KSI  ,562,544,561,547,542,561,561,568,573,646,573
All ,"3,927","3,841","4,043","3,839","3,598","3,945","3,566","3,575","3,555","3,889","3,771"
Pedestrian ,,,,,,,,,,,
Killed,42,41,35,36,36,36,31,26,23,26,33
KSI  ,471,424,394,384,371,382,358,319,322,337,377
All ,"2,117","1,944","1,836","1,794","1,631","1,665","1,536","1,420","1,486","1,495","1,694"
,,,,,,,,,,,"The figures for Air, Rail and Water modes "
,,,,,,,,,,,are outside the scope of National Statistics
,,,,,,,,,,,
"1   Figures have been revised from those published in previous years, see Notes and Definitions for more details.",,,,,,,,,,,
2   Passenger casualties in accidents involving UK registered airline aircraft in UK and foreign airspace. ,,,,,,,,,,,
3   KSI =Killed or seriously injured,,,,,,,,,,,
"4   All = Killed, seriously and slightly injured",,,,,,,,,,,
5   Financial years and National Rail only. ,,,,,,,,,,,,,
6   Passenger casualties involved in train accidents and accidents occuring through movement of railway vehicles.  ,,,,,,,,,,,,,
7  Passenger casualties on UK registered merchant vessels.,,,,,,,,,,,,,
8  Financial year passenger kilometres data revised from 2004/05. A break in the local bus series (outside London) due to           ,,,,,,,,,,,,,
     changes in the estimation methodology from 2004/05 mean figures before 2004/05 are not comparable. ,,,,,,,,,,,,,
9  Driver and passenger casualties.,,,,,,,,,,,,,
Telephone: 020 7944 6595,,,,,,,,,,,Last updated: December 2012,,
Email: roadacc.stats@dft.gsi.gov.uk,,,,,,,,,,,Next update: December 2013,,
