Department for Transport statistics,,,,,,,,,,,,
Energy and environment,,,,,,,,,,,,
"ENV0104 Average heavy goods vehicle fuel consumption: Great Britain, 1999-20091,2",,,,,,,,,,,,
,,,,,,,,,,,,Miles per gallon
,Net weight (tonnes),1999,2000,2001,2002,2003,2004,2005,2006,2007,2008,2009
Rigid vehicles,Over 3.5t to 7.5t,13.0,13.4,12.3,13.2,12.6,13.3,13.7,13.7,13.7,13.2,12.8
,Over 7.5t to 14t,11.1,11.6,11.0,11.3,10.9,11.0,11.6,10.8,11.4,10.6,10.5
,Over 14t to 17t,10.5,9.6,9.8,9.7,9.7,10.0,10.1,9.6,9.1,9.3,9.7
,Over 17t to 25t,8.2,8.6,9.0,8.9,9.1,9.6,10.0,10.0,9.5,9.1,9.4
,Over 25t,7.0,6.7,6.6,6.8,6.6,6.6,6.9,6.7,6.7,6.4,6.4
,All rigid vehicles,10.3,10.1,9.7,9.8,9.5,9.8,10.0,9.7,9.4,9.0,9.1
Artic vehicles,Over 3.5t to 33t,8.8,8.8,8.6,8.6,8.6,9.0,9.3,9.0,8.9,8.8,8.8
,Over 33t,7.8,7.8,7.6,7.7,7.6,7.9,8.0,8.0,7.9,7.6,7.6
,All artic vehicles,8.0,8.0,7.8,7.8,7.8,8.0,8.2,8.1,8.0,7.7,7.7
,,,,,,,,,,,,
"1. These figures are for heavy goods vehicles registered as goods vehicles in Great Britain,",,,,,,,,,,,,Source: Continuing Survey of 
    carrying freight within the United Kingdom. The figures exclude non-freight carrying HGVs,,,,,,,,,,,,"Roads Goods Transport, DfT"
    such as recovery vehicles or fire engines.,,,,,,,,,,,,
2. These figures are based on the gallons of fuel purchased by hauliers or taken from their own,,,,,,,,,,,,Last updated: November 2010
"    supplies for a surveyed vehicle, together with their records of miles travelled during a given ",,,,,,,,,,,,Next updated: November 2011
    survey week (see notes and definitions). ,,,,,,,,,,,,
,,,,,,,,,,,,
Telephone: 020 7944 4261,,,,,,,,,,,,
Email: roadfreight.stats@dft.gsi.gov.uk,,,,,,,,,,,,
