Department for Transport statistics,,,,,,,,,,,,,,,
Energy and environment,,,,,,,,,,,,,,,
"ENV0103 Average new car fuel consumption: Great Britain, 2000-20101,2",,,,,,,,,,,,,,,
,,,,,,,,,,,,litres per 100 km/miles per gallon,,,
,,2000,2001,2002,2003,2004,2005,2006,2007,2008,2009,2010,,,
Petrol cars,litres per 100km,8.2,8.1,8.0,7.8,7.8,7.7,7.5,7.4,7.1,6.6,6.4,,,
,miles per gallon,34.6,35.1,35.5,36.1,36.3,36.8,37.6,38.3,39.9,42.7,44.0,,,
Diesel cars,litres per 100km,6.3,6.2,6.1,6.2,6.1,6.2,6.2,6.1,5.9,5.7,5.4,,,
,miles per gallon,44.9,45.8,46.3,45.8,46.0,45.6,45.3,46.0,48.0,49.8,52.1,,,
,,,,,,,,,,,,,,,
1. These figures are registration weighted (weighted to account for the relative sales of different ,,,,,,,,,,,,Sources - DVLA database;,,,
    models of cars).,,,,,,,,,,,,Society of Motor Manufacturers ,,,
"2. These figures are obtained under consistent, carefully controlled laboratory conditions and do ",,,,,,,,,,,,and Traders (SMMT);,,,
"    not refect external factors such as cold starts, differing driving conditions, different loads",,,,,,,,,,,,Defra/DECC's Greenhouse,,,
"    carried, etc.",,,,,,,,,,,,Gas Conversion Factors,,,
,,,,,,,,,,,,,,,
E-mail: environment.stats@dft.gsi.gov.uk,,,,,,,,,,,,Last updated: September 2011
Telephone: 020 7944 4129,,,,,,,,,,,,Next updated: September 2012
