Department for Transport statistics,,,,,,,,,
Energy and environment,,,,,,,,,
ENV0302  Emissions for road vehicles (per vehicle kilometre) in urban conditions,,,,,,,,,
,,,,,,,,Index: petrol car without three-way catalyst: pre 1993 = 100,
(a)  Road vehicles (per vehicle kilometre) ,,Legislative vehicle class,,"Carbon
monoxide","Hydro-
carbons1","Oxides of
nitrogen","Particu-
lates2","Carbon
dioxide3",
Petrol cars,Without three-way catalyst,Pre-Euro 1,pre 1993,100,100,100,2,100,
,With three-way catalyst,Euro 1,1993-1996,25,9,19,1,93,
,,Euro 2,1997-2000,5,3,9,1,89,
,,Euro 3,2001-2005,2,1,4,1,83,
,,Euro 4,2006-,4,1,3,1,76,
Diesel cars,,Pre-Euro 1,pre 1993,6,10,37,100,91,
,,Euro 1,1993-1996,3,6,34,30,88,
,,Euro 2,1997-2000,2,4,40,21,83,
,,Euro 3,2001-2005,1,2,31,19,76,
,,Euro 4,2006-,1,1,19,12,72,
Petrol light vans,Without three-way catalyst,Pre-Euro 1,pre 1994,120,117,96,2,104,
,With three-way catalyst,Euro 1,1994-1997,32,15,22,1,96
,,Euro 2,1998-2000,1,2,6,1,92
,,Euro 3,2001-2005,4,2,3,1,86
,,Euro 4,2006-,4,1,2,1,79
Diesel light vans,,Pre-Euro 1,pre 1994,7,13,106,150,93
,,Euro 1,1994-1997,6,7,73,57,116
,,Euro 2,1998-2001,6,7,80,61,108
,,Euro 3,2002-2005,2,3,47,27,95
,,Euro 4,2006-,1,2,24,16,95
Rigid HGVs,,Pre-Euro I,pre 1993,22,69,520,275,
,,Euro I,1993-1996,14,27,347,122,
,,Euro II,1997-2001,12,17,364,56,See table (b)
,,Euro III,2002-2005,11,15,284,53, below
,,Euro IV,2006-2007,6,1,175,10,
,,Euro V,2008-,1,1,103,10,
Artic HGVs,,Pre-Euro I,pre 1993,25,28,927,306,
,,Euro I,1993-1996,22,43,650,231,
,,Euro II,1997-2001,18,27,670,104,See table (b)
,,Euro III,2002-2005,20,23,531,95, below
,,Euro IV,2006-2007,3,1,327,17,
,,Euro V,2008-,1,1,192,17,
Buses & coaches,,Pre-Euro I,pre 1993,28,54,718,263,
,,Euro I,1993-1996,17,35,480,177,
,,Euro II,1997-2001,14,23,512,77,See table (b)
,,Euro III,2002-2005,15,21,413,73, below
,,Euro IV,2006-2007,1,1,253,15,
,,Euro V,2008-,1,1,152,16,
Motorcycles,Less than 50cc - two stroke,Pre-Euro 1,pre 2000,141,"1,171",2,105,38
,,Euro 1,2000-2004,57,230,2,42,23
,,Euro 2,2004-2006,13,131,1,21,19
,,Euro 3,2006,13,101,1,6,16
,Greater than 50cc - two stroke,Pre-Euro 1,pre 2000,165,621,2,111,41
,,Euro 1,2000-2004,109,192,3,45,38
,,Euro 2,2004-2006,86,104,3,22,38
,,Euro 3,2006,47,65,1,7,38
,Greater than 50cc - four stroke,Pre-Euro 1,pre 2000,170,113,14,10,53
,,Euro 1,2000-2004,103,62,15,10,50
,,Euro 2,2004-2006,54,22,8,2,48
,,Euro 3,2006,30,14,4,2,48
,,,,,,,,
(b) Fleet averaged CO2 emissions for HGVs and buses (per vehicle kilometre)4 in urban conditions,,,,,,,,
Year,,,,,,Rigid HGVs,Artic HGVs,Buses
1990,,,,,,412,665,464
1991,,,,,,418,662,464
1992,,,,,,419,657,464
1993,,,,,,404,624,462
1994,,,,,,392,614,457
1995,,,,,,398,599,450
1996,,,,,,391,588,441,,,,
1997,,,,,,388,586,440,,,,
1998,,,,,,371,561,440,,,,
1999,,,,,,378,561,456,,,,
2000,,,,,,375,560,477,,,,
2001,,,,,,391,568,478,,,,
2002,,,,,,380,564,497,,,,
2003,,,,,,393,572,520,,,,
2004,,,,,,380,551,540,,,,
2005,,,,,,373,545,562,,,,
2006,,,,,,383,549,541,,,,
2007,,,,,,395,559,531,,,,
2008,,,,,,412,581,577,,,,
2009,,,,,,411,582,577,,,,
,,,,,,,,,,,,
1. The hyrdrocarbons figures are based on non-methane hydrocarbons.,,,,,,,,The figures in this table are outside,,,,
"2. For particulates, legislative standards exist only for diesel vehicles. ",,,,,,,,the scope of national statistics
    Particulates index is diesel car: pre 1993 =100.,,,,,,,,Source - National Atmospheric Emissions Inventory
"3. Legislative standards do not apply to CO2 emissions, but average factors are available for different ",,,,,,,,(AEA Energy and Environment)
    legislative vehicle classes based on test cycle data. Better information on HGVs is based on average ,,,,,,,,
"    fuel economy of the HGV fleet each year, see table (b) above.",,,,,,,,Last Updated: September 2011
4. The fleet averaged carbon dioxide figures for HGVs were based on fleet averaged fuel economy of HGVs ,,,,,,,,Next updated: September 2012
    using data from the DfT Continuing Survey of Road Goods Transport (CSRGT). For buses (not including,,,,,,,,
    coaches) the figures are based on the DfT Bus Service Operators Grant system (BSOG). Both sets of ,,,,,,,,
    figures are corrected for urban driving conditions. ,,,,,,,,
,,,,,,,,
Email: environment.stats@dft.gsi.gov.uk,,,,,,,,
Telephone: 020 7944 4129,,,,,,,,
,,,,,,,,
,,,,,,,,
,,,,,,,,
,,,,,,,,
,
,
,
