Department for Transport statistics,,,,,,,,,,,,,,,,,,,,,,,,,
Energy and environment,,,,,,,,,,,,,,,,,,,,,,,,,
,,,,,,,,,,,,,,,,,,,,,,,,,
"ENV0401 Total greenhouse gas emissions from transport: United Kingdom, 1990-2009",,,,,,,,,,,,,,,,,,,,,,,,,
(DfT Business Plan impact indicator1),,,,,,,,,,,,,,,,,,,,,,,,,

,,,,,,,,,,,,,,,,,,,,Million tonnes of CO2 equivalent,,,,,
,1990,1991,1992,1993,1994,1995,1996,1997,1998,1999,2000,2001,2002,2003,2004,2005,2006,2007,2008,2009,,,,,
Domestic transport,122.1,120.3,121.5,122.7,123.3,122.6,127.0,128.3,127.3,128.4,127.3,127.4,129.9,129.4,130.6,131.1,131.4,132.4,127.6,122.2,,,,,
International transport4,24.9,24.6,26.4,27.5,27.4,28.9,31.0,33.1,36.2,35.5,37.6,37.0,34.9,36.7,40.4,43.6,46.5,45.8,45.9,43.6,,,,,
Total transport,146.9,144.8,147.8,150.2,150.7,151.5,157.9,161.4,163.5,163.9,164.9,164.4,164.8,166.1,171.1,174.8,177.8,178.2,173.5,165.8,,,,,

1. Impact indicator: Total greenhouse gas emissions from transport,,,,,,,,,,,,,,,,,,,,Sources - AEA Energy & Environment/DECC (NAEI),,,,,
2. UK national emissions estimates are updated annually and any developments in  ,,,,,,,,,,,,,,,,,,,,Last updated: 24 March 2011,,,,,
    methodology are applied retrospectively to earlier years.,,,,,,,,,,,,,,,,,,,,Next update: March 2012,,,,,
3. The figures in this table are 'by source' which means that they include direct emissions ,,,,,,,,,,,,,,,,,,,,,,,,,
    and do not include emissions resulting from the production of the fuels used.,
4. International aviation and international shipping emissions are not included in the national ,
"    total reported to the UNFCCC, since there is no internationally agreed way of allocating ",
    these emissions to individual nation states.,

"Note: The basket of six greenhouse gases consists of carbon dioxide, methane, nitrous oxide, hydro-fluorocarbons, perfluorocarbons and sulphur hexafluoride ",
"         (CO2, CH4, N2O, HFCs, PFCs and SF6).",
,
E-mail: environment.stats@dft.gsi.gov.uk,
Telephone: 020 7944 4129,
