Department for Transport statistics,,,,,,,,,,,,,,,,,,,,,,,,,
Energy and environment,,,,,,,,,,,,,,,,,,,,,,,,,
"ENV0201  Greenhouse gas emissions by transport mode: United Kingdom, 1999-20091",,,,,,,,,,,,,,,,,,,,,,,,,
,,,,,,,,,,,,,,Million tonnes of carbon dioxide equivalent/percentage,,,,,,,,,,,
,,,1999,2000,2001,2002,2003,2004,2005,2006,2007,2008,2009,,,,,,,,,,,,
(a) By source2,,,,,,,,,,,,,,"Percent of 
all domestic 
in 2009",,,,,,,,,,,
"Domestic 
transport",Road transport,Cars and taxis,77.9,77.7,77.4,78.5,77.1,77.5,76.5,76.0,75.4,73.0,70.9,13,,,,,,,,,,,
,,Heavy goods vehicles,22.9,21.9,21.6,22.2,22.2,22.3,23.1,23.6,24.6,23.1,21.0,4,,,,,,,,,,,
,,Light vans,12.7,12.9,13.2,13.5,14.1,14.7,15.1,15.6,16.2,15.8,15.3,3,,,,,,,,,,,
,,Buses and coaches,4.5,4.5,4.5,4.8,5.2,5.2,5.4,5.4,5.4,5.4,5.3,1,,,,,,,,,,,
,,Motorcycles & mopeds,0.6,0.6,0.6,0.6,0.7,0.6,0.7,0.6,0.7,0.6,0.6,-,,,,,,,,,,,
,,Other road transport emissions3,0.2,0.3,0.4,0.5,0.5,0.6,0.5,0.5,0.5,0.5,0.4,-,,,,,,,,,,,
,,Total,118.7,117.9,117.8,120.1,119.8,120.9,121.3,121.7,122.8,118.3,113.6,20,,,,,,,,,,,
,Other transport,"Rail1,4",1.8,1.8,1.9,1.9,1.9,2.0,2.1,2.1,2.1,2.1,2.1,-,,,,,,,,,,,
,,Domestic aviation,1.9,2.1,2.2,2.2,2.2,2.3,2.6,2.4,2.3,2.2,2.0,-,,,,,,,,,,,
,,Domestic shipping1,1.9,1.8,1.7,1.8,1.8,1.8,1.8,1.7,1.7,1.6,1.5,-,,,,,,,,,,,
,,Other5,4.1,3.8,3.8,3.9,3.7,3.6,3.3,3.4,3.5,3.3,3.0,1,,
,,Total,9.7,9.5,9.6,9.8,9.7,9.8,9.8,9.7,9.6,9.3,8.6,2,,
,Total domestic transport,,128.4,127.3,127.4,129.9,129.4,130.6,131.1,131.4,132.4,127.6,122.2,22,,
"Net domestic 
emissions 
all sources",,,671.6,672.0,675.7,653.7,657.6,654.4,649.4,642.9,632.2,617.7,563.6,100,,
"International
emissions
(Memo items)6",,International aviation,27.6,30.4,29.7,29.1,29.8,32.7,35.5,35.9,35.8,34.5,33.0,.,,
,,International shipping1,7.9,7.1,7.4,5.8,6.8,7.7,8.2,10.6,10.1,11.4,10.6,.,,
(b) By end user2,,,,,,,,,,,,,,"Percent of 
all domestic 
in 2009",,
"Domestic 
transport",,Road,135.6,134.3,134.4,137.9,136.6,136.1,137.2,135.9,136.9,131.5,126.6,22,,
,,Rail4,3.4,3.5,3.6,3.7,3.7,3.8,3.9,4.0,4.0,3.9,3.8,1,,
,,Domestic aviation,2.2,2.4,2.5,2.5,2.5,2.6,2.9,2.7,2.6,2.5,2.2,-,,
,,Domestic shipping1,2.2,2.0,1.9,2.0,2.0,2.0,2.0,1.9,1.9,1.8,1.7,-,,
,,Other5,4.6,4.3,4.3,4.4,4.2,4.1,3.7,3.8,3.9,3.7,3.3,1,,
,,Total,148.0,146.4,146.8,150.5,149.1,148.6,149.7,148.3,149.2,143.4,137.6,24,,
"Net domestic 
emissions 
all end users",,,671.6,672.0,675.7,653.7,657.6,654.4,649.4,642.9,632.2,617.7,563.6,100,,
(c) By industry7,"SIC 2007 
code7",Industry,,,,,,,,,,,,"Percent of 
all sectors
in 2009",,
Transport and storage industries,49.1 + 49.2,Rail transport,2.2,2.2,2.3,2.3,2.4,2.5,2.5,2.5,2.6,2.6,2.6,-,,
,49.31/9 + 49.39,"Buses, coaches, trams, etc",5.3,5.4,5.4,5.6,5.9,6.0,6.2,6.2,6.2,6.2,6.0,1,,
,49.31/1,Underground & metro,0.7,0.6,0.6,0.5,0.2,0.2,0.2,0.2,0.2,0.2,0.2,-,,
,49.32,Taxi operation,2.2,2.2,2.2,2.3,2.3,2.3,2.4,2.5,2.6,2.6,2.7,-,,
,49.4,Road freight and removal services,15.6,15.0,14.6,14.8,14.7,14.6,14.9,15.1,15.7,14.3,12.0,2,,
,49.5,Transport via pipeline,0.1,0.1,0.1,0.1,0.1,0.1,0.1,0.1,0.1,0.1,0.1,-,,
,50,Water transport services,17.3,16.8,21.2,23.0,25.3,28.1,28.3,20.0,19.6,20.1,17.1,3,,
,51,Air transport services,34.1,37.6,37.0,36.1,37.4,39.6,43.1,43.7,44.3,43.2,41.5,7,,
,52,Warehousing and transport support ,1.3,1.3,1.3,1.2,1.2,1.3,1.4,1.5,1.4,1.5,1.3,-,,
,53,Postal and courier services,1.4,1.4,1.4,1.4,1.4,1.4,1.5,1.4,1.5,1.7,1.6,-,,
,H,All transport and storage industries,80.1,82.6,86.2,87.4,90.9,96.1,100.6,93.3,94.2,92.4,85.1,13,,
Household private transport,,,65.6,65.4,66.7,69.0,68.3,69.7,69.2,69.0,68.3,66.1,64.9,10,,
Total emissions all sectors,,,725.4,729.7,738.7,718.6,727.3,730.9,731.0,717.1,708.0,694.6,636.5,100,,
,,,,,,,,,,,,,,,,
1. UK national emissions estimates are updated annually and any developments in methodology ,,,,,,,,,,,,,,Sources - AEA Energy & Environment/DECC (NAEI);,,
    are applied retrospectively to earlier years. The largest revisions in the latest estimates were ,,,,,,,,,,,,,,Office for National Statistics (Environmental Accounts),,
    for shipping (a reallocation of emissions from domestic to international) and rail (a slight decrease,,,,,,,,,,,,,,,,
    across the series). See notes and definitions for the reasons behind these revisions.  ,,,,,,,,,,,,,,Last updated: September 2011
2. The 'by source' figures for transport only include direct emissions from transport while the 'by final,,,,,,,,,,,,,,Next updated: April 2012
    user' transport figures also include appoximate emissions resulting from the production of the fuels ,,,,,,,,,,,,,,
"    used, which takes place within the UK (see notes and definitions). ",,,,,,,,,,,,,,
3. 'Other road transport emissions' consist of emissions from road vehicles running on liquified,,,,,,,,,,,,,,
    petroleum gas (propane and butane) and emissions from the evaporation of engine lubricants. ,,,,,,,,,,,,,,
4. There are no direct emissions from electric trains. However the final user emissions do include the,,,,,,,,,,,,,,
    emissions resulting from the production of the electricity used by electric trains. ,,,,,,,,,,,,,,
5. Other mainly consists of 'military aircraft and shipping' and 'aircraft support vehicles'. ,,,,,,,,,,,,,,
6. International aviation and international shipping emissions are not included in the national total ,,,,,,,,,,,,,,
"    reported to the UNFCCC, since there is no internationally agreed way of allocating these  ",,,,,,,,,,,,,,
    emissions to individual nation states (see notes and definitions).,,,,,,,,,,,,,,
7. The economic sectors are based on similar concepts and classifications of industries to those  ,,,,,,,,,,,,,,
    used in the National Accounts (see notes and definitions).,,,,,,,,,,,,,,
    SIC 2007 = UK Standard Industrial Classification of Economic Activities 2007.,,,,,,,,,,,,,,
,,,,,,,,,,,,,,
"Note: The basket of greenhouse gases consists of carbon dioxide, methane, nitrous oxide, hydro-fluorocarbons, perfluorocarbons and sulphur hexafluoride ",,,,,,,,,,,,,,
"         (CO2, CH4, N2O, HFCs, PFCs and SF6).",,,,,,,,,,,,,,
,,,,,,,,,,,,,,
E-mail: environment.stats@dft.gsi.gov.uk,,,,,,,,,,,,,,
Telephone: 020 7944 4129,,,,,,,,,,,,,,
,,,,,,,,,,,,,,
,,,,,,,,,,,,,,
,,,,,,,,,,,,,,
,,,,,,,,,,,,,,
