Department for Transport statistics,,,,,,,,,,,,,
Driving Test and Instructor Statistics (http://www.dft.gov.uk/statistics/series/driving-tests-and-instructors/),,,,,,,,,,,,,
,,,,,,,,,,,,,
Table INS0501,,,,,,,,,,,,,
Approved training body Statutory Register: April 2011 to March 2012,,,,,,,,,,,,,
,,,,,,,,,,,,,Numbers
,Number of instructor certificates held at period end,,Instructor certificates issued,,,,Instructor certificates removed,,,,Reasons certificates removed,,
,,,CBT1 down trained,CBT1 Cardington Assessed,CBT1/DAS2 Cardington Assessed,,CBT1 down trained,CBT1 Cardington Assessed,CBT1/DAS2 Cardington Assessed,,Registrar's Decision3,Resigned,Lapsed
Quarterly,,,,,,,,,,,,,
Apr-Jun 2011," 3,219 ",,162,39,191,,135,30,130,,13,122,160
Jul- Sep 2011," 2,699 ",,143,37,147,,143,37,147,,8,257,62
Oct - Dec 2011," 2,677 ",,66,24,147,,151,32,121,,21,244,39
Jan-Mar 2012," 2,497 ",,102,22,172,,119,32,159,,3,275,32
Annually (financial years),,,,,,,,,,,,,
2011/12,"2,497 ",,473,122,657,,548,131,557,,45,898,293
1 Compulsory Basic Training,,,,,,,,,,,,,
2 Direct Access Scheme,,,,,,,,,,,,,
3 Instructor removed from the register for poor performance or not meeting 'fit and proper' reasons,,,,,,,,,,,,,
Telephone: 020 7944 3077,,,,,,,,,,,,,Source: DSA/DfT
Email�: vehicles.stats@dft.gsi.gov.uk,,,,,,,,,,,,,Last updated: 28 June 2012
Notes & definitions (http://www.dft.gov.uk/statistics/series/driving-tests-and-instructors/),,,,,,,,,,,,,Next update: August 2012
