Department for Transport statistics,,,,,,,,,,,,,,,,
Driving Test and Instructor Statistics (http://www.dft.gov.uk/statistics/series/driving-tests-and-instructors/),,,,,,,,,,,,,,,,
,,,,,,,,,,,,,,,,
Table INS0101,,,,,,,,,,,,,,,,
Approved driving instructor (ADI) register statistics: from April 2011 to February 2012,,,,,,,,,,,,,,,,
,,,,,,,,,,,,,,,,Numbers
,Potential driving instructor (PDI) applications,,,,,Approved driving instructor registrations,,,,Approved driving instructor removal reasons,,,,Approved driving instructors On Register,..of which: ADIs taking part in continuing professional development scheme,Check Tests Completed
,First applications,..of which: applications made on line,Refused applications,Trainee Licences Issued1,,New Registrations,Renewals2,Re - registration3,,"Registrar's decision4,6",Resigned,Lapsed,,,,
Monthly,,,,[revised5],,,,,,,,,,,,
April 2011, 597 , 337 , 55 , 389 ,, 317 , 732 , 62 ,, .. , 57 , 165 ,," 47,074 "," 5,005 "," 1,111 "
May 2011, 833 , 390 , 105 , 308 ,, 311 , 797 , 78 ,, .. , 90 , 150 ,," 47,073 "," 5,044 "," 1,248 "
June 2011, 682 , 366 , 60 , 342 ,, 301 , 709 , 75 ,, .. , 84 , 196 ,," 47,111 "," 5,189 "," 1,133 "
July 2011, 625 , 328 , 65 , 284 ,, 308 , 715 , 72 ,, .. , 94 , 182 ,," 47,037 "," 5,424 "," 1,233 "
August 2011, 570 , 288 , 57 , 303 ,, 359 , 738 , 44 ,, .. , 122 , 199 ,," 47,033 "," 5,576 "," 1,343 "
September 2011, 583 , 308 , 72 , 314 ,, 271 , 726 , 66 ,, .. , 114 , 159 ,," 46,956 "," 5,665 "," 1,420 "
November 2011, 562 , 306 , 76 , 271 ,, 330 , 735 , 52 ,, .. , 97 , 190 ,," 46,950 "," 5,805 "," 1,245 "
November 2011, 554 , 296 , 65 , 186 ,, 256 , 716 , 85 ,, .. , 79 , 180 ,," 46,953 "," 5,898 "," 1,449 "
December 2011, 344 , 210 , 28 , 168 ,, 193 , 521 , 49 ,, .. , 63 , 200 ,," 46,612 "," 6,040 "," 1,163 "
January 2012, 518 , 285 , 64 , 237 ,, 278 , 717 , 69 ,, .. , 118 , 194 ,," 46,659 "," 6,154 "," 1,263 "
February 2012, 495 , 279 , 42 , 178 ,, 183 , 717 , 85 ,, .. , 78 , 117 ,," 46,651 "," 6,322 "," 1,460 "
March 2012, 567 , 317 , 50 , 234 ,, 232 , 786 , 95 ,, .. , 108 , 216 ,," 46,569 "," 6,446 "," 1,696 "
April 2012, 496 , 324 , 42 , 186 ,, 187 , 565 , 67 ,, 19 , 58 , 175 ,," 46,523 "," 6,553 "," 1,148 "
May 2012, 570 , 345 , 63 , 231 ,, 230 , 687 , 105 ,, 9 , 130 , 222 ,," 46,336 "," 6,734 "," 1,409 "
Annually (financial years),,,,,,,,,,,,,,,,
2011/12,"6,930 ","3,710 ",739 ,"3,214 ",,"3,339 ","8,609 ",832 ,,..,"1,104 ","2,148 ",," 46,569 ",,"15,764 "
Year to date,"1,066 ",669 ,105 ,417 ,,417 ,"1,252 ",172 ,,28 ,188 ,397 ,,,,"2,557 "
1 Trainee licence issued after candidate has passed Part 1 test,,,,,,,,,,,,,,,,
2 Renewal required after four year registration period has come to an end,,,,,,,,,,,,,,,,
3 Re-registration required if ADI has allowed registration to lapse by up to 12 months,,,,,,,,,,,,,,,,
4 ADI removed from the register for poor performance or not meeting 'fit and proper' reasons,,,,,,,,,,,,,,,,
5 Numbers have been revised since the initial publication. These revisions are to remove some duplicates that were included in the original data.,,,,,,,,,,,,,,,,
"6 The figures published for 2011/12 in February 2012 include some duplication. Until reliable revisions can be made, these figures will be left off the table. Revisions will be expected by the August quarterly release at the latest.",,,,,,,,,,,,,,,,
Telephone: 020 7944 3077,,,,,,,,,,,,,,,,Source: DSA/DfT
Email�: vehicles.stats@dft.gsi.gov.uk,,,,,,,,,,,,,,,,Last updated: 28 June 2012
Notes & definitions (http://www.dft.gov.uk/statistics/series/driving-tests-and-instructors/),,,,,,,,,,,,,,,,Next update: August 2012
