Department for Transport statistics,,,,,,,,,,,,,,
Vehicles Excise Duty Evasion,,,,,,,,,,,,,,
,,,,,,,,,,,,,,
VED0202,,,,,,,,,,,,,,
"Number of unlicensed vehicles in active stock, by tax class, Great Britain: 2007 to 2011",,,,,,,,,,,,,,
,,,,,,,Thousands,,,,,,,
Tax Class,2007,2008,2009,2010,2011,Lower Limit1,Upper Limit1,,,,,,,
Private and Light Goods,374,224,165,247,203,183,225,,,,,,,
Goods,4,3,2,5,2,2,3,,,,,,,
Motorcycles,119,45,43,42,32,19,51,,,,,,,
Bus,1,1,-,1,-,-,-,,,,,,,
Exempt,19,15,11,12,11,6,18,,,,,,,
Other,5,2,3,2,1,-,2,,,,,,,
All tax classes,522,289,225,307,249,210,299,,,,,,,

1. These figures provide the upper and lower limit for the 2011 vehicles rather than the 95% confidence interval.,,,,,,,,,,,,,,
    The 95% confidence intervals will be narrower than the figures provided.,,,,,,,,,,

Telephone: 020 7944 3077,,,,,,,Source: DfT Roadside Survey,,,
Email�: vehicles.stats@dft.gsi.gov.uk,,,,,,,Last updated: 15 December 2011,,,
Notes & definitions (http://assets.dft.gov.uk/statistics/series/vehicle-excise-duty-evasion/notes.pdf),,,,,,,Next update: December 2013,,,
,,,,,,,,,,




,,,,,,,,,,






,,,,,,,
,,,,,,,
,,,,,,,
,,,,,,,
,,,,,,,
,,,,,,,
,,,,,,,
,,,,,,,
,,,,,,,
,,,,,,,
