Department for Transport statistics,,,,,,,,,,,,
Vehicles Excise Duty Evasion,,,,,,,,,,,,
,,,,,,,,,,,,
VED0401,,,,,,,,,,,,
"Unlicensed vehicles observed in 2011 survey, by last licensing activity and tax class",,,,,,,,,,,,
,,,,,Percent,,,,,,,
Tax Class,Current SORN1,Expired SORN1,Seen after Refund2,Licence Expired,No Previous Licence,,,,,,,
Private and Light Goods,6,4,9,32,48,,,,,,,
Goods,22,16,10,37,15,,,,,,,
Motorcycles,31,17,6,46,0,,,,,,,
Bus,*,*,*,*,*,,,,,,,
Exempt,6,5,10,23,55,,,,,,,
Other,*,*,*,*,*,,,,,,,
All unlicensed vehicles,6,4,9,32,48,,,,,,,

1.  A vehicle that is not being taxed and is kept off the road should have a  SORN (Statutory Off Road Notification),,,,,,,,,,,,
2. This is a vehicle which has had VED paid but the keeper has claimed a   refund for the remainder of the year,,,,,,,,
  ,,,,,,,,
Telephone: 020 7944 3077,,,,,Source: DfT Roadside Survey,,,
Email�: vehicles.stats@dft.gsi.gov.uk,,,,,Last updated: 15 December 2011,,,
Notes & definitions (http://assets.dft.gov.uk/statistics/series/vehicle-excise-duty-evasion/notes.pdf),,,,,Next update: December 2013,,,





,,,,,,,,






,,,,,
,,,,,
,,,,,
,,,,,
,,,,,
,,,,,
,,,,,
,,,,,
,,,,,
,,,,,
