Department for Transport statistics,,,,,,,,,,,,,,
Vehicles Excise Duty Evasion,,,,,,,,,,,,,,
,,,,,,,,,,,,,,
VED0201,,,,,,,,,,,,,,
"Rate of unlicensed vehicles in active stock, by tax class, Great Britain: 2007 to 2011",,,,,,,,,,,,,,
,,,,,,,Percentages,,,,,,,
Tax Class,2007,2008,2009,2010,2011,Lower Limit1,Upper Limit1,,,,,,,
Private and Light Goods,1.2,0.7,0.5,0.8,0.7,0.6,0.7,,,,,,,
Goods,1.0,0.7,0.6,1.2,0.5,0.4,0.7,,,,,,,
Motorcycles,9.4,3.6,3.4,3.4,2.6,1.6,4.1,,,,,,,
Bus,0.8,0.7,0.3,0.6,0.1,-,0.2,,,,,,,
Exempt,0.9,0.7,0.5,0.5,0.5,0.3,0.8,,,,,,,
Other,5.2,1.8,4.1,2.2,0.8,0.2,2.4,,,,,,,
All tax classes,1.5,0.8,0.7,0.9,0.7,0.6,0.9,,,,,,,

1. These figures provide the upper and lower limit for the 2011 rate rather than the 95% confidence interval.,,,,,,,,,,,,,,
    The 95% confidence intervals will be narrower than the figures provided.,,,,,,,,,,

Telephone: 020 7944 3077,,,,,,,Source: DfT Roadside Survey,,,
Email�: vehicles.stats@dft.gsi.gov.uk,,,,,,,Last updated: 15 December 2011,,,
Notes & definitions (http://assets.dft.gov.uk/statistics/series/vehicle-excise-duty-evasion/notes.pdf),,,,,,,Next update: December 2013,,,
,,,,,,,,,,




,,,,,,,,,,






,,,,,,,
,,,,,,,
,,,,,,,
,,,,,,,
,,,,,,,
,,,,,,,
,,,,,,,
,,,,,,,
,,,,,,,
,,,,,,,
