Department for Transport statistics,,,,,,,,,,,,,,
Vehicles Excise Duty Evasion,,,,,,,,,,,,,,
,,,,,,,,,,,,,,
VED0301,,,,,,,,,,,,,,
Revenue lost from unlicensed vehicles in Great Britain: 2007/8 to 2011/12,,,,,,,,,,,,,,
,,,,,,,�m / percentages,,,,,,,
Tax Class,2007/08,2008/09,2009/10,2010/11,2011/12,Lower Limit1,Upper Limit1,,,,,,,
Private and Light Goods,61,38,28,41,37,33,41,,,,,,,
Goods,3,2,1,3,1,1,2,,,,,,,
Motorcycles,5,2,2,2,2,1,3,,,,,,,
Bus,-,-,-,-,-,-,-,,,,,,,
Exempt,0,0,0,0,0,0,0,,,,,,,
Other,1,-,1,-,-,-,-,,,,,,,
All tax classes,70,42,32,46,40,35,45,,,,,,,
As % of total revenue,1.3,0.8,0.6,0.9,0.7,0.6,0.8,,,,,,,

1. These figures provide the upper and lower limit for the 2011/12 revenue loss rather than the 95% confidence interval.,,,,,,,,,,
    The 95% confidence intervals will be narrower than the figures provided.,,,,,,,,,,

Telephone: 020 7944 3077,,,,,,,Source: DfT Roadside Survey,,,
Email�: vehicles.stats@dft.gsi.gov.uk,,,,,,,Last updated: 15 December 2011,,,
Notes & definitions (http://assets.dft.gov.uk/statistics/series/vehicle-excise-duty-evasion/notes.pdf),,,,,,,Next update: December 2013,,,
,,,,,,,,,,




,,,,,,,,,,






,,,,,,,
,,,,,,,
,,,,,,,
,,,,,,,
,,,,,,,
,,,,,,,
,,,,,,,
,,,,,,,
,,,,,,,
,,,,,,,
