Department for Transport statistics,,,,,,,,,,,,,,
Vehicles Excise Duty Evasion,,,,,,,,,,,,,,
,,,,,,,,,,,,,,
VED0103,,,,,,,,,,,,,,
"Rate of unlicensed vehicles in traffic, by region, Great Britain: 2007 to 2011",,,,,,,,,,,,,,
,,,,,,,Percentages,,,,,,,
Region,2007,2008,2009,2010,2011,Lower confidence interval1,Upper confidence interval1,,,,,,,
North East,0.7,0.5,0.6,1.4,0.6,0.5,0.6,,,,,,,
North West,0.9,0.5,0.4,0.8,0.7,0.6,0.7,,,,,,,
Yorkshire and the Humber,0.8,0.6,0.5,0.9,0.6,0.5,0.7,,,,,,,
East Midlands,0.7,0.5,0.4,0.7,0.7,0.6,0.7,,,,,,,
West Midlands,0.9,0.6,0.5,0.6,0.6,0.5,0.6,,,,,,,
East of England,1.6,0.7,0.5,0.8,0.8,0.8,0.9,,,,,,,
London,1.3,0.6,0.6,0.8,0.5,0.5,0.6,,,,,,,
South East,1.1,0.5,0.5,0.7,0.6,0.6,0.7,,,,,,,
South West,0.7,1.0,0.6,0.7,0.7,0.7,0.8,,,,,,,
England,1.1,0.7,0.5,0.7,0.6,0.6,0.7,,,,,,,
Wales,1.3,0.9,0.6,0.8,0.6,0.6,0.7,,,,,,,
Scotland,0.7,0.5,0.6,0.8,0.8,0.8,0.9,,,,,,,
Great Britain,1.0,0.6,0.5,0.8,0.7,0.6,0.7,,,,,,,

1. At the 95% confidence level. Applies to the 2011 rate.,,,,,,,,,,,,,,
2. Regions refer to where the vehicles were seen and not where the registered keepers of the vehicles reside.,,,,,,,,,,,,,,

Telephone: 020 7944 3077,,,,,,,Source: DfT Roadside Survey,,,,,,,
Email�: vehicles.stats@dft.gsi.gov.uk,,,,,,,Last updated: 15 December 2011,,,,,,,
Notes & definitions (http://assets.dft.gov.uk/statistics/series/vehicle-excise-duty-evasion/notes.pdf),,,,,,,Next update: December 2013,,,,,,,
,,,,,,,,,,,,,,




,,,,,,,






,,,,,,,
,,,,,,,
,,,,,,,
,,,,,,,
,,,,,,,
,,,,,,,
,,,,,,,
,,,,,,,
,,,,,,,
,,,,,,,
