Department for Transport statistics,,,,,,,,,,
Vehicles Excise Duty Evasion,,,,,,,,,,
,,,,,,,,,,
VED0502,,,,,,,,,,
Relative mileage of unlicensed vehicles in Great Britain: 2011,,,,,,,,,,
,,,,,,,,,,
Tax Class,Relative Mileage1,Lower Confidence  Limit,Upper Confidence  Limit,,,,,,,
Private and Light Goods,1.02,0.94,1.09,,,,,,,
Goods,0.79,0.72,0.87,,,,,,,
Motorcycles,0.81,0.60,1.05,,,,,,,
Bus,0.57,0.45,0.71,,,,,,,
Exempt,1.00,0.65,1.42,,,,,,,
Other,0.62,0.39,0.92,,,,,,,

1 Average mileage per unlicensed vehicle for every mile travelled by a licensed vehicle.,,,,,,,,,,

,,,Source: DfT Roadside Survey,,,
Telephone: 020 7944 3077,,,Last updated: 15 December 2011,,,
Email�: vehicles.stats@dft.gsi.gov.uk,,,Next update: December 2013,,,
Notes & definitions (http://assets.dft.gov.uk/statistics/series/vehicle-excise-duty-evasion/notes.pdf),,,,,,











,,,,,,
,,,
,,,
,,,
,,,
,,,
,,,
,,,
,,,
,,,
