Department for Transport statistics,,,,,,,,,,
Vehicles Excise Duty Evasion,,,,,,,,,,
,,,,,,,,,,
VED0404,,,,,,,,,,
"Unlicensed vehicles observed in 2011 survey, by type of registered keeper and tax class",,,,,,,,,,
,,,Percent,,,,,,,
Tax Class,Private,Company,Between keepers,,,,,,,
Private and Light Goods,80,9,11,,,,,,,
Goods,10,76,13,,,,,,,
Motorcycles,85,2,13,,,,,,,
Bus,*,*,*,,,,,,,
Exempt,71,17,11,,,,,,,
Other,*,*,*,,,,,,,
All unlicensed vehicles,78,11,11,,,,,,,
All licensed vehicles,74,24,2,,,,,,,

  ,,,,,,
,,,Source: DfT Roadside Survey,,,
Telephone: 020 7944 3077,,,Last updated: 15 December 2011,,,
Email�: vehicles.stats@dft.gsi.gov.uk,,,Next update: December 2013,,,
Notes & definitions (http://assets.dft.gov.uk/statistics/series/vehicle-excise-duty-evasion/notes.pdf),,,,,,
