Department for Transport statistics,,,,,,,,,,,,
Vehicles Excise Duty Evasion,,,,,,,,,,,,
,,,,,,,,,,,,
VED0403,,,,,,,,,,,,
"Unlicensed vehicles observed in 2011 survey, by age of vehicle and tax class",,,,,,,,,,,,
,,,,,Percent,,,,,,,
Tax Class,Up to 2 years,2 to 5 years,5 to 10 years,10 to 20 years,Over 20 years,,,,,,,
Private and Light Goods,8,12,27,51,2,,,,,,,
Goods,17,24,46,11,2,,,,,,,
Motorcycles,1,24,38,32,5,,,,,,,
Bus,*,*,*,*,*,,,,,,,
Exempt,14,11,26,44,4,,,,,,,
Other,*,*,*,*,*,,,,,,,
All unlicensed vehicles,9,12,28,50,2,,,,,,,
All licensed vehicles,19,27,38,16,-,,,,,,,

  ,,,,,,,,
,,,,,Source: DfT Roadside Survey,,,
Telephone: 020 7944 3077,,,,,Last updated: 15 December 2011,,,
Email�: vehicles.stats@dft.gsi.gov.uk,,,,,Next update: December 2013,,,
Notes & definitions (http://assets.dft.gov.uk/statistics/series/vehicle-excise-duty-evasion/notes.pdf),,,,,,,,

,,,,,,,,
,,,,,,,,
,,,,,,,,
,,,,,,,,
,,,,,,,,
