Department for Transport statistics,,,,,,,,,,,,
Vehicles Excise Duty Evasion,,,,,,,,,,,,
,,,,,,,,,,,,
VED0501,,,,,,,,,,,,
Survey size by country and tax class: 2007 to 2011,,,,,,,,,,,,
,,,,,,,,,,,,
Tax Class,2007,2008,2009,2010,2011,,,,,,,
Great Britain,,,,,,,,,,,,
Private and Light Goods,"1,482,422","1,292,779","1,301,819","1,424,814","949,148",,,,,,,
Goods,"92,967","81,115","58,755","64,289","45,003",,,,,,,
Motorcycles,"9,166","7,124","7,921","9,582","6,706",,,,,,,
Bus,"16,601","14,806","15,618","17,091","10,818",,,,,,,
Exempt,"50,260","45,756","51,360","57,673","39,220",,,,,,,
Other,"2,456","1,061","1,584","3,872","2,052",,,,,,,
All tax classes,"1,653,872","1,445,997","1,437,057","1,577,321","1,052,947",,,,,,,
Northern Ireland,,,,,,,,,,,,
Private and Light Goods,"56,058","71,710","77,796","83,037","56,683",,,,,,,
Goods,"3,121","4,345","3,263","3,126","2,396",,,,,,,
Other,"5,411","6,903","7,467","8,261","5,877",,,,,,,
All tax classes,"64,590","82,958","88,526","94,424","64,956",,,,,,,
,,,,,,,,,,,,
,,,,,Source: DfT Roadside Survey,,,,,,,
Telephone: 020 7944 3077,,,,,Last updated: 15 December 2011,,,,,,,
Email�: vehicles.stats@dft.gsi.gov.uk,,,,,Next update: December 2013,,,,,,,
Notes & definitions (http://assets.dft.gov.uk/statistics/series/vehicle-excise-duty-evasion/notes.pdf),,,,,,,,,,,,
