Department for Transport statistics,,,,,,,,,,,,,,
Vehicles Excise Duty Evasion,,,,,,,,,,,,,,
,,,,,,,,,,,,,,
VED0104,,,,,,,,,,,,,,
"Rate of unlicensed vehicles in traffic, by road class, Great Britain: 2007 to 2011",,,,,,,,,,,,,,
,,,,,,,Percentages,,,,,,,
Road Class,2007,2008,2009,2010,2011,Lower confidence interval1,Upper confidence interval1,,,,,,,
Motorways,0.6,0.6,0.5,0.7,0.6,0.5,0.6,,,,,,,
"A road, urban",1.0,0.6,0.4,0.7,0.7,0.7,0.7,,,,,,,
"A road, rural",1.1,0.6,0.4,0.7,0.6,0.6,0.6,,,,,,,
"Minor road, urban",1.2,0.7,0.5,1.0,0.7,0.7,0.8,,,,,,,
"Minor road, rural",1.1,0.7,0.5,0.8,0.8,0.7,0.9,,,,,,,
All road classes,1.0,0.6,0.5,0.8,0.7,0.6,0.7,,,,,,,

1. At the 95% confidence level. Applies to the 2011 rate.,,,,,,,,,,,,,,

Telephone: 020 7944 3077,,,,,,,Source: DfT Roadside Survey,,,
Email�: vehicles.stats@dft.gsi.gov.uk,,,,,,,Last updated: 15 December 2011,,,
Notes & definitions (http://assets.dft.gov.uk/statistics/series/vehicle-excise-duty-evasion/notes.pdf),,,,,,,Next update: December 2013,,,
,,,,,,,,,,




,,,,,,,,,,






,,,,,,,,,,
,,,,,,,
,,,,,,,
,,,,,,,
,,,,,,,
,,,,,,,
,,,,,,,
,,,,,,,
,,,,,,,
,,,,,,,
