Department for Transport statistics,,,,,,,,,,,,,,
Vehicles Excise Duty Evasion,,,,,,,,,,,,,,
,,,,,,,,,,,,,,
VED0101,,,,,,,,,,,,,,
"Rate of unlicensed vehicles in traffic, by tax class, Great Britain: 2007 to 2011",,,,,,,,,,,,,,
,,,,,,,Percentages,,,,,,,
Tax Class,2007,2008,2009,2010,2011,Lower confidence interval1,Upper confidence interval1,,,,,,,
Private and Light Goods,1.0,0.6,0.5,0.8,0.7,0.7,0.7,,,,,,,
Goods ,0.7,0.5,0.5,0.9,0.4,0.4,0.5,,,,,,,
Motorcycles,6.2,2.4,2.8,3.0,2.1,1.7,2.6,,,,,,,
Bus,0.4,0.4,0.1,0.3,0.1,-,0.1,,,,,,,
Exempt,0.8,0.5,0.4,0.5,0.5,0.4,0.6,,,,,,,
Other,2.5,0.9,1.2,1.3,0.5,0.2,1.0,,,,,,,
All tax classes,1.0,0.6,0.5,0.8,0.7,0.6,0.7,,,,,,,

1. At the 95% confidence level. Applies to the 2011 rate.,,,,,,,,,,,,,,

Telephone: 020 7944 3077,,,,,,,Source: DfT Roadside Survey,,,
Email�: vehicles.stats@dft.gsi.gov.uk,,,,,,,Last updated: 15 December 2011,,,
Notes & definitions (http://assets.dft.gov.uk/statistics/series/vehicle-excise-duty-evasion/notes.pdf),,,,,,,Next update: December 2013,,,
,,,,,,,,,,


,,,,,,,,,,

,,,,,,,,,,






,,,,,,,
,,,,,,,
,,,,,,,
,,,,,,,
,,,,,,,
,,,,,,,
,,,,,,,
,,,,,,,
,,,,,,,
,,,,,,,
