Department for Transport statistics,,,,,,,,,,,,,,
Vehicles Excise Duty Evasion,,,,,,,,,,,,,,
,,,,,,,,,,,,,,
VED0402,,,,,,,,,,,,,,
"Unlicensed vehicles observed in 2011 survey, by period unlicensed and tax class",,,,,,,,,,,,,,
,,,,,,,Percent,,,,,,,
Tax Class,Up to 2 months,2 to 4 months,4 to 6 months,6 to 8 months,8 to 10 months,10 to 12 months,Over 12 months,,,,,,,
Private and Light Goods,55,18,7,5,3,1,11,,,,,,,
Goods,40,15,8,8,1,1,27,,,,,,,
Motorcycles,23,11,4,5,5,5,48,,,,,,,
Bus,*,*,*,*,*,*,*,,,,,,,
Exempt,37,13,9,8,5,1,26,,,,,,,
Other,*,*,*,*,*,*,*,,,,,,,
All unlicensed vehicles,53,17,7,5,3,1,13,,,,,,,

  ,,,,,,,,,,,,,,
Telephone: 020 7944 3077,,,,,,,Source: DfT Roadside Survey,,,
Email�: vehicles.stats@dft.gsi.gov.uk,,,,,,,Last updated: 15 December 2011,,,
Notes & definitions (http://assets.dft.gov.uk/statistics/series/vehicle-excise-duty-evasion/notes.pdf),,,,,,,Next update: December 2013,,,





,,,,,,,,,,
,,,,,,,,,,
,,,,,,,,,,
,,,,,,,,,,
,,,,,,,,,,
,,,,,,,,,,
,,,,,,,,,,
,,,,,,,,,,
,,,,,,,
,,,,,,,
