Department for Transport statistics,,,,,,,,,,,,,,,,,,,,,,,,,,,,,
http://www.dft.gov.uk/statistics/releases/road-accidents-and-safety-annual-report-2011,,,,,,,,,,,,,,,,,,,,,,,,,,,,,
RAS10008,,,,,,,,,,,,,,,,,,,,,,,,,,,,,
"Reported accidents by daylight and darkness, lighting conditions, special conditions",,,,,,,,,,,,,,,,,,,,,,,,,,,,,
" and carriageway hazards, Great Britain, 2011",,,,,,,,,,,,,,,,,,,,,,,,,,,,,
,,,,,,,          Number of accidents,,,,,,,,,,,,,,,,,,,,,,
,,,                                                 Darkness,,,,,,,,,,,,,,,,,,,,,,,,,,
,,,,,,_____________________________________,,,,,,,,,,,,,,,,,,,,,,,
,,,,No street,,,,,,,,,,,,,,,,,,,,,,,,,
,,,Street,lighting,   Street,,,,,,,,,,,,,,,,,,,,,,,,
,,,lights,or street,   lighting,All,   All1,,,,,,,,,,,,,,,,,,,,,,
,,  Daylight,lit,lights unlit,   unknown,darkness,accidents,,,,,,,,,,,,,,,,,,,,,,
____________________,,_______,______,________,________,________,________,,,,,,,,,,,,,,,,,,,,,,
Special conditions at site,,,,,,,,,,,,,,,,,,,,,,,,,,,,,
   Automatic traffic signal out or defective,,257,73,7,1,81,338,,,,,,,,,,,,,,,,,,,,,,
   Permanent road sign/markings defective or obscured,,164,45,17,1,63,227,,,,,,,,,,,,,,,,,,,,,,
   Roadworks,,"1,255",323,105,20,448,"1,703"
   Road surface defective,,286,58,68,1,127,413
   Oil or diesel,,422,37,25,2,64,486
   Mud,,285,19,95,7,121,406
   Total,,"2,669",555,317,32,904,"3,573"
Carriageway hazards,,,,,,,
   Dislodged vehicle load in carriageway,,141,21,15,0,36,177
   Other object in carriageway,,633,171,125,16,312,945
   Involvement with previous accident,,115,28,43,1,72,187
   Uninjured pedestrian in carriageway,,277,93,20,5,118,395
   Animal in carriageway (except ridden horses),,435,118,287,11,416,851
   Total,,"1,601",431,490,33,954,"2,555"
All accidents2,,"112,017","29,131","8,677","1,649","39,457","151,474"
,,,,,,,
1  Includes cases where lighting condition was not reported.,,,,,,,
"2  Includes accidents where there were no special conditions or carriageway hazard, or none reported.",,,,,,,
,,,,,,,
Telephone: 020 7944 6595,,,,,,,Source: DfT STATS19
Email: roadacc.stats@dft.gsi.gov.uk,,,,,,,Last updated: 27 September 2012
Notes & Definitions,,,,,,,Next update: September 2013
,,,,,,,
The figures in this table are National Statistics,,,,,,,
































Notes & Definitions






















