Department for Transport statistics,,,,,,,,,,
http://www.dft.gov.uk/statistics/releases/road-accidents-and-safety-annual-report-2011,,,,,,,,,,
RAS10006,,,,,,,,,,
"Reported accidents by daylight and darkness, weather condition, built-up and non built-up roads",,,,,,,,,,
" and severity, Great Britain, 2011",,,,,,,,,,
,,,,,,,,,,Number of accidents
,,                     Daylight,,,,            Darkness,,,,
,,,,,,,,,, All1
,Fine,Raining,Snowing,Fog,,Fine,Raining,Snowing,Fog,accidents
__________________,_____,_______,_______,___,,_____,_______,_______,___,________
Motorways,,,,,,,,,,
  Fatal,44,5,0,0,,38,3,1,0,92
  Serious,357,44,2,1,,149,38,3,3,610
  Slight,"3,067",430,15,11,,"1,105",315,20,15,"5,117"
  All severities,"3,468",479,17,12,,"1,292",356,24,18,"5,819"
Built-up roads2,,,,,,,,,,
  Fatal,402,32,0,1,,284,45,1,2,782
  Serious,"9,195",741,18,11,,"3,479",726,10,21,"14,602"
  Slight,"64,696","6,528",136,120,,"18,451","4,375",53,136,"98,002"
  All severities,"74,293","7,301",154,132,,"22,214","5,146",64,159,"113,386"
Non built-up roads2,,,,,,,,,,
  Fatal,488,60,4,4,,294,46,0,7,923
  Serious,"3,653",417,15,32,,"1,214",253,9,24,"5,774"
  Slight,"15,483","2,430",123,135,,"4,881","1,277",82,132,"25,572"
  All severities,"19,624","2,907",142,171,,"6,389","1,576",91,163,"32,269"
All speed limits3,,,,,,,,,,
  Fatal,934,97,4,5,,616,94,2,9,"1,797"
  Serious,"13,205","1,202",35,44,,"4,842","1,017",22,48,"20,986"
  Slight,"83,246","9,388",274,266,,"24,437","5,967",155,283,"128,691"
  All severities,"97,385","10,687",313,315,,"29,895","7,078",179,340,"151,474"
,,,,,,,,,,
1  Includes cases where lighting condition and/or weather condition was not reported.,,,,,,,,,,
2  Excludes motorways.,,,,,,,,,,
3  Includes cases where speed limit was not reported.,,,,,,,,,,
,,,,,,,,,,
Telephone: 020 7944 6595,,,,,,,,,,Source: DfT STATS19
Email: roadacc.stats@dft.gsi.gov.uk,,,,,,,,,,Last updated: 27 September 2012
Notes & Definitions,,,,,,,,,,Next update: September 2013
,,,,,,,,,,
The figures in this table are National Statistics,,,,,,,,,,
