Department for Transport statistics,,,,,,
http://www.dft.gov.uk/statistics/releases/road-accidents-and-safety-annual-report-2011,,,,,,
RAS10007,,,,,,
"Reported accidents by daylight and darkness, road surface condition, built-up and non built-up roads,",,,,,,
" speed limit and street lighting, Great Britain, 2011",,,,,,
,,,,,,                  Number of accidents
,,,,,,
,,                  Darkness,,,,
,,,,,_______________________________________________________,
,Daylight,Street,      No street lights/,      Lighting ,,All
,, lights lit,Street lights unlit,not reported,All,accidents2
______________________,_________,_______,______________,___________,____,_________
Motorways,,,,,,
Dry,"3,154",501,415,56,972,"4,126"
Wet or flood,860,390,315,17,722,"1,582"
Snow or ice,49,19,41,2,62,111
All1,"4,063",910,771,75,"1,756","5,819"
Built-up roads3,,,,,,
  Speed limit 20 mph,,,,,,
Dry,"1,266",256,16,10,282,"1,548"
Wet or flood,234,130,7,4,141,375
Snow or ice,9,3,0,0,3,12
All1,"1,509",389,23,14,426,"1,935"
  Speed limit 30 mph,,,,,,
Dry,"60,005","14,349",688,844,"15,881","75,886"
Wet or flood,"13,021","8,377",471,236,"9,084","22,105"
Snow or ice,594,331,31,16,378,972
All1,"73,734","23,090","1,190","1,103","25,383","99,117"
  Speed limit 40 mph,,,,,,
Dry,"6,952","1,384",332,107,"1,823","8,775"
Wet or flood,"2,028","1,007",265,45,"1,317","3,345"
Snow or ice,122,39,29,6,74,196
All1,"9,113","2,437",626,158,"3,221","12,334"
  All built-up roads,,,,,,
Dry,"68,223","15,989","1,036",961,"17,986","86,209"
Wet or flood,"15,283","9,514",743,285,"10,542","25,825"
Snow or ice,725,373,60,22,455,"1,180"
All1,"84,356","25,916","1,839","1,275","29,030","113,386"
Non built-up roads3,,,,,,
  Speed limit 50 mph,,,,,,
Dry,"2,713",482,254,33,769,"3,482"
Wet or flood,898,286,226,18,530,"1,428"
Snow or ice,74,24,33,3,60,134
All1,"3,688",794,514,54,"1,362","5,050"
  Speed limit 60 mph,,,,,,
Dry,"10,616",484,"2,113",111,"2,708","13,324"
Wet or flood,"4,845",361,"2,189",59,"2,609","7,454"
Snow or ice,832,37,463,9,509,"1,341"
All1,"16,320",883,"4,767",188,"5,838","22,158",
  Speed limit 70 mph,,,,,,,
Dry,"2,679",362,425,38,825,"3,504",
Wet or flood,811,238,320,17,575,"1,386",
Snow or ice,97,27,41,1,69,166,
All1,"3,590",628,786,57,"1,471","5,061",
  All non built-up roads,,,,,,,
Dry,"16,008","1,328","2,792",182,"4,302","20,310",
Wet or flood,"6,554",885,"2,735",94,"3,714","10,268",
Snow or ice,"1,003",88,537,13,638,"1,641",
All1,"23,598","2,305","6,067",299,"8,671","32,269",
All speed limits4 ,,,,,,,
Dry,"87,385","17,818","4,243","1,199","23,260","110,645",
Wet or flood,"22,697","10,789","3,793",396,"14,978","37,675",
Snow or ice,"1,777",480,638,37,"1,155","2,932",
All1,"112,017","29,131","8,677","1,649","39,457","151,474",
,,,,,,_________________________________________________________________________________________________________________________________________
1  Includes cases where road surface condition was not reported.,,,,,3  Excludes motorways.,
2  Includes cases where light condition was not reported.,,,,,4  Includes motorways.,

Telephone: 020 7944 6595,,,,,,Source: DfT STATS19
Email: roadacc.stats@dft.gsi.gov.uk,,,,,,Last updated: 27 September 2012
Notes & Definitions,,,,,,Next update: September 2013
,,,,,,
The figures in this table are National Statistics,,,,,,
