Department for Transport statistics,,,,,,,,,
http://www.dft.gov.uk/statistics/releases/road-accidents-and-safety-annual-report-2011,,,,,,,,,
RAS10005,,,,,,,,,
"Reported accidents by daylight and darkness, road surface condition, built-up and non built-up roads",,,,,,,,,
" and severity, Great Britain, 2011",,,,,,,,,
,,,,,,,,,Number of accidents
,,                   Daylight,,,,                   Darkness,,,
,,,,,,,,______________________________________,
,,Wet or,Snow,,,Wet or,Snow,, All2
,Dry,flood,or ice,All1,Dry,flood,or ice,All1,accidents
__________________,____,_____,_____,___,____,_____,_____,___,________
Motorways,,,,,,,,,
  Fatal,39,11,0,50,31,10,1,42,92
  Serious,322,82,7,411,118,74,7,199,610
  Slight,"2,793",767,42,"3,602",823,638,54,"1,515","5,117"
  All severities,"3,154",860,49,"4,063",972,722,62,"1,756","5,819"
Built-up roads3,,,,,,,,,
  Fatal,360,76,3,439,218,118,6,343,782
  Serious,"8,406","1,703",69,"10,187","2,758","1,589",62,"4,415","14,602"
  Slight,"59,457","13,504",653,"73,730","15,010","8,835",387,"24,272","98,002"
  All severities,"68,223","15,283",725,"84,356","17,986","10,542",455,"29,030","113,386"
Non built-up roads3,,,,,,,,,
  Fatal,424,130,11,565,206,141,10,358,923
  Serious,"3,086",994,117,"4,204",870,616,79,"1,570","5,774"
  Slight,"12,498","5,430",875,"18,829","3,226","2,957",549,"6,743","25,572"
  All severities,"16,008","6,554","1,003","23,598","4,302","3,714",638,"8,671","32,269"
All speed limits4,,,,,,,,,
  Fatal,823,217,14,"1,054",455,269,17,743,"1,797"
  Serious,"11,814","2,779",193,"14,802","3,746","2,279",148,"6,184","20,986"
  Slight,"74,748","19,701","1,570","96,161","19,059","12,430",990,"32,530","128,691"
  All severities,"87,385","22,697","1,777","112,017","23,260","14,978","1,155","39,457","151,474"
,,,,,,,,,
1  Includes cases where road surface condition was not reported.,,,,,,,,,
2  Includes cases where lighting condition was not reported.,,,,,,,,,
3  Excludes motorways.,,,,,,,,,
4  Includes cases where speed limit was not reported.,,,,,,,,,
,,,,,,,,,
Telephone: 020 7944 6595,,,,,,,,,Source: DfT STATS19
Email: roadacc.stats@dft.gsi.gov.uk,,,,,,,,,Last updated: 27 September 2012
Notes & Definitions,,,,,,,,,Next update: September 2013
,,,,,,,,,
The figures in this table are National Statistics,,,,,,,,,
