Department for Transport statistics,,,,
http://www.dft.gov.uk/statistics/releases/road-accidents-and-safety-annual-report-2011,,,,
RAS10012,,,,
"Reported accidents involving pedestrians and one vehicle by severity and vehicle type, Great Britain, 2011",,,,
,,,,Number of accidents
,Fatal,Serious,Slight,severities
,____,______,_____,________
Single vehicle accidents,,,,
Pedal cycle,2,99,268,369
Motorcycle 50cc and under,1,25,117,143
Motorcycle 51cc - 125cc ,6,60,271,337
Motorcycle 126cc - 500cc,1,28,84,113
Motorcycle over 500cc,10,64,170,244
All motorcycles1,18,177,644,839
Car,233,"3,796","14,108","18,137"
Taxi/Private hire car,23,232,863,"1,118"
Minibus,3,32,67,102
Bus or coach,34,245,946,"1,225"
Light goods vehicle,28,279,972,"1,279"
Heavy goods vehicle2,33,110,244,387
   of which:,,,,
    Rigid3,22,76,204,302
    Articulated,11,34,40,85
Mobility scooter4,0,2,3,5
Other vehicle,11,74,260,345
Any vehicle5,385,"5,046","18,380","23,811"
Accidents involving two or,65,390,"1,073","1,528"
more vehicles,,,,
,,,,
1  Includes electric motorcycles and cases engine size was not reported.,,,,
2  Includes cases where towing status was not reported.,,,,
3  Includes heavy goods vehicles towing trailers or caravans.,,,,
4  Vehicle type not reported separately by all police forces,,,,
5  Includes cases where vehicle type was not reported.,,,,

Telephone: 020 7944 6595,,,,Source: DfT STATS19
Email: roadacc.stats@dft.gsi.gov.uk,,,,Last updated: 27 September 2012
Notes & Definitions,,,,Next update: September 2013
,,,,
The figures in this table are National Statistics,,,,
