Department for Transport statistics,,,,,,,,,
http://www.dft.gov.uk/statistics/releases/road-accidents-and-safety-annual-report-2011,,,,,,,,,
RAS20006,,,,,,,,,
"Vehicles involved in reported accidents by junction type, vehicle type, built-up and non built-up roads,",,,,,,,,,
" Great Britain, 2011",,,,,,,,,
,,,,,,,,,                Number of vehicles
,,,,,Junction,,, Using,Not at or
,,,T or,,with,,, private,within
,,  Round-,staggered,,more than,, Other, drive or,20 metres
,,  about, junction,Crossroads,4 arms1,Slip road, junction, entrance,of junction
____________________________________,,  _______, _________,__________, _______, ________, _______, ________,_________
Pedal cycles,Built-up roads,"2,545","8,012","2,085",238,47,440,959,"4,061"
,Non built-up roads,246,227,67,10,23,25,58,840
,Motorways,0,0,0,0,0,0,0,0
,All roads2,"2,791","8,239","2,152",248,70,465,"1,017","4,901"
Motorcycles,Built-up roads,"1,664","7,155","1,823",200,49,372,968,"3,946"
,Non built-up roads,556,780,180,17,101,117,290,"2,527",,
,Motorways,39,2,0,3,49,4,0,217,,
,All roads2,"2,259","7,937","2,003",220,199,493,"1,258","6,690",,
Cars,Built-up roads,"16,294","56,461","19,171","2,581",706,"3,970","6,119","43,227",,
,Non built-up roads,"4,576","8,126","2,256",329,"1,564","1,118","1,910","26,222",,
,Motorways,637,89,3,34,"1,137",54,0,"8,136",,
,All roads2,"21,507","64,676","21,430","2,944","3,407","5,142","8,029","77,585",,
Buses or ,Built-up roads,490,"2,580",795,141,23,187,102,"2,463",,
coaches,Non built-up roads,41,71,10,3,10,8,16,241,,
,Motorways,2,0,0,0,3,0,0,37,,
,All roads2,533,"2,651",805,144,36,195,118,"2,741",,
Vans / Light,Built-up roads,858,"3,449","1,090",104,39,182,393,"2,678",,
good vehicles,Non built-up roads,253,566,170,17,100,72,189,"1,842",,
,Motorways,52,1,0,1,95,6,0,729,,
,All roads2,"1,163","4,016","1,260",122,234,260,582,"5,249",,
Heavy goods vehicles,,,,,,,,,,,
   Articulated,Built-up roads,156,181,65,10,6,19,25,235
,Non built-up roads,170,105,27,6,57,22,48,680
,Motorways,29,8,0,3,67,6,0,745
,All roads2,355,294,92,19,130,47,73,"1,660"
   Rigid,Built-up roads,302,749,262,52,15,60,79,782
,Non built-up roads,154,206,47,4,66,24,74,938
,Motorways,27,6,0,1,71,2,0,535
,All roads2,483,961,309,57,152,86,153,"2,255"
   All HGVs,Built-up roads,458,930,327,62,21,79,104,"1,017"
,Non built-up roads,324,311,74,10,123,46,122,"1,618"
,Motorways,56,14,0,4,138,8,0,"1,280"
,All roads2,838,"1,255",401,76,282,133,226,"3,915"
Other vehicles3,Built-up roads,178,732,237,50,9,79,110,829
,Non built-up roads,37,133,30,2,22,31,90,613
,Motorways,6,1,0,0,10,0,0,59
,All roads2,221,866,267,52,41,110,200,"1,501"
All vehicles3,Built-up roads,"22,487","79,319","25,528","3,376",894,"5,309","8,755","58,221",,
,Non built-up roads,"6,033","10,214","2,787",388,"1,943","1,417","2,675","33,903",,
,Motorways,792,107,3,42,"1,432",72,0,"10,458",,
,All roads2,"29,312","89,640","28,318","3,806","4,269","6,798","11,430","102,582",,
,,,,,,,,,,,
1  Excludes roundabouts,,,,,,,,,,,
2  Includes cases where road class and/or speed limit was not reported.,,,,,,,,,,,
3  Includes cases where vehicle type was unknown.,,,,,,,,,,,
,,,,,,,,,,,
Telephone: 020 7944 6595,,,,,,,,,Source: DfT STATS19,,
Email: roadacc.stats@dft.gsi.gov.uk,,,,,,,,,Last updated: 27 September 2012,,
Notes & Definitions,,,,,,,,,Next update: September 2013,,
,,,,,,,,,,,
The figures in this table are National Statistics,,,,,,,,,,,
