Department for Transport statistics,,,,,,,,,
http://www.dft.gov.uk/statistics/releases/road-accidents-and-safety-annual-report-2011,,,,,,,,,
RAS20008,,,,,,,,,
"Vehicles involved in reported accidents by vehicle type and manoeuvre, Great Britain, 2011",,,,,,,,,
,,,,,,                      Number of vehicles,,,
,    Pedal,  Motorcycles,  Motorcycles,  Motorcycles,  Motorcycles,All,,,
,    cycles,50cc and under,51 - 125cc,126 - 500cc,over  500cc,motorcycles1,,,
_____________________________,______,____________,___________,___________,___________,___________,,,
Reversing,18,2,2,0,4,8,,,
Parked,38,7,22,9,21,59,,,
Waiting to go ahead but held up,231,83,199,80,232,594,,,
Slowing or stopping,378,235,478,139,456,"1,308",,,
Moving off,510,79,115,55,135,384,,,
U turning,18,7,16,4,19,46,,,
Turning left ,424,102,172,49,151,475,,,
Waiting to turn left,20,14,15,14,26,69,,,
Turning right ,"1,143",234,308,104,230,876,,,
Waiting to turn right,128,31,40,15,49,135,,,
Changing lane to left,60,13,27,13,49,102,,,
Changing lane to right,159,13,42,7,52,114,,,
Overtaking a moving vehicle - offside,188,137,519,178,784,"1,618",,,
Overtaking a stationary vehicle - offside,499,138,327,108,321,894,,,
Overtaking - nearside,454,57,165,51,174,447,,,
Going ahead on a left-hand bend,315,135,306,138,652,"1,231",,,
Going ahead on a right-hand bend,557,174,338,130,516,"1,158",,,
Going ahead other,"14,743","1,903","4,103","1,375","4,157","11,541",,,
All known manoeuvres,"19,883","3,364","7,194","2,469","8,028","21,059",,,
Number of vehicles involved in accidents2,"19,883","3,364","7,194","2,469","8,028","21,059",,,
   of which - at a junction,"14,982","2,329","5,226","1,692","5,120","14,369",,,
,,,,,,,,,
,,,,,,                      Number of vehicles,,,
,,,,                   Heavy goods vehicles,,,,,
,,   Buses,Vans / Light,,______________________,  All vehicles
,,   or,   goods,HGVs,of which,  other than
,    Cars,   coaches,   vehicles,involved,  LHD3,  two-wheel4
_______________________________,_____,   _______,   _______,_______,_________, __________
Reversing,"3,282",18,490,134,7,"4,026"
Parked,"8,441",473,662,363,22,"10,126"
Waiting to go ahead but held up,"15,455",397,729,242,10,"16,981"
Slowing or stopping,"17,584","1,219","1,169",493,18,"20,659"
Moving off,"8,734",949,548,246,12,"10,640"
U turning,"1,822",6,142,34,7,"2,024"
Turning left ,"7,384",195,560,263,8,"8,513"
Waiting to turn left,"1,388",10,57,16,0,"1,478"
Turning right ,"22,783",356,"1,329",435,37,"25,160"
Waiting to turn right,"3,747",33,163,46,4,"4,019"
Changing lane to left,"1,666",31,163,349,8,"2,232"
Changing lane to right,"1,723",49,178,438,205,"2,424"
Overtaking a moving vehicle - offside,"3,202",76,269,152,6,"3,771"
Overtaking a stationary vehicle - offside,"1,895",69,123,45,1,"2,168"
Overtaking - nearside,804,36,48,23,0,935
Going ahead on a left-hand bend,"7,289",108,422,218,1,"8,146"
Going ahead on a right-hand bend,"8,405",163,431,357,21,"9,482"
Going ahead other,"89,111","3,035","5,403","3,272",176,"102,424"
All known manoeuvres,"204,715","7,223","12,886","7,126",543,"235,208"
Number of vehicles involved in accidents2,"204,720","7,223","12,886","7,126",543,"235,213"
   of which - at a junction,"127,135","4,482","7,637","3,211",192,"144,222"
,,,,,,
1  Includes electric motorcycles and cases where engine size was not reported.,,,,,,
2  Includes cases where vehicle manoeuvre was not reported.,,,,,,
3  Left hand drive.,,,,,,
4  Includes other vehicles and cases where vehicle class was not reported.,,,,,,
,,,,,,
Telephone: 020 7944 6595,,,,,,Source: DfT STATS19
Email: roadacc.stats@dft.gsi.gov.uk,,,,,,Last updated: 27 September 2012
Notes & Definitions,,,,,,Next update: September 2013
,,,,,,
The figures in this table are National Statistics,,,,,,
