Department for Transport statistics,,,,,,,,
http://www.dft.gov.uk/statistics/releases/road-accidents-and-safety-annual-report-2011,,,,,,,,
RAS20010,,,,,,,,
"Vehicles in reported personal injury accidents by journey purpose of driver/rider and by vehicle type,",,,,,,,,
" Great Britain, 2011",,,,,,,,
,,,,,,,,Number of vehicles/percentage
,,,,,,Vans / Light,Heavy,
,,Pedal,,,Bus or,goods,goods,All
Journey purpose,,cycle,Motorcycle,Car,coach,vehicles,vehicles,vehicles1
_________________,,_______,___________,_____,_______,________,________,_______
Work,No. of vehicles,"1,480","1,963","23,358","6,175","6,297","5,764","46,419"
,Percentage,7,9,11,85,49,81,17
Commuting,No. of vehicles,"2,727","3,014","18,792",28,963,103,"25,739"
,Percentage,14,14,9,0,7,1,9
Taking Pupil to School,No. of vehicles,54,35,"2,606",69,18,3,"2,792"
,Percentage,0,0,1,1,0,0,1
Pupil Riding to School,No. of vehicles,541,171,256,4,3,1,979
,Percentage,3,1,0,0,0,0,0
Other / Unknown,No. of vehicles,"15,081","15,876","159,708",947,"5,605","1,255","200,226"
,Percentage,76,75,78,13,43,18,73
Total,No. of vehicles,"19,883","21,059","204,720","7,223","12,886","7,126","276,155"
,Percentage,100,100,100,100,100,100,100
,,,,,,,,
1   Includes other vehicle types and cases where vehicle type was not reported.,,,,,,,,
,,,,,,,,
Telephone: 020 7944 6595,,,,,,,,Source: DfT STATS19
Email: roadacc.stats@dft.gsi.gov.uk,,,,,,,,Last updated: 27 September 2012
Notes & Definitions,,,,,,,,Next update: September 2013
,,,,,,,,
The figures in this table are National Statistics,,,,,,,,
,,,,,,,,

,,,,,,,,
,,,,,,,,
,,,,,,,,
,,,,,,,,
