Department for Transport statistics,,,,,,
http://www.dft.gov.uk/statistics/releases/road-accidents-and-safety-annual-report-2011,,,,,,
RAS20007,,,,,,
"Vehicles involved in reported accidents skidding or overturning, and towing by road surface condition,",,,,,,
" special conditions at site and vehicle type, Great Britain, 2011",,,,,,
,,,,,,Number of vehicles
,        Road surface conditions1,,,                          Special conditions at site1,,
,,,___________________________________,,_________________________ ,
,Dry,Wet or flood,Snow or ice,           Oil or diesel,Mud,       All2
__________________________,_____,___________,___________,__________,____,____
Pedal cycles,,,,,,
  Involved,"16,385","3,360",93,10,10,"19,883"
  Skidded,471,182,14,4,3,667
Motorcycles,,,,,,
  Involved,"16,086","4,737",213,177,75,"21,059"
  Skidded,"3,005","1,623",135,135,60,"4,765"
Cars,,,,,,
  Involved,"147,643","53,027","3,787",492,439,"204,720"
  Skidded,"9,641","8,506","2,100",255,233,"20,253"
  Overturned3,"3,852","2,521",588,32,92,"6,966"
  Towing caravan,133,20,1,0,0,154
  Other tow,365,115,7,0,3,488
Vans / Light goods vehicles,,,,,,
  Involved,"9,558","3,073",229,35,34,"12,886"
  Skidded,615,445,122,16,15,"1,183"
  Overturned3,215,95,39,2,2,350
  Towing caravan,5,1,0,0,0,6
  Other tow,125,45,1,0,1,171
Heavy goods vehicles,,,,,,
Rigid4,,,,,,
  Involved,"3,297","1,086",72,9,7,"4,456"
  Skidded ,210,110,18,1,2,338
  Jack-knifed ,3,3,0,0,0,6
  Overturned3,82,31,4,0,1,117
Articulated,,,,,,
  Involved,"1,957",662,48,7,8,"2,670"
  Skidded ,161,76,17,3,2,254
  Jack-knifed ,27,23,5,1,0,55
  Overturned3,131,34,3,0,0,169
All HGVs5,"5,254","1,748",120,16,15,"7,126"
  Involved,,,,,,
  Skidded ,371,186,35,4,4,592
  Jack-knifed ,30,26,5,1,0,61
  Overturned3,213,65,7,0,1,286
Buses or coaches,,,,,,
  Involved,"5,984","1,157",57,7,3,"7,223"
  Skidded,74,53,27,0,1,154
  Overturned3,2,0,0,0,0,2
Other vehicles6,,,,,,
  Involved,"2,500",700,50,8,13,"3,258"
  Skidded,110,70,21,2,3,201
  Overturned3,124,32,9,0,2,165
All6,"203,410","67,802","4,549",745,589,"276,155"
,,,,,,
"1  Vehicles can be counted in both ""road surface conditions"" and ""special conditions at site"" columns.",,,,,,
2  Includes cases where road surface condition or special condition at site was not reported.,,,,,,
3  Includes vehicles which may have skidded or jack-knifed before overturning.,,,,,,
4  Includes vehicles towing trailers or caravans.,,,,,,
5  Includes cases where body type was not reported.,,,,,,
6  Includes cases where vehicle type was not reported.,,,,,,
,,,,,,
Telephone: 020 7944 6595,,,,,,Source: DfT STATS19
Email: roadacc.stats@dft.gsi.gov.uk,,,,,,Last updated: 27 September 2012
Notes & Definitions,,,,,,Next update: September 2013
,,,,,,
The figures in this table are National Statistics,,,,,,

,,,,,,

,,,,,,
,,,,,,
,,,,,,
