Department for Transport statistics,,,,,,,,,,
http://www.dft.gov.uk/statistics/releases/road-accidents-and-safety-annual-report-2011,,,,,,,,,,
RAS20005,,,,,,,,,,
"Vehicle involvement rates for reported accidents, by vehicle type, urban and rural roads, road class,",,,,,,,,,,
" accident severity and traffic, Great Britain, 2011",,,,,,,,,,
,,,,,,,        Rate per billion vehicle kilometres,,,
,,,,  Buses,Vans / Light,  Heavy,,,,
,  Pedal,Motor-,,  or,  goods,  goods,  All,,,
,  cycles,cycles,    Cars,  coaches,  vehicles,  vehicles,  vehicles1,,,
______________________,  _____,  _______,    ____,  _______,  _______,  _______,  ________,,,
"Urban roads2,5",,,,,,,,,,
  A roads,,,,,,,,,,
    Fatal,42,88,4.3,24,2.6,18,6.2,,,
    Fatal or serious,"1,568","1,758",85,330,43,93,116,,,
    All severities,"10,069","8,622",896,"2,813",379,592,"1,024",,,
  Other roads3,,,,,,,,,,
    Fatal,9.0,37,3.6,11,1.5,14,4.3,,,
    Fatal or serious,483,"1,018",87,210,33,128,108,,,
    All severities,"3,164","4,468",823,"1,791",269,743,889,,,
  All urban roads4,,,,,,,,,,
    Fatal,15,56,3.9,16,2.0,17,5.1,,,
    Fatal or serious,700,"1,285",86,259,37,104,111,,,
    All severities,"4,539","5,968",855,"2,215",315,640,947,,,
"Rural roads2,5",,,,,,,,,,
  A roads,,,,,,,,,,
    Fatal,210,155,8.5,18,4.9,14,10,,,
    Fatal or serious,"2,056","1,403",57,67,25,55,67,,,
    All severities,"7,692","3,240",349,490,139,254,353,,,
  Other roads3,,,,,,,,,,
    Fatal,23,125,7.8,13,3.4,17,9.1,,,
    Fatal or serious,450,"1,555",84,142,25,119,101,,,
    All severities,"1,827","4,053",541,963,163,589,557,,,
  All rural roads4,,,,,,,,,,
     Fatal,48,143,8.2,16,4.4,15,9.8,,,
     Fatal or serious,665,"1,464",65,92,25,64,78,,,
     All severities,"2,611","3,563",411,648,148,299,419,,,
All roads,,,,,,,,,,
  Motorways,,,,,,,,,,
     Fatal,..,20,1.9,4.7,1.4,4.8,2.3,,,
     Fatal or serious,..,314,14,21,7.8,19,15,,,
     All severities,..,790,134,98,71,135,130,,,
  A roads,,,,,,,,,,
     Fatal,75,126,6.9,21,4.1,15,8.7,,,
     Fatal or serious,"1,664","1,553",67,213,31,63,84,,,
     All severities,"9,601","5,519",551,"1,785",221,328,595,,,
  Other roads3,,,,,,,,,,
     Fatal,13,67,5.2,11,2.3,16,6.2,,,
     Fatal or serious,474,"1,199",86,195,29,123,105,,,
     All severities,"2,785","4,328",715,"1,610",223,660,760,,,
  Total4,,,,,,,,,,
     Fatal,24,89,5.3,15,3.0,11,6.5,,,
     Fatal or serious,690,"1,275",63,187,26,50,78,,,
     All severities,"4,024","4,536",529,"1,550",193,278,559,,,
,,,,,,,,,,
Estimated vehicle kilometres (billion),,,,,,,,,,
"Urban roads2,5",3.6,2.3,149,2.8,24,3.8,186,,,
"Rural roads2,5",1.3,1.9,163,1.4,30,11,209,,,
Motorways,..,0.4,75,0.4,12,11,99,,,
Total,4.9,4.6,387,4.7,67,26,494,,,
,,,,,,,,,,
1  Includes other vehicles and cases where vehicle type was not reported.,,,,4  Includes cases where road class was not reported.,,,,,,
2  Excludes motorways.,,,,5  See urban and rural definitions.,,,,,,
"3  B, C and unclassified roads.",,,,,,,,,,
,,,,,,,,,,
Telephone: 020 7944 6595,,,,,,,"Source: DfT STATS19, DfT National Road Traffic Survey",,,
Email: roadacc.stats@dft.gsi.gov.uk,,,,,,,Last updated: 27 September 2012,,,
Notes & Definitions,,,,,,,Next update: September 2013,,,
,,,,,,,,,,
The figures in this table are National Statistics,,,,,,,,,,
,,,,,,,,,,
,,,,,,,,,,
,,,,,,,,,,
,,,,,,,,,,
