Department for Transport statistics,,,,,,,,,,
http://www.dft.gov.uk/statistics/releases/road-accidents-and-safety-annual-report-2011,,,,,,,,,,
RAS20005,,,,,,,,,,
"Vehicle involvement rates for reported accidents, by vehicle type, urban and rural roads, road class,",,,,,,,,,,
" accident severity and traffic, Great Britain, 2011",,,,,,,,,,
,,,,,,,        Rate per billion vehicle miles,,,
,,,,  Buses,Vans / Light,  Heavy,,,,
,  Pedal,Motor-,,  or,  goods,  goods,  All,,,
,  cycles,cycles,    Cars,  coaches,  vehicles,  vehicles,  vehicles1,,,
______________________,  _____,  _______,    ____,  _______,  _______,  _______,  ________,,,
"Urban roads2,5",,,,,,,,,,
  A roads,,,,,,,,,,
    Fatal,67,141,6.9,38,4.2,29,10,,,
    Fatal or serious,"2,524","2,829",136,531,69,149,186,,,
    All severities,"16,204","13,876","1,443","4,527",611,953,"1,648",,,
  Other roads3,,,,,,,,,,
    Fatal,14,60,5.7,17,2.4,23,6.9,,,
    Fatal or serious,778,"1,638",140,337,52,207,173,,,
    All severities,"5,091","7,191","1,325","2,883",433,"1,195","1,431",,,
  All urban roads4,,,,,,,,,,
    Fatal,25,90,6.2,26,3.2,27,8.3,,,
    Fatal or serious,"1,126","2,068",138,417,59,168,179,,,
    All severities,"7,305","9,604","1,376","3,564",507,"1,030","1,525",,,
"Rural roads2,5",,,,,,,,,,
  A roads,,,,,,,,,,
    Fatal,337,249,14,29,7.9,23,16,,,
    Fatal or serious,"3,309","2,259",91,107,40,89,107,,,
    All severities,"12,378","5,214",562,789,224,409,568,,,
  Other roads3,,,,,,,,,,
    Fatal,37,201,12,21,5.5,27,15,,,
    Fatal or serious,725,"2,502",135,228,41,192,162,,,
    All severities,"2,940","6,523",871,"1,550",263,947,896,,,
  All rural roads4,,,,,,,,,,
     Fatal,77,230,13,26,7.0,23,16,,,
     Fatal or serious,"1,070","2,356",105,147,40,102,125,,,
     All severities,"4,202","5,735",662,"1,043",238,481,674,,,
All roads,,,,,,,,,,
  Motorways,,,,,,,,,,
     Fatal,..,32,3.1,7.5,2.3,7.8,3.7,,,
     Fatal or serious,..,506,22,34,13,30,24,,,
     All severities,..,"1,271",216,158,114,216,209,,,
  A roads,,,,,,,,,,
     Fatal,120,204,11,34,6.7,24,14,,,
     Fatal or serious,"2,678","2,500",108,343,50,102,136,,,
     All severities,"15,451","8,882",888,"2,873",355,528,958,,,
  Other roads3,,,,,,,,,,
     Fatal,21,108,8.3,18,3.8,25,9.9,,,
     Fatal or serious,763,"1,929",138,313,47,199,169,,,
     All severities,"4,483","6,966","1,150","2,591",359,"1,062","1,223",,,
  Total4,,,,,,,,,,
     Fatal,39,142,8.6,25,4.8,17,10,,,
     Fatal or serious,"1,111","2,052",102,301,42,81,125,,,
     All severities,"6,476","7,301",851,"2,494",311,447,900,,,
,,,,,,,,,,
Estimated vehicle miles (billion),,,,,,,,,,
"Urban roads2,5",2.3,1.5,93,1.8,15,2.4,115,,,
"Rural roads2,5",0.8,1.2,101,0.9,19,6.6,130,,,
Motorways,..,0.2,47,0.3,7.8,6.9,62,,,
Total,3.1,2.9,241,2.9,41,16,307,,,
,,,,,,,,,,
1  Includes other vehicles and cases where vehicle type was not reported.,,,,4  Includes cases where road class was not reported.,,,,,,
2  Excludes motorways.,,,,5  See urban and rural definitions.,,,,,,
"3  B, C and unclassified roads.",,,,,,,,,,
,,,,,,,,,,
Telephone: 020 7944 6595,,,,,,,"Source: DfT STATS19, DfT National Road Traffic Survey",,,
Email: roadacc.stats@dft.gsi.gov.uk,,,,,,,Last updated: 27 September 2012,,,
Notes & Definitions,,,,,,,Next update: September 2013,,,
,,,,,,,,,,
The figures in this table are National Statistics,,,,,,,,,,
,,,,,,,,,,
,,,,,,,,,,
,,,,,,,,,,
,,,,,,,,,,
