Department for Transport statistics,,,,,,,,,,
http://www.dft.gov.uk/statistics/releases/road-accidents-and-safety-annual-report-2011,,,,,,,,,,
RAS30034,,,,,,,,,,
"Reported casualties by severity, road user type and country, United Kingdom, 2011",,,,,,,,,,
,,,,,Number of casualties,,,,,
Road user type, England ,  Wales  , Scotland ,Northern Ireland , United Kingdom ,,,,,
_________________,______,_____,_______,_____________,_____________,,,,,
Pedestrians,,,,,, , ,,,
Killed,386 ,24 ,43 ,13 ,466 , ,,,,
Serious,"4,705 ",237 ,512 ,200 ,"5,654 ",,,,,
Slight,"17,896 ",893 ,"1,502 ",621 ,"20,912 ", ,,,,
  All severities,"22,987 ","1,154 ","2,057 ",834 ,"27,032 ",,,,,
Pedal cyclists,,,,,, ,,,,
Killed,89 ,11 ,7 ,2 ,109 , ,,,,
Serious,"2,822 ",107 ,156 ,47 ,"3,132 ",,,,,
Slight,"14,958 ",403 ,662 ,207 ,"16,230 ", ,,,,
  All severities,"17,869 ",521 ,825 ,256 ,"19,471 ",,,,,
Horse riders,,,,,, ,,,,
Killed,3 ,0 ,1 ,0 ,4 ,,,,,
Serious,22 ,1 ,1 ,1 ,25 ,,,,,
Slight,96 ,6 ,3 ,2 ,107 ,,,,,
  All severities,121 ,7 ,5 ,3 ,136 ,,,,,
Motorcycle users,,,,,,,,,,
Killed,305 ,24 ,33 ,7 ,369 ,,,,,
Serious,"4,737 ",218 ,292 ,109 ,"5,356 ",,,,,
Slight,"13,689 ",370 ,482 ,245 ,"14,786 ",,,,,
  All severities,"18,731 ",612 ,807 ,361 ,"20,511 ",,,,,
Car users,,,,,,,,,,
Killed,736 ,57 ,90 ,33 ,916 ,,,,,
Serious,"7,045 ",516 ,781 ,431 ,"8,773 ",,,,,
Slight,"102,605 ","5,980 ","7,114 ","6,300 ","121,999 ",,,,,
  All severities,"110,386 ","6,553 ","7,985 ","6,764 ","131,688 ",,,,,
Others1,,,,,,,,,,
Killed,75 ,5 ,12 ,4 ,96 ,,,,,
Serious,792 ,47 ,131 ,37 ,"1,007 ",,,,,
Slight,"10,820 ",507 ,941 ,501 ,"12,769 ",,,,,
  All severities,"11,687 ",559 ,"1,084 ",542 ,"13,872 ",,,,,
All road users,,,,,,,,,,
Killed,"1,594 ",121 ,186 ,59 ,"1,960 ",,,,,
Serious,"20,123 ","1,126 ","1,873 ",825 ,"23,947 ",,,,,
Slight,"160,064 ","8,159 ","10,704 ","7,876 ","186,803 ",,,,,
  All severities,"181,781 ","9,406 ","12,763 ","8,760 ","212,710 ",,,,,
,,,,,,,,,,
1  Includes cases where road user type was not reported.,,,,,,,,,,
,,,,,,,,,,
Telephone: 020 7944 6595,,,,,"Source: DfT STATS19, PSNI",,,,,
Email: roadacc.stats@dft.gsi.gov.uk,,,,,Last updated: 27 September 2012,,,,,
Notes & Definitions,,,,,Next update: September 2013,,,,,

The figures in this table are National Statistics

