Department for Transport statistics,,,,,,,,,,,,,,,,,,,,,,,,,,,,,
http://www.dft.gov.uk/statistics/releases/road-accidents-and-safety-annual-report-2011,,,,,,,,,,,,,,,,,,,,,,,,,,,,,
RAS30027,,,,,,,,,,,,,,,,,,,,,,,,,,,,,
"Reported pedestrian casualties by location, age, road crossing type and severity, Great Britain, 2011",,,,,,,,,,,,,,,,,,,,,,,,,,,,,
,,,,,,          Number of casualties,,,,,,,,,,,,,,,,,,,,,,,
,"                       On pedestrian crossing, ",,,                                    Within 50 metres of a ,,,,,,,,,,,,,,,,,,,,,,,,,
,                       refuge or central island,,,                                     pedestrian crossing,,,,,,,,,,,,,,,,,,,,,,,,,
,,,________________________________ ,,,________________________________ ,,,,,,,,,,,,,,,,,,,,,,,
,,,       All2,,,       All2,,,,,,,,,,,,,,,,,,,,,,,
,Child1,Adult,       ages,Child1,Adult,       ages,,,,,,,,,,,,,,,,,,,,,,,
___________________________________,_____,______,____,_____,______,____,,,,,,,,,,,,,,,,,,,,,,,
Zebra crossing,,,,,,,,,,,,,,,,,,,,,,,,,,,,,
   Killed,0,6,6,1,4,5,,,,,,,,,,,,,,,,,,,,,,,
   Seriously injured,26,120,154,21,50,72,,,,,,,,,,,,,,,,,,,,,,,
   Slightly injured,169,482,666,119,248,387,,,,,,,,,,,,,,,,,,,,,,,
   All severities,195,608,826,141,302,464,,,,,,,,,,,,,,,,,,,,,,,
Pelican crossing3,,,,,,,,,,,,,,,,,,,,,,,,,,
   Killed,2,24,26,2,21,23,,,,,,,,,,,,,,,,,,,,
   Seriously injured,76,227,303,54,186,241,,,,,,,,,,,,,,,,,,,,
   Slightly injured,301,625,945,196,504,715,,,,,,,,,,,,,,,,,,,,
   All severities,379,876,"1,274",252,711,979,,,,,,,,,,,,,,,,,,,,
Light controlled junction (with ped'n phase),,,,,,,,,,,,,,,,,,,,,,,,,,
   Killed,0,17,17,0,15,15,,,,,,,,,,,,,,,,,,,,
   Seriously injured,41,222,266,24,148,173,,,,,,,,,,,,,,,,,,,,
   Slightly injured,237,704,976,124,482,631,,,,,,,,,,,,,,,,,,,,
   All severities,278,943,"1,259",148,645,819,,,,,,,,,,,,,,,,,,,,
Crossing with human control4,,,,,,,,,,,,,,,,,,,,,,,,,,
   Killed,0,0,0,1,0,1,,,,,,,,,,,,,,,,,,,,
   Seriously injured,5,8,13,5,7,12,,,,,,,,,,,,,,,,,,,,
   Slightly injured,29,38,68,32,22,54,,,,,,,,,,,,,,,,,,,,
   All severities,34,46,81,38,29,67,,,,,,,,,,,,,,,,,,,,
"All crossings5,6 ",,,,,,,,,,,,,,,,,,,,,,,,,,
   Killed,2,50,52,4,41,45,,,,,,,,,,,,,,,
   Seriously injured,156,591,758,106,400,509,,,,,,,,,,,,,,,
   Slightly injured,740,"1,869","2,680",470,"1,277","1,809",,,,,,,,,,,,,,,
   All severities,898,"2,510","3,490",580,"1,718","2,363",,,,,,,,,,,,,,,
,,,,,,,,,,,,,,,,,,,,,
1  Children - aged between 0-15 years.,,,,,,,,,,,,,,,,,,,,,
2  Includes cases where age was not reported.,,,,,,,,,,,,,,,,,,,,,
"3  Includes puffin, toucan or similar non-junction pedestrian light crossing.",,,,,,,,,,,,,,,,,,,,,
4  Includes school crossing patrols and other authorised persons.,,,,,,,,,,,,,,,,,,,,,
"5  Includes footbridges, subways and uncontrolled central refuges.",,,,,,,,,,,,,,,,,,,,,
6  Excludes cases where road crossing type was undefined.,,,,,,,,,,,,,,,,,,,,,
,,,,,,,,,,,,,,,,,,,,,
Telephone: 020 7944 6595,,,,,,Source: DfT STATS19,,,,,,,,,,,,,,,
Email: roadacc.stats@dft.gsi.gov.uk,,,,,,Last updated: 27 September 2012,,,,,,,,,,,,,,,
Notes & Definitions,,,,,,Next update: September 2013,,,,,,,,,,,,,,,
,,,,,,,,,,,,,,,,,,,,,
The figures in this table are National Statistics,,,,,,,,,,,,,,,,,,,,,
,,,,,,,,,,,,,,,,,,,,,
,,,,,,,,,,,,,,,,,,,,,
,,,,,,,,,,,,,,,,,,,,,
,,,,,,,,,,,,,,,,,,,,,
,,,,,,,,,,,,,,,,,,,,,




,,,,,,,,,,,,,,,,,,,,,
,,,,,,,,,,,,,,,,,,,,,
,,,,,,,,,,,,,,,,,,,,,
,,,,,,,,,,,,,,,,,,,,,
