Department for Transport statistics,,,,,,,,,,
http://www.dft.gov.uk/statistics/releases/road-accidents-and-safety-annual-report-2011,,,,,,,,,,
RAS30058,,,,,,,,,,
"Reported casualties by county, lower tier local authority, severity, child KSI and all ages, England, 2011",,,,,,,,,,
,,,,,,,,Number of casualties,,
1974 Metropolitan/,Local authority (Borough/District/UA),,,,,,,,,
non metropolitan,,,,,,Child,,All,,
county                 ,ONS Code,Name,Killed,Serious,KSI,KSI,Slight,Casualties,,
Avon,E06000022,Bath and North East Somerset,4,18,22,3,469,491,,
,E06000023,"Bristol, City of",11,147,158,12,"1,123","1,281",,
,E06000024,North Somerset,3,43,46,4,585,631,,
,E06000025,South Gloucestershire,1,31,32,4,673,705,,
Bedfordshire,E06000055,Bedford,6,54,60,1,520,580,,
,E06000056,Central Bedfordshire,7,87,94,6,825,919,,
,E06000032,Luton,3,46,49,11,614,663,,
Berkshire,E06000036,Bracknell Forest,2,28,30,3,281,311,,
,E06000038,Reading,2,49,51,11,442,493,,
,E06000039,Slough,0,47,47,6,549,596,,
,E06000037,West Berkshire,6,71,77,6,480,557,,
,E06000040,Windsor and Maidenhead,4,56,60,2,432,492,,
,E06000041,Wokingham,3,43,46,1,338,384,,
Buckinghamshire,E07000004,Aylesbury Vale,5,61,66,5,474,540,,
,E07000005,Chiltern,1,30,31,5,158,189,,
,E06000042,Milton Keynes,12,81,93,3,868,961,,
,E07000006,South Bucks,6,42,48,3,377,425,,
,E07000007,Wycombe,6,61,67,5,472,539,,
Cambridgeshire,E07000008,Cambridge,2,49,51,6,374,425,,
,E07000009,East Cambridgeshire,8,49,57,2,214,271,,
,E07000010,Fenland,6,45,51,3,312,363,,
,E07000011,Huntingdonshire,3,87,90,5,574,664,,
,E06000031,Peterborough,7,69,76,5,817,893,,
,E07000012,South Cambridgeshire,7,81,88,6,486,574,,
Cheshire,E06000049,Cheshire East,12,230,242,21,"1,325","1,567",,
,E06000050,Cheshire West and Chester,14,214,228,10,"1,153","1,381",,
,E06000006,Halton,5,35,40,7,382,422,,
,E06000007,Warrington,6,101,107,10,785,892,,
Cleveland,E06000001,Hartlepool,2,31,33,6,155,188,,
,E06000002,Middlesbrough,0,27,27,5,332,359,,
,E06000003,Redcar and Cleveland,3,31,34,5,298,332,,
,E06000004,Stockton-on-Tees,7,55,62,10,404,466,,
Cornwall,E06000052,Cornwall,19,204,223,8,"1,803","2,026",,
,E06000053,Isles of Scilly,0,0,0,0,1,1,,
Cumbria,E07000026,Allerdale,7,54,61,2,263,324,,
,E07000027,Barrow-in-Furness,1,12,13,2,142,155,,
,E07000028,Carlisle,4,42,46,4,357,403,,
,E07000029,Copeland,3,23,26,4,185,211,,
,E07000030,Eden,6,41,47,2,230,277,,
,E07000031,South Lakeland,9,47,56,4,329,385,,
Derbyshire,E07000032,Amber Valley,2,41,43,2,378,421,,
,E07000033,Bolsover,0,22,22,0,307,329,,
,E07000034,Chesterfield,0,23,23,3,340,363,,
,E06000015,Derby,4,88,92,15,950,"1,042",,
,E07000035,Derbyshire Dales,9,42,51,3,280,331,,
,E07000036,Erewash,6,37,43,1,326,369,,
,E07000037,High Peak,2,25,27,1,228,255,,
,E07000038,North East Derbyshire,9,58,67,0,319,386,,
,E07000039,South Derbyshire,7,47,54,3,328,382,,
Devon,E07000040,East Devon,2,38,40,1,450,490,,
,E07000041,Exeter,0,21,21,1,312,333,,
,E07000042,Mid Devon,2,16,18,1,237,255,,
,E07000043,North Devon,2,35,37,1,268,305,,
,E06000026,Plymouth,5,69,74,14,842,916,,
,E07000044,South Hams,0,33,33,4,276,309,,
,E07000045,Teignbridge,6,41,47,1,449,496,,
,E06000027,Torbay,1,29,30,5,349,379,,
,E07000046,Torridge,2,16,18,2,137,155,,
,E07000047,West Devon,4,16,20,0,255,275,,
Dorset,E06000028,Bournemouth,2,71,73,6,583,656,,
,E07000048,Christchurch,1,13,14,1,109,123,,
,E07000049,East Dorset,6,37,43,5,247,290,,
,E07000050,North Dorset,0,22,22,1,133,155,,
,E06000029,Poole,2,52,54,1,463,517,,
,E07000051,Purbeck,4,25,29,1,155,184,,
,E07000052,West Dorset,4,63,67,5,369,436,,
,E07000053,Weymouth and Portland,0,27,27,3,116,143,,
Durham,E06000047,County Durham,18,177,195,24,"1,459","1,654",,
,E06000005,Darlington,0,36,36,4,296,332,,
East Sussex,E06000043,Brighton and Hove,6,166,172,16,934,"1,106",,
,E07000061,Eastbourne,2,33,35,3,208,243,,
,E07000062,Hastings,4,40,44,3,208,252,,
,E07000063,Lewes,4,48,52,4,247,299,,
,E07000064,Rother,7,61,68,2,220,288,,
,E07000065,Wealden,8,94,102,5,446,548,,
Essex,E07000066,Basildon,1,48,49,7,415,464,,
,E07000067,Braintree,4,56,60,6,345,405,,
,E07000068,Brentwood,2,35,37,3,236,273,,
,E07000069,Castle Point,0,22,22,2,181,203,,
,E07000070,Chelmsford,3,90,93,8,472,565,,
,E07000071,Colchester,5,78,83,7,435,518,,
,E07000072,Epping Forest,5,78,83,6,482,565,,
,E07000073,Harlow,0,27,27,3,143,170,,
,E07000074,Maldon,2,26,28,1,160,188,,
,E07000075,Rochford,1,23,24,1,184,208,,
,E06000033,Southend-on-Sea,2,63,65,9,466,531,,
,E07000076,Tendring,5,59,64,5,344,408,,
,E06000034,Thurrock,4,60,64,3,516,580,,
,E07000077,Uttlesford,7,53,60,1,244,304,,
Gloucestershire,E07000078,Cheltenham,0,36,36,7,194,230,,
,E07000079,Cotswold,6,57,63,4,271,334,,
,E07000080,Forest of Dean,2,36,38,1,163,201,,
,E07000081,Gloucester,0,35,35,1,295,330,,
,E07000082,Stroud,4,27,31,2,182,213,,
,E07000083,Tewkesbury,8,33,41,4,223,264,,
Greater London,E09000001,City of London,0,49,49,1,360,409,,
,E09000002,Barking and Dagenham,4,45,49,7,558,607,,
,E09000003,Barnet,8,133,141,7,"1,241","1,382",,
,E09000004,Bexley,5,44,49,7,521,570,,
,E09000005,Brent,3,69,72,4,824,896,,
,E09000006,Bromley,7,74,81,8,789,870,,
,E09000007,Camden,6,94,100,4,832,932,,
,E09000008,Croydon,10,99,109,10,"1,122","1,231",,
,E09000009,Ealing,5,61,66,7,918,984,,
,E09000010,Enfield,12,86,98,12,"1,011","1,109",,
,E09000011,Greenwich,2,92,94,20,834,928,,
,E09000012,Hackney,3,105,108,7,764,872,,
,E09000013,Hammersmith and Fulham,3,74,77,7,695,772,,
,E09000014,Haringey,4,74,78,12,837,915,,
,E09000015,Harrow,3,34,37,1,385,422,,
,E09000016,Havering,8,66,74,8,735,809,,
,E09000017,Hillingdon,7,67,74,9,872,946,,
,E09000018,Hounslow,7,66,73,6,922,995,,
,E09000019,Islington,4,96,100,5,885,985,,
,E09000020,Kensington and Chelsea,5,77,82,3,720,802,,
,E09000021,Kingston upon Thames,2,42,44,2,399,443,,
,E09000022,Lambeth,10,159,169,8,"1,138","1,307",,
,E09000023,Lewisham,2,100,102,9,962,"1,064",,
,E09000024,Merton,1,45,46,3,467,513,,
,E09000025,Newham,3,71,74,9,834,908,,
,E09000026,Redbridge,2,74,76,7,870,946,,
,E09000027,Richmond upon Thames,2,67,69,5,449,518,,
,E09000028,Southwark,5,121,126,9,"1,008","1,134",,
,E09000029,Sutton,4,41,45,4,489,534,,
,E09000030,Tower Hamlets,8,95,103,9,842,945,,
,E09000031,Waltham Forest,4,64,68,7,745,813,,
,E09000032,Wandsworth,4,108,112,8,946,"1,058",,
,E09000033,Westminster,6,154,160,5,"1,478","1,638",,
,,London Airport (Heathrow),0,5,5,0,29,34,,
Greater Manchester,E08000001,Bolton,13,66,79,13,664,743,,
,E08000002,Bury,5,49,54,9,391,445,,
,E08000003,Manchester,16,158,174,24,"1,758","1,932",,
,E08000004,Oldham,9,64,73,16,591,664,,
,E08000005,Rochdale,3,52,55,3,443,498,,
,E08000006,Salford,5,55,60,13,630,690,,
,E08000007,Stockport,4,61,65,12,526,591,,
,E08000008,Tameside,5,52,57,8,379,436,,
,E08000009,Trafford,8,37,45,2,455,500,,
,E08000010,Wigan,8,74,82,13,590,672,,
Hampshire,E07000084,Basingstoke and Deane,7,78,85,9,353,438,,
,E07000085,East Hampshire,9,78,87,3,268,355,,
,E07000086,Eastleigh,0,55,55,4,330,385,,
,E07000087,Fareham,2,59,61,4,329,390,,
,E07000088,Gosport,0,30,30,5,181,211,,
,E07000089,Hart,5,54,59,2,192,251,,
,E07000090,Havant,4,45,49,6,316,365,,
,E07000091,New Forest,7,125,132,9,505,637,,
,E06000044,Portsmouth,0,143,143,21,664,807,,
,E07000092,Rushmoor,0,41,41,3,222,263,,
,E06000045,Southampton ,2,152,154,19,663,817,,
,E07000093,Test Valley,6,72,78,4,320,398,,
,E07000094,Winchester,2,85,87,3,390,477,,
Hereford and Worcester,E06000019,"Herefordshire, County of ",14,61,75,3,561,636,,
,E07000234,Bromsgrove,3,25,28,0,316,344,,
,E07000235,Malvern Hills,3,19,22,0,234,256,,
,E07000236,Redditch,0,13,13,2,222,235,,
,E07000237,Worcester,0,25,25,3,235,260,,
,E07000238,Wychavon,5,50,55,2,364,419,,
,E07000239,Wyre Forest,4,28,32,2,270,302,,
Hertfordshire,E07000095,Broxbourne,2,29,31,8,275,306,,
,E07000096,Dacorum,2,45,47,5,390,437,,
,E07000097,East Hertfordshire,7,27,34,2,315,349,,
,E07000098,Hertsmere,5,44,49,3,438,487,,
,E07000099,North Hertfordshire,6,32,38,2,313,351,,
,E07000100,St. Albans,5,49,54,3,488,542,,
,E07000101,Stevenage,1,24,25,7,217,242,,
,E07000102,Three Rivers,6,22,28,1,302,330,,
,E07000103,Watford,1,16,17,0,267,284,,
,E07000104,Welwyn Hatfield,1,32,33,4,308,341,,
Humberside,E06000011,East Riding of Yorkshire,17,167,184,10,"1,065","1,249",,
,E06000010,"Kingston upon Hull, City of",4,111,115,11,886,"1,001",,
,E06000012,North East Lincolnshire,2,78,80,13,676,756,,
,E06000013,North Lincolnshire,6,89,95,5,674,769,,
Isle of Wight,E06000046,Isle of Wight,1,95,96,11,472,568,,
Kent,E07000105,Ashford,6,35,41,3,444,485,,
,E07000106,Canterbury,8,51,59,2,461,520,,
,E07000107,Dartford,4,36,40,4,550,590,,
,E07000108,Dover,3,28,31,3,341,372,,
,E07000109,Gravesham,0,20,20,5,341,361,,
,E07000110,Maidstone,3,59,62,7,589,651,,
,E06000035,Medway,5,59,64,6,766,830,,
,E07000111,Sevenoaks,4,58,62,3,428,490,,
,E07000112,Shepway,3,16,19,1,301,320,,
,E07000113,Swale,3,52,55,3,448,503,,
,E07000114,Thanet,1,42,43,7,447,490,,
,E07000115,Tonbridge and Malling,5,34,39,1,444,483,,
,E07000116,Tunbridge Wells,3,45,48,5,391,439,,
Lancashire,E06000008,Blackburn with Darwen,6,62,68,19,488,556,,
,E06000009,Blackpool,1,71,72,15,516,588,,
,E07000117,Burnley,3,50,53,11,278,331,,
,E07000118,Chorley,9,67,76,8,416,492,,
,E07000119,Fylde,5,36,41,1,222,263,,
,E07000120,Hyndburn,1,32,33,4,258,291,,
,E07000121,Lancaster,1,82,83,3,498,581,,
,E07000122,Pendle,3,33,36,10,259,295,,
,E07000123,Preston,1,63,64,9,612,676,,
,E07000124,Ribble Valley,1,38,39,6,182,221,,
,E07000125,Rossendale,1,30,31,8,233,264,,
,E07000126,South Ribble,3,54,57,9,409,466,,
,E07000127,West Lancashire,4,61,65,5,408,473,,
,E07000128,Wyre,6,66,72,9,335,407,,
Leicestershire,E07000129,Blaby,1,22,23,2,337,360,,
,E07000130,Charnwood,6,50,56,3,359,415,,
,E07000131,Harborough,16,40,56,2,247,303,,
,E07000132,Hinckley and Bosworth,6,28,34,1,245,279,,
,E06000016,Leicester,4,91,95,16,"1,168","1,263",,
,E07000133,Melton,5,17,22,0,159,181,,
,E07000134,North West Leicestershire,5,29,34,2,254,288,,
,E07000135,Oadby and Wigston,0,12,12,1,126,138,,
,E06000017,Rutland,2,16,18,3,97,115,,
Lincolnshire,E07000136,Boston,3,30,33,2,311,344,,
,E07000137,East Lindsey,12,129,141,6,581,722,,
,E07000138,Lincoln,1,27,28,4,343,371,,
,E07000139,North Kesteven,9,60,69,1,418,487,,
,E07000140,South Holland,8,46,54,4,320,374,,
,E07000141,South Kesteven,3,83,86,5,470,556,,
,E07000142,West Lindsey,11,63,74,7,395,469,,
Merseyside,E08000011,Knowsley,1,40,41,4,380,421,,
,E08000012,Liverpool,9,186,195,26,"1,584","1,779",,
,E08000014,Sefton,5,82,87,13,668,755,,
,E08000013,St. Helens,2,71,73,17,428,501,,
,E08000015,Wirral,5,121,126,15,811,937,,
Norfolk,E07000143,Breckland,11,62,73,6,288,361,,
,E07000144,Broadland,5,34,39,3,308,347,,
,E07000145,Great Yarmouth,3,29,32,7,204,236,,
,E07000146,King's Lynn and West Norfolk,9,46,55,9,387,442,,
,E07000147,North Norfolk,3,34,37,2,220,257,,
,E07000148,Norwich,0,42,42,2,414,456,,
,E07000149,South Norfolk,12,65,77,4,315,392,,
North Yorkshire,E07000163,Craven,3,33,36,1,175,211,,
,E07000164,Hambleton,9,68,77,1,309,386,,
,E07000165,Harrogate,12,112,124,4,585,709,,
,E07000166,Richmondshire,3,52,55,2,181,236,,
,E07000167,Ryedale,5,45,50,3,139,189,,
,E07000168,Scarborough,2,60,62,4,253,315,,
,E07000169,Selby,8,42,50,6,230,280,,
,E06000014,York,7,56,63,2,489,552,,
Northamptonshire,E07000150,Corby,1,29,30,6,95,125,,
,E07000151,Daventry,3,39,42,1,194,236,,
,E07000152,East Northamptonshire,3,34,37,1,121,158,,
,E07000153,Kettering,1,33,34,2,198,232,,
,E07000154,Northampton,0,73,73,14,426,499,,
,E07000155,South Northamptonshire,8,46,54,2,168,222,,
,E07000156,Wellingborough,3,32,35,3,154,189,,
Northumberland,E06000048,Northumberland,14,147,161,10,993,"1,154",,
Nottinghamshire,E07000170,Ashfield,4,56,60,8,354,414,,
,E07000171,Bassetlaw,9,58,67,6,362,429,,
,E07000172,Broxtowe,2,42,44,4,310,354,,
,E07000173,Gedling,6,57,63,7,321,384,,
,E07000174,Mansfield,2,55,57,12,294,351,,
,E07000175,Newark and Sherwood,8,93,101,1,350,451,,
,E06000018,Nottingham,1,151,152,15,"1,081","1,233",,
,E07000176,Rushcliffe,5,56,61,3,341,402,,
Oxfordshire,E07000177,Cherwell,11,87,98,5,524,622,,
,E07000178,Oxford,1,58,59,6,406,465,,
,E07000179,South Oxfordshire,7,82,89,2,427,516,,
,E07000180,Vale of White Horse,3,45,48,4,349,397,,
,E07000181,West Oxfordshire,4,57,61,2,245,306,,
Shropshire,E06000051,Shropshire,14,107,121,8,855,976,,
,E06000020,Telford and Wrekin,4,41,45,7,389,434,,
Somerset,E07000187,Mendip,5,50,55,3,282,337,,
,E07000188,Sedgemoor,1,43,44,2,290,334,,
,E07000189,South Somerset,8,51,59,5,395,454,,
,E07000190,Taunton Deane,10,38,48,3,356,404,,
,E07000191,West Somerset,3,15,18,0,105,123,,
South Yorkshire,E08000016,Barnsley,8,72,80,11,701,781,,
,E08000017,Doncaster,9,134,143,25,"1,203","1,346",,
,E08000018,Rotherham,4,81,85,10,955,"1,040",,
,E08000019,Sheffield,9,154,163,28,"1,529","1,692",,
Staffordshire,E07000192,Cannock Chase,3,14,17,2,274,291,,
,E07000193,East Staffordshire,4,25,29,2,459,488,,
,E07000194,Lichfield,2,14,16,0,396,412,,
,E07000195,Newcastle-under-Lyme,5,23,28,2,407,435,,
,E07000196,South Staffordshire,9,30,39,2,478,517,,
,E07000197,Stafford,12,33,45,1,506,551,,
,E07000198,Staffordshire Moorlands,3,18,21,0,304,325,,
,E06000021,Stoke-on-Trent,11,60,71,10,963,"1,034",,
,E07000199,Tamworth,0,7,7,3,152,159,,
Suffolk,E07000200,Babergh,4,33,37,2,304,341,,
,E07000201,Forest Heath,4,37,41,1,206,247,,
,E07000202,Ipswich,3,43,46,6,442,488,,
,E07000203,Mid Suffolk,4,41,45,2,270,315,,
,E07000204,St. Edmundsbury,5,54,59,5,291,350,,
,E07000205,Suffolk Coastal,6,32,38,2,396,434,,
,E07000206,Waveney,4,56,60,5,295,355,,
Surrey,E07000207,Elmbridge,0,50,50,4,429,479,,
,E07000208,Epsom and Ewell,2,28,30,1,200,230,,
,E07000209,Guildford,5,94,99,2,781,880,,
,E07000210,Mole Valley,4,65,69,1,402,471,,
,E07000211,Reigate and Banstead,1,54,55,3,631,686,,
,E07000212,Runnymede,5,50,55,2,553,608,,
,E07000213,Spelthorne,0,41,41,4,433,474,,
,E07000214,Surrey Heath,4,36,40,1,410,450,,
,E07000215,Tandridge,2,51,53,3,526,579,,
,E07000216,Waverley,2,53,55,7,425,480,,
,E07000217,Woking,3,32,35,5,383,418,,
Tyne and Wear,E08000020,Gateshead,4,63,67,9,631,698,,
,E08000021,Newcastle upon Tyne,3,81,84,14,947,"1,031",,
,E08000022,North Tyneside,3,44,47,12,557,604,,
,E08000023,South Tyneside,1,33,34,7,369,403,,
,E08000024,Sunderland,3,71,74,16,733,807,,
Warwickshire,E07000218,North Warwickshire,2,62,64,4,411,475,,
,E07000219,Nuneaton and Bedworth,4,42,46,7,260,306,,
,E07000220,Rugby ,5,56,61,1,315,376,,
,E07000221,Stratford-upon-Avon,13,78,91,3,369,460,,
,E07000222,Warwick,9,42,51,2,410,461,,
West Midlands,E08000025,Birmingham,27,438,465,81,"3,032","3,497",,
,E08000026,Coventry,9,128,137,26,740,877,,
,E08000027,Dudley,5,85,90,14,510,600,,
,E08000028,Sandwell,12,104,116,20,636,752,,
,E08000029,Solihull,3,61,64,5,500,564,,
,E08000030,Walsall,2,66,68,10,503,571,,
,E08000031,Wolverhampton,3,75,78,18,554,632,,
West Sussex,E07000223,Adur,0,29,29,3,150,179,,
,E07000224,Arun,6,62,68,3,278,346,,
,E07000225,Chichester,11,114,125,2,372,497,,
,E07000226,Crawley,2,34,36,2,260,296,,
,E07000227,Horsham,4,77,81,5,287,368,,
,E07000228,Mid Sussex,8,71,79,8,460,539,,
,E07000229,Worthing,2,35,37,7,242,279,,
West Yorkshire,E08000032,Bradford,12,204,216,47,"1,664","1,880",,
,E08000033,Calderdale,7,83,90,16,555,645,,
,E08000034,Kirklees,5,155,160,24,"1,301","1,461",,
,E08000035,Leeds,26,271,297,37,"2,389","2,686",,
,E08000036,Wakefield,15,126,141,24,972,"1,113",,
Wiltshire,E06000030,Swindon,1,74,75,6,498,573,,
,E06000054,Wiltshire,31,223,254,13,"1,102","1,356",,
,,,,,,,,,,
,,,,,,,,,,
Telephone: 020 7944 6595,,,,,,,,Source: DfT STATS19,,
Email: roadacc.stats@dft.gsi.gov.uk,,,,,,,,Last updated: 27 September 2012,,
Notes & Definitions,,,,,,,,Next update: September 2013,,
,,,,,,,,,,
The figures in this table are National Statistics,,,,,,,,,,
,,,,,,,,,,
,,,,,,,,,,
,,,,,,,,,,
,,,,,,,,,,
,,,,,,,,,,
,,,,,,,,,,
,,,,,,,,,,
,,,,,,,,,,
,,,,,,,,,,
,,,,,,,,,,
,,,,,,,,,,
,,,,,,,,,,
,,,,,,,,,,
,,,,,,,,,,
,,,,,,,,,,
,,,,,,,,,,
,,,,,,,,,,
,,,,,,,,,,
,,,,,,,,,,
,,,,,,,,,,
,,,,,,,,,,
,,,,,,,,,,
,,,,,,,,,,
,,,,,,,,,,
,,,,,,,,,,
,,,,,,,,,,
,,,,,,,,,,
,,,,,,,,,,
,,,,,,,,,,
,,,,,,,,,,
,,,,,,,,,,
,,,,,,,,,,
,,,,,,,,,,
,,,,,,,,,,
,,,,,,,,,,
,,,,,,,,,,
,,,,,,,,,,
,,,,,,,,,,
,,,,,,,,,,
,,,,,,,,,,
,,,,,,,,,,
,,,,,,,,,,
,,,,,,,,,,
,,,,,,,,,,
,,,,,,,,,,
,,,,,,,,,,
,,,,,,,,,,
,,,,,,,,,,
,,,,,,,,,,
,,,,,,,,,,
,,,,,,,,,,
,,,,,,,,,,
,,,,,,,,,,
,,,,,,,,,,
,,,,,,,,,,
,,,,,,,,,,
,,,,,,,,,,
,,,,,,,,,,
,,,,,,,,,,
,,,,,,,,,,
,,,,,,,,,,
,,,,,,,,,,
,,,,,,,,,,
,,,,,,,,,,
,,,,,,,,,,
,,,,,,,,,,
,,,,,,,,,,
,,,,,,,,,,
,,,,,,,,,,
,,,,,,,,,,
,,,,,,,,,,
,,,,,,,,,,
,,,,,,,,,,
,,,,,,,,,,
,,,,,,,,,,
,,,,,,,,,,
,,,,,,,,,,
,,,,,,,,,,
,,,,,,,,,,
,,,,,,,,,,
,,,,,,,,,,
,,,,,,,,,,
,,,,,,,,,,
,,,,,,,,,,
,,,,,,,,,,
,,,,,,,,,,
,,,,,,,,,,
,,,,,,,,,,
,,,,,,,,,,
,,,,,,,,,,
,,,,,,,,,,
,,,,,,,,,,
,,,,,,,,,,
,,,,,,,,,,
,,,,,,,,,,
,,,,,,,,,,
,,,,,,,,,,
,,,,,,,,,,
,,,,,,,,,,
,,,,,,,,,,
,,,,,,,,,,
,,,,,,,,,,
,,,,,,,,,,
,,,,,,,,,,
