Department for Transport statistics,,,,,,,,,,,,
http://www.dft.gov.uk/statistics/releases/road-accidents-and-safety-annual-report-2011,,,,,,,,,,,,
Table RAS30070,,,,,,,,,,,,
"Relative risk of different forms of transport, Great Britain: 2011",,,,,,,,,,,,
,,Casualty rate per billion vehicle miles,,,,,,,,,,
,Killed,Killed or seriously injured,,,,,,,,,,
Car driver,3,26,,,,,,,,,,
Pedestrian1,42,542,,,,,,,,,,
Pedal cyclist,35,"1,035",,,,,,,,,,
Motorcycle rider,122,"1,868",,,,,,,,,,
1  2010 NTS data used to calculate 2011 pedestrian rates,,,,,,,,,,,,
,,,,,,,,,,,,
Telephone: 020 7944 6595,,"Source: Road Accident Statistics, DfT",,,,,,,,,,
Email�: roadacc.stats@dft.gov.uk,,Last updated: 27 September 2012,,,,,,,,,,
Notes & Definitions,,Next update: September 2013,,,,,,,,,,
,,,,,,,,,,,,
The figures in this table are National Statistics,,,,,,,,,,,,,,,,
,,,,,,,,,,,,,,,,
,,,,,,,,,,,,,,,,
,,,,,,,,,,,,,,,,
,,,,,,,,,,,,,,,,
,,,,,,,,,,,,,,,,
,,,,,,,,,,,,,,,,








,,,,,,,,,,,,,,,,
,,,,,,,,,,,,,,,,
,,,,,,,,,,,,,,,,
,,,,,,,,,,,,,,,,
,,,,,,,,,,,,,,,,
,,,,,,,,,,,,,,,,
,,,,,,,,,,,,,,,,
,,,,,,,,,,,,,,,,
,,,,,,,,,,,,,,,,
,,,,,,,,,,,,,,,,
,,,,,,,,,,,,,,,,
,,,,,,,,,,,,,,,,
