Department for Transport statistics,,,,,,,,,,,,
http://www.dft.gov.uk/statistics/releases/road-accidents-and-safety-annual-report-2011,,,,,,,,,,,,
Table RAS30076,,,,,,,,,,,,
"Reported motorcyclist casualties: KSI by time of day (indexed), Great Britain: 2011",,,,,,,,,,,,
,,,,,,,,,,,,
,,Index: Average hour=100,,,,,,,,,,
,Motorcyclists,All road users,,,,,,,,,,
Midnight - 6am,14.2,34.3,,,,,,,,,,
6am - Midday,99.5,100.6,,,,,,,,,,
Midday - 6pm,177.2,164.1,,,,,,,,,,
6pm - Midnight,94.5,101.0,,,,,,,,,,
Telephone: 020 7944 6595,,"Source: Road Accident Statistics, DfT",,,,,,,,,,
Email�: roadacc.stats@dft.gov.uk,,Last updated: 27 Spetember 2012,,,,,,,,,,
Notes & Definitions,,Next update: September 2013,,,,,,,,,,
,,,,,,,,,,,,
The figures in this table are National Statistics,,,,,,,,,,,,
,,,,,,,,,,,,
,,,,,,,,,,,,
,,,,,,,,,,,,
