Department for Transport statistics,,,,,,
http://www.dft.gov.uk/statistics/releases/road-accidents-and-safety-annual-report-2011,,,,,,
RAS30037,,,,,,
"Reported casualties in accidents, by journey purpose and casualty type, Great Britain, 2006-2011",,,,,,
,,,,,,Number of casualties
,2006,2007,2008,2009,2010,2011
,____,____,____,____,____,____
Driving as part of work,,,,,,
Driver/rider driving as part of work,,,,,,
Killed,152,158,132,95,96,93
Seriously injured,"1,812","1,858","1,646","1,433","1,382","1,384"
Slightly injured,"20,805","20,249","18,323","16,864","16,305","15,465"
All casualties,"22,769","22,265","20,101","18,392","17,783","16,942"
Passenger of driver/rider driving for work,,,,,,
Killed,40,47,34,32,20,24
Seriously injured,700,706,642,602,541,525
Slightly injured,"10,946","10,536","10,076","9,419","9,079","9,068"
All casualties,"11,686","11,289","10,752","10,053","9,640","9,617"
Other casualty in accident involving a driver/rider driving for work,,,,,,
Killed,666,685,582,465,424,442
Seriously injured,"4,110","4,109","3,862","3,421","3,358","3,288"
Slightly injured,"28,128","27,380","25,126","23,797","23,484","22,519"
All casualties,"32,904","32,174","29,570","27,683","27,266","26,249"
All casualties in accidents involving a driver/rider driving for work,,,,,,
Killed,858,890,748,592,540,559
Seriously injured,"6,622","6,673","6,150","5,456","5,281","5,197"
Slightly injured,"59,879","58,165","53,525","50,080","48,868","47,052"
All casualties,"67,359","65,728","60,423","56,128","54,689","52,808"
Commuting to/from work,,,,,,
Driver/rider commuting to/from work,,,,,,
Killed,167,182,133,143,106,127
Seriously injured,"1,940","1,882","1,834","1,738","1,629","1,718"
Slightly injured,"17,613","16,897","15,759","14,438","14,441","13,950"
All casualties,"19,720","18,961","17,726","16,319","16,176","15,795"
Passenger of driver/rider commuting to/from work,,,,,,
Killed,17,14,12,6,9,7
Seriously injured,141,142,127,128,108,94
Slightly injured,"2,191","1,977","1,779","1,651","1,686","1,451"
All casualties,"2,349","2,133","1,918","1,785","1,803","1,552"
Other casualty in accident involving a driver/rider commuting to/from work,,,,,,
Killed,143,156,130,92,89,91
Seriously injured,"1,354","1,330","1,217","1,092","1,081","1,043"
Slightly injured,"9,442","9,077","8,345","8,026","7,795","7,436"
All casualties,"10,939","10,563","9,692","9,210","8,965","8,570"
All casualties in accidents involving a driver/rider commuting to/from work,,,,,,
Killed,327,352,275,241,204,225
Seriously injured,"3,435","3,354","3,178","2,958","2,818","2,855"
Slightly injured,"29,246","27,951","25,883","24,115","23,922","22,837"
All casualties,"33,008","31,657","29,336","27,314","26,944","25,917"
Travelling to/from school1,,,,,,
Driver/rider travelling to/from school,,,,,,
Killed,12,7,9,6,1,3
Seriously injured,113,140,140,143,146,118
Slightly injured,"2,038","1,869","2,029","1,872","1,745","1,793"
All casualties,"2,163","2,016","2,178","2,021","1,892","1,914"
Passenger of driver/rider travelling to/from school,,,,,,
Killed,4,8,2,0,6,1
Seriously injured,41,44,49,47,60,41
Slightly injured,"1,417","1,256","1,273","1,218","1,168","1,128"
All casualties,"1,462","1,308","1,324","1,265","1,234","1,170"
Other casualty in accident involving a driver/rider travelling to/from school,,,,,,
Killed,6,6,15,6,8,12
Seriously injured,207,224,204,197,212,203
Slightly injured,"1,917","1,759","1,732","1,733","1,690","1,700"
All casualties,"2,130","1,989","1,951","1,936","1,910","1,915"
All casualties in accidents involving a driver/rider travelling to/from school,,,,,,
Killed,22,21,26,12,15,16
Seriously injured,361,408,393,387,418,362
Slightly injured,"5,372","4,884","5,034","4,823","4,603","4,621"
All casualties,"5,755","5,313","5,453","5,222","5,036","4,999"
,,,,,,
1   Includes pupils riding to/from school and drivers/riders taking a pupil to/from school.,,,,,,
,,,,,,
Telephone: 020 7944 6595,,,,,,Source: DfT STATS19
Email: roadacc.stats@dft.gsi.gov.uk,,,,,,Last updated: 27 September 2012
Notes & Definitions,,,,,,Next update: September 2013
,,,,,,
The figures in this table are National Statistics,,,,,,
