Department for Transport statistics,,,,,,,,,,,
http://www.dft.gov.uk/statistics/releases/road-accidents-and-safety-annual-report-2011,,,,,,,,,,,
RAS30013,,,,,,,,,,,
"Reported casualty rates by road user type and severity, Great Britain, 2001 - 2011",,,,,,,,,,,
,,,,,,,,,,,Driver/Rider casualty rate per billion vehicle miles/percentage
,2001,2002,2003,2004,2005,2006,2007,2008,2009,2010,2011
,____,____,____,____,____,____,____,____,____,____,____
Pedal cyclists,,,,,,,,,,,
  Killed,53,48,41,52,55,52,53,40,35,37,35
  KSI1,"1,019",897,869,896,875,868,999,899,909,919,"1,035"
  All severities,"7,235","6,251","6,121","6,440","6,125","5,744","6,297","5,695","5,713","5,692","6,231"
Motorcycle riders,,,,,,,,,,,
  Killed,186,185,193,176,165,181,165,151,143,135,122
  KSI,"2,311","2,243","2,089","1,977","1,849","1,937","1,876","1,845","1,748","1,730","1,868"
  All severities,"9,111","8,497","7,750","7,649","7,069","6,974","6,557","6,567","6,224","6,270","6,720"
Car drivers,,,,,,,,,,,
  Killed,4.9,4.7,4.8,4.5,4.5,4.3,3.8,3.5,2.9,2.4,2.5
  KSI,53,50,46,42,39,38,34,32,30,27,26
  All severities,559,532,511,498,490,466,441,411,393,374,350
Bus or coach drivers,,,,,,,,,,,
  Killed,1.3,0.6,0.3,0.9,0,0.6,0,0,0.3,0.6,0
  KSI,20,17,13,14,9.8,12,11,13,8.7,12,5.2
  All severities,311,272,260,257,259,221,190,208,187,176,169
Van / Light goods drivers,,,,,,,,,,,
  Killed,1.4,1.6,1.4,1.3,1.2,1.0,1.1,0.9,0.8,0.7,0.7
  KSI,18,17,16,13,11,11,9,8.4,7.8,6.5,6.2
  All severities,161,153,144,124,118,113,97,90,90,84,84
Heavy goods vehicle drivers,,,,,,,,,,,
  Killed,2.7,2.9,2.4,2.3,2.7,2.0,2.3,1.1,0.7,1.6,1.6
  KSI,25,25,21,20,19,18,17,12,10,12,11
  All severities,164,151,147,135,136,118,115,92,79,83,75
All drivers and riders2,,,,,,,,,,,
  Killed,6.6,6.5,6.8,6.2,6.2,6.0,5.5,4.9,4.2,3.7,3.8
  KSI,79,75,71,65,61,60,58,54,52,49,50
  All severities,636,602,580,556,543,514,491,462,449,428,421
,,,,,,,,,,,
Percentage of all road user casualties accounted for by drivers and riders,,,,,,,,,,,
  Killed,57,58,59,59,60,60,59,60,59,62,61
  KSI,58,58,59,58,59,59,60,60,61,61,62
  All severities,60,60,61,61,62,63,63,63,63,63,63
,,,,,,,,,,,
,,,,,,,,,,,
1  Killed or seriously injured.,,,,,,,,,,,
2  Includes driver and riders of other vehicles.,,,,,,,,,,,
,,,,,,,,,,,
Telephone: 020 7944 6595,,,,,,,,,,,"Source: DfT STATS19,  DfT National Road Traffic Survey"
Email: roadacc.stats@dft.gsi.gov.uk,,,,,,,,,,,Last updated: 27 September 2012
Notes & Definitions,,,,,,,,,,,Next update: September 2013

The figures in this table are National Statistics
