Department for Transport statistics,,,,,,,,
http://www.dft.gov.uk/statistics/releases/road-accidents-and-safety-annual-report-2011,,,,,,,,
RAS30017,,,,,,,,
"Casualties in reported accidents involving vehicles of different types by built-up and non built-up roads,",,,,,,,,
" road class and severity, Great Britain, 2011",,,,,,,,
,,,,,,,,          Number of casualties
,,,,,Van / Light,Heavy,,
,    Pedal,,, Bus or,goods,goods,Other,Any
,cycle,Motorcycle1,Car,coach,vehicle,vehicle,vehicle,vehicle2
_________________,_____,__________,____,______,______,______,_______,_______
Built-up roads3,,,,,,,,
   A roads,,,,,,,,
     Killed,32,96,304,34,35,54,22,420
     KSI4,"1,238","1,751","5,545",415,507,287,133,"6,979"
     All severities,"8,014","8,781","56,902","4,538","5,400","2,217","1,139","64,641"
   B roads,,,,,,,,
     Killed,6,27,94,7,10,10,1,116
     KSI,390,513,"1,876",106,159,75,44,"2,239"
     All severities,"2,368","2,265","17,274","1,056","1,421",469,336,"19,178"
   Other roads,,,,,,,,
     Killed,24,52,217,15,18,13,15,280
     KSI,"1,260","1,443","5,803",311,418,142,173,"7,027"
     All severities,"8,416","6,491","55,321","3,331","4,277","1,041","1,252","61,711"
   All built-up roads5,,,,,,,,
     Killed,62,175,615,56,63,77,38,816
     KSI,"2,888","3,707","13,224",832,"1,084",504,350,"16,245"
     All severities,"18,798","17,537","129,497","8,925","11,098","3,727","2,727","145,530"
Non built-up roads3,,,,,,,,
   A roads,,,,,,,,
     Killed,31,141,593,13,75,120,28,689
     KSI,245,"1,357","4,190",60,461,502,158,"5,048"
     All severities,831,"3,321","29,117",523,"3,362","2,907",813,"31,582"
   B roads,,,,,,,,
     Killed,10,37,126,2,15,11,5,155
     KSI,79,379,"1,090",11,81,60,36,"1,360"
     All severities,232,839,"6,373",110,553,302,193,"7,022"
   Other roads,,,,,,,,
     Killed,10,30,102,1,15,6,9,135
     KSI,156,373,"1,186",13,116,59,75,"1,524"
     All severities,497,955,"9,126",136,805,334,321,"10,074"
   All non built-up roads5,,,,,,,,
     Killed,51,208,821,16,105,137,42,979
     KSI,480,"2,109","6,466",84,658,621,269,"7,932"
     All severities,"1,560","5,115","44,616",769,"4,720","3,543","1,327","48,678"
All speed limits6,,,,,,,,
   Motorways,,,,,,,,
     Killed,0,8,84,3,23,43,1,106
     KSI,0,127,696,16,130,209,11,846
     All severities,0,366,"9,076",219,"1,541","2,080",117,"9,742"
   A roads,,,,,,,,
     Killed,63,237,897,47,110,174,50,"1,109"
     KSI,"1,483","3,108","9,735",475,968,789,291,"12,027"
     All severities,"8,845","12,102","86,019","5,061","8,762","5,124","1,952","96,223"
   B roads,,,,,,,,
     Killed,16,64,220,9,25,21,6,271
     KSI,469,892,"2,966",117,240,135,80,"3,599"
     All severities,"2,600","3,104","23,647","1,166","1,974",771,529,"26,200"
   Other roads,,,,,,,,
     Killed,34,82,319,16,33,19,24,415
     KSI,"1,416","1,816","6,989",324,534,201,248,"8,551"
     All severities,"8,913","7,446","64,447","3,467","5,082","1,375","1,573","71,785"
"Total5,6",,,,,,,,
     Killed,113,391,"1,520",75,191,257,81,"1,901"
     KSI,"3,368","5,943","20,386",932,"1,872","1,334",630,"25,023"
     All severities,"20,358","23,018","183,189","9,913","17,359","9,350","4,171","203,950"
,,,,,,,,
Note:   Involves multiple-counting if more than one vehicle type present. Pedestrian casualties are included with all casualties in ,,,,,,,,
             accidents involving each specific type of vehicle.,,,,,,,,
"1  Includes electric motorcycles, combinations and scooters.",,,,,4  Killed or seriously injured.,,,
2  Includes other non motor vehicles and cases where vehicle type was not reported.,,,,,5  Includes cases where road class was not reported.,,,
3  Excludes motorways.,,,,,6  Includes cases where speed limit was not reported.,,,
,,,,,,,,
Telephone: 020 7944 6595,,,,,,,,Source: DfT STATS19
Email: roadacc.stats@dft.gsi.gov.uk,,,,,,,,Last updated: 27 September 2012
Notes & Definitions,,,,,,,,Next update: September 2013
,,,,,,,,
The figures in this table are National Statistics,,,,,,,,
,,,,,,,,

,,,,,,,,
,,,,,,,,,,
,,,,,,,,,,
,,,,,,,,,,
