Department for Transport statistics,,,,,,,,,,,,
http://www.dft.gov.uk/statistics/releases/road-accidents-and-safety-annual-report-2011,,,,,,,,,,,,
Table RAS30071,,,,,,,,,,,,
"Reported motorcyclist casualties: KSI1 rates by type of rider/driver, Great Britain: 2000 to 2011",,,,,,,,,,,,
,,,,,,,,,,,,KSI per billion vehicle miles
,2000,2001,2002,2003,2004,2005,2006,2007,2008,2009,2010,2011
Motorcycle riders,"2,428","2,311","2,243","2,089","1,977","1,849","1,937","1,876","1,845","1,748","1,730","1,868"
Pedal cyclists,"1,066","1,019",897,869,896,875,868,999,899,909,919,"1,035"
Car drivers,54,53,50,46,42,39,38,34,32,30,27,26
1  Killed or Seriously injured,,,,,,,,,,,,
,,,,,,,,,,,,
Telephone: 020 7944 6595,,,,,,,,,,,,"Source: Road Accident Statistics, DfT"
Email�: roadacc.stats@dft.gov.uk,,,,,,,,,,,,Last updated: 27 September 2012
Notes & Definitions,,,,,,,,,,,,Next update: September 2013
,,,,,,,,,,,,
The figures in this table are National Statistics,,,,,,,,,,,,
