Department for Transport statistics,,,,,,,,,
http://www.dft.gov.uk/statistics/releases/road-accidents-and-safety-annual-report-2011,,,,,,,,,
RAS30039,,,,,,,,,
"Reported fatal child casualties by region and local authority, England, 2007 - 2011 and 2005-09 average",,,,,,,,,
,,,,,,,,Number of casualties,
,,,,,,,,2011,
,,,,,,,,percentage,
,,2005-09,,,,,,change,
ONS Code,Region/Local Authority,average,2007,2008,2009,2010,2011,on 05-09 avg,
E12000001,North East,4,6,4,4,4,3,-17,
E06000047,County Durham,1,1,0,0,0,1,..,
E06000005,Darlington,0,1,0,0,0,0,..,
E08000020,Gateshead,0,1,1,0,0,0,..,
E06000001,Hartlepool,0,0,0,0,0,0,..,
E06000002,Middlesbrough,0,0,1,0,0,0,..,
E08000021,Newcastle upon Tyne,0,0,1,1,1,0,..,
E08000022,North Tyneside,0,1,0,0,1,0,..,
E06000048,Northumberland,0,1,0,0,1,0,..,
E06000003,Redcar and Cleveland,0,0,1,0,0,0,..,
E08000023,South Tyneside,0,0,0,0,0,0,..,
E06000004,Stockton-on-Tees,0,0,0,1,0,2,..,
E08000024,Sunderland,1,1,0,2,1,0,..,
E12000002,North West,17,13,16,13,9,6,-64,
E06000008,Blackburn with Darwen,1,0,0,0,0,0,..,
E06000009,Blackpool,0,0,0,1,0,0,..,
E08000001,Bolton,0,0,0,0,2,0,..,
E08000002,Bury,0,0,0,0,0,0,..,
E06000049,Cheshire East,1,0,4,0,1,0,..,
E06000050,Cheshire West and Chester,1,0,3,0,0,1,..,
E10000006,Cumbria,1,0,0,2,1,0,..,
E06000006,Halton,1,2,0,0,1,0,..,
E08000011,Knowsley,0,0,1,0,0,0,..,
E10000017,Lancashire,4,4,5,3,3,2,..,
E08000012,Liverpool,1,2,0,0,0,0,..,
E08000003,Manchester,1,1,1,2,0,0,..,
E08000004,Oldham,0,0,0,1,0,1,..,
E08000005,Rochdale,0,0,0,0,0,0,..,
E08000006,Salford,1,0,0,0,0,1,..,
E08000014,Sefton,0,0,0,0,0,0,..,
E08000013,St. Helens,0,0,0,0,0,0,..,
E08000007,Stockport,0,1,0,0,0,0,..,
E08000008,Tameside,1,1,1,0,0,0,..,
E08000009,Trafford,1,1,0,1,0,0,..,
E06000007,Warrington,0,0,0,0,0,0,..,
E08000010,Wigan,1,1,0,2,1,1,..,
E08000015,Wirral,1,0,1,1,0,0,..,
E12000003,Yorkshire and The Humber,14,12,10,11,5,11,-23,
E08000016,Barnsley,0,0,1,0,1,0,..,
E08000032,Bradford,2,4,1,3,1,0,..,
E08000033,Calderdale,1,0,1,1,0,2,..,
E08000017,Doncaster,1,0,1,0,1,2,..,
E06000011,East Riding of Yorkshire,1,0,1,1,0,1,..,
E06000010,"Kingston upon Hull, City of",1,0,1,0,0,0,..,
E08000034,Kirklees,1,1,1,1,0,0,..,
E08000035,Leeds,2,0,2,3,2,1,..,
E06000012,North East Lincolnshire,0,0,0,0,0,0,..,
E06000013,North Lincolnshire,0,0,0,0,0,0,..,
E10000023,North Yorkshire,2,5,1,0,0,3,..,
E08000018,Rotherham,1,1,0,0,0,0,..,
E08000019,Sheffield,1,1,0,0,0,0,..,
E08000036,Wakefield,1,0,0,1,0,2,..,
E06000014,York,1,0,0,1,0,0,..,
E12000004,East Midlands,12,17,6,8,4,1,-92,
E06000015,Derby,0,0,0,0,0,0,..,
E10000007,Derbyshire,2,5,1,2,2,0,..,
E06000016,Leicester,0,0,0,0,0,0,..,
E10000018,Leicestershire,1,0,1,0,1,0,..,
E10000019,Lincolnshire,4,7,2,2,0,0,..,
E10000021,Northamptonshire,2,3,1,3,0,0,..,
E06000018,Nottingham,0,0,0,0,1,0,..,
E10000024,Nottinghamshire,2,2,1,1,0,0,..,
E06000017,Rutland,0,0,0,0,0,1,..,
E12000005,West Midlands,11,6,14,8,3,6,-45,
E08000025,Birmingham,3,2,3,5,1,3,..,
E08000026,Coventry,0,0,0,0,0,0,..,
E08000027,Dudley,0,1,0,0,0,0,..,
E06000019,"Herefordshire, County of ",0,0,0,0,0,0,..,
E08000028,Sandwell,0,0,0,0,2,0,..,
E06000051,Shropshire,1,0,3,0,0,0,..,
E08000029,Solihull,0,0,0,1,0,1,..,
E10000028,Staffordshire,2,0,4,1,0,0,..,
E06000021,Stoke-on-Trent,0,1,0,0,0,1,..,
E06000020,Telford and Wrekin,0,0,0,0,0,0,..,
E08000030,Walsall,0,0,0,0,0,0,..,
E10000031,Warwickshire,1,0,3,1,0,1,..,
E08000031,Wolverhampton,0,0,0,0,0,0,..,
E10000034,Worcestershire,1,2,1,0,0,0,..,
E12000006,East of England,13,20,12,10,6,7,-46,
E06000055,Bedford,0,0,0,0,0,0,..,
E10000003,Cambridgeshire,3,6,4,1,1,1,..,
E06000056,Central Bedfordshire,0,0,1,1,0,0,..,
E10000012,Essex,3,5,3,3,1,1,..,
E10000015,Hertfordshire,2,1,0,4,1,2,..,
E06000032,Luton,1,1,0,0,0,0,..,
E10000020,Norfolk,1,0,1,0,1,1,..,
E06000031,Peterborough,1,2,1,0,1,0,..,
E06000033,Southend-on-Sea,0,0,0,1,0,1,..,
E10000029,Suffolk,1,4,2,0,1,1,..,
E06000034,Thurrock,1,1,0,0,0,0,..,
E12000007,London,12,8,17,6,8,7,-40,
E09000002,Barking and Dagenham,0,1,0,0,2,1,..,
E09000003,Barnet,1,0,1,0,0,0,..,
E09000004,Bexley,0,1,0,0,0,1,..,
E09000005,Brent,1,2,2,0,1,0,..,
E09000006,Bromley,0,0,1,0,0,0,..,
E09000007,Camden,0,0,0,0,0,0,..,
E09000001,City of London,0,0,0,0,0,0,..,
E09000008,Croydon,0,0,1,0,1,1,..,
E09000009,Ealing,1,0,1,2,0,0,..,
E09000010,Enfield,0,0,0,0,0,0,..,
E09000011,Greenwich,2,1,3,2,0,1,..,
E09000012,Hackney,0,0,0,0,1,0,..,
E09000013,Hammersmith and Fulham,0,0,0,0,0,0,..,
E09000014,Haringey,1,0,1,1,0,0,..,
E09000015,Harrow,0,0,0,0,0,0,..,
E09000016,Havering,0,0,0,0,0,1,..,
E09000017,Hillingdon,0,0,1,0,0,0,..,
E09000018,Hounslow,1,2,0,0,0,0,..,
E09000019,Islington,0,0,0,0,0,0,..,
E09000020,Kensington and Chelsea,0,0,0,0,0,0,..,
E09000021,Kingston upon Thames,0,0,0,0,0,0,..,
E09000022,Lambeth,0,0,1,0,0,1,..,
E09000023,Lewisham,0,0,2,0,0,0,..,
E09000024,Merton,0,0,0,0,0,0,..,
E09000025,Newham,0,0,0,0,0,0,..,
E09000026,Redbridge,1,0,1,0,1,0,..,
E09000027,Richmond upon Thames,0,0,0,0,0,0,..,
E09000028,Southwark,1,0,0,0,2,0,..,
E09000029,Sutton,0,0,0,0,0,0,..,
E09000030,Tower Hamlets,0,0,0,1,0,0,..,
E09000031,Waltham Forest,0,0,1,0,0,0,..,
E09000032,Wandsworth,0,1,0,0,0,0,..,
E09000033,Westminster,0,0,1,0,0,1,..,
,London Airport (Heathrow),0,0,0,0,0,0,..,
E12000008,South East,15,19,11,5,6,3,-79,
E06000036,Bracknell Forest,0,0,0,0,0,0,..,
E06000043,Brighton and Hove,0,0,1,0,0,1,..,
E10000002,Buckinghamshire,1,1,0,0,0,0,..,
E10000011,East Sussex,1,2,1,0,1,0,..,
E10000014,Hampshire,2,3,2,0,0,1,..,
E06000046,Isle of Wight,0,0,0,0,0,0,..,
E10000016,Kent,4,6,3,3,0,0,..,
E06000035,Medway,0,0,0,0,0,0,..,
E06000042,Milton Keynes,1,1,0,0,1,0,..,
E10000025,Oxfordshire,3,3,1,1,1,0,..,
E06000044,Portsmouth,0,0,0,0,0,0,..,
E06000038,Reading,0,0,0,0,0,0,..,
E06000039,Slough,0,0,1,0,0,0,..,
E06000045,Southampton ,0,1,0,0,0,0,..,
E10000030,Surrey,1,1,2,0,1,0,..,
E06000037,West Berkshire,0,0,0,1,0,0,..,
E10000032,West Sussex,1,1,0,0,2,1,..,
E06000040,Windsor and Maidenhead,0,0,0,0,0,0,..,
E06000041,Wokingham,0,0,0,0,0,0,..,
E12000009,South West,10,6,10,6,2,3,-70,
E06000022,Bath and North East Somerset,0,0,0,0,0,0,..,
E06000028,Bournemouth,0,0,0,0,0,0,..,
E06000023,"Bristol, City of",1,0,0,2,0,0,..,
E06000052,Cornwall,1,1,1,0,0,0,..,
E10000008,Devon,2,0,3,2,1,0,..,
E10000009,Dorset,1,0,0,0,0,0,..,
E10000013,Gloucestershire,2,1,3,0,0,0,..,
E06000053,Isles of Scilly,0,0,0,0,0,0,..,
E06000024,North Somerset,0,0,0,0,0,0,..,
E06000026,Plymouth,0,1,0,0,0,0,..,
E06000029,Poole,0,0,0,0,0,0,..,
E10000027,Somerset,1,0,0,2,1,2,..,
E06000025,South Gloucestershire,1,0,1,0,0,0,..,
E06000030,Swindon,1,1,2,0,0,0,..,
E06000027,Torbay,0,0,0,0,0,0,..,
E06000054,Wiltshire,1,2,0,0,0,1,..,
E92000001,England,107,107,100,71,47,47,-56,
,,,,,,,,,
,,,,,,,,,
Telephone: 020 7944 6595,,,,,,,,Source: DfT STATS19,
Email: roadacc.stats@dft.gsi.gov.uk,,,,,,,,Last updated: 27 September 2012,
Notes & Definitions,,,,,,,,Next update: September 2013,
,,,,,,,,,
The figures in this table are National Statistics,,,,,,,,,
,,,,,,,,,
,,,,,,,,,
,,,,,,,,,
,,,,,,,,,
,,,,,,,,,
,,,,,,,,,
,,,,,,,,,
,,,,,,,,,
,,,,,,,,,
,,,,,,,,,
,,,,,,,,,
,,,,,,,,,
,,,,,,,,,
,,,,,,,,,
,,,,,,,,,
,,,,,,,,,
,,,,,,,,,
,,,,,,,,,
,,,,,,,,,
,,,,,,,,,
,,,,,,,,,
,,,,,,,,,
,,,,,,,,,
,,,,,,,,,
,,,,,,,,,
,,,,,,,,,
,,,,,,,,,
,,,,,,,,,
,,,,,,,,,
,,,,,,,,,
,,,,,,,,,
,,,,,,,,,
,,,,,,,,,
,,,,,,,,,
,,,,,,,,,
,,,,,,,,,
,,,,,,,,,
,,,,,,,,,
,,,,,,,,,
,,,,,,,,,
,,,,,,,,,
,,,,,,,,,
,,,,,,,,,
,,,,,,,,,
,,,,,,,,,
,,,,,,,,,
,,,,,,,,,
,,,,,,,,,
,,,,,,,,,
,,,,,,,,,
,,,,,,,,,
,,,,,,,,,
,,,,,,,,,
,,,,,,,,,
,,,,,,,,,
,,,,,,,,,
,,,,,,,,,
,,,,,,,,,
,,,,,,,,,
,,,,,,,,,
,,,,,,,,,
,,,,,,,,,
,,,,,,,,,
,,,,,,,,,
,,,,,,,,,
,,,,,,,,,
,,,,,,,,,
,,,,,,,,,
,,,,,,,,,
,,,,,,,,,
,,,,,,,,,
,,,,,,,,,
,,,,,,,,,
,,,,,,,,,
,,,,,,,,,
,,,,,,,,,
,,,,,,,,,
,,,,,,,,,
,,,,,,,,,
,,,,,,,,,
,,,,,,,,,
,,,,,,,,,
,,,,,,,,,
,,,,,,,,,
,,,,,,,,,
,,,,,,,,,
,,,,,,,,,
,,,,,,,,,
,,,,,,,,,
,,,,,,,,,
,,,,,,,,,
,,,,,,,,,
,,,,,,,,,
,,,,,,,,,
,,,,,,,,,
,,,,,,,,,
,,,,,,,,,
,,,,,,,,,
,,,,,,,,,
,,,,,,,,,
,,,,,,,,,
,,,,,,,,,
,,,,,,,,,
,,,,,,,,,
