Department for Transport statistics,,,,,,,,,
http://www.dft.gov.uk/statistics/releases/road-accidents-and-safety-annual-report-2011,,,,,,,,,
RAS30015,,,,,,,,,
"Reported casualties by daylight and darkness, weather condition, built-up and non built-up roads",,,,,,,,,
" and severity, Great Britain, 2011",,,,,,,,,
,,,,,,,,,                     Number of casualties
,,                     Daylight,,,              Darkness,,,,
,,,,_______________________________________,,,,_______________________________________, All1
,Fine,Raining,Snowing,Fog,Fine,Raining,Snowing,Fog,casualties
___________________,_____,_______,_______,___,_____,_______,_______,___,_________
Motorways,,,,,,,,,
  Killed,48,5,0,0,42,3,1,0,106
  Serious,412,55,2,1,195,44,3,3,740
  Slight,"5,283",765,23,15,"1,959",552,30,23,"8,896"
  All severities,"5,743",825,25,16,"2,196",599,34,26,"9,742"
Built-up roads2,,,,,,,,,
  Killed,410,34,0,1,306,47,1,2,816
  Serious,"9,586",784,18,11,"3,804",777,11,24,"15,429"
  Slight,"84,211","8,879",187,154,"25,161","5,964",68,183,"129,285"
  All severities,"94,207","9,697",205,166,"29,271","6,788",80,209,"145,530"
Non built-up roads2,,,,,,,,,
  Killed,512,69,4,5,310,49,0,8,979
  Serious,"4,273",513,22,36,"1,537",331,12,34,"6,953"
  Slight,"24,758","3,871",181,210,"7,826","2,081",115,204,"40,746"
  All severities,"29,543","4,453",207,251,"9,673","2,461",127,246,"48,678"
All speed limits3,,,,,,,,,
  Killed,970,108,4,6,658,99,2,10,"1,901"
  Serious,"14,271","1,352",42,48,"5,536","1,152",26,61,"23,122"
  Slight,"114,252","13,515",391,379,"34,946","8,597",213,410,"178,927"
  All severities,"129,493","14,975",437,433,"41,140","9,848",241,481,"203,950"
,,,,,,,,,
1  Includes cases where lighting condition and/or weather condition was not reported.,,,,,,,,,
2  Excludes motorways.,,,,,,,,,
3  Includes cases where speed limit was not reported.,,,,,,,,,

Telephone: 020 7944 6595,,,,,,,,,Source: DfT STATS19
Email: roadacc.stats@dft.gsi.gov.uk,,,,,,,,,Last updated: 27 September 2012
Notes & Definitions,,,,,,,,,Next update: September 2013
,,,,,,,,,
The figures in this table are National Statistics,,,,,,,,,
