Department for Transport statistics,,,,,,,,,,,,
http://www.dft.gov.uk/statistics/releases/road-accidents-and-safety-annual-report-2011,,,,,,,,,,,,
Table RAS30078,,,,,,,,,,,,
"Reported motorcyclist casualties by severity, type of accident and other party involved in accident with the motorcycle, Great Britain: 2011",,,,,,,,,,,,
,,,,,,,,,,,,
,,,,,,,Number,,,,,
,Motorcyclist casualties,,,,Motorcyclist KSIs,,,,,,,
,Motorcycle 50cc and under ,Motorcycle 51-500cc,Motorcycle over 500cc,,Motorcycle 50cc and under,Motorcycle 51-500cc,Motorcycle over 500cc,,,,,
Single vehicle accidents,,,,,,,,,,,,
Involving pedestrians,45,144,74,,6,16,14,,,,,
No pedestrian involvment,554,1521,1616,,121,511,781,,,,,
Two vehicle accidents involving:,,,,,,,,,,,,
  Pedal cycle,28,79,48,,1,10,13,,,,,
  Motorcycle 50cc and under,61,12,9,,7,5,3,,,,,
  Motorcycle 51-500cc,15,107,29,,0,30,6,,,,,
  Motorcycle over 500cc,8,28,123,,0,7,51,,,,,
  Car,2030,6005,4639,,327,1293,1432,,,,,,,
  Bus or Coach,19,55,53,,0,14,12,,,,,,,
  LGV,145,510,378,,21,108,127,,,,,,,
  HGV,37,92,141,,5,27,69,,,,,,,
  Other vehicle,0,0,0,,0,0,0,,,,,,,
Accidents involving three or more vehicles,163,514,684,,34,169,329,,,,,,,
All accidents,3125,9138,7887,,526,2204,2879,,,,,,,
Telephone: 020 7944 6595,,,,,,,"Source: Road Accident Statistics, DfT",,,,,,,
Email�: roadacc.stats@dft.gov.uk,,,,,,,Last updated: 27 September 2012,,,,,,,
Notes & Definitions,,,,,,,Next update: September 2013,,,,,,,
,,,,,,,,,,,,,,
The figures in this table are National Statistics,,,,,,,,,,,,,,
,,,,,,,,,,,,,,
,,,,,,,,,,,,,,
,,,,,,,,,,,,,,



,,,,,,
,,,,,,
,,,,,,
,,,,,,
,,,,,,
,,,,,,
,,,,,,
,,,,,,
,,,,,,
,,,,,,
,,,,,,
,,,,,,
,,,,,,
