Department for Transport statistics,,,,,,,,,,,,,,,
http://www.dft.gov.uk/statistics/releases/road-accidents-and-safety-annual-report-2011,,,,,,,,,,,,,,,
Table RAS30077,,,,,,,,,,,,,,,
"Reported motorcyclist casualties: KSI number and rate by month of year (indexed), Great Britain: 2011",,,,,,,,,,,,,,,
,,,,,,,,,,,,,,,
,,Index: Mean=100,,,,,,,,,,,,,
,KSI number,KSI rate1,,,,,,,,,,,,,
Jan, 55 , 86 ,,,,,,,,,,,,,
Feb, 59 , 92 ,,,,,,,,,,,,,
Mar, 105 , 107 ,,,,,,,,,,,,,
Apr, 126 , 100 ,,,,,,,,,,,,,
May, 108 , 88 ,,,,,,,,,,,,,
Jun, 118 , 90 ,,,,,,,,,,,,,
Jul, 126 , 93 ,,,,,,,,,,,,,
Aug, 117 , 95 ,,,,,,,,,,,,,
Sep, 120 , 103 ,,,,,,,,,,,,,
Oct, 107 , 109 ,,,,,,,,,,,,,
Nov, 96 , 123 ,,,,,,,,,,,,,
Dec, 63 , 114 ,,,,,,,,,,,,,
1  per billion vehicle miles travelled,,,,,,,,,,,,,,,
,,,,,,,,,,,,,,,
Telephone: 020 7944 6595,,"Source: Road Accident Statistics, DfT",,,,,,,,,,,,,
Email�: roadacc.stats@dft.gov.uk,,Last updated: 27 September 2012,,,,,,,,,,,,,
Notes & Definitions,,Next update: September 2013,,,,,,,,,,,,,
,,,,,,,,,,,,,,,
The figures in this table are National Statistics,,,,,,,,,,,,,,,
