Department for Transport statistics,,,,,,,,,
http://www.dft.gov.uk/statistics/releases/road-accidents-and-safety-annual-report-2011,,,,,,,,,
RAS30014,,,,,,,,,
"Reported casualties by daylight and darkness, road surface condition, built-up and non built-up roads",,,,,,,,,
" and severity, Great Britain, 2011",,,,,,,,,
,,,,,,,,,                     Number of casualties
,,,,,,,,,
,,                   Daylight,,,,                   Darkness,,,
,,,,,,,,________________________________________,
,,Wet or,Snow,,,Wet or,Snow,, All2
,Dry,flood,or ice,All1,Dry,flood,or ice,All1,casualties
___________________,____,_____,_____,___,____,_____,_____,___,_______
Motorways,,,,,,,,,
  Killed,49,11,0,60,33,12,1,46,106
  Serious,385,96,7,488,157,88,7,252,740
  Slight,"4,841","1,332",70,"6,243","1,476","1,092",85,"2,653","8,896"
  All severities,"5,275","1,439",77,"6,791","1,666","1,192",93,"2,951","9,742"
Built-up roads3,,,,,,,,,
  Killed,363,83,3,449,235,124,7,367,816
  Serious,"8,741","1,805",71,"10,626","3,016","1,711",70,"4,803","15,429"
  Slight,"76,936","18,322",847,"96,241","20,319","12,172",508,"33,044","129,285"
  All severities,"86,040","20,210",921,"107,316","23,570","14,007",585,"38,214","145,530"
Non built-up roads3,,,,,,,,,
  Killed,447,141,11,599,217,152,10,380,979
  Serious,"3,602","1,216",135,"4,961","1,109",775,103,"1,992","6,953"
  Slight,"20,129","8,581","1,206","29,955","5,215","4,753",803,"10,791","40,746"
  All severities,"24,178","9,938","1,352","35,515","6,541","5,680",916,"13,163","48,678"
All speed limits4,,,,,,,,,
  Killed,859,235,14,"1,108",485,288,18,793,"1,901"
  Serious,"12,728","3,117",213,"16,075","4,282","2,574",180,"7,047","23,122"
  Slight,"101,906","28,235","2,123","132,439","27,010","18,017","1,396","46,488","178,927"
  All severities,"115,493","31,587","2,350","149,622","31,777","20,879","1,594","54,328","203,950"
,,,,,,,,,
1  Includes cases where road surface condition was not reported.,,,,,,,,,
2  Includes cases where lighting condition was not reported.,,,,,,,,,
3  Excludes motorways.,,,,,,,,,
4  Includes cases where speed limit was not reported.,,,,,,,,,

Telephone: 020 7944 6595,,,,,,,,,Source: DfT STATS19
Email: roadacc.stats@dft.gsi.gov.uk,,,,,,,,,Last updated: 27 September 2012
Notes & Definitions,,,,,,,,,Next update: September 2013
,,,,,,,,,
The figures in this table are National Statistics,,,,,,,,,
