Department for Transport statistics,,,,,,,,,,,
http://www.dft.gov.uk/statistics/releases/road-accidents-and-safety-annual-report-2011,,,,,,,,,,,
RAS30013,,,,,,,,,,,
"Reported casualty rates by road user type and severity, Great Britain, 2001 - 2011",,,,,,,,,,,
,,,,,,,,,,,Driver/Rider casualty rate per billion vehicle kilometres/percentage
,2001,2002,2003,2004,2005,2006,2007,2008,2009,2010,2011
,____,____,____,____,____,____,____,____,____,____,____
Pedal cyclists,,,,,,,,,,,
  Killed,33,30,26,33,34,32,33,25,22,23,22
  KSI1,633,557,540,557,544,539,621,559,565,571,643
  All severities,"4,496","3,884","3,803","4,002","3,806","3,569","3,913","3,539","3,550","3,537","3,872"
Motorcycle riders,,,,,,,,,,,
  Killed,116,115,120,109,103,113,103,94,89,84,76
  KSI,"1,436","1,394","1,298","1,229","1,149","1,204","1,166","1,146","1,086","1,075","1,161"
  All severities,"5,661","5,280","4,816","4,753","4,392","4,334","4,074","4,081","3,867","3,896","4,175"
Car drivers,,,,,,,,,,,
  Killed,3.1,2.9,3.0,2.8,2.8,2.7,2.4,2.2,1.8,1.5,1.6
  KSI,33,31,28,26,24,23,21,20,19,17,16
  All severities,347,330,317,310,304,289,274,256,244,233,218
Bus or coach drivers,,,,,,,,,,,
  Killed,0.8,0.4,0.2,0.6,0,0.4,0,0,0.2,0.4,0
  KSI,12,10,8.3,8.7,6.1,7.6,6.9,7.9,5.4,7.3,3.2
  All severities,193,169,162,160,161,137,118,130,116,109,105
Van / Light goods drivers,,,,,,,,,,,
  Killed,0.9,1.0,0.9,0.8,0.7,0.6,0.7,0.5,0.5,0.5,0.4
  KSI,11,11,9.9,8.1,6.9,6.7,5.5,5.2,4.9,4.0,3.9
  All severities,100,95,89,77,74,70,60,56,56,52,52
Heavy goods vehicle drivers,,,,,,,,,,,
  Killed,1.7,1.8,1.5,1.4,1.7,1.2,1.4,0.7,0.5,1.0,1.0
  KSI,15,15,13,12,12,11,11,7.7,6.3,7.2,6.7
  All severities,102,94,91,84,84,73,72,57,49,51,46
All drivers and riders2,,,,,,,,,,,
  Killed,4.1,4.0,4.2,3.8,3.8,3.7,3.4,3.0,2.6,2.3,2.3
  KSI,49,47,44,40,38,37,36,34,33,30,31
  All severities,395,374,360,345,338,319,305,287,279,266,261
,,,,,,,,,,,
Percentage of all road user casualties accounted for by drivers and riders,,,,,,,,,,,
  Killed,57,58,59,59,60,60,59,60,59,62,61
  KSI,58,58,59,58,59,59,60,60,61,61,62
  All severities,60,60,61,61,62,63,63,63,63,63,63
,,,,,,,,,,,
,,,,,,,,,,,
1  Killed or seriously injured.,,,,,,,,,,,
2  Includes driver and riders of other vehicles.,,,,,,,,,,,
,,,,,,,,,,,
Telephone: 020 7944 6595,,,,,,,,,,,"Source: DfT STATS19,  DfT National Road Traffic Survey"
Email: roadacc.stats@dft.gsi.gov.uk,,,,,,,,,,,Last updated: 27 September 2012
Notes & Definitions,,,,,,,,,,,Next update: September 2013

The figures in this table are National Statistics
