Department for Transport statistics,,,,,,,,,,,,
http://www.dft.gov.uk/statistics/releases/road-accidents-and-safety-annual-report-2011,,,,,,,,,,,,
Table RAS30075,,,,,,,,,,,,
"Reported motorcyclist casualties: KSI by day of week (indexed),  Great Britain: 2011",,,,,,,,,,,,
,,,,,,,,,,,,
,,Index: average day=100,,,,,,,,,,
,Motorcyclists,All road users,,,,,,,,,,
Mon - Thur,96.0,93.6,,,,,,,,,,
Friday,103.0,97.8,,,,,,,,,,
Saturday,98.5,111.5,,,,,,,,,,
Sunday,114.4,103.6,,,,,,,,,,
,,,,,,,,,,,,
Telephone: 020 7944 6595,,"Source: Road Accident Statistics, DfT",,,,,,,,,,
Email�: roadacc.stats@dft.gov.uk,,Last updated: 27 September 2012,,,,,,,,,,
Notes & Definitions,,Next update: September 2013,,,,,,,,,,
,,,,,,,,,,,,
The figures in this table are National Statistics,,,,,,,,,,,,
,,,,,,,,,,,,
,,,,,,,,,,,,
,,,,,,,,,,,,
,,,,,,,,,,,,
