Department for Transport statistics,,,,,,,,,,,,,
http://www.dft.gov.uk/statistics/releases/road-accidents-and-safety-annual-report-2011,,,,,,,,,,,,,
Table RAS30072,,,,,,,,,,,,,
"Reported motorcyclist casualties: Injuries by type of vehicle and age of casualty, Great Britain: 2011",,,,,,,,,,,,,
,Killed or seriously injured,,,,,Slight injury,,,,,,,
,Motorcycle 50cc and under,Motorcycle 51-500cc,Motorcycle over 500cc,All motorcycles1,,Motorcycle 50cc and under,Motorcycle 51-500cc,Motorcycle over 500cc,All motorcycles1,,,,
Under 16, 14 ,19,7,40,, 18 ,24,24,66,,,,
16-19, 293 ,548,87,928,," 1,577 ",1716,185,3478,,,,
20-29, 97 ,689,499,1285,, 455 ,2328,1087,3870,,,,
30-39, 45 ,328,614,987,, 224 ,1201,1127,2552,,,,
40-49, 37 ,320,914,1271,, 146 ,934,1394,2474,,,,
50-59, 13 ,189,517,719,, 78 ,410,800,1288,,,,
60-69, 11 ,66,193,270,, 35 ,134,275,444,,,,
70 and over, 9 ,27,31,67,, 16 ,49,49,114,,,,
Total (inc. age unknown), 526 ,2204,2879,5609,," 2,599 ",6934,5008,14541,,,,
1  Includes electric motorcycles and cases engine size was not reported.,,,,,,,,,,,,,
,,,,,,,,,,,,,
Telephone: 020 7944 6595,,,,,,,,,"Source: Road Accident Statistics, DfT",,,,
Email�: roadacc.stats@dft.gov.uk,,,,,,,,,Last updated: 27 September 2012,,,,
Notes & Definitions,,,,,,,,,Next update: September 2013,,,,
,,,,,,,,,,,,,
The figures in this table are National Statistics,,,,,,,,,,,,,
,,,,,,,,,,,,,
,,,,,,,,,,,,,
,,,,,,,,,,,,,
,,,,,,,,,,,,,
,,,,,,,,,,,,,
,,,,,,,,,,,,,
,,,,,,,,,,,,,
,,,,,,,,,,,,,
,,,,,,,,,,,,,
,,,,,,,,,,,,,
,,,,,,,,,
,,,,,,,,,
,,,,,,,,,
,,,,,,,,,
,,,,,,,,,
,,,,,,,,,
