Department for Transport statistics,,,,,,,,,
http://www.dft.gov.uk/statistics/releases/road-accidents-and-safety-annual-report-2011,,,,,,,,,
RAS30046,,,,,,,,,
"Reported fatal casualties by region, local authority, urban/rural and road class, England, 2011",,,,,,,,,
,,,,,,,,,Number of casualties
,,              Urban1              ,,,              Rural1               ,,,,
,,A,Minor,All,A,Minor,All,,All
ONS Code,Region/Local Authority,Road,Road,Urban,Road,Road,Rural,Motorway,Roads
E12000001,North East,10,12,22,23,13,36,0,58
E06000047,County Durham,2,3,5,9,4,13,0,18
E06000005,Darlington,0,0,0,0,0,0,0,0
E08000020,Gateshead,2,1,3,0,1,1,0,4
E06000001,Hartlepool,0,0,0,2,0,2,0,2
E06000002,Middlesbrough,0,0,0,0,0,0,0,0
E08000021,Newcastle upon Tyne,2,1,3,0,0,0,0,3
E08000022,North Tyneside,0,1,1,1,1,2,0,3
E06000048,Northumberland,0,0,0,8,6,14,0,14
E06000003,Redcar and Cleveland,0,2,2,1,0,1,0,3
E08000023,South Tyneside,1,0,1,0,0,0,0,1
E06000004,Stockton-on-Tees,2,3,5,1,1,2,0,7
E08000024,Sunderland,1,1,2,1,0,1,0,3
E12000002,North West,52,46,98,66,29,95,17,210
E06000008,Blackburn with Darwen,2,0,2,4,0,4,0,6
E06000009,Blackpool,1,0,1,0,0,0,0,1
E08000001,Bolton,10,1,11,1,1,2,0,13
E08000002,Bury,1,2,3,2,0,2,0,5
E06000049,Cheshire East,2,1,3,8,0,8,1,12
E06000050,Cheshire West and Chester,0,1,1,6,6,12,1,14
E10000006,Cumbria,0,2,2,23,5,28,0,30
E06000006,Halton,2,1,3,2,0,2,0,5
E08000011,Knowsley,0,0,0,0,0,0,1,1
E10000017,Lancashire,3,9,12,11,8,19,7,38
E08000012,Liverpool,3,6,9,0,0,0,0,9
E08000003,Manchester,10,5,15,0,0,0,1,16
E08000004,Oldham,0,3,3,3,0,3,3,9
E08000005,Rochdale,0,1,1,0,1,1,1,3
E08000006,Salford,0,1,1,2,1,3,1,5
E08000014,Sefton,2,1,3,1,1,2,0,5
E08000013,St. Helens,1,1,2,0,0,0,0,2
E08000007,Stockport,1,3,4,0,0,0,0,4
E08000008,Tameside,4,1,5,0,0,0,0,5
E08000009,Trafford,3,5,8,0,0,0,0,8
E06000007,Warrington,1,1,2,0,4,4,0,6
E08000010,Wigan,4,1,5,1,2,3,0,8
E08000015,Wirral,2,0,2,2,0,2,1,5
E12000003,Yorkshire and The Humber,30,30,60,70,34,104,9,173
E08000016,Barnsley,0,2,2,4,2,6,0,8
E08000032,Bradford,8,2,10,2,0,2,0,12
E08000033,Calderdale,0,4,4,1,2,3,0,7
E08000017,Doncaster,2,0,2,6,1,7,0,9
E06000011,East Riding of Yorkshire,1,0,1,11,5,16,0,17
E06000010,"Kingston upon Hull, City of",3,1,4,0,0,0,0,4
E08000034,Kirklees,2,1,3,0,2,2,0,5
E08000035,Leeds,7,8,15,9,1,10,1,26
E06000012,North East Lincolnshire,0,1,1,1,0,1,0,2
E06000013,North Lincolnshire,1,1,2,1,3,4,0,6
E10000023,North Yorkshire,1,2,3,25,12,37,2,42
E08000018,Rotherham,0,0,0,1,2,3,1,4
E08000019,Sheffield,4,3,7,1,1,2,0,9
E08000036,Wakefield,0,3,3,5,2,7,5,15
E06000014,York,1,2,3,3,1,4,0,7
E12000004,East Midlands,13,14,27,100,51,151,9,187
E06000015,Derby,1,3,4,0,0,0,0,4
E10000007,Derbyshire,2,3,5,18,10,28,2,35
E06000016,Leicester,3,0,3,1,0,1,0,4
E10000018,Leicestershire,0,1,1,21,15,36,2,39
E10000019,Lincolnshire,2,2,4,28,15,43,0,47
E10000021,Northamptonshire,1,0,1,12,2,14,4,19
E06000018,Nottingham,1,0,1,0,0,0,0,1
E10000024,Nottinghamshire,3,5,8,18,9,27,1,36
E06000017,Rutland,0,0,0,2,0,2,0,2
E12000005,West Midlands,41,39,80,64,32,96,14,190
E08000025,Birmingham,12,12,24,2,0,2,1,27
E08000026,Coventry,3,3,6,0,2,2,1,9
E08000027,Dudley,3,1,4,0,0,0,1,5
E06000019,"Herefordshire, County of ",3,0,3,7,4,11,0,14
E08000028,Sandwell,5,7,12,0,0,0,0,12
E06000051,Shropshire,0,1,1,11,1,12,1,14
E08000029,Solihull,0,1,1,0,2,2,0,3
E10000028,Staffordshire,4,1,5,19,8,27,6,38
E06000021,Stoke-on-Trent,4,6,10,1,0,1,0,11
E06000020,Telford and Wrekin,1,1,2,1,1,2,0,4
E08000030,Walsall,2,0,2,0,0,0,0,2
E10000031,Warwickshire,1,4,5,16,11,27,1,33
E08000031,Wolverhampton,1,2,3,0,0,0,0,3
E10000034,Worcestershire,2,0,2,7,3,10,3,15
E12000006,East of England,16,22,38,89,64,153,8,199
E06000055,Bedford,1,1,2,2,2,4,0,6
E10000003,Cambridgeshire,2,2,4,15,7,22,0,26
E06000056,Central Bedfordshire,0,0,0,2,3,5,2,7
E10000012,Essex,4,4,8,9,16,25,2,35
E10000015,Hertfordshire,2,9,11,15,6,21,4,36
E06000032,Luton,1,2,3,0,0,0,0,3
E10000020,Norfolk,1,4,5,24,14,38,0,43
E06000031,Peterborough,0,0,0,6,1,7,0,7
E06000033,Southend-on-Sea,1,0,1,0,1,1,0,2
E10000029,Suffolk,4,0,4,14,12,26,0,30
E06000034,Thurrock,0,0,0,2,2,4,0,4
E12000007,London,104,37,141,10,3,13,5,159
E09000002,Barking and Dagenham,2,2,4,0,0,0,0,4
E09000003,Barnet,4,3,7,1,0,1,0,8
E09000004,Bexley,1,1,2,2,1,3,0,5
E09000005,Brent,1,2,3,0,0,0,0,3
E09000006,Bromley,4,0,4,1,2,3,0,7
E09000007,Camden,5,1,6,0,0,0,0,6
E09000001,City of London,0,0,0,0,0,0,0,0
E09000008,Croydon,4,6,10,0,0,0,0,10
E09000009,Ealing,3,2,5,0,0,0,0,5
E09000010,Enfield,6,2,8,3,0,3,1,12
E09000011,Greenwich,2,0,2,0,0,0,0,2
E09000012,Hackney,3,0,3,0,0,0,0,3
E09000013,Hammersmith and Fulham,2,1,3,0,0,0,0,3
E09000014,Haringey,3,1,4,0,0,0,0,4
E09000015,Harrow,3,0,3,0,0,0,0,3
E09000016,Havering,0,5,5,2,0,2,1,8
E09000017,Hillingdon,5,1,6,0,0,0,1,7
E09000018,Hounslow,4,1,5,0,0,0,2,7
E09000019,Islington,3,1,4,0,0,0,0,4
E09000020,Kensington and Chelsea,4,1,5,0,0,0,0,5
E09000021,Kingston upon Thames,0,1,1,1,0,1,0,2
E09000022,Lambeth,9,1,10,0,0,0,0,10
E09000023,Lewisham,2,0,2,0,0,0,0,2
E09000024,Merton,0,1,1,0,0,0,0,1
E09000025,Newham,3,0,3,0,0,0,0,3
E09000026,Redbridge,1,1,2,0,0,0,0,2
E09000027,Richmond upon Thames,2,0,2,0,0,0,0,2
E09000028,Southwark,5,0,5,0,0,0,0,5
E09000029,Sutton,4,0,4,0,0,0,0,4
E09000030,Tower Hamlets,7,1,8,0,0,0,0,8
E09000031,Waltham Forest,2,2,4,0,0,0,0,4
E09000032,Wandsworth,4,0,4,0,0,0,0,4
E09000033,Westminster,6,0,6,0,0,0,0,6
,London Airport (Heathrow),0,0,0,0,0,0,0,0
E12000008,South East,27,32,59,112,70,182,17,258
E06000036,Bracknell Forest,0,0,0,1,1,2,0,2
E06000043,Brighton and Hove,3,0,3,3,0,3,0,6
E10000002,Buckinghamshire,3,1,4,10,3,13,1,18
E10000011,East Sussex,1,5,6,13,6,19,0,25
E10000014,Hampshire,4,4,8,19,12,31,3,42
E06000046,Isle of Wight,0,0,0,0,1,1,0,1
E10000016,Kent,3,3,6,21,13,34,3,43
E06000035,Medway,2,2,4,1,0,1,0,5
E06000042,Milton Keynes,3,4,7,2,3,5,0,12
E10000025,Oxfordshire,1,0,1,9,13,22,3,26
E06000044,Portsmouth,0,0,0,0,0,0,0,0
E06000038,Reading,1,1,2,0,0,0,0,2
E06000039,Slough,0,0,0,0,0,0,0,0
E06000045,Southampton ,0,1,1,0,1,1,0,2
E10000030,Surrey,3,8,11,8,5,13,4,28
E06000037,West Berkshire,0,1,1,2,2,4,1,6
E10000032,West Sussex,3,1,4,20,8,28,1,33
E06000040,Windsor and Maidenhead,0,1,1,1,1,2,1,4
E06000041,Wokingham,0,0,0,2,1,3,0,3
E12000009,South West,20,17,37,71,40,111,12,160
E06000022,Bath and North East Somerset,1,1,2,1,1,2,0,4
E06000028,Bournemouth,1,1,2,0,0,0,0,2
E06000023,"Bristol, City of",6,5,11,0,0,0,0,11
E06000052,Cornwall,1,0,1,14,4,18,0,19
E10000008,Devon,1,1,2,12,4,16,0,18
E10000009,Dorset,0,2,2,8,5,13,0,15
E10000013,Gloucestershire,0,1,1,11,6,17,2,20
E06000053,Isles of Scilly,0,0,0,0,0,0,0,0
E06000024,North Somerset,0,2,2,0,1,1,0,3
E06000026,Plymouth,3,2,5,0,0,0,0,5
E06000029,Poole,2,0,2,0,0,0,0,2
E10000027,Somerset,2,1,3,11,6,17,7,27
E06000025,South Gloucestershire,0,0,0,0,0,0,1,1
E06000030,Swindon,0,0,0,0,0,0,1,1
E06000027,Torbay,0,0,0,0,1,1,0,1
E06000054,Wiltshire,3,1,4,14,12,26,1,31
E92000001,England,313,249,562,605,336,941,91,"1,594"
,,,,,,,,,
1  Excludes motorways,,,,,,,,,
,,,,,,,,,
Telephone: 020 7944 6595,,,,,,,,,Source: DfT STATS19
,,,,,,,,,
Email: roadacc.stats@dft.gsi.gov.uk,,,,,,,,,Last updated: 27 September 2012
Notes & Definitions,,,,,,,,,Next update: September 2013
,,,,,,,,,
The figures in this table are National Statistics,,,,,,,,,
,,,,,,,,,
,,,,,,,,,
,,,,,,,,,
,,,,,,,,,
,,,,,,,,,
,,,,,,,,,
,,,,,,,,,
,,,,,,,,,
,,,,,,,,,
,,,,,,,,,
,,,,,,,,,
,,,,,,,,,
,,,,,,,,
,,,,,,,,
,,,,,,,,
,,,,,,,,
,,,,,,,,
,,,,,,,,
,,,,,,,,
,,,,,,,,
,,,,,,,,
,,,,,,,,
,,,,,,,,
,,,,,,,,
,,,,,,,,
,,,,,,,,
,,,,,,,,
,,,,,,,,
,,,,,,,,
,,,,,,,,
,,,,,,,,
,,,,,,,,
,,,,,,,,
,,,,,,,,
,,,,,,,,
,,,,,,,,
,,,,,,,,
,,,,,,,,
,,,,,,,,
,,,,,,,,
,,,,,,,,
,,,,,,,,
,,,,,,,,
,,,,,,,,
,,,,,,,,
,,,,,,,,
,,,,,,,,
,,,,,,,,
,,,,,,,,
,,,,,,,,
,,,,,,,,
,,,,,,,,
,,,,,,,,
,,,,,,,,
,,,,,,,,
,,,,,,,,
,,,,,,,,
,,,,,,,,
,,,,,,,,
,,,,,,,,
,,,,,,,,
,,,,,,,,
,,,,,,,,
,,,,,,,,
,,,,,,,,
,,,,,,,,
,,,,,,,,
,,,,,,,,
,,,,,,,,
,,,,,,,,
,,,,,,,,
,,,,,,,,
,,,,,,,,
,,,,,,,,
,,,,,,,,
,,,,,,,,
,,,,,,,,
,,,,,,,,
,,,,,,,,
,,,,,,,,
,,,,,,,,
,,,,,,,,
,,,,,,,,
,,,,,,,,
,,,,,,,,
,,,,,,,,
,,,,,,,,
,,,,,,,,
,,,,,,,,
,,,,,,,,
,,,,,,,,
,,,,,,,,
,,,,,,,,
,,,,,,,,
,,,,,,,,
,,,,,,,,
,,,,,,,,
,,,,,,,,
,,,,,,,,
,,,,,,,,
,,,,,,,,
,,,,,,,,
,,,,,,,,
,,,,,,,,
