Department for Transport statistics,,,,,,,,,
http://www.dft.gov.uk/statistics/releases/road-accidents-and-safety-annual-report-2011,,,,,,,,,
RAS40005,,,,,,,,,
"Reported accidents, vehicles and casualties by vehicle type and left hand drive, Great Britain, 2011",,,,,,,,,
,,,,,,,,,                Number of vehicles/accidents/casualties
,,,,,"Accidents, by severity                ",,,,"Casualties involved1, by severity    ."
,,,,,________________________________,,,,________________________________
,,,,,All,,,,All
,Vehicles,Fatal,Serious,Slight,severities,Killed,Serious,Slight,severities
_______________________________________,________,_____,_______,_____,________,_____,_______,_____,________
Pedal cycles,"19,883",112,"3,215","16,318","19,645",113,"3,255","16,990","20,358"
Motorcycles,"21,059",385,"5,333","14,855","20,573",391,"5,552","17,075","23,018"
Cars and taxis,"203,978","1,413","16,820","114,854","133,087","1,512","18,798","162,388","182,698"
of which LHD,414,11,46,353,410,11,62,562,635
Minibuses,742,18,96,624,738,20,120,"1,211","1,351"
of which LHD,5,0,1,4,5,0,1,5,6
Buses or coaches,"7,223",70,798,"6,270","7,138",75,857,"8,981","9,913",,
of which LHD,20,1,3,16,20,1,4,49,54,,
Vans / Light goods vehicles,"12,886",178,"1,478","10,582","12,238",191,"1,681","15,487","17,359",,
of which LHD,47,1,4,42,47,1,4,73,78,,
Heavy goods vehicles,"7,126",235,936,"5,538","6,709",257,"1,077","8,016","9,350",,
of which LHD,543,16,38,484,538,18,47,720,785,,
Other vehicles,"3,236",79,498,"2,543","3,120",81,549,"3,541","4,171",,
of which LHD,13,2,1,10,13,2,2,14,18,,
All vehicles2,"276,155","1,797","20,986","128,691","151,474","1,901","23,122","178,927","203,950",,
of which LHD3,"1,042",29,90,899,"1,018",31,117,"1,404","1,552",,
,,,,,,,,,,,
Note: LHD = Left Hand Drive,,,,,,,,,,,
1  Includes all casualties in accidents involving the relevant vehicle type.,,,,,,,,,,,
2  Includes cases where vehicle type was unknown.,,,,,,,,,,,
"3  Includes cases where there is conflicting data (eg. Motorcycles coded as ""left hand drive"").",,,,,,,,,,,
,,,,,,,,,,,
Telephone: 020 7944 6595,,,,,,,,,Source: DfT STATS19
Email: roadacc.stats@dft.gsi.gov.uk,,,,,,,,,Last updated: 27 September 2012
Notes & Definitions,,,,,,,,,Next update: September 2013
,,,,,,,,,
The figures in this table are National Statistics,,,,,,,,,
