Department for Transport statistics,,,,,,,
http://www.dft.gov.uk/statistics/releases/road-accidents-and-safety-annual-report-2011,,,,,,,
RAS40006,,,,,,,
Annex: Long term trends and summary statistics,,,,,,,

Summary statistics: GB 2011,,,,,,,
,,,,,,2011 Percentage,
,,Number,,,,change over:,
,,2005-09,,,,,2005-09
,,average,2010,2011,,2010,average
Casualties,,,,,,,
,Killed,"2,816","1,850","1,901",,3,-32
,Killed or seriously injured (KSI),"30,041","24,510","25,023",,2,-17
,All casualties,"246,050","208,648","203,950",,-2,-17
Vehicle traffic (billion vehicle miles),,313.1,306.2,306.8,,0,-2
Population (million),,59.2,60.5,60.9,,1,3
Accidents,,,,,,,
,Fatal,"2,590","1,731","1,797",,4,-31
,Fatal or serious,"26,473","22,171","22,783",,3,-14
,All accidents,"180,831","154,414","151,474",,-2,-16
,Casualties per accident,,,,,,
,Fatal,1.94,1.88,1.84,,-2,-5
,Fatal or serious,1.54,1.47,1.44,,-2,-6
,All accidents,1.36,1.35,1.35,,0,-1
,Accident type,,,,,,
,Fatal accidents,,,,,,
,   Single vehicle (no pedestrian),659,392,437,,11,-34
,   Single vehicle (with pedestrian) ,515,342,385,,13,-25
,   Two vehicle,"1,023",737,690,,-6,-33
,   Three or more vehicles ,394,260,285,,10,-28
,All accidents,,,,,,
,   Single vehicle (no pedestrian),"27,691","23,824","22,501",,-6,-19
,   Single vehicle (with pedestrian) ,"27,208","23,495","23,811",,1,-12,,
,   Two vehicle,"106,794","91,870","90,305",,-2,-15,,
,   Three or more vehicles ,"19,138","15,225","14,857",,-2,-22,,
Casualties by road type,,,,,,,,,
,Fatalities on                     Motorways,173,118,106,,-10,-39,,
,                                        Built-up roads,"1,147",739,816,,10,-29,,
,                                        Non built-up roads,"1,496",993,979,,-1,-35,,
,KSI on                              Motorways,"1,140",916,846,,-8,-26,,
,                                        Built-up roads,"18,373","15,454","16,245",,5,-12,,
,                                        Non built-up roads,"10,528","8,140","7,932",,-3,-25,,
,All casualties on              Motorways,"12,423","10,369","9,742",,-6,-22,,
,                                        Built-up roads,"168,749","147,323","145,530",,-1,-14,,
,                                        Non built-up roads,"64,879","50,956","48,678",,-4,-25,,
Car occupants,,,,,,,,,
,   Fatalities,"1,407",835,883,,6,-37,,
,   Seriously injured,"11,577","8,914","8,342",,-6,-28,,
,   Slightly injured,"147,683","123,456","115,699",,-6,-22,,,,,
,Total,"160,667","133,205","124,924",,-6,-22,,,,,
,Car traffic (billion vehicle miles),244.7,240,241,,0,-2,,,,,
,Fatalities in accidents involving car drivers aged 17-24,765,437,412,,-6,-46,,,,,
,   of which:     Driver aged 17-24,286,158,148,,-6,-48,,,,,
,                      Passenger of driver aged 17-24,200,93,93,,0,-54,,,,,
,                      Other road user,278,186,171,,-8,-39,,,,,
Pedestrians,,,,,,,,,,,,
,   Fatalities,613,405,453,,12,-26,,,,,
,     of which:    Children (0-15),57,26,33,,27,-42,,,,,
,                       Adults (16-59),301,224,236,,5,-21,,,,,
,                       Elderly (60+),253,155,184,,19,-27,,,,,
,   Seriously injured,"6,145","5,200","5,454",,5,-11,,,,,
,   Slightly injured,"23,206","20,240","20,291",,0,-13,,,,,
,Total,"29,965","25,845","26,198",,1,-13,,,,,
,,,,,,,,,,,,
,,,,,,,,,
RAS40006,,,,,,,,,
Summary statistics: GB 2011 (continued),,,,,,,,,
,,,,,,2011 Percentage,,,
,,Number,,,,change over:,,,
,,2005-09,,,,,2005-09,,
,,average,2010,2011,,2010,average,,
,,,,,,,,,
Motorcyclists,,,,,,,,,
,   Fatalities,544,403,362,,-10,-33,,
,   Seriously injured,"5,776","4,780","5,247",,10,-9,,
,   Slightly injured,"16,452","13,503","14,541",,8,-12,,
,Total,"22,772","18,686","20,150",,8,-12,,
,Motorcycle traffic (billion vehicle miles),3.2,2.9,2.9,,1,-11,,
,    Fatalities on                Motorways,17,13,8,,-38,-52,,
,                                        Built-up roads,208,141,153,,9,-26,,
,                                        Non built-up roads,320,249,201,,-19,-37
,    KSI on                         Motorways,143,128,124,,-3,-13
,                                        Built-up roads,"3,865","3,050","3,444",,13,-11
,                                        Non built-up roads,"2,312","2,005","2,041",,2,-12
,    Motorcycles with engine size up to 125 cc,,,,,,
,                                        Fatalities,82,60,60,,0,-27
,                                        Seriously injured,"2,059","1,663","1,984",,19,-4
,                                        Slightly injured,"8,259","6,998","7,881",,13,-5
,    Motorcycles with engine size over 125 cc,,,,,,
,                                        Fatalities,462,343,302,,-12,-35
,                                        Seriously injured,"3,716","3,117","3,263",,5,-12
,                                        Slightly injured,"8,194","6,505","6,660",,2,-19
Pedal cyclists,,,,,,,
,   Fatalities,130,111,107,,-4,-18
,   Seriously injured,"2,398","2,660","3,085",,16,29
,   Slightly injured,"13,934","14,414","16,023",,11,15
,Total,"16,463","17,185","19,215",,12,17,,
,   Child (0-15) KSI,485,398,398,,0,-18,,
,   Adult (16+) KSI,"2,001","2,333","2,750",,18,37,,
,Pedal cycle traffic (billion vehicle miles),2.8,3.0,3.1,,2,11,,
Vans/Light Goods Vehicles (LGV),,,,,,,,,
,   Fatalities,49,34,34,,0,-30,,
,   Seriously injured,453,325,306,,-6,-32,,
,   Slightly injured,"4,890","4,135","4,159",,1,-15,,
,LGV traffic (billion vehicle miles),40.5,41.0,41.4,,1,2,,
,Casualties in accidents involving at least one LGV,,,,,,,,
,    Fatalities,246,169,191,,13,-22,,
,    KSI,"2,154","1,835","1,872",,2,-13,,
,    All casualties,"19,409","16,941","17,359",,2,-11,,
Heavy Goods Vehicles (HGV),,,,,,,,,
,   Fatalities,37,28,28,,0,-23,,
,   Seriously injured,277,184,167,,-9,-40,,
,   Slightly injured,"1,946","1,366","1,220",,-11,-37,,
,Casualties in accidents involving at least one HGV,,,,,,,,
,    Fatalities,395,263,257,,-2,-35,,
,    KSI,"1,910","1,379","1,334",,-3,-30,,
,    All casualties,"13,092","9,686","9,350",,-3,-29,,
,HGV traffic (billion vehicle miles),17.7,16.4,15.9,,-3,-10,,
Children (aged 0-15),,,,,,,,,
,Fatalities,127,55,60,,9,-53,,
,    Male,80,38,40,,5,-50,,
,    Female,47,17,20,,18,-58,,
,KSI,"3,067","2,502","2,412",,-4,-21,,
,All casualties,"24,021","19,569","19,474",,0,-19,,
,,,,,,,,,
,,,,,,,,,
Telephone: 020 7944 6595,,,,,,,Source: DfT STATS19,,
Email: roadacc.stats@dft.gsi.gov.uk,,,,,,,Last updated: 27 September 2012,,
Notes & Definitions,,,,,,,Next update: September 2013,,
,,,,,,,,,
The figures in this table are National Statistics,,,,,,,,,
,,,,,,,,,
,,,,,,,,,
,,,,,,,,,
