Department for Transport statistics,,,,,,,,,,,,,,
http://www.dft.gov.uk/statistics/releases/road-accidents-and-safety-annual-report-2011,,,,,,,,,,,,,,
RAS40004,,,,,,,,,,,,,,
"Reported accidents, vehicle user and pedestrian casualties by area type and combination of vehicles",,,,,,,,,,,,,,
" involved, Great Britain, 2011",,,,,,,,,,,,,,
,,,,,,,,,,,,,,            Accidents/Casualties
,  Single vehicle,,,Two vehicle accidents by vehicle type B ,,,,,,,,,All,All
,,,,,,,,,,,,,accidents,accidents
Rural areas,       No,       With,,,M'cycle,M'cycle,,Bus,Van /,Heavy,Any,All two,with three,with
,pedes-,pedes-,,Pedal,50cc,over,,or,Light,goods,other,vehicle,or more,vehs of
Vehicle A,       trian,       trian,,cycle,& under,50cc1,Car,coach,goods,vehicle,vehicle,accidents2,vehicles,type `A'
____________________,________,_____,,_____,_______,______,_____,______,______,______,______,________,________,________
,,,,,,,,,,,,,,
Pedal cycle,,,,,,,,,,,,,,
Accidents involving,202,22,,25,11,48,"2,487",39,212,93,45,"2,961",164,"3,349"
User casualties,202,14,,34,9,46,"2,453",37,209,92,44,"2,925",180,"3,321"
of which: killed,10,0,,1,0,2,22,0,4,5,0,34,11,55
seriously injured,103,4,,14,4,10,463,7,43,27,12,581,57,745
Pedestrians hit by cycles,0,23,,0,0,0,3,0,0,0,0,3,0,26
of which: killed,0,0,,0,0,0,0,0,0,0,0,0,0,0
seriously injured,0,10,,0,0,0,0,0,0,0,0,0,0,10
Motorcycle 50cc and under,,,,,,,,,,,,,,
Accidents involving,228,16,,11,14,14,402,3,33,12,11,501,49,794
User casualties,233,5,,4,19,9,398,3,34,12,9,489,45,772
of which: killed,3,0,,0,0,0,2,0,0,0,0,2,1,6
seriously injured,60,1,,0,5,0,91,0,5,4,2,107,10,178
Ped'ns hit by m/cs to 50cc ,0,16,,0,0,0,0,0,0,0,1,1,0,17
of which: killed,0,0,,0,0,0,0,0,0,0,0,0,0,0
seriously injured,0,5,,0,0,0,0,0,0,0,0,0,0,5
Motorcycle over 50cc1,,,,,,,,,,,,,,
Accidents involving,"1,748",41,,48,14,104,"3,038",18,231,121,95,"3,669",558,"6,016"
User casualties,"1,834",16,,26,10,159,"3,086",16,238,126,100,"3,761",606,"6,217"
of which: killed,48,0,,0,0,5,106,0,12,10,7,140,57,245
seriously injured,812,2,,11,6,58,"1,030",5,93,51,37,"1,291",258,"2,363"
Ped'ns hit by m/cs +50cc ,0,41,,0,0,1,6,0,0,0,2,9,1,51
of which: killed,0,2,,0,0,0,0,0,0,0,0,0,1,3
seriously injured,0,13,,0,0,1,1,0,0,0,1,3,0,16
Car,,,,,,,,,,,,,,
Accidents involving,"10,876","2,312",,"2,487",402,"3,038","16,135",340,"2,060","2,116",641,"27,221","6,840","47,249"
User casualties,"14,560",74,,80,37,426,"26,472",283,"2,183","2,536",616,"32,635","11,863","59,132"
of which: killed,279,0,,0,0,4,179,7,28,71,12,301,145,725
seriously injured,"2,002",1,,10,2,35,"2,109",22,177,204,54,"2,613",963,"5,579"
Pedestrians hit by cars,0,"2,385",,1,1,1,153,38,12,19,13,238,64,"2,687"
of which: killed,0,84,,0,0,0,12,0,2,2,0,16,11,111
seriously injured,0,570,,0,0,1,43,19,3,5,2,73,23,666
Bus or coach,,,,,,,,,,,,,,
Accidents involving,229,84,,39,3,18,340,7,26,29,27,489,127,929
User casualties,331,4,,6,0,3,240,66,50,99,24,488,222,"1,045"
of which: killed,0,0,,0,0,0,0,0,0,1,0,1,0,1
seriously injured,19,1,,0,0,0,3,0,0,6,1,10,8,38
Pedestrians hit by buses,0,86,,1,0,0,3,0,1,0,0,5,1,92
of which: killed,0,6,,0,0,0,1,0,0,0,0,1,1,8
seriously injured,0,14,,1,0,0,1,0,0,0,0,2,0,16
Van / Light goods vehicle,,,,,,,,,,,,,,
Accidents involving,364,189,,212,33,231,"2,060",26,131,202,53,"2,949","1,341","4,843"
User casualties,441,1,,6,0,6,"1,013",16,178,214,35,"1,469",665,"2,576"
of which: killed,15,0,,0,0,0,3,0,1,4,0,8,9,32
seriously injured,62,0,,0,0,0,62,0,12,33,3,110,53,225
Pedestrians hit by vans,0,197,,0,0,0,11,1,1,5,1,19,5,221
of which: killed,0,10,,0,0,0,1,0,0,1,0,2,0,12
seriously injured,0,46,,0,0,0,7,0,0,2,0,9,0,55
Heavy goods vehicle,,,,,,,,,,,,,,
Accidents involving,288,101,,93,12,121,"2,116",29,202,131,56,"2,760","1,023","4,172"
User casualties,310,4,,1,0,10,256,9,54,156,25,511,222,"1,047"
of which: killed,9,0,,0,0,0,1,1,0,4,2,8,9,26
seriously injured,63,1,,0,0,1,16,0,3,24,6,50,23,137
Pedestrians hit by HGVs,0,104,,0,0,0,9,1,1,1,3,15,5,124
of which: killed,0,10,,0,0,0,1,0,1,0,0,2,2,14
seriously injured,0,34,,0,0,0,4,1,0,0,0,5,1,40
Any other vehicle A,,,,,,,,,,,,,,
Accidents involving,118,54,,45,11,95,641,27,53,56,44,972,284,"1,428"
User casualties,135,0,,1,3,5,273,12,34,47,52,427,93,655
of which: killed,7,0,,0,0,0,3,0,0,2,2,7,2,16
seriously injured,29,0,,0,0,0,42,2,5,6,10,65,11,105
Ped'ns hit by these vehs,0,56,,0,0,0,2,0,0,0,2,4,1,61
of which: killed,0,2,,0,0,0,0,0,0,0,0,0,0,2
seriously injured,0,13,,0,0,0,0,0,0,0,2,2,0,15
,,,,,,,,,,,,,,
All vehicles2,,,,,,,,,,,,,,
Accidents involving,"14,053","2,820",,"2,961",501,"3,669","27,221",489,"2,949","2,760",972,"29,059","6,966","52,898"
All vehicle user casualties,"18,046",118,,"3,049",548,"4,266","40,354",864,"4,271","3,637","1,280","42,705","13,896","74,765"
of which: killed,371,0,,34,2,146,438,9,52,101,28,501,234,"1,106"
seriously injured,"3,150",10,,602,119,"1,337","4,320",46,436,381,180,"4,827","1,383","9,370"
Pedestrian casualties,0,"2,909",,5,2,10,272,45,33,39,24,294,77,"3,280"
of which: killed,0,114,,0,0,0,19,1,5,5,0,21,15,150
seriously injured,0,705,,1,0,4,86,22,12,12,5,94,24,823
,,,,,,,,,,,,,,
1  Includes electric motorcycles and cases where engine size was not reported.,,,,,,,,,2  Includes cases where vehicle type was not reported.,,,,,
,,,,,,,,,,,,,,
Telephone: 020 7944 6595,,,,,,,,,,,,,,Source: DfT STATS19
Email: roadacc.stats@dft.gsi.gov.uk,,,,,,,,,,,,,,Last updated: 27 September 2012
Notes & Definitions,,,,,,,,,,,,,,Next update: September 2013
,,,,,,,,,,,,,,
The figures in this table are National Statistics,,,,,,,,,,,,,,






















