Department for Transport statistics,,,,,,,,
http://www.dft.gov.uk/statistics/releases/road-accidents-and-safety-annual-report-2011,,,,,,,,
RAS40002,,,,,,,,
"Reported accidents, vehicles and casualties by severity, road class, built-up and non built-up roads,",,,,,,,,
" Great Britain, 2011",,,,,,,,
,,,,,,Number of accidents/vehicles/casualties,,
,,,,"                 Casualties involved, by severity",,,,
,,,,,,____________________________________________________,,
,Accidents,Vehicles,Killed,Seriously,Slightly,All,,
,,involved,,injured,injured,severities,,
_________________,________,_______,_____,_______,______,_______,,
Motorways,,,,,,,,
  Fatal,92,228,106,49,133,288,,
  Serious,610,"1,238",..,691,548,"1,239",,
  Slight,"5,117","11,440",..,..,"8,215","8,215",,
  All severities,"5,819","12,906",106,740,"8,896","9,742",,
Built-up A roads,,,,,,
  Fatal,397,644,420,90,126,636
  Serious,"6,163","10,165",..,"6,469","1,618","8,087"
  Slight,"42,832","81,017",..,..,"55,918","55,918"
  All severities,"49,392","91,826",420,"6,559","57,662","64,641"
Built-up other roads1,,,,,,
  Fatal,385,604,396,68,115,579
  Serious,"8,439","13,479",..,"8,802","1,842","10,644"
  Slight,"55,170","97,980",..,..,"69,666","69,666"
  All severities,"63,994","112,063",396,"8,870","71,623","80,889"
All built-up roads2,,,,,,
  Fatal,782,"1,248",816,158,241,"1,215"
  Serious,"14,602","23,644",..,"15,271","3,460","18,731"
  Slight,"98,002","178,997",..,..,"125,584","125,584"
  All severities,"113,386","203,889",816,"15,429","129,285","145,530"
Non built-up A roads,,,,,,
  Fatal,644,"1,283",689,239,385,"1,313"
  Serious,"3,550","6,605",..,"4,120","1,965","6,085"
  Slight,"16,303","32,084",..,..,"24,184","24,184"
  All severities,"20,497","39,972",689,"4,359","26,534","31,582"
Non built-up other roads1,,,,,,
  Fatal,279,462,290,94,114,498
  Serious,"2,224","3,626",..,"2,500","1,002","3,502"
  Slight,"9,269","15,300",..,..,"13,096","13,096"
  All severities,"11,772","19,388",290,"2,594","14,212","17,096"
All non built-up roads2,,,,,,
  Fatal,923,"1,745",979,333,499,"1,811"
  Serious,"5,774","10,231",..,"6,620","2,967","9,587"
  Slight,"25,572","47,384",..,..,"37,280","37,280"
  All severities,"32,269","59,360",979,"6,953","40,746","48,678"
All speed limits3,,,,,,
  Fatal,"1,797","3,221","1,901",540,873,"3,314"
  Serious,"20,986","35,113",..,"22,582","6,975","29,557"
  Slight,"128,691","237,821",..,..,"171,079","171,079"
  All severities,"151,474","276,155","1,901","23,122","178,927","203,950"
,,,,,,
"1  B roads, C roads and unclassified roads: excludes cases where road class was not reported.",,,,,,
2  Excludes motorways.,,,,,,
3  Includes cases where speed limit was not reported.,,,,,,
,,,,,,
Telephone: 020 7944 6595,,,,,,Source: DfT STATS19
Email: roadacc.stats@dft.gsi.gov.uk,,,,,,Last updated: 27 September 2012
Notes & Definitions,,,,,,Next update: September 2013
,,,,,,
The figures in this table are National Statistics,,,,,,
