Key Outcome Indicators - Definitions,,,,,,,

,,,,,,,
,,,,,,,
,Identifier,,Description,,Data Source,Geography Coverage,Temporal Coverage
,,,,,,,
,,,,,,,
,1. Casualties,,,,,,
,,,,,,,
,1.1,,"Number of fatalities from a road accident, reported to Police Authorities",,STATS19 (DfT),Great Britain,Calender Years: upto 2011
,1.2,,"Number of casualties sustaining serious injuries in a road accident, reported to Police Authorities",,STATS19 (DfT),Great Britain,Calender Years: upto 2011
,1.3,,Number of killed or serious injured (KSI) casualties in the most deprived decile group of areas as a fraction of the number of KSI casualties in the least deprived decile group of areas,,"STATS19 (DfT), Indices of Multiple Deprivation (DCLG)",England,Calender Years: upto 2011
,1.4,,"Rates of fatalities from a road accident, reported to Police Authorities, offset against vehicle traffic estimates and walking distance estimates for pedestrians ",,"STATS19 (DfT), Traffic Estimates Data (DfT), National Travel Survey (DfT)",Great Britain,Calender Years: upto 2011
,1.5,,"Rates of fatalities from a road accident, reported to Police Authorities, offset against population estimates for each of the road user group",,"STATS19 (DfT), Census Mid-Year Population Estimates Data (ONS), National Records of Scotland (NRS)",Great Britain,Calender Years: upto 2011
,1.6,,"Number of fatalities & KSI casualties from a road accident, reported to Police Authorities, on the English trunk road network",,STATS19 (DfT),Great Britain,Calender Years: upto 2011
,1.7,,"Road deaths reported to Police Authorities as a proportion of all accidental deaths (including other transport, industrial and domestic accidents)",,"STATS19 (DfT), Death Registrations Summary Statistics (ONS), National Records of Scotland",Great Britain,Calender Years: 1974 - 2011
,1.8,,"Valuation of both fatal and non-fatal road casualties, which is an accumaltion of human costs, reflecting pain, grief, suffering; the direct economic costs of lost of output, insurance, medical and health care costs. ",,"STATS19 (DfT), Integrated Transport Economic Appraisal (DfT), nominal GDP estimates per capita (ONS)",Great Britain,Calender Years: 1968 - 2011
,1.9,,Number of road casualties admitted to hospitals,,Hospital Episode Statistics (NHS Information Centre),England,Calender Years: 2000 - 2011
,,,,,,,
,2. Learning to Drive,,,,,,
,,,,,,,
,2.1,,"Number of fatalities and KSI casualties in collisions which involved a young car driver (aged 17 - 24), as reported by Police Authorities.  This also includes cases where the casualty was also the young car driver involved in the accident.",,STATS19 (DfT),Great Britain,Calender Years: upto 2011
,2.2,,"Number of single vehicle accidents involving a young car driver (aged 17-24), where the casualty was either a pedestrian or an occupant of the car.",,STATS19 (DfT),Great Britain,Calender Years: upto 2011
,2.3,,Number of new drivers that pass their practical driving test on the first attempt as a proportion of the total number of the new drivers passing their practical driving test (regardless of the number of attempts),,Driver License Database (DSA),Great Britain,Financial Years: 2011/12
,2.4,,Number and proportion of new car drivers taking enhanced training within one year of passing their practical driving test (once the new post test qualification was available). ,,Driver License Database (DSA),Great Britain,Financial Years: 2011/12
,,,,,,,
,3. Remedial education,,,,,,
,,,,,,,
,3.1,,"Number of drivers offenders having to take one of more of the following courses as a form of remedial penalty: Driver Alertness Course (DAC), Rider Intervention Developing Experience (RIDE) and National Speed Awareness Course (NSAC)",,National Police DeskOfficer Online Reporting System (DORS),"England, Wales and Northern Ireland",Calender Years: 2010 - 2011
,,,,,,,
,4. Enforcement,,,,,,
,,,,,,,
,4.1,,"Number and proportion of people killed in a road collision with a driver over the legal blood alcohol limit (80 milligrams / 100 millilitres of blood), which also includes any fatally injured drivers over the alcohol limit involved in the accident",,"STATS19 (DfT), Coroners Data provided by England and Wales, Procurators Fiscal in Scotland",Great Britain,Calender Years: 1968 - 2011
,4.2,,"Number and proportion of KSI casualties in collisions with a driver over the legal blood alcohol limit (80 milligrams / 100 millilitres of blood), which also includes any fatally or seriously injured drivers over the alcohol limit involved in the accident",,"STATS19 (DfT), Coroners Data provided by England and Wales, Procurators Fiscal in Scotland",Great Britain,Calender Years: 1968 - 2011
,4.3,,"Proportion of drivers tested failing or refusing to be administered a breath test, following a road accident",,STATS19 (Dft),Great Britain,Calender Years: 1979 - 2011
,4.4,,Prevalence of drug-drive incidents and collisions; (1) numbers of casualties resulting from an accident involving a driver under the influence of an illicit or therapeutic drug or (2) those admitting to have driven while being under the influence of a drug,,"(1) STATS19 (DfT), Coroners Data provided by England and Wales, Procurators Fiscal in Scotland and (2) Results from Crime Survey for England and Wales, provided by Home Office.",(1) Great Britain and (2) England and Wales for Crime Survey Results,(1) Calender Years: currently under development and (2) Financial Year for Crime Survey Results
,4.5,,Proportion of fatalities and KSI casualties from road collisions where 'exceeding the speed limit' and 'travelling too fast for conditions' was a contributory factor leading to the accident,,STATS19 (DfT),Great Britain,Calender Years: 2005 - 2011
,4.6,,"Proportion of vehicles that were exceeding the speed limit on the road, for each vehicle type",,Traffic Estimates Data (DfT),Great Britain,Calender Years: 2006 - 2011
,4.7,,"Proportion of car occupants killed, following a road accident, who were not wearing a seat belt",,STATS19 (DfT),Great Britain,Calender Years: currently under development
,4.8,,"Number of motoring offences (including dangerous, careless or drunken driving, accident, speed limit, license, insurance and vehicle theft offences).  This does not include any parking, waiting or road obstruction offences",,"Police Powers and Procedures (Home Office), Criminal Statistics (MoJ)",England and Wales,Calender Years: 1999 - 2011
,,,,,,,
,5. Vehicle Safety,,,,,,
,,,,,,,
,5.1,,"Proportions of drivers/riders/passengers injured from a road accident, by vehicle mileage and propensity of vehicle defectiveness",,"STATS19 (DfT), Motor Testing Database (VOSA)",Great Britain,Calender Years: currently under development
,,,,,,,
,6 Perceptions of road safety,,,,,,
,,,,,,,
,6.1,,Attitudes of cyclists on the perception of road safety,,British Social Attitudes Survey 2011: public attitudes towards transport,Great Britain,Calender Years
,6.2,,Attitudes of pedestrians on the perception of road safety,,"National Travel Survey (DfT), Active People Survey (APS)",Great Britain,Calender/Academic Years: walking indicator currently under development
,,,,,,,
,,,,,,,
,,,,,,,
,,,,,,,
