Department for Transport statistics,,,,,,,,,,,,,,
http://www.dft.gov.uk/statistics/releases/road-accidents-and-safety-annual-report-2011,,,,,,,,,,,,,,
RAS40004,,,,,,,,,,,,,,
"Reported accidents, vehicle user and pedestrian casualties by area type and combination of vehicles",,,,,,,,,,,,,,
" involved, Great Britain, 2011",,,,,,,,,,,,,,
,,,,,,,,,,,,,,            Accidents/Casualties
,  Single vehicle,,,Two vehicle accidents by vehicle type B ,,,,,,,,,All,All
,,,,,,,,,,,,,accidents,accidents
All areas,       No,       With,,,M'cycle,M'cycle,,Bus,Van /,Heavy,Any,All two,with three,with
,pedes-,pedes-,,Pedal,50cc,over,,or,Light,goods,other,vehicle,or more,vehs of
Vehicle A,       trian,       trian,,cycle,& under,50cc1,Car,coach,goods,vehicle,vehicle,accidents2,vehicles,type `A'
____________________,________,_____,,_____,_______,______,_____,______,______,______,______,________,________,________
,,,,,,,,,,,,,,
Pedal cycle,,,,,,,,,,,,,,
Accidents involving,576,369,,86,64,265,"15,626",421,"1,185",350,156,"18,156",544,"19,645"
User casualties,579,109,,111,52,235,"15,472",390,"1,176",345,152,"17,936",591,"19,215"
of which: killed,14,0,,1,0,2,43,1,7,19,2,75,18,107
seriously injured,225,21,,26,7,36,"2,231",69,200,94,32,"2,697",142,"3,085"
Pedestrians hit by cycles,0,374,,2,1,0,21,6,1,0,0,31,1,406
of which: killed,0,2,,0,0,0,0,0,0,0,0,0,0,2
seriously injured,0,86,,0,0,0,1,1,0,0,0,2,0,88
Motorcycle 50cc and under,,,,,,,,,,,,,,
Accidents involving,544,143,,64,46,32,"2,057",21,142,37,23,"2,423",182,"3,292"
User casualties,554,45,,28,61,23,"2,030",19,145,37,19,"2,363",163,"3,125"
of which: killed,3,1,,0,0,0,4,0,0,0,0,4,1,9
seriously injured,118,5,,1,7,0,323,0,21,5,4,361,33,517
Ped'ns hit by m/cs to 50cc ,0,152,,0,0,0,4,1,1,0,1,7,0,159
of which: killed,0,0,,0,0,0,0,0,0,0,0,0,0,0
seriously injured,0,20,,0,0,0,1,0,0,0,0,1,0,21
Motorcycle over 50cc1,,,,,,,,,,,,,,
Accidents involving,"3,008",696,,265,32,202,"10,574",114,877,231,164,"12,459","1,168","17,331"
User casualties,"3,137",218,,127,21,288,"10,644",108,888,233,163,"12,472","1,198","17,025"
of which: killed,71,1,,0,0,6,153,2,16,17,10,204,77,353
seriously injured,"1,221",29,,23,8,88,"2,572",24,219,79,46,"3,059",421,"4,730"
Ped'ns hit by m/cs +50cc ,0,723,,1,0,3,33,5,5,0,6,53,10,786
of which: killed,0,16,,0,0,0,2,0,0,0,0,2,1,19
seriously injured,0,142,,0,0,1,10,1,0,0,1,13,2,157
Car,,,,,,,,,,,,,,
Accidents involving,"14,843","19,357",,"15,626","2,057","10,574","44,539","2,020","4,936","3,374","1,405","84,538","14,659","133,397"
User casualties,"19,793",299,,331,149,986,"68,533","1,149","5,043","3,954","1,126","81,281","23,551","124,924"
of which: killed,337,0,,0,0,5,225,11,37,82,15,375,171,883
seriously injured,"2,661",15,,27,5,46,"3,454",70,271,278,72,"4,223","1,443","8,342"
Pedestrians hit by cars,0,"19,975",,19,2,6,816,128,76,51,60,"1,158",188,"21,321"
of which: killed,0,261,,0,0,1,26,0,3,2,1,33,19,313
seriously injured,0,"4,105",,2,0,4,180,47,21,11,11,276,47,"4,428"
Bus or coach,,,,,,,,,,,,,,
Accidents involving,"2,502","1,225",,421,21,114,"2,020",72,199,78,79,"3,004",407,"7,138"
User casualties,"2,958",76,,58,3,12,"1,902",240,263,164,70,"2,712",431,"6,177"
of which: killed,3,0,,0,0,0,3,0,0,1,0,4,0,7
seriously injured,217,4,,4,0,1,66,0,8,9,5,93,11,325
Pedestrians hit by buses,0,"1,252",,4,0,0,19,3,2,3,2,33,2,"1,287"
of which: killed,0,34,,0,0,0,1,0,0,0,0,1,1,36
seriously injured,0,246,,3,0,0,4,1,0,3,0,11,0,257
Van / Light goods vehicle,,,,,,,,,,,,,,
Accidents involving,489,"1,279",,"1,185",142,877,"4,936",199,260,276,97,"7,973","2,497","12,238"
User casualties,588,7,,17,1,19,"2,086",56,330,271,50,"2,831","1,073","4,499"
of which: killed,17,0,,0,0,0,3,0,1,4,0,8,9,34
seriously injured,76,0,,1,0,0,99,2,19,36,3,160,70,306
Pedestrians hit by vans,0,"1,323",,0,0,1,46,8,7,12,3,77,15,"1,415"
of which: killed,0,28,,0,0,0,1,0,0,1,0,2,2,32
seriously injured,0,281,,0,0,0,16,1,0,3,1,21,1,303
Heavy goods vehicle,,,,,,,,,,,,,,
Accidents involving,347,387,,350,37,231,"3,374",78,276,148,74,"4,568","1,407","6,709"
User casualties,375,10,,6,0,17,415,18,77,176,30,739,291,"1,415"
of which: killed,10,0,,0,0,0,1,1,0,4,2,8,10,28
seriously injured,74,1,,0,0,3,21,1,5,24,7,61,31,167
Pedestrians hit by HGVs,0,404,,0,0,0,21,1,4,2,4,32,9,445
of which: killed,0,35,,0,0,0,2,0,1,0,0,3,2,40
seriously injured,0,112,,0,0,0,5,1,2,0,0,8,1,121
Any other vehicle A,,,,,,,,,,,,,,
Accidents involving,192,350,,156,23,164,"1,405",79,97,74,63,"2,061",517,"3,120"
User casualties,226,10,,7,5,9,719,35,76,62,74,987,149,"1,372"
of which: killed,10,0,,0,0,0,7,0,3,2,2,14,3,27
seriously injured,55,0,,0,0,1,95,3,8,8,11,126,15,196
Ped'ns hit by these vehs,0,359,,0,0,0,11,0,0,1,2,14,1,374
of which: killed,0,11,,0,0,0,0,0,0,0,0,0,0,11
seriously injured,0,76,,0,0,0,1,0,0,0,2,3,0,79
,,,,,,,,,,,,,,
All vehicles2,,,,,,,,,,,,,,
Accidents involving,"22,501","23,811",,"18,156","2,423","12,459","84,538","3,004","7,973","4,568","2,061","90,305","14,857","151,474"
All vehicle user casualties,"28,210",774,,"18,510","2,594","13,773","114,549","4,487","10,499","5,805","2,597","121,321","27,447","177,752"
of which: killed,465,2,,75,4,211,589,19,71,133,43,692,289,"1,448"
seriously injured,"4,647",75,,"2,753",381,"3,146","9,630",262,892,570,295,"10,780","2,166","17,668"
Pedestrian casualties,0,"24,567",,55,10,60,"1,313",182,166,99,90,"1,405",226,"26,198"
of which: killed,0,387,,0,0,3,39,1,6,6,1,41,25,453
seriously injured,0,"5,068",,7,1,17,314,62,44,25,16,335,51,"5,454"
,,,,,,,,,,,,,,
1  Includes electric motorcycles and cases where engine size was not reported.,,,,,,,,,2  Includes cases where vehicle type was not reported.,,,,,
,,,,,,,,,,,,,,
Telephone: 020 7944 6595,,,,,,,,,,,,,,Source: DfT STATS19
Email: roadacc.stats@dft.gsi.gov.uk,,,,,,,,,,,,,,Last updated: 27 September 2012
Notes & Definitions,,,,,,,,,,,,,,Next update: September 2013
,,,,,,,,,,,,,,
The figures in this table are National Statistics,,,,,,,,,,,,,,






















