Department for Transport statistics,,,,,,,,,,,,,,,
http://www.dft.gov.uk/statistics/releases/road-accidents-and-safety-annual-report-2011,,,,,,,,,,,,,,,
RAS40004,,,,,,,,,,,,,,,
"Reported accidents, vehicle user and pedestrian casualties by area type and combination of vehicles",,,,,,,,,,,,,,,
" involved, Great Britain, 2011",,,,,,,,,,,,,,,
,,,,,,,,,,,,,,            Accidents/Casualties,
,  Single vehicle,,,Two vehicle accidents by vehicle type B ,,,,,,,,,All,All,
,,,,,,,,,,,,,accidents,accidents,
Urban areas,       No,       With,,,M'cycle,M'cycle,,Bus,Van /,Heavy,Any,All two,with three,with,
,pedes-,pedes-,,Pedal,50cc,over,,or,Light,goods,other,vehicle,or more,vehs of,
Vehicle A,       trian,       trian,,cycle,& under,50cc1,Car,coach,goods,vehicle,vehicle,accidents2,vehicles,type `A',
____________________,________,_____,,_____,_______,______,_____,______,______,______,______,_________,________,________,
,,,,,,,,,,,,,,,
Pedal cycle,,,,,,,,,,,,,,,
Accidents involving,374,347,,61,53,217,"13,139",382,973,257,111,"15,195",380,"16,296",
User casualties,377,95,,77,43,189,"13,019",353,967,253,108,"15,011",411,"15,894",
of which: killed,4,0,,0,0,0,21,1,3,14,2,41,7,52,
seriously injured,122,17,,12,3,26,"1,768",62,157,67,20,"2,116",85,"2,340",
Pedestrians hit by cycles,0,351,,2,1,0,18,6,1,0,0,28,1,380,
of which: killed,0,2,,0,0,0,0,0,0,0,0,0,0,2,
seriously injured,0,76,,0,0,0,1,1,0,0,0,2,0,78,
Motorcycle 50cc and under,,,,,,,,,,,,,,,
Accidents involving,316,127,,53,32,18,"1,655",18,109,25,12,"1,922",133,"2,498",
User casualties,321,40,,24,42,14,"1,632",16,111,25,10,"1,874",118,"2,353",
of which: killed,0,1,,0,0,0,2,0,0,0,0,2,0,3,
seriously injured,58,4,,1,2,0,232,0,16,1,2,254,23,339,
Ped'ns hit by m/cs to 50cc ,0,136,,0,0,0,4,1,1,0,0,6,0,142,
of which: killed,0,0,,0,0,0,0,0,0,0,0,0,0,0,
seriously injured,0,15,,0,0,0,1,0,0,0,0,1,0,16,
Motorcycle over 50cc1,,,,,,,,,,,,,,,
Accidents involving,"1,260",655,,217,18,98,"7,536",96,646,110,69,"8,790",610,"11,315",
User casualties,"1,303",202,,101,11,129,"7,558",92,650,107,63,"8,711",592,"10,808",
of which: killed,23,1,,0,0,1,47,2,4,7,3,64,20,108,
seriously injured,409,27,,12,2,30,"1,542",19,126,28,9,"1,768",163,"2,367",
Ped'ns hit by m/cs +50cc ,0,682,,1,0,2,27,5,5,0,4,44,9,735,
of which: killed,0,14,,0,0,0,2,0,0,0,0,2,0,16,
seriously injured,0,129,,0,0,0,9,1,0,0,0,10,2,141,
Car,,,,,,,,,,,,,,,
Accidents involving,"3,967","17,045",,"13,139","1,655","7,536","28,404","1,680","2,876","1,258",764,"57,317","7,819","86,148",
User casualties,"5,233",225,,251,112,560,"42,061",866,"2,860","1,418",510,"48,646","11,688","65,792",
of which: killed,58,0,,0,0,1,46,4,9,11,3,74,26,158,
seriously injured,659,14,,17,3,11,"1,345",48,94,74,18,"1,610",480,"2,763",
Pedestrians hit by cars,0,"17,590",,18,1,5,663,90,64,32,47,920,124,"18,634",
of which: killed,0,177,,0,0,1,14,0,1,0,1,17,8,202,
seriously injured,0,"3,535",,2,0,3,137,28,18,6,9,203,24,"3,762",
Bus or coach,,,,,,,,,,,,,,,
Accidents involving,"2,273","1,141",,382,18,96,"1,680",65,173,49,52,"2,515",280,"6,209",
User casualties,"2,627",72,,52,3,9,"1,662",174,213,65,46,"2,224",209,"5,132",
of which: killed,3,0,,0,0,0,3,0,0,0,0,3,0,6,
seriously injured,198,3,,4,0,1,63,0,8,3,4,83,3,287,
Pedestrians hit by buses,0,"1,166",,3,0,0,16,3,1,3,2,28,1,"1,195",
of which: killed,0,28,,0,0,0,0,0,0,0,0,0,0,28,
seriously injured,0,232,,2,0,0,3,1,0,3,0,9,0,241,
Van / Light goods vehicle,,,,,,,,,,,,,,,
Accidents involving,125,"1,090",,973,109,646,"2,876",173,129,74,44,"5,024","1,156","7,395",
User casualties,147,6,,11,1,13,"1,073",40,152,57,15,"1,362",408,"1,923",
of which: killed,2,0,,0,0,0,0,0,0,0,0,0,0,2,
seriously injured,14,0,,1,0,0,37,2,7,3,0,50,17,81,
Pedestrians hit by vans,0,"1,126",,0,0,1,35,7,6,7,2,58,10,"1,194",
of which: killed,0,18,,0,0,0,0,0,0,0,0,0,2,20,
seriously injured,0,235,,0,0,0,9,1,0,1,1,12,1,248,
Heavy goods vehicle,,,,,,,,,,,,,,,
Accidents involving,59,286,,257,25,110,"1,258",49,74,17,18,"1,808",384,"2,537",
User casualties,65,6,,5,0,7,159,9,23,20,5,228,69,368,
of which: killed,1,0,,0,0,0,0,0,0,0,0,0,1,2,
seriously injured,11,0,,0,0,2,5,1,2,0,1,11,8,30,
Pedestrians hit by HGVs,0,300,,0,0,0,12,0,3,1,1,17,4,321,
of which: killed,0,25,,0,0,0,1,0,0,0,0,1,0,26,
seriously injured,0,78,,0,0,0,1,0,2,0,0,3,0,81,
Any other vehicle A,,,,,,,,,,,,,,,
Accidents involving,74,296,,111,12,69,764,52,44,18,19,"1,089",233,"1,692",
User casualties,91,10,,6,2,4,446,23,42,15,22,560,56,717,
of which: killed,3,0,,0,0,0,4,0,3,0,0,7,1,11,
seriously injured,26,0,,0,0,1,53,1,3,2,1,61,4,91,
Ped'ns hit by these vehs,0,303,,0,0,0,9,0,0,1,0,10,0,313,
of which: killed,0,9,,0,0,0,0,0,0,0,0,0,0,9,
seriously injured,0,63,,0,0,0,1,0,0,0,0,1,0,64,
,,,,,,,,,,,,,,,
All vehicles2,,,,,,,,,,,,,,,
Accidents involving,"8,448","20,991",,"15,195","1,922","8,790","57,317","2,515","5,024","1,808","1,089","61,246","7,891","98,576",
All vehicle user casualties,"10,164",656,,"15,461","2,046","9,507","74,195","3,623","6,228","2,168","1,317","78,616","13,551","102,987",
of which: killed,94,2,,41,2,65,151,10,19,32,15,191,55,342,
seriously injured,"1,497",65,,"2,151",262,"1,809","5,310",216,456,189,115,"5,953",783,"8,298",
Pedestrian casualties,0,"21,658",,50,8,50,"1,041",137,133,60,66,"1,111",149,"22,918",
of which: killed,0,273,,0,0,3,20,0,1,1,1,20,10,303,
seriously injured,0,"4,363",,6,1,13,228,40,32,13,11,241,27,"4,631",
,,,,,,,,,,,,,,,
1  Includes electric motorcycles and cases where engine size was not reported.,,,,,,,,,2  Includes cases where vehicle type was not reported.,,,,,,
,,,,,,,,,,,,,,,
Telephone: 020 7944 6595,,,,,,,,,,,,,,Source: DfT STATS19,
Email: roadacc.stats@dft.gsi.gov.uk,,,,,,,,,,,,,,Last updated: 27 September 2012,
Notes & Definitions,,,,,,,,,,,,,,Next update: September 2013,
,,,,,,,,,,,,,,,
The figures in this table are National Statistics,,,,,,,,,,,,,,,
,,,,,,,,,,,,,,,
,,,,,,,,,,,,,,,
,,,,,,,,,,,,,,,
,,,,,,,,,,,,,,,
,,,,,,,,,,,,,,,
,,,,,,,,,,,,,,,
,,,,,,,,,,,,,,,
,,,,,,,,,,,,,,,
,,,,,,,,,,,,,,,






,,,,,,,,,,,,,,,
,,,,,,,,,,,,,,,
,,,,,,,,,,,,,,,




