Department for Transport statistics,,,,,,,,,,,,,,
http://www.dft.gov.uk/statistics/releases/road-accidents-and-safety-annual-report-2011/,,,,,,,,,,,,,,
Table RAS50001,,,,,,,,,,,,,,
Contributory factors: Reported accidents1 by severity: ,,,,,,,,,,,,,,
GB 2011,,,,,,,,,,,,,,
,,,,,,,,,,,,,,
,,,,,,,,,,,Number/ percentage,,,
,Fatal accidents,,,Serious accidents,,,Slight accidents,,,All accidents,,,,
Contributory factor reported in accident,Number,Per cent2,,Number,Per cent2,,Number,Per cent2,,Number,Per cent2,,,
Road environment contributed,148,9,,"2,152",12,,"12,866",13,,"15,166",13,,,
Poor or defective road surface ,10,1,,196,1,,650,1,,856,1,,,
"Deposit on road (eg. oil, mud, chippings)",10,1,,279,2,,"1,256",1,,"1,545",1,,,
Slippery road (due to weather),73,4,,"1,158",6,,"8,267",8,,"9,498",8,,,
Inadequate or masked signs or road markings,3,0,,48,0,,470,0,,521,0,,,
Defective traffic signals,0,0,,20,0,,139,0,,159,0,,,
"Traffic calming (eg. speed cushions, road humps, chicanes)",0,0,,31,0,,138,0,,169,0,,,
Temporary road layout (eg. contraflow),0,0,,33,0,,280,0,,313,0
"Road layout (eg. bend, hill, narrow carriageway)",51,3,,489,3,,"2,296",2,,"2,836",2
Animal or object in carriageway ,15,1,,218,1,,"1,140",1,,"1,373",1
Vehicle defects,52,3,,384,2,,"1,689",2,,"2,125",2
"Tyres illegal, defective or under inflated",26,2,,140,1,,543,1,,709,1
Defective lights or indicators,8,0,,43,0,,146,0,,197,0
Defective brakes,8,0,,121,1,,599,1,,728,1
Defective steering or suspension,7,0,,51,0,,223,0,,281,0
Defective or missing mirrors,0,0,,0,0,,10,0,,10,0
Overloaded or poorly loaded vehicle or trailer,8,0,,47,0,,226,0,,281,0
Injudicious action,459,28,,"3,929",21,,"23,810",24,,"28,198",24
Disobeyed automatic traffic signal,18,1,,230,1,,"1,812",2,,"2,060",2
Disobeyed 'Give Way' or 'Stop' sign or markings,29,2,,561,3,,"3,604",4,,"4,194",4
Disobeyed double white lines,15,1,,63,0,,154,0,,232,0
Disobeyed pedestrian crossing facility,12,1,,128,1,,427,0,,567,0
Illegal turn or direction of travel,20,1,,134,1,,716,1,,870,1
Exceeding speed limit,213,13,,"1,095",6,,"4,268",4,,"5,576",5
Travelling too fast for conditions,207,12,,"1,470",8,,"6,988",7,,"8,665",7
Following too close,13,1,,463,3,,"7,507",8,,"7,983",7
Vehicle travelling along pavement,6,0,,50,0,,247,0,,303,0
Cyclist entering road from pavement,5,0,,216,1,,939,1,,"1,160",1
Driver/rider error or reaction,"1,122",67,,"11,959",65,,"72,227",73,,"85,308",72
Junction overshoot,26,2,,337,2,,"2,496",3,,"2,859",2
Junction restart (moving off at junction),12,1,,232,1,,"1,963",2,,"2,207",2
Poor turn or manoeuvre,190,11,,"2,509",14,,"13,869",14,,"16,568",14
Failed to signal or misleading signal,13,1,,273,1,,"2,249",2,,"2,535",2
Failed to look properly,419,25,,"6,369",35,,"42,465",43,,"49,253",42
Failed to judge other person�s path or speed,192,12,,"2,888",16,,"22,330",23,,"25,410",21
"Passing too close to cyclist, horse rider or pedestrian",24,1,,375,2,,"2,029",2,,"2,428",2
Sudden braking,39,2,,871,5,,"7,864",8,,"8,774",7
Swerved,109,7,,705,4,,"3,758",4,,"4,572",4
Loss of control,561,34,,"3,493",19,,"12,934",13,,"16,988",14
Impairment or distraction,398,24,,"2,602",14,,"11,461",12,,"14,461",12
Impaired by alcohol,156,9,,"1,157",6,,"4,071",4,,"5,384",5
Impaired by drugs (illicit or medicinal),49,3,,176,1,,419,0,,644,1
Fatigue,80,5,,323,2,,"1,381",1,,"1,784",2
"Uncorrected, defective eyesight",9,1,,44,0,,197,0,,250,0
"Illness or disability, mental or physical",109,7,,458,2,,"1,460",1,,"2,027",2
Not displaying lights at night or in poor visibility,5,0,,86,0,,353,0,,444,0
Cyclist wearing dark clothing at night,7,0,,88,0,,368,0,,463,0
Driver using mobile phone,22,1,,55,0,,297,0,,374,0
Distraction in vehicle,75,5,,417,2,,"2,640",3,,"3,132",3
Distraction outside vehicle,23,1,,198,1,,"1,494",2,,"1,715",1
Behaviour or inexperience,442,27,,"4,546",25,,"23,241",24,,"28,229",24
Aggressive driving,114,7,,720,4,,"2,929",3,,"3,763",3
"Careless, reckless or in a hurry",272,16,,"3,070",17,,"15,986",16,,"19,328",16
"Nervous, uncertain or panic",24,1,,233,1,,"1,804",2,,"2,061",2
"Driving too slow for conditions or slow vehicle 
(eg tractor)",3,0,,17,0,,79,0,,99,0
Learner or inexperienced driver/rider,66,4,,948,5,,"4,290",4,,"5,304",4
Inexperience of driving on the left,8,0,,65,0,,357,0,,430,0
Unfamiliar with model of vehicle,14,1,,166,1,,662,1,,842,1
Vision affected by external factors,123,7,,"1,763",10,,"10,087",10,,"11,973",10
Stationary or parked vehicle(s),18,1,,577,3,,"3,348",3,,"3,943",3
Vegetation,5,0,,63,0,,285,0,,353,0
"Road layout (eg. bend, winding road, hill crest)",26,2,,222,1,,"1,177",1,,"1,425",1
"Buildings, road signs, street furniture",2,0,,49,0,,247,0,,298,0
Dazzling headlights,4,0,,80,0,,287,0,,371,0
Dazzling sun,22,1,,375,2,,"2,195",2,,"2,592",2
"Rain, sleet, snow, or fog",22,1,,241,1,,"1,523",2,,"1,786",2
Spray from other vehicles,4,0,,23,0,,181,0,,208,0
Visor or windscreen dirty or scratched,2,0,,24,0,,92,0,,118,0
Vehicle blind spot,29,2,,237,1,,"1,553",2,,"1,819",2
Pedestrian only (casualty or uninjured),301,18,,"3,729",20,,"11,154",11,,"15,184",13
Pedestrian crossing road masked by stationary or parked vehicle,15,1,,804,4,,"2,288",2,,"3,107",3
Pedestrian failed to look properly,180,11,,"2,822",15,,"8,467",9,,"11,469",10
Pedestrian failed to judge vehicle�s path or speed,106,6,,906,5,,"2,701",3,,"3,713",3
Pedestrian wrong use of pedestrian crossing facility,14,1,,308,2,,869,1,,"1,191",1
Dangerous action in carriageway (eg. playing),40,2,,343,2,,"1,072",1,,"1,455",1
Pedestrian impaired by alcohol,85,5,,596,3,,"1,516",2,,"2,197",2
Pedestrian impaired by drugs (illicit or medicinal),13,1,,58,0,,156,0,,227,0
"Pedestrian careless, reckless or in a hurry",47,3,,"1,189",6,,"3,672",4,,"4,908",4
Pedestrian wearing dark clothing at night,66,4,,264,1,,529,1,,859,1
"Pedestrian disability or illness, mental or physical",31,2,,161,1,,303,0,,495,0
Special codes,104,6,,904,5,,"4,186",4,,"5,194",4
Stolen vehicle,20,1,,140,1,,557,1,,717,1
Vehicle in course of crime,12,1,,85,0,,375,0,,472,0
Emergency vehicle on a call,7,0,,78,0,,588,1,,673,1
Vehicle door opened or closed negligently,1,0,,81,0,,508,1,,590,1
Other,72,4,,565,3,,"2,372",2,,"3,009",3
Total number of accidents,"1,663",100,,"18,391",100,,"98,349",100,,"118,403",100
1 Includes only accidents where a police officer attended the scene and in which a contributory factor was reported.,,,,,,,,,,,,
2 Columns may not add up to 100 per cent as accidents can have more than 1 contributory factor.,,,,,,,,,,,,
,,,,,,,,,,,,
,,,,,,,,,,,,
Telephone: 020 7944 6595,,,,,,,,,,,,
Email: roadacc.stats@dft.gsi.gov.uk,,,,,,,,,,,,
Notes and definitions on STATS19 see: http://www.dft.gov.uk/statistics/series/road-accidents-and-safety/,,,,,,,,,,,,
Source: STATS19,,,,,,,,,,,,
Last updated: 27 September 2012,,,,,,,,,,,,
Next update: September 2013,,,,,,,,,,,,
,,,,,,,,,,,,
The figures in this table are National Statistics,,,,,,,,,,,,
,,,,,,,,,,,,
,,,,,,,,,,,,
,,,,,,,,,,,,
,,,,,,,,,,,,
,,,,,,,,,,,
,,,,,,,,,,,
,,,,,,,,,,,
,,,,,,,,,,,
,,,,,,,,,,,
