Department for Transport statistics,,,,,,,,,,,,
http://www.dft.gov.uk/statistics/releases/road-accidents-and-safety-annual-report-2011/,,,,,,,,,,,,
RAS55014,,,,,,,,,,,,
"Casualty rates per 100,000 car population by age of car and MAIS group of car occupants in the linked STATS19 and HES data:",,,,,,,,,,,,

England 2001-2010,,,,,,,,,,,,

,,,,,,,,,,,,Number

,,,,Car 1 ages 2,,,,,,,,


Accident Year,,MAIS code,,0-4 years old,,5-9 years old,,10-14 years old,,15 years or older,,All Cars


2001,,1,,4.8,,6.7,,12.6,,12.9,,7.3
2001,,2,,7,,9.4,,16.6,,14.9,,10.1
2001,,3+,,2.3,,3.1,,6.6,,5.8,,3.6
2002,,1,,5.4,,6.5,,7.9,,7.8,,6.3
2002,,2,,8.2,,8.6,,12.4,,8.8,,9.1
2002,,3+,,3.1,,3.7,,4.1,,3.4,,3.5
2003,,1,,5.9,,6.1,,8.1,,7.3,,6.4
2003,,2,,7.1,,8.3,,9.5,,8.7,,8
2003,,3+,,2.8,,3.5,,3.8,,3.1,,3.2
2004,,1,,4.8,,8.2,,12.5,,11.3,,7.5
2004,,2,,6.1,,9.4,,15.1,,13.1,,9
2004,,3+,,2.2,,4.2,,6.7,,7.8,,3.9
2005,,1,,5.2,,8.2,,11.3,,11,,7.5
2005,,2,,5.9,,8.6,,12,,11.4,,8.1
2005,,3+,,2.3,,3.4,,6.4,,5.2,,3.5
2006,,1,,5.3,,6.5,,10.9,,9.6,,6.8
2006,,2,,4.9,,6.7,,10.4,,9.2,,6.6
2006,,3+,,1.9,,2.9,,5.6,,5.6,,3
2007,,1,,5.7,,9.1,,13.1,,11.4,,8.5
2007,,2,,5.6,,8.8,,13.3,,13.5,,8.4
2007,,3+,,2.2,,4.2,,7.8,,7.2,,4.1
2008,,1,,5.5,,7.2,,10.8,,10.8,,7.3
2008,,2,,5.1,,7.4,,10.6,,11,,7.2
2008,,3+,,2.1,,3.4,,6.8,,6.2,,3.6
2009,,1,,5.9,,8.9,,13.2,,13.8,,8.8
2009,,2,,5.2,,7.8,,12.8,,14.7,,8
2009,,3+,,2.3,,4.1,,6.8,,6.9,,4
2010,,1,,5.5,,7.6,,11.9,,12.5,,7.9
2010,,2,,4.6,,6.8,,11.7,,12.7,,7.2
2010,,3+,,1.9,,3.7,,5.6,,7,,3.6

2001-10 average,,1,,5.4,,7.6,,11.3,,10.8,,7.5
2001-10 average,,2,,6,,8.1,,12.5,,11.8,,8.1
2001-10 average,,3+,,2.3,,3.6,,6,,5.8,,3.6

1 Includes only cars that were fully or probably matched to the DVLA data with a date of registration,,,,,,,,,,,,
"2 The age of car at the time of the accident, based on year of registration of vehicle.",,,,,,,,,,,,

Telephone: 020 7944 6595,,,,,,,,,,,,
Email: roadacc.stats@dft.gsi.gov.uk,,,,,,,,,,,,
Notes and definitions on STATS19 see: http://www.dft.gov.uk/statistics/series/road-accidents-and-safety/,,,,,,,,,,,,
"Source: STATS19,  Hospital Episode Statistics (HES), The NHS Information Centre for health and social care.",,,,,,,,,,,,
Last updated: 27 September 2012,,,,,,,,,,,,
Next update: September 2013,,,,,,,,,,,,

"Copyright � 2012, The Health and Social Care Information Centre. All Rights Reserved.",,,,,,,,,,,,
