Department for Transport statistics,,,,,,,,,,,,,,,,,,
http://www.dft.gov.uk/statistics/releases/road-accidents-and-safety-annual-report-2011,,,,,,,,,,,,,,,,,,
Table RAS50015,,,,,,,,,,,,,,,,,,
"Contributory factors to motorcycle accidents1 by engine size, Great Britain: 2011",,,,,,,,,,,,,,,,,,
,,,,,,,,,,,,,,,,,,
,50cc and under,,,51 -500 cc,,,500cc and over,,,All motorcycles2,,,,,,,,
Contributory factor attributed to motorcycle,Number,Per cent,,Number,Per cent,,Number,Per cent,,Number,Per cent,,,,,,,
Loss of control, 356 ,13,,"1,212", 15 ,,"1,403",20,," 2,971 ",16,,,,,,,
Failed to look properly, 528 ,19,,"1,395", 17 ,,965,13,," 2,889 ",16,,,,,,,
Failed to judge other person�s path or speed, 332 ,12,,"1,049", 13 ,,931,13,," 2,313 ",13,,,,,,,
Poor turn or manoeuvre, 242 ,9,,689, 8 ,,745,10,," 1,677 ",9,,,,,,,
"Careless, reckless or in a hurry", 239 ,9,,743, 9 ,,634,9,," 1,617 ",9,,,,,,,
Learner or inexperienced driver/rider, 583 ,21,,879, 11 ,,183,3,," 1,645 ",9,,,,,,,
Slippery road (due to weather), 291 ,11,,654, 8 ,,319,4,," 1,264 ",7,,,,,,,
Sudden braking, 145 ,5,,543, 7 ,,548,8,," 1,236 ",7,,,,,,,
Travelling too fast for conditions, 131 ,5,,410, 5 ,,495,7,," 1,036 ",6,,,,,,,
Exceeding speed limit, 71 ,3,,320, 4 ,,446,6,, 837 ,5,,,,,,,
Following too close, 116 ,4,,304, 4 ,,243,3,, 663 ,4,,,,,,,
"Deposit on road (eg. oil, mud, chippings)", 64 ,2,,191, 2 ,,237,3,, 492 ,3,,,,,,,
No factor reported for vehicle, 875 ,32,,"3,007", 36 ,,"2,627",37,," 6,509 ",36,,,,,,,
All vehicles involved in accidents," 2,723 ",100,,"8,239", 100 ,,"7,193",100,," 18,156 ",100,,,,,,,
1  Includes only vehicles in accidents where a police officer attended the scene and in which a contributory factor was reported,,,,,,,,,,,,,,,,,,
    Includes only the 10 most frequently reported contributory factors for each engine size category. Factors not shown may also have been reported.,,,,,,,,,,,,,,,,,,
   A vehicle involved in an accident may have more than one contributory factor assigned to it. Therefore columns may add up to more than the total.,,,,,,,,,,,,,,,,,,
2  Includes electric motorcycles and motorcycles with an unkown engine size,,,,,,,,,,,,,,,,,,
,,,,,,,,,,,,,,,,,,
Telephone: 020 7944 6595,,,,,,,,,,,"Source: Road Accident Statistics, DfT",,,,,,,
Email�: roadacc.stats@dft.gov.uk,,,,,,,,,,,Last updated: 27 September 2012,,,,,,,
Notes & Definitions,,,,,,,,,,,Next update: September 2013,,,,,,,
,,,,,,,,,,,,,,,,,,
The figures in this table are National Statistics,,,,,,,,,,,,,,,,,,
