RAS51101: Reported drink driving (2009/10 and 2010/11),,,
,,,
,,,Percentages
,,,
,,"In the last 12 months how often, if at all, have you driven when you think you may have been over the legal alcohol limit?",
,,2009/10,2010/11
,,,
Every day/almost every day,,0%,0%
A few times a week,,0%,0%
Once or twice a week,,1%,1%
Once or twice a month,,1%,1%
Once every couple of months,,1%,1%
Once or twice in the last 12 months,,5%,5%
Not at all,,92%,92%
,,,
"Base: Respondents who have both drunk alcohol within the last 12 months AND driven within the last 12 months (unweighted bases: 2009/10 = 18330, 2010/11 = 9358)",,,

Email: ROADSAFETY.RESEARCH@dft.gsi.gov.uk
Further information on the Crime Survey for England and Wales can be found at: 
http://www.homeoffice.gov.uk/science-research/research-statistics/crime/crime-statistics/british-crime-survey/

Last updated: 27 September 2012
Next update: September 2013
