Department for Transport statistics,,,,,,,,,
http://www.dft.gov.uk/statistics/releases/road-accidents-and-safety-annual-report-2011/,,,,,,,,,
RAS51018,,,,,,,,,
Results of screening breath tests following a road traffic collision: 2011,,,,,,,,,

,,,,,,,,,Number
,,Negative,,,Positive,,,,
,,0 - 4 mcg,5 - 20 mcg,21 - 35 mcg,36 - 50 mcg,51 - 80 mcg,81 mcg and over,Under the limit,Over the limit
16-19,Male,"9,145",296,253,226,377,207,"9,694",810
,Female,"3,587",78,54,45,115,55,"3,719",215
20-24,Male,"15,762",707,537,534,"1,078",872,"17,006","2,484"
,Female,"6,717",129,95,91,207,154,"6,941",452
25-29,Male,"11,992",465,297,348,720,680,"12,754","1,748"
,Female,"5,106",80,52,54,129,141,"5,238",324
30-39,Male,"24,115",899,551,520,930,"1,063","25,565","2,513"
,Female,"8,944",136,93,76,200,307,"9,173",583
40-49,Male,"21,970",610,358,304,598,716,"22,938","1,618"
,Female,"8,339",111,76,70,174,321,"8,526",565
50-59,Male,"13,975",352,222,168,320,379,"14,549",867
,Female,"4,995",60,34,42,82,150,"5,089",274
60-69,Male,"8,041",234,93,100,165,126,"8,368",391
,Female,"2,675",26,17,13,46,45,"2,718",104
70+,Male,"5,334",162,75,45,57,32,"5,571",134
,Female,"1,660",22,5,13,8,10,"1,687",31
All,Male,"110,334","3,725","2,386","2,245","4,245","4,075","116,445","10,565"
,Female,"42,023",642,426,404,961,"1,183","43,091","2,548"
Total,,"152,357","4,367","2,812","2,649","5,206","5,258","159,536","13,113"

Telephone: 020 7944 6595,,,,,,,,,
Email: roadacc.stats@dft.gsi.gov.uk,,,,,,,,,
A note on methodology can be found at:  http://assets.dft.gov.uk/statistics/releases/road-accidents-and-safety-drink-drive-estimates-2011/methodology-notes-drink-drive.pdf,,,,,,,,,

Notes and definitions see: http://www.dft.gov.uk/statistics/series/road-accidents-and-safety/
"Source: STATS19, Coroners and Procurators Fiscal"
Last updated: 27 September 2012
Next update: September 2013

The figures in this table are outside the scope of National Statistics
