Department for Transport statistics,,,,,,,,,,
http://www.dft.gov.uk/statistics/releases/road-accidents-and-safety-annual-report-2011/,,,,,,,,,,
RAS51016,,,,,,,,,,
Reported roadside screening breath tests and breath test failures: England and Wales 2001 - 2010,,,,,,,,,,

,,,,,,,,,,Number (thousands)/percentage
,2001,2002,2003,2004,2005,2006,2007,2008,2009,2010
Roadside screening breath tests,624,570,534,578,607,602,600,712,814,733
Positive/refused breath tests,100,104,106,103,104,104,98,92,93,84

Percentage,16,18,20,18,17,17,16,13,11,11
,,,,,,,,,,Source: Home office

Telephone: 020 7944 6595,,,,,,,,,,
Email: roadacc.stats@dft.gsi.gov.uk,,,,,,,,,,
A note on methodology can be found at:  http://assets.dft.gov.uk/statistics/releases/road-accidents-and-safety-drink-drive-estimates-2011/methodology-notes-drink-drive.pdf,,,,,,,,,,

Notes and definitions see: http://www.dft.gov.uk/statistics/series/road-accidents-and-safety/
"Source: STATS19, Coroners and Procurators Fiscal"
Last updated: 27 September 2012
Next update: September 2013

The figures in this table are National Statistics
