Department for Transport statistics,,,,,,,,,,,,
http://www.dft.gov.uk/statistics/releases/road-accidents-and-safety-annual-report-2011/,,,,,,,,,,,,
RAS55013,,,,,,,,,,,,
Age of cars by MAIS group of car occupants in the linked STATS19 and HES data:,,,,,,,,,,,,
England 2001-2010,,,,,,,,,,,,

,,,,,,,,,,,,Number/percentage
,,Car 1 ages 2 ,,,,,,,,,,
MAIS code,,0-4 years,,,5-9 years,,,10-14 years,,,15 years or older,
,,number,per cent,,number,per cent,,number,per cent,,number,per cent
1,,"6,163",30.2,,"7,415",30.5,,"5,341",30.3,,"1,367",30.7
2,,"6,819",33.4,,"7,949",32.7,,"5,901",33.4,,"1,489",33.5
3+,,"2,652",13,,"3,560",14.6,,"2,849",16.1,,735,16.5
Uknown/uncoded,,"4,752",23.3,,"5,388",22.2,,"3,553",20.1,,859,19.3
Total,,"20,386",100,,"24,312",100,,"17,644",100,,"4,450",100
1 Includes cars that were fully or probably matched to the DVLA data with a non-missing manufacture year.,,,,,,,,,,,,
"2 The age of car at the time of the accident, based on the manufacture year of vehicle."


Telephone: 020 7944 6595
Email: roadacc.stats@dft.gsi.gov.uk
Notes and definitions on STATS19 see: http://www.dft.gov.uk/statistics/series/road-accidents-and-safety/
"Source: STATS19,  Hospital Episode Statistics (HES), The NHS Information Centre for health and social care."
Last updated: 27 September 2012
Next update: September 2013

"Copyright � 2012, The Health and Social Care Information Centre. All Rights Reserved."
