Department for Transport statistics,,,,,,,,,,,,,,,,,,,,,,
Accidents Casualties and Safety (http://www.dft.gov.uk/statistics/releases/reported-road-casualties-gb-annual-report-2011),,,,,,,,,,,,,,,,,,,,,,
RAS52001,,,,,,,,,,,,,,,,,,,,,,
International comparisons of road deaths1: number and rates for different road users: ,,,,,,,,,,,,,,,,,,,,,,
  by selected countries: 2010 and 2011 (provisional) 2,,,,,,,,,,,,,,,,,,,,,,
,,,,,,,,,,,,,,,,,,,,,,
,,,,,,,,,,,,,,,,,,,,,,
,,,2010 ,,,,,,,,,,,,,,2011 ,,,,,
,,,Number of car user deaths,,Number of pedestrian deaths,,Pedestrian deaths per million population,,Pedestrian (aged 0-14) deaths per million population,,Children (aged 0-14) deaths per million population,,Number of road deaths,, Road deaths per million population,,Number of road deaths,, Road deaths per million population,,,
,,,,,,,,,,,,,,,,,,,,,,
,,,,,,,,,,,,,,,,,,,,,,
England,,,690,,341,,6.5,,1.9,,3.9,,"1,553",,30,,"1,594",,30,,,
Wales,,,38,,17,,5.7,,0.0,,3.9,,89,,30,,121,,40,,,
Scotland,,,107,,47,,9.0,,1.2,,3.5,,208,,40,,186,,35,,,
Great Britain,,,835,,405,,6.7,,1.7,,3.9,,"1,850",,31,,"1,901",,31,,,
Northern Ireland,,,32,,10,,5.6,,2.8,,2.8,,55,,31,,59,,33,,,
United Kingdom,,,867,,415,,6.7,,1.7,,3.9,,"1,905",,31,,"1,960",,31
,,,,,,,,,,,,,,,,,,,
Austria,,,292,,98,,11.7,,2.4,,8.0,,552,,66,,523,,62
Belgium,,,444,,106,,9.8,,6.0,,12.6,,840,,77,,875,,80
Bulgaria,,,..,,..,,..,,..,,..,,775,,102,,658,,88
Cyprus,,,..,,..,,..,,..,,..,,60,,75,,71,,88
Czech Republic,,,403,,168,,16.0,,4.0,,11.4,,802,,76,,773,,73
Denmark,,,137,,44,,7.9,,3.0,,9.0,,255,,46,,220,,40
Estonia,,,..,,..,,..,,..,,..,,78,,58,,101,,75
Finland,,,159,,35,,6.5,,2.3,,7.9,,272,,51,,292,,54
France,,,"2,117",,485,,7.5,,2.0,,10.8,,"3,992",,62,,"3,970",,61
Germany,,,"1,840",,476,,5.8,,2.5,,9.4,,"3,648",,45,,"4,002",,49
Greece,,,542,,179,,15.8,,2.5,,18.5,,"1,258",,111,,"1,087",,96
Hungary,,,330,,192,,19.2,,5.4,,13.5,,740,,74,,638,,64
Irish Republic,,,129,,..,,..,,..,,2.1,,212,,47,,186,,42
Italy,,,"1,817",,614,,10.2,,1.3,,8.1,,"4,090",,68,,"3,800",,63
Latvia,,,91,,79,,35.1,,19.4,,29.1,,218,,97,,179,,80
Lithuania,,,..,,..,,..,,..,,..,,299,,90,,297,,92
Luxembourg,,,27,,..,,..,,0.0,,0.0,,32,,64,,33,,64
Malta,,,9,,..,,0.0,,15.5,,15.5,,13,,31,,17,,41
Netherlands,,,219,,63,,3.8,,1.0,,5.5,,640,,39,,661,,40
Poland,,,"1,853",,"1,236",,32.4,,5.9,,19.4,,"3,908",,102,,"4,189",,110
Portugal,,,367,,..,,..,,2.5,,.,,937,,88,,785,,74
Romania,,,973,,868,,40.4,,17.8,,..,,"2,377",,111,,"2,018",,94
Slovakia,,,171,,126,,23.2,,4.8,,13.2,,353,,65,,324,,60
Slovenia,,,68,,26,,12.7,,3.5,,7.0,,138,,67,,141,,69
Spain,,,"1,197",,471,,10.2,,3.5,,11.5,,"2,478",,54,,"2,056",,45
Sweden,,,151,,31,,3.3,,0.6,,6.5,,266,,28,,314,,33
,,,,,,,,,,,,,,,,,,,
Croatia,,,..,,..,,..,,..,,..,,426,,96,,416,,94
Israel,,,172,,119,,15.9,,11.7,,18.8,,352,,47,,341,,44
Iceland,,,4,,2,,6.3,,0.0,,0.0,,8,,25,,12,,38
Norway,,,127,,24,,4.9,,..,,3.3,,208,,43,,168,,34,
Switzerland,,,129,,75,,9.6,,3.4,,6.8,,327,,42,,320,,41,
,,,,,,,,,,,,,,,,,,,,
Australia,,,919,,170,,7.7,,3.1,,13.3,,"1,352",,61,,"1,292",,57,
Canada,,,..,,..,,..,,..,,..,,..,,..,,..,,..,
Japan,,,"1,176",,"1,987",,15.6,,3.1,,7.2,,"5,745",,45,,"5,449",,43,
New Zealand,,,259,,35,,8.1,,1.1,,20.2,,375,,87,,284,,66,
Republic of Korea,,,"1,228",,"2,082",,42.7,,11.1,,19.6,,"5,505",,113,,..,,..,
United States of America,,,"12,435",,"4,280",,13.9,,12.8,,60.6,,"32,885",,107,,"32,310",,105,
,,,,,,,,,,,,,,,,,,,,
,,,,,,,,,,,,,,,,,,,The figures for non United Kingdom countries are outside the scope of National Statistics.,
,,,,,,,,,,,,,,,,,,,,
1 ,"In accordance with the commonly agreed international definition, most countries define a fatality as one being due to a road accident where death occurs within 30 days of the accident. The official road accident statistics of some countries however, limit the fatalities to those occurring within shorter periods after the accident. Numbers of deaths and death rates in the above table have been adjusted according to the factors used by the Economic Commission for Europe and the International Transport Forum (ITF) (formerly known as ECMT) to represent standardised 30-day deaths:  Italy (7 days) +8%; France (6 days) +5.7%;  Portugal (1 day) +14%; Republic of Korea (3 days) +15%.",,,,,,,,,,,,,,,,,,,
2 ,"Source: International Road Traffic and Accident Database (OECD), ETSC, EUROSTAT and CARE (EU road accident database).   ",,,,,,,,,,,,,,,,,,,
,,,,,,,,,,,,,,,,,,,,
Telephone: 020 7944 6595,,,,,,,,,,,,,,,,,,,,
Email: roadacc.stats@dft.gsi.gov.uk,,,,,,,,,,,,,,,,,,,Last updated: 27 September 2012
Notes & Definitions,,,,,,,,,,,,,,,,,,,Next update: September 2013
,,,,,,,,,,,,,,,,,,,
,,,,,,,,,,,,,,,,,,,
,,,,,,,,,,,,,,,,,,,
,,,,,,,,,,,,,,,,,,,
,,,,,,,,,,,,,,,,,,,
