Department for Transport statistics,,,,,,,,,,,
http://www.dft.gov.uk/statistics/releases/road-accidents-and-safety-annual-report-2011/,,,,,,,,,,,
RAS51008,,,,,,,,,,,
Killed and seriously injured casualties in reported accidents involving young drivers1 (17-24 years old) over the legal,,,,,,,,,,,
alcohol limit: Great Britain 2001 - 2010,,,,,,,,,,,
,,,,,,,,,,,Casualties
Casualty type,,2001,2002,2003,2004,2005,2006,2007,2008,2009,2010
Young driver over limit,,290,316,308,302,291,301,269,232,223,156
Passenger of young driver over limit,,312,312,358,316,325,286,257,169,179,143
Other casualties,,148,144,131,131,142,128,108,84,82,52
1 Excludes motorcycle riders,,,,,,,,,,,

Telephone: 020 7944 6595,,,,,,,,,,,
Email: roadacc.stats@dft.gsi.gov.uk,,,,,,,,,,,
A note on methodology can be found at:  http://assets.dft.gov.uk/statistics/releases/road-accidents-and-safety-drink-drive-estimates-2011/methodology-notes-drink-drive.pdf,,,,,,,,,,,

Notes and definitions see: http://www.dft.gov.uk/statistics/series/road-accidents-and-safety/
"Source: STATS19, Coroners and Procurators Fiscal"
Last updated: 27 September 2012
Next update: September 2013

The figures in this table are National Statistics
