Department for Transport statistics,,,,,,
http://www.dft.gov.uk/statistics/releases/road-accidents-and-safety-annual-report-2011/,,,,,,
RAS51012,,,,,,
"Reported drink drive accidents1, by time of day: GB 2000 and 2010",,,,,,

,,,,,,Accidents
Hour of day,,2000,2010,,2000,2010
0,,726,343,,9%,8%
1,,569,338,,7%,8%
2,,514,270,,6%,6%
3,,314,259,,4%,6%
4,,161,183,,2%,4%
5,,97,120,,1%,3%
6,,98,104,,1%,2%
7,,115,95,,1%,2%
8,,135,107,,2%,2%
9,,98,82,,1%,2%
10,,68,76,,1%,2%
11,,81,60,,1%,1%
12,,103,76,,1%,2%
13,,133,76,,2%,2%
14,,148,90,,2%,2%
15,,243,133,,3%,3%
16,,327,153,,4%,4%
17,,454,213,,6%,5%
18,,517,207,,6%,5%
19,,529,244,,7%,6%
20,,504,264,,6%,6%
21,,566,268,,7%,6%
22,,623,289,,8%,7%
23,,983,315,,12%,7%
All2,,"8,106","4,365",, - , - 

"1 Does not include estimates for accidents where a breath test or blood alcohol test was not available (e.g - hit and run accidents, where driver/rider too seriously injured for breath test)"
2 Includes cases where hour of accident is not given

Telephone: 020 7944 6595
Email: roadacc.stats@dft.gsi.gov.uk
A note on methodology can be found at:  http://assets.dft.gov.uk/statistics/releases/road-accidents-and-safety-drink-drive-estimates-2011/methodology-notes-drink-drive.pdf

Notes and definitions see: http://www.dft.gov.uk/statistics/series/road-accidents-and-safety/
"Source: STATS19, Coroners and Procurators Fiscal"
Last updated: 27 September 2012
Next update: September 2013

The figures in this table are National Statistics
