Department for Transport statistics,,,,,,,,,,,,,,
http://www.dft.gov.uk/statistics/releases/road-accidents-and-safety-annual-report-2011/,,,,,,,,,,,,,,
Table RAS50004,,,,,,,,,,,,,,
"Reported accidents1 involving pedestrians2,3 with contributory factors:",,,,,,,,,,,,,,
GB 2011,,,,,,,,,,,,,,
,,,,,,,,,,,,,,
,,,,,Number/ percentage,,,,,,,,,
,Accidents involving injured or killed pedestrian,,,Accidents involving uninjured pedestrian,,,,,,,,,,
Contributory factor attributed to pedestrian4,Number,Per cent,,Number,Per cent,,,,,,,,,
Pedestrian failed to look properly,"11,168",59,,180,57,,,,,,,,,
"Pedestrian careless, reckless or in a hurry","4,772",25,,100,32,,,,,,,,,
Pedestrian failed to judge vehicle�s path or speed,"3,608",19,,54,17,,,,,,,,,
Pedestrian crossing road masked by stationary or parked vehicle,"3,020",16,,43,14,,,,,,,,,
Pedestrian impaired by alcohol,"2,139",11,,36,11,,,,,,,,,
Dangerous action in carriageway (eg. playing),"1,385",7,,31,10,,,,,,,,,
Pedestrian wrong use of pedestrian crossing facility,"1,156",6,,17,5,,,,,,,,,
Pedestrian wearing dark clothing at night,824,4,,19,6,,,,,,,
"Pedestrian disability or illness, mental or physical",478,3,,10,3,,,,,,,
Pedestrian impaired by drugs (illicit or medicinal),221,1,,3,1,,,,,,,
Slippery road (due to weather),12,0,,22,7,,,,,,,
Poor or defective road surface,5,0,,4,1,,,,,,,
Animal or object in carriageway,2,0,,10,3,,,,,,,
Number of accidents,"18,978",100,,317,100,,,,,,,
1 Includes only accidents where a police officer attended the scene and in which a contributory factor was reported. Columns may not add up to 100 per cent as accidents can have more than one contributory factor.,,,,,,,,,,,,
"2 Due to recording errors some pedestrian factors may have been allocated to vehicles, so the figures in this table are generally smaller than those in other tables in this article.",,,,,,,,,,,,
3 Accidents can involve both pedestrian casualties and uninjured pedestrians who were assigned a contributory factor.,,,,,,,,,,,,
4 Includes only the top 13 most frequently reported contributory factors for injured or killed pedestrians and for uninjured pedestrians. Factors not shown may also have been reported.,,,,,,,,,,,,


Telephone: 020 7944 6595,,,,,,,,,,,,
Email: roadacc.stats@dft.gsi.gov.uk,,,,,,,,,,,,
Notes and definitions on STATS19 see: http://www.dft.gov.uk/statistics/series/road-accidents-and-safety/,,,,,,,,,,,,
Source: STATS19
Last updated: 27 September 2012
Next update: September 2013

The figures in this table are National Statistics
