Department for Transport statistics
http://www.dft.gov.uk/statistics/releases/road-accidents-and-safety-annual-report-2011/
RAS55010
"Proportion of road casualties with selected injuries, and selected body regions "
by injury severity in the linked STATS19 and HES data:
England 2001-2010







































"Proportion of road casualties with selected injuries, and selected body regions "
by injury severity in the linked STATS19 and HES data:
England 2001-2010

,,MAIS,,,,Total
,,1,2,3+,Unknown/unoded,Total
Body Region,Head,"22,515","6,277","7,679","11,026","47,497"
,Neck,"3,590","1,884","1,115","2,015","8,604"
,Thorax,"3,937","8,103","3,983","1,056","17,079"
,Arm,"5,435","19,889","2,819","1,450","29,593"
,Leg,"5,653","24,292","14,620","1,491","46,056"
,Lower back,"3,618","8,161","1,513","2,843","16,135"
,Multiple,817,504,162,194,"1,677"
,All body regions,"45,967","69,187","31,935","20,324","167,413"

Injury Type,Superficial,"17,081",437,93,246,"17,857"
,Dislocation/sprain/strain,"2,740","1,790",316,152,"4,998"
,Open wound,"16,965","1,959",389,420,"19,733"
,Fracture,"3,928","58,473","22,240","1,396","86,037"
,Organ injury,147,"3,677","7,830",320,"11,974"
,All injury types,"45,967","69,187","31,935","20,395","167,484"


Telephone: 020 7944 6595,,,,,,
Email: roadacc.stats@dft.gsi.gov.uk,,,,,,
Notes and definitions on STATS19 see: http://www.dft.gov.uk/statistics/series/road-accidents-and-safety/,,,,,,
"Source: STATS19,  Hospital Episode Statistics (HES), The NHS Information Centre for health and social care.",,,,,,
Last updated: 27 September 2012,,,,,,
Next update: September 2013,,,,,,

"Copyright � 2012, The Health and Social Care Information Centre. All Rights Reserved.",,,,,,
