Department for Transport statistics,,,,,,,,,,,,,,,
http://www.dft.gov.uk/statistics/releases/road-accidents-and-safety-annual-report-2011/,,,,,,,,,,,,,,,
Table RAS50009: Vehicles with speed factors reported by vehicle type1:,,,,,,,,,,,,,,,
GB 2011,,,,,,,,,,,,,,,
,,,,,,,,,,,,,,,
,,,,,,,,,,,,,,,Number/ percentage
,,Motorcycles,,,Cars,,,Light goods vehicles,,,Heavy goods vehicles,,,All vehicles2,
Contributory factor attributed to vehicle,,Number,Per cent,,Number,Per cent,,Number,Per cent,,Number,Per cent,,Number,Per cent
Exceeding speed limit,,837,5,,"4,472",3,,213,2,,45,1,,"5,645",3
Travelling too fast for conditions3,,922,5,,"5,981",4,,364,4,,151,3,,"7,859",4
Exceeding speed limit or travelling too fast for conditions,,"1,759",10,,"10,453",6,,577,6,,196,3,,"13,504",6
All vehicles in accidents,,"18,156",100,,"162,616",100,,"10,134",100,,"5,984",100,,"217,025",100
1 Includes vehicles in accidents where a police officer attended the scene and in which a contributory factor was reported.,,,,,,,,,,,,,,,
2 Includes other vehicle types.,,,,,,,,,,,,,,,
3 Excluding vehicles which had exceeding the speed limit reported as a contributory factor.,,,,,,,,,,,,,,,
,,,,,,,,,,,,,,,

Telephone: 020 7944 6595,,,,,,,,,,,,,,
Email: roadacc.stats@dft.gsi.gov.uk,,,,,,,,,,,,,,
Notes and definitions on STATS19 see: http://www.dft.gov.uk/statistics/series/road-accidents-and-safety/,,,,,,,,,,,,,,
Source: STATS19,,,,,,,,,,,,,,
Last updated: 27 September 2012,,,,,,,,,,,,,,
Next update: September 2013,,,,,,,,,,,,,,

The figures in this table are National Statistics,,,,,,,,,,,,,,
,,,,,,,,,,,,,,
,,,,,,,,,,,,,,
,,,,,,,,,,,,,,
,,,,,,,,,,,,,,
,,,,,,,,,,,,,,
