Department for Transport statistics,,,,,,,,,,,,,
http://www.dft.gov.uk/statistics/releases/road-accidents-and-safety-annual-report-2011/,,,,,,,,,,,,,
RAS51011,,,,,,,,,,,,,
"Estimated number of reported drink drive accidents and casualties, by month: Great Britain 2010",,,,,,,,,,,,,

,,,,,,,,,,,,,Accidents/casualties
,,Jan,Feb,Mar,Apr,May,June,July,Aug,Sep,Oct,Nov,Dec
Accidents,,380,500,530,530,660,590,570,610,520,710,580,440
Casualties,,530,740,750,790,970,840,810,920,820,"1,040",830,660

Telephone: 020 7944 6595,,,,,,,,,,,,,
Email: roadacc.stats@dft.gsi.gov.uk,,,,,,,,,,,,,
A note on methodology can be found at:  http://assets.dft.gov.uk/statistics/releases/road-accidents-and-safety-drink-drive-estimates-2011/methodology-notes-drink-drive.pdf,,,,,,,,,,,,,

Notes and definitions see: http://www.dft.gov.uk/statistics/series/road-accidents-and-safety/,,,,,,,,,,,,,
"Source: STATS19, Coroners and Procurators Fiscal",,,,,,,,,,,,,
Last updated: 27 September 2012
Next update: September 2013

The figures in this table are National Statistics
