Department for Transport statistics,,,,,,,,,,,,,,,
http://www.dft.gov.uk/statistics/releases/road-accidents-and-safety-annual-report-2011/,,,,,,,,,,,,,,,
Table RAS50010,,,,,,,,,,,,,,,
Percentage of vehicles with selected contributory factors which also had a speed factor reported:,,,,,,,,,,,,,,,
GB 2011,,,,,,,,,,,,,,,

,,,,,,,,,,,,,,,
,,Percentage of vehicles a the following speed factors,,,,,,,,,,,,,
Contributory factor attributed to vehicle1,,Exceeding speed limit,Travelling too fast for conditions,,,,,,,,,,,,

All vehicles,,3%,4%,,,,,,,,,,,,
Spray from other vehicles,,1%,16%,,,,,,,,,,,,
"Rain, sleet, snow, or fog",,2%,14%,,,,,,,,,,,,
"Deposit on road (eg. oil, mud, chippings)",,3%,14%,,,,,,,,,,,,
Slippery road (due to weather),,5%,22%,,,,,,,,,,,,
Poor or defective road surface,,4%,12%,,,,,,,,,,,,
"Road layout (eg. bend, winding road, hill crest)",,5%,11%,,
"Road layout (eg. bend, hill, narrow carriageway)",,7%,18%,,
Learner or inexperienced driver/rider,,7%,11%,,
Loss of control,,10%,15%,,
"Tyres illegal, defective or under inflated",,10%,11%,,
Driver using mobile phone,,8%,7%,,
Traffic calming (eg. speed cushions/road humps/chicanes),,9%,11%,,
Disobeyed double white lines,,12%,12%,,
Impaired by alcohol,,14%,7%,,
Impaired by drugs (illicit or medicinal),,17%,7%,,
Vehicle in course of crime,,21%,6%,,
Aggressive driving,,20%,8%,,
Stolen vehicle,,19%,6%,,
1 Includes vehicles in accidents where a police officer attended the scene and in which at least one contributory factor was reported.,,,,,


Telephone: 020 7944 6595,,,,,,,,,,,,
Email: roadacc.stats@dft.gsi.gov.uk,,,,,,,,,,,,
Notes and definitions on STATS19 see: http://www.dft.gov.uk/statistics/series/road-accidents-and-safety/,,,,,,,,,,,,
Source: STATS19,,,,,,,,,,,,
Last updated: 27 September 2012,,,,,,,,,,,,
Next update: September 2013,,,,,,,,,,,,

The figures in this table are National Statistics,,,,,,,,,,,,
