Department for Transport statistics,,,,,,
http://www.dft.gov.uk/statistics/releases/road-accidents-and-safety-annual-report-2011/,,,,,,
RAS51010,,,,,,
"Estimated number of reported road accidents involving a car drink driver, by driver age, accidents per licence holder and per mile driven: GB 2000 and 2010",,,,,,



,,,,,,Number
,Car driver drink drive accidents,,Drink drive accidents per 100 thousand licence holders,,Drink drive accidents per billion miles driven,
,2000,2010,2000 1,2010,2000 1,2010
Under 17,80,10,..,..,..,..
17 - 192,"1,060",500,76,32,326,121
20 - 24,"2,150","1,370",76,42,156,118
25 - 29,"1,790","1,010",52,30,77,52
30 - 34,"1,480",720,37,22,50,33
35 - 39,"1,180",600,35,16,38,20
40 - 49,"1,430",920,21,12,25,14
50 - 59,750,470,13,7,17,9
60 or over,360,300,5,3,11,6
All ages 3,"10,440","5,970",30,15,44,24
1 Based on NTS 1999-2001 average,,,,,,"Source: National Travel Survey, STATS19"
2 Figures based on a small NTS sample.,,,,,,
3 Includes age not known.,,,,,,

Telephone: 020 7944 6595,,,,,,
Email: roadacc.stats@dft.gsi.gov.uk,,,,,,
A note on methodology can be found at:  http://assets.dft.gov.uk/statistics/releases/road-accidents-and-safety-drink-drive-estimates-2011/methodology-notes-drink-drive.pdf,,,,,,

Notes and definitions see: http://www.dft.gov.uk/statistics/series/road-accidents-and-safety/,,,,,,
"Source: STATS19, Coroners and Procurators Fiscal",,,,,,
Last updated: 27 September 2012,,,,,,
Next update: September 2013,,,,,,
