Department for Transport statistics,,,,,,,,,
http://www.dft.gov.uk/statistics/releases/road-accidents-and-safety-annual-report-2011/,,,,,,,,,
RAS51009,,,,,,,,,
Blood alcohol levels of reported fatalities aged 16 and over: GB 2010,,,,,,,,,
,,,,,,,,,Percentage
,Cumulative percentage over blood alcohol levels (mg/100ml),,,,,,,Percentage over 80mg/100ml                           time of accident,
,Below limit,,Above limit,,,,Sample,22:00- 03:59,04:00- 21:59
,9,50,80,100,150,200,size,,

Motorcycle riders,19,10,8,7,7,4,270,43,6
Car drivers,29,24,23,21,15,6,389,58,13
Other vehicle drivers/riders,26,18,18,18,13,8,39,18,18
Passengers,36,32,29,21,10,5,97,44,19
Pedestrians,49,44,43,41,34,27,176,70,25
Cyclists,23,17,13,12,6,4,52,71,4
,,,,,,,,,Source: Coroners and Procurators Fiscal only

Telephone: 020 7944 6595
Email: roadacc.stats@dft.gsi.gov.uk
A note on methodology can be found at:  http://assets.dft.gov.uk/statistics/releases/road-accidents-and-safety-drink-drive-estimates-2011/methodology-notes-drink-drive.pdf

Notes and definitions see: http://www.dft.gov.uk/statistics/series/road-accidents-and-safety/
"Source: STATS19, Coroners and Procurators Fiscal"
Last updated: 27 September 2012
Next update: September 2013

The figures in this table are National Statistics
