"RAS51104: Percentage reporting driving whilst under the influence of illegal drugs at least once in last 12 months, by sex and age (2009/10 and 2010/11)",,,,,


,,,,,Numbers / percentages

,,Unweighted base for 2009/10,Unweighted base for 2010/11,2009/10 ,2010/11

All adults,,1211,611,17%,19%

Males,,845,435,19%,21%
Females,,366,176,12%,16%

Age 16-19,,124,53,16%,23%
Age 20-24,,190,102,18%,19%
Age 25-29,,219,110,15%,18%
Age 30-39,,384,201,16%,17%
Age 40-49,,197,100,23%,25%
Age 50-59,,97,45,20%,20%


Base: Respondents who have both taken an illegal drug within the last 12 months AND driven within the last 12 months. NB. Base numbers are low for ages 16-19 and 50-59 in 2010/11 and data should be interpreted with care. ,,,,,

Email: ROADSAFETY.RESEARCH@dft.gsi.gov.uk,,,,,
Further information on the Crime Survey for England and Wales can be found at: ,,,,,
http://www.homeoffice.gov.uk/science-research/research-statistics/crime/crime-statistics/british-crime-survey/,,,,,

Last updated: 27 September 2012,,,,,
Next update: September 2013,,,,,
