Department for Transport statistics,,,,,,,,,
http://www.dft.gov.uk/statistics/releases/road-accidents-and-safety-annual-report-2011/,,,,,,,,,
RAS55008,,,,,,,,,
HES emeregncy road traffic admissions ,,,,,,,,,
and STATS 19 seriously injured road casualties:,,,,,,,,,
England 2006 - 2011,,,,,,,,,

Please note: figures are not directly comparable (see article on Hospital admissions data on road casualties),,,,,,,,,

,,,,,,,,,Number (thousands)/percentage
,,,,,,,,,Change from:
,,2006,2007,2008,2009,2010,2011P,2006,2010
Hospital Episode Statistics: Emergency admissions 1,,,,,,,,,
All admissions 2,,"4,579.00","4,626.60","4,826.70","5,055.50","5,155.60","5,136.90",12.2,-0.4
"All injury admissions 2, 3",,794.8,825,862.8,945,989.5,1009,27,2
All road traffic accident admissions,,,,,,,,,
,All road casualties,40.5,40.3,38,38.8,37.7,38.6,-4.8,2.4
,Pedestrians,7.7,7.8,7.4,7.2,7.3,7.5,-2.1,2.7
,Pedal cyclists,6.8,6.9,6.9,7.6,8.1,9,32,11.1
,Motorcyclists,7.3,7.4,6.7,6.8,5.4,5.8,-20.8,7.4
,Car occupants,14.9,14.5,13.7,13.9,13.9,13.4,-10.3,-3.6
,Male 4,28.1,28,25.9,26.6,25.4,26.2,-6.6,3.1
,  0-15 years,4.4,4.3,3.8,4,4.4,4.5,1.4,2.3
,  16-64 years,21.4,21.3,19.6,20,18.3,18.8,-12,2.7
,  65+ years,2.2,2.4,2.4,2.6,2.7,3,33.9,11.1
,Female 4,12.5,12.4,12.1,12.2,12.2,12.2,-2.2,0
,  0-15 years,2,1.9,1.7,1.6,1.8,1.9,-5,5.6
,  16-64 years,7.7,7.8,7.5,7.5,7.1,6.9,-10.5,-2.8
,  65+ years,2.8,2.7,2.9,3,3.3,3.4,22.7,3
Road traffic accident admissions for episodes of 2 or more days,,,,,,,,,
,All road casualties,18.4,18.2,16.5,16.2,14.6,15.5,-15.7,6.2
,Pedestrians,3.9,3.9,3.7,3.5,3.3,3.5,-9.6,6.1
,Pedal cyclists,2.6,2.6,2.5,2.8,2.6,2.9,10.3,11.5
,Motorcyclists,4.2,4.2,3.7,3.7,2.8,3,-28.6,7.1
,Car occupants,6.1,5.9,5.2,5,4.7,4.8,-20.8,2.1
,Male 4,12.8,12.8,11.4,11.2,9.8,10.5,-18.2,7.1
,  0-15 years,1.5,1.4,1.2,1.2,1.2,1.2,-18.4,0
,  16-64 years,10.2,10.1,9,8.7,7.4,7.9,-22.3,6.8
,  65+ years,1.2,1.3,1.3,1.3,1.2,1.4,16.7,16.7
,Female 4,5.5,5.4,5.1,5,4.8,5,-9.7,4.2
,  0-15 years,0.7,0.6,0.5,0.5,0.5,0.5,-23.1,0
,  16-64 years,3.3,3.3,3,2.9,2.6,2.7,-18.2,3.8
,  65+ years,1.6,1.6,1.6,1.6,1.7,1.8,13.2,5.9
STATS19: Seriously injured casualties,,,,,,,,,
,All road casualties,24.9,24.2,22.3,21.3,19.7,20.1,-19.1,2
,Pedestrians,5.5,5.5,5.2,4.8,4.6,4.7,-13.8,3.3
,Pedal cyclists,2.1,2.2,2.2,2.4,2.5,2.8,33.3,13.8
,Motorcyclists,5.3,5.6,4.9,4.8,4.2,4.7,-11.5,10.8
,Car occupants,10.8,9.8,8.8,8.4,7.5,7,-34.9,-7.2
,Male 4,17.4,16.9,15.4,14.9,13.5,14.1,-18.9,4.6
,  0-15 years,1.7,1.7,1.5,1.5,1.4,1.3,-24,-5.1
,  16-64 years,14.2,13.8,12.6,12.1,10.9,11.5,-19.1,6
,  65+ years,1.1,1.1,1.1,1.1,1,1.2,6.2,15.4
,Female 4,7.5,7.4,6.9,6.5,6.2,6,-19.7,-3.5
,  0-15 years,0.9,0.9,0.8,0.7,0.8,0.7,-25.5,-6.7
,  16-64 years,5.2,5.1,4.7,4.4,4.2,4,-22.6,-4.1
,  65+ years,1.2,1.2,1.2,1.2,1.2,1.2,-1.6,0.8
P Provisional data. HES data for the 2011/12 financial year is provisional. All STATS19 data is final.,,,,,,,,,
1 Finished inpatient admission episodes excluding in-hospital deaths.,,,,,,,,,
2 Figures may be slightly different to previously published,,,,,,,,,
3 Episodes with an external cause of injury recorded (ICD-10 codes V01 to Y98).,,,,,,,,,
4 Includes cases where age is not recorded.,,,,,,,,,


Telephone: 020 7944 6595
Email: roadacc.stats@dft.gsi.gov.uk
Notes and definitions on STATS19 see: http://www.dft.gov.uk/statistics/series/road-accidents-and-safety/
"Source: STATS19,  Hospital Episode Statistics (HES), The NHS Information Centre for health and social care."
Last updated: 27 September 2012
Next update: September 2013

"Copyright � 2012, The Health and Social Care Information Centre. All Rights Reserved."
