Department for Transport statistics,,,,,,,,,,
http://www.dft.gov.uk/statistics/releases/road-accidents-and-safety-annual-report-2011/,,,,,,,,,,
RAS51014,,,,,,,,,,
Drivers and riders in injury road accidents: breath tests and failures: GB 2002 - 2011,,,,,,,,,,

,,,,,,,,,,Number/Percentage
,2002,2003,2004,2005,2006,2007,2008,2009,2010,2011
a. Total involved,"390,479","374,278","362,543","348,982","331,307","318,185","294,621","280,936","263,417","256,101"
b. Total tests requested,"196,253","187,292","183,999","183,239","179,290","179,572","162,994","151,933","141,264","138,650"
c. Total failed,"8,104","8,151","7,430","7,116","6,595","6,279","5,521","5,129","4,288","4,366"
Testing rate (b/a x 100),50,50,51,53,54,56,55,54,54,54
Test failure rate (c/b x 100),4.1,4.4,4,3.9,3.7,3.5,3.4,3.4,3,3.1
Total failure rate (c/a x 100),2.1,2.2,2,2,2,2,1.9,1.8,1.6,1.7
,,,,,,,,,,Source: STATS19

Telephone: 020 7944 6595,,,,,,,,,,
Email: roadacc.stats@dft.gsi.gov.uk
A note on methodology can be found at:  http://assets.dft.gov.uk/statistics/releases/road-accidents-and-safety-drink-drive-estimates-2011/methodology-notes-drink-drive.pdf

Notes and definitions see: http://www.dft.gov.uk/statistics/series/road-accidents-and-safety/
"Source: STATS19, Coroners and Procurators Fiscal"
Last updated: 27 September 2012
Next update: September 2013

The figures in this table are National Statistics
