Department for Transport statistics,,,,,,,,,,
http://www.dft.gov.uk/statistics/releases/road-accidents-and-safety-annual-report-2011/,,,,,,,,,,
RAS51019,,,,,,,,,,
"Estimated number of reported drink drive accidents and casualties, by region: GB 2010",,,,,,,,,,

,Accidents,,,,,Casualties,,,,
,Fatal,Serious,Slight,Total,,Killed,Seriously injured,Killed or seriously injured,Slightly injured,Total
North East,10,50,240,300,,10,60,70,370,440
North West,30,120,580,740,,30,150,190,930,"1,120"
Yorkshire & the Humber,20,90,380,490,,20,110,130,590,720
East Midlands,20,100,520,640,,30,130,160,770,930
West Midlands,10,90,660,760,,10,100,110,980,"1,090"
East,10,130,570,720,,20,150,170,870,"1,040"
South East,40,150,890,"1,090",,50,190,240,"1,320","1,560"
London,10,40,320,370,,10,50,60,470,530
South West,20,80,500,610,,30,110,130,770,900
England,180,850,"4,660","5,700",,200,"1,050","1,250","7,080","8,320"
Wales,20,50,320,390,,20,80,100,520,620
Scotland,20,80,440,530,,20,120,140,610,750
Total,220,990,"5,420","6,620",,240,"1,250","1,490","8,210","9,700"

Telephone: 020 7944 6595,,,,,,,,,,
Email: roadacc.stats@dft.gsi.gov.uk,,,,,,,,,,
A note on methodology can be found at:  http://assets.dft.gov.uk/statistics/releases/road-accidents-and-safety-drink-drive-estimates-2011/methodology-notes-drink-drive.pdf,,,,,,,,,,

Notes and definitions see: http://www.dft.gov.uk/statistics/series/road-accidents-and-safety/,,,,,,,,,,
"Source: STATS19, Coroners and Procurators Fiscal",,,,,,,,,,
Last updated: 27 September 2012,,,,,,,,,,
Next update: September 2013,,,,,,,,,,

The figures in this table are National Statistics,,,,,,,,,,
