Department for Transport statistics,,,,,,,,,,,,,
http://www.dft.gov.uk/statistics/releases/road-accidents-and-safety-annual-report-2011,,,,,,,,,,,,,
Table RAS51021,,,,,,,,,,,,,
"Reported motorcyclist breath tests and failure rates by age, Great Britain: 2011",,,,,,,,,,,,,
,,,,,,,Number/percentage,,,,,,
,,                   All motorcyclists                         ,,,,      Percentage failure      ,,,,,,,
,,Number involved in accidents,Number tested,Number of failures,,Motorcyclists,All motor vehicles (inc. motorcyclists),,,,,,
  Under 16,,41,12,0,,0.0,7.4,,,,,,
  16-19   ,,"4,513","2,510",36,,1.4,3.3,,,,,,
  20-24   ,,"3,021","1,590",65,,4.1,5.3,,,,,,
  25-29,,"2,224","1,154",36,,3.1,4.5,,,,,,
  30-34   ,,"1,901",892,27,,3.0,4.0,,,,,,
  35-39,,"1,780",889,24,,2.7,3.2,,,,,,
  40-49,,"3,865","2,003",46,,2.3,2.5,,,,,,
  50-59   ,,"2,073","1,129",11,,1.0,1.9,,,,,,
  60-69   ,,729,401,2,,0.5,1.4,,,,,,
  70 and over,,185,98,0,,0.0,1.0,,,,,
All ages1,,"21,059","10,785",251,,2.3,3.2,,,,,
1. Includes tests were the age was not known,,,,,,,,,,,,
,,,,,,,,,,,,
Telephone: 020 7944 6595,,,,,,,"Source: Road Accident Statistics, DfT",,,,,
Email�: roadacc.stats@dft.gov.uk,,,,,,,Last updated: 27 Spetember 2012,,,,,
Notes & Definitions,,,,,,,Next update: September 2013,,,,,
,,,,,,,,,,,,
The figures in this table are National Statistics,,,,,,,,,,,,
,,,,,,,,,,,,
,,,,,,,,,,,,
