Department for Transport statistics,,,,,,,,,,,,,,
http://www.dft.gov.uk/statistics/releases/road-accidents-and-safety-annual-report-2011/,,,,,,,,,,,,,,
Table RAS50008,,,,,,,,,,,,,,
Speed as a contributory factor: Reported accidents and casualties by severity1:,,,,,,,,,,,,,,
GB 2011,,,,,,,,,,,,,,
,,,,,,,,,,,,,,
,,,,,,,,,,,,Number/ percentage,,
,,,Accidents,,,,,,,,,,,
,,Fatal,,,Serious,,,Slight,,,Total,,,
Contributory factor in accident,,Number,Per cent,,Number,Per cent,,Number,Per cent,,Number,Per cent,,
Exceeding speed limit,,213,13,,"1,095",6,,"4,268",4,,"5,576",5,,
Travelling too fast for conditions2,,155,9,,"1,260",7,,"6,254",6,,"7,669",6,,
Exceeding speed limit or travelling too fast for conditions,,368,22,,"2,355",13,,"10,522",11,,"13,245",11,,
,,,,,,,,,,,,,,
Total number of accidents,,"1,663",100,,"18,391",100,,"98,349",100,,"118,403",100,,
,,,Casualties,,,,,,,,,,,
,,Killed,,,Seriously injured,,,Slightly injured,,,Total,
Contributory factor in accident,,Number,Per cent,,Number,Per cent,,Number,Per cent,,Number,Per cent
Exceeding speed limit,,242,14,,"1,378",7,,"7,252",5,,"8,872",5
Travelling too fast for conditions2,,163,9,,"1,484",7,,"10,132",7,,"11,779",7
Exceeding speed limit or travelling too fast for conditions,,405,23,,"2,862",14,,"17,384",12,,"20,651",13
,,,,,,,,,,,,
Total number of casualties,,"1,752",100,,"20,396",100,,"142,198",100,,"164,346",100
1 Includes accidents and casualties in accidents where a police officer attended the scene and a contributory factor was reported.,,,,,,,,,,,,
2 Excluding accidents and casualties in accidents which had exceeding the speed limit reported as a contributory factor. These figures will therefore differ from those shown in other tables in this article.,,,,,,,,,,,,
,,,,,,,,,,,,


Telephone: 020 7944 6595,,,,,,,,,,,,
Email: roadacc.stats@dft.gsi.gov.uk,,,,,,,,,,,,
Notes and definitions on STATS19 see: http://www.dft.gov.uk/statistics/series/road-accidents-and-safety/,,,,,,,,,,,,
Source: STATS19,,,,,,,,,,,,
Last updated: 27 September 2012
Next update: September 2013

The figures in this table are National Statistics
