Department for Transport statistics,,,,
http://www.dft.gov.uk/statistics/releases/road-accidents-and-safety-annual-report-2011/,,,,
RAS51013,,,,
Reported drink drive accidents by pedestrian involvement: GB 2010,,,,

,,,,Number
Pedestrians involved,Number of vehicles involved,,,Total
,1,2,3 or more,
No ,"1,847","1,783",544,"4,174"
Yes,155,28,8,191
Total,"2,002","1,811",552,"4,365"

Telephone: 020 7944 6595,,,,
Email: roadacc.stats@dft.gsi.gov.uk,,,,
A note on methodology can be found at:  http://assets.dft.gov.uk/statistics/releases/road-accidents-and-safety-drink-drive-estimates-2011/methodology-notes-drink-drive.pdf,,,,

Notes and definitions see: http://www.dft.gov.uk/statistics/series/road-accidents-and-safety/
"Source: STATS19, Coroners and Procurators Fiscal"
Last updated: 27 September 2012
Next update: September 2013

The figures in this table are National Statistics
