Department for Transport statistics,,,,,,,,,,,,
http://www.dft.gov.uk/statistics/releases/road-accidents-and-safety-annual-report-2011/,,,,,,,,,,,,
RAS51006,,,,,,,,,,,,
Drivers and riders killed: percentage over the legal blood alcohol limit: GB 2001 - 2011,,,,,,,,,,,,

,,,,,,,,,,,,Percentage
,Motorcycle riders,,,,,,Cars and other motor vehicles,,,,,All
Year/ Age,16-19,20-29,30-39,40+,Total,,16-19,20-29,30-39,40+,Total,
2001,11,14,12,1,10,,18,35,25,14,22,18
2002,27,15,10,2,11,,18,31,37,14,19,19
2003,10,20,12,8,13,,18,33,28,12,19,19
2004,19,19,13,10,14,,26,31,32,16,25,21
2005,26,11,13,11,13,,25,33,33,13,24,20
2006,8,18,12,9,13,,25,36,31,17,26,22
2007,18,17,7,8,11,,18,31,31,13,22,18
2008,9,9,12,7,9,,23,36,35,13,24,19
2009,7,17,5,12,11,0,25,39,33,13,25,20
2010,11,15,15,2,8,0,19,34,36,12,22,17
2011 p,      18(1),,      10(2),,12,,8,42,25,11,21,18
,,,,,,,,,,,,Source: Coroners and Procurators Fiscal only
P - Provisional data. The sample size for 2011 is not yet sufficient to give a full age breakdown.,,,,,,,,,,,,
1 Age 16-29,,,,,,,,,,,,
2 Age 30+,,,,,,,,,,,,

Telephone: 020 7944 6595,,,,,,,,,,,,
Email: roadacc.stats@dft.gsi.gov.uk,,,,,,,,,,,,
A note on methodology can be found at:  http://assets.dft.gov.uk/statistics/releases/road-accidents-and-safety-drink-drive-estimates-2011/methodology-notes-drink-drive.pdf,,,,,,,,,,,,

Notes and definitions see: http://www.dft.gov.uk/statistics/series/road-accidents-and-safety/,,,,,,,,,,,,
"Source: STATS19, Coroners and Procurators Fiscal",,,,,,,,,,,,
Last updated: 27 September 2012,,,,,,,,,,,,
Next update: September 2013,,,,,,,,,,,,

The figures in this table are National Statistics
