Department for Transport statistics,,,,,,,,,,,,
http://www.dft.gov.uk/statistics/releases/road-accidents-and-safety-annual-report-2011/,,,,,,,,,,,,
RAS55009,,,,,,,,,,,,
Results of linking STATS 19 and HES data: ,,,,,,,,,,,,
England 2001-2010,,,,,,,,,,,,


,,,,,,,,,,,,Number (thousands)/percentage
,,2001,2002,2003,2004,2005,2006,2007,2008,2009,2010,2001-10
STATS19 serious,Linked records,10.3,10,9.9,10,10.3,10.3,10.8,10,10.1,9.3,101
,Total records,32.2,31.3,29.3,27.1,25.2,24.8,24.2,22.2,21.3,19.7,257.3
,% Matched,32,32,33.9,37.1,41,41.5,44.7,44.9,47.2,47,39
STATS19 slight,Linked records,6.8,6.5,7.1,7.6,8.2,8,8,7.5,8,7.4,74.9
,Total records,244.6,234.8,225.6,219,212.1,200.8,192.7,179.6,173.4,164.1,"2,046.70"
,% Matched,2.8,2.8,3.1,3.5,3.9,4,4.1,4.2,4.6,5,4
"STATS19
all injuries",Linked records,17.1,16.5,17,17.6,18.6,18.3,18.8,17.5,18,16.7,176
,Total records,276.8,266,254.9,246.1,237.3,225.6,217,201.8,194.7,183.8,"2,303.90"
,% Matched,6.2,6.2,6.7,7.2,7.8,8.1,8.7,8.7,9.3,9,8
Hospital road transport admissions1,Linked records,17.1,16.5,17,17.6,18.6,18.3,18.8,17.5,18,16.7,176
,Total records,50.1,49.6,53,54.3,57.9,56.8,56.5,56.3,60,57.6,552.1
,% Matched,34.1,33.2,32,32.4,32.1,32.2,33.2,31.1,30.1,29,32
"1 The total number of records relates to files provided by the NHS Information Centre, and includes all road transport accidents, including those ",,,,,,,,,,,,
recorded as non-traffic accidents. Some cleaning of the data was carried out prior to matching and this means that totals will be different from,,,,,,,,,,,,
HES figures published elsewhere.,,,,,,,,,,,,

Telephone: 020 7944 6595,,,,,,,,,,,,
Email: roadacc.stats@dft.gsi.gov.uk,,,,,,,,,,,,
Notes and definitions on STATS19 see: http://www.dft.gov.uk/statistics/series/road-accidents-and-safety/,,,,,,,,,,,,
"Source: STATS19,  Hospital Episode Statistics (HES), The NHS Information Centre for health and social care.",,,,,,,,,,,,
Last updated: 27 September 2012,,,,,,,,,,,,
Next update: September 2013,,,,,,,,,,,,

"Copyright � 2012, The Health and Social Care Information Centre. All Rights Reserved."
