Department for Transport statistics,,,,,,,,,,,,,,,,,,
http://www.dft.gov.uk/statistics/releases/road-accidents-and-safety-annual-report-2011/,,,,,,,,,,,,,,,,,,
Table RAS50002,,,,,,,,,,,,,,,,,,
Contributory factors of reported accidents1: GB 2007-2011 comparison,,,,,,,,,,,,,,,,,,
,,,,,,,,,,,,,,,,,,
,,,,,,,,,,,,,,Number/percentage,,,,
,2007,,,2008,,,2009,,,2010,,,2011,,,,,
Contributory factor reported in accident2,Number,Per cent,,Number,Per cent,,Number,Per cent,,Number,Per cent,,Number,Per cent,,,,
Failed to look properly,"49,533",35,,"48,035",37,,"48,313",38,,"48,272",40,,"49,253",42,,,,
Failed to judge other person's path or speed,"26,671",19,,"25,343",19,,"26,176",20,,"25,577",21,,"25,410",21,,,,
"Careless, reckless or in a hurry","23,354",17,,"20,237",15,,"19,265",15,,"18,803",16,,"19,328",16,,,,
Loss of control,"20,540",15,,"19,581",15,,"19,190",15,,"18,029",15,,"16,988",14,,,,
Poor turn or manoeuvre,"19,424",14,,"18,003",14,,"17,402",14,,"15,969",13,,"16,568",14,,,,
Pedestrian failed to look properly,"13,253",9,,"12,715",10,,"12,084",9,,"11,917",10,,"11,469",10,,,,
Slippery road (due to weather),"13,514",10,,"14,066",11,,"14,382",11,,"14,155",12,,"9,498",8,,,,
Sudden braking,"9,990",7,,"9,292",7,,"9,740",8,,"8,909",7,,"8,774",7,,,,
Travelling too fast for conditions,"13,856",10,,"12,282",9,,"11,479",9,,"10,011",8,,"8,665",7,,
Following too close,"8,853",6,,"8,196",6,,"8,315",6,,"8,397",7,,"7,983",7,,
Total number of accidents1,"140,361",100,,"131,592",100,,"128,185",100,,"120,827",100,,"118,403",100,,
,,,,,,,,,,,,,,,,
1 Includes only accidents where a police officer attended the scene and in which a contributory factor was reported.,,,,,,,,,,,,,,,,
2 Includes only the ten most frequently reported contributory factors. Factors not shown may also have been reported.,,,,,,,,,,,,,,,,
,,,,,,,,,,,,,,,,
,,,,,,,,,,,,,,,,
Telephone: 020 7944 6595,,,,,,,,,,,,,,,,
Email: roadacc.stats@dft.gsi.gov.uk,,,,,,,,,,,,,,,,
Notes and definitions on STATS19 see: http://www.dft.gov.uk/statistics/series/road-accidents-and-safety/,,,,,,,,,,,,,,,,
Source: STATS19,,,,,,,,,,,,,,,,
Last updated: 27 September 2012,,,,,,,,,,,,,,,,
Next update: September 2013,,,,,,,,,,,,,,,,
,,,,,,,,,,,,,,,,
The figures in this table are National Statistics,,,,,,,,,,,,,,,,
