RAS51103: Reported drug driving (2009/10 and 2010/11),,,

,,,Percentages
,,,
,,"In the last 12 months how often, if at all, have you driven when you think you may have been affected by or under the influence of illegal drugs?",
,,2009/10,2010/11
,,,
Every day/almost every day,,1%,1%
A few times a week,,2%,2%
Once or twice a week,,1%,1%
Once or twice a month,,3%,4%
Once every couple of months,,1%,2%
Once or twice in the last 12 months,,9%,9%
Not at all,,83%,80%
,,,
"Base: Respondents who have both taken an illegal drug within the last 12 months AND driven within the last 12 months (unweighted bases: 2009/10 = 1211, 2010/11 = 611)",,,

Email: ROADSAFETY.RESEARCH@dft.gsi.gov.uk
Further information on the Crime Survey for England and Wales can be found at: 
http://www.homeoffice.gov.uk/science-research/research-statistics/crime/crime-statistics/british-crime-survey/

Last updated: 27 September 2012
Next update: September 2013
