Department for Transport statistics,,,,,,,,,,,,,,
http://www.dft.gov.uk/statistics/releases/road-accidents-and-safety-annual-report-2011/,,,,,,,,,,,,,,
RAS55011,,,,,,,,,,,,,,
Road casualties by MAIS group for linked STATS19 and HES data:,,,,,,,,,,,,,,
England 2001-2010,,,,,,,,,,,,,,
,,,,,,,,,,,,,,
,,,,,,,,,,,,,,
,,,,,Percentage/ Number,,,,,,,,,
MAIS code ,Pedestrians,Pedal cyclists,Motorcycle users,Car occupants,All road users 1,,,,,,,,,
1,25.8,29.0,15.3,30.5,26.2,,,,,,,,,
2,41.7,39.0,51.3,33.2,39.4,,,,,,,,,
3+,19.0,18.5,24.7,14.7,18.2,,,,,,,,,
Total number of casualites 2 ,"45,770","13,992","34,150","77,754","175,844",,,,,,,,,
1 include other road user types including cases where road user type is now known,,,,,,,,,,,,,,
2 include cases where the AIS is unknown or uncoded. ,,,,,,,,,,,,,,
,,,,,,,,,,,,,,

Telephone: 020 7944 6595,,,,,,,,,,,,
Email: roadacc.stats@dft.gsi.gov.uk,,,,,,,,,,,,
Notes and definitions on STATS19 see: http://www.dft.gov.uk/statistics/series/road-accidents-and-safety/,,,,,,,,,,,,
"Source: STATS19,  Hospital Episode Statistics (HES), The NHS Information Centre for health and social care.",,,,,,,,,,,,
Last updated: 27 September 2012,,,,,,,,,,,,
Next update: September 2013,,,,,,,,,,,,
,,,,,,,,,,,,
"Copyright � 2012, The Health and Social Care Information Centre. All Rights Reserved.",,,,,,,,,,,,
