"RAS50014: Two vehicle accidents in which a driver or rider had ""failed to look",,,,,,,,,,,,,
"properly"" as a contributory factor: GB 2011",,,,,,,,,,,,,
,,,,,,,,,,,,,
,,,,,,,,,,,,,"Percentage of drivers who ""failed to look properly"""
,Vehicle 2,HGV,,LGV,,Bus or Coach,,Car,,Motorcycle,,Pedal cycle,
Vehicle 1,,,,,,,,,,,,,
Pedal cycle,,,30,,49,,24,,45,,22,16,
,,18,,18,,32,,21,,38,,,
Motorcycle,,,37,,51,,29,,48,16,,,
,,12,,13,,24,,13,,,,,
Car,,,30,,27,,16,25,,,,,
,,15,,19,,32,,,,,,,
Bus or Coach,,,25,,40,24,,,,,,,
,,11,,10,,,,,,,,,
LGV,,,21,26,,,,,,,,,
,,18,,,,,,,,,,Vehicle 2 type,
HGV,,18,,,,,,,,Vehicle 1 type,,,Y
,,,,,,,,,,,,X,
,,,,,,,,,,,,,
,,,,,,,,,,,,,X is the percentage of vehicle 1 type that had failed to look properly as a 
,,,,,,,,,,,,, contributory factor in two vehicle accidents between vehicle type 1 and vehicle type 2.
,,,,,,,,,,,,,Y is the percentage of vehicle 2 type that had failed to look properly as a 
,,,,,,,,,,,,,contributory factor in two vehicle accidents between vehicle type 1 and vehicle type 2.
,,,,,,,,,,,,,
Telephone: 020 7944 6595,,,,,,,,,,,,,
Email: roadacc.stats@dft.gsi.gov.uk,,,,,,,,,,,,,
Notes and definitions on STATS19 see: http://www.dft.gov.uk/statistics/series/road-accidents-and-safety/,,,,,,,,,,,,,
Source: STATS19,,,,,,,,,,,,,
Last updated: 27 September 2012,,,,,,,,,,,,,
Next update: September 2013,,,,,,,,,,,,,
,,,,,,,,,,,,,
The figures in this table are National Statistics,,,,,,,,,,,,,
