Department for Transport statistics,,,,,,,
http://www.dft.gov.uk/statistics/releases/road-accidents-and-safety-annual-report-2011/,,,,,,,
RAS51017,,,,,,,
"Screening test results, by reason for test: 2011",,,,,,,

Reason for test,0 - 4 mcg,5 - 20 mcg,21 - 35 mcg,36 - 50 mcg,51 - 80 mcg,81  mcg +,Total
Moving Traffic Offence,"157,981","12,511","6,193","4,355","5,672","3,629","190,341"
Road Traffic Collision,"152,723","4,374","2,815","2,650","5,214","5,277","173,053"
Suspicion of Alcohol,"69,772","15,687","8,474","6,409","8,836","6,208","115,386"
Other/ unknown,"32,579","1,757","1,554","1,547","1,903","1,344","40,684"
All,"413,055","34,329","19,036","14,961","21,625","16,458","519,464"

Telephone: 020 7944 6595,,,,,,,
Email: roadacc.stats@dft.gsi.gov.uk,,,,,,,
A note on methodology can be found at:  http://assets.dft.gov.uk/statistics/releases/road-accidents-and-safety-drink-drive-estimates-2011/methodology-notes-drink-drive.pdf,,,,,,,

Notes and definitions see: http://www.dft.gov.uk/statistics/series/road-accidents-and-safety/
"Source: STATS19, Coroners and Procurators Fiscal"
Last updated: 27 September 2012
Next update: September 2013

The figures in this table are outside the scope of National Statistics
