Department for Transport statistics,,,,,,,,,,
http://www.dft.gov.uk/statistics/releases/road-accidents-and-safety-annual-report-2011/,,,,,,,,,,
RAS55016,,,,,,,,,,
"Emergency admissions for falls in the street, cyclists in non-traffic accidents ",,,,,,,,,,
and animal riders or occupants of animal drawn vehicles1:,,,,,,,,,,
HES 2011,,,,,,,,,,

,,,,,,,,,,Number/percentage
,,,Falls on the street/highway2,,,Cyclist casualties in non-traffic accidents,,,Animal riders or occupants of animal drawn vehicles,
Age group,Gender,,Number,Per cent,,Number,Per cent,,Number,Per cent
0-15 years,Male,,696,2.6,,"2,221",34.7,,70,1.8
,Female,,424,1.6,,616,9.6,,796,20.8
,Total 3,,"1,120",4.2,,"2,837",44.3,,866,22.7
16-64 years,Male,,"6,373",24.1,,"2,636",41.2,,470,12.3
,Female,,"3,899",14.7,,567,8.9,,"2,358",61.7
,Total 3,,"10,272",38.9,,"3,203",50.1,,"2,828",74
65+ years,Male,,"5,691",21.5,,254,4,,55,1.4
,Female,,"9,353",35.4,,105,1.6,,73,1.9
,Total 3,,"15,044",56.9,,359,5.6,,128,3.4
All ages4,Male,,"12,760",48.3,,"5,111",79.9,,595,15.6
,Female,,"13,676",51.7,,"1,288",20.1,,"3,227",84.4
,Total 3,,"26,436",100,,"6,399",100,,"3,822",100
1 The figures in this table include casualties who died in hospital as well as those discharged alive.,,,,,,,,,,
2 These figures may be under-recorded since the location was unknown in 29.6 per cent of falls.,,,,,,,,,,
3 includes cases where gender was not recorded,,,,,,,,,,
4 Includes cases where age was not recorded.,,,,,,,,,,


Telephone: 020 7944 6595,,,,,,,,,,
Email: roadacc.stats@dft.gsi.gov.uk,,,,,,,,,,
"Source:  Hospital Episode Statistics (HES), The NHS Information Centre for health and social care.",,,,,,,,,,
Last updated: 27 September 2012,,,,,,,,,,
Next update: September 2013

"Copyright � 2012, The Health and Social Care Information Centre. All Rights Reserved."
