Department for Transport statistics,,,,,,,,,,,,
http://www.dft.gov.uk/statistics/releases/road-accidents-and-safety-annual-report-2011/,,,,,,,,,,,,
Table RAS50011: ,,,,,,,,,,,,
Reported accidents and vehicles included in the contributory factor analysis:,,,,,,,,,,,,
GB 2011,,,,,,,,,,,,
,,,,,,,,,,,,
,,,Number/ percentage,,,,,,,,,
Category,"Number included 
in analysis1",Total number in 2011,"Per cent included
 in analysis1",,,,,,,,,
Accidents: severity,,,,,,,,,,,,
Fatal,"1,663","1,797",93,,,,,,,,,
Serious,"18,391","20,986",88,,,,,,,,,
Slight,"98,349","128,691",76,,,,,,,,,
Accidents: road class,,,,,,,,,,,,
Motorways,"5,095","5,819",88,,,,,,,,,
A roads,"55,933","69,889",80,,,,,,,,,
B roads,"15,435","19,513",79,,,,,,,,,
Other roads2,"41,940","56,253",75
Accidents included in analysis,"118,403","151,474",78
Category,"Number included 
in analysis1",Total number in 2011,"Per cent included
 in analysis1"
Vehicles: type,,,
Pedal cycles,"13,247","19,883",67
Motorcycles,"18,156","21,059",86
Cars,"162,616","204,720",79
Buses or coaches,"4,422","7,223",61
Light goods vehicles,"10,134","12,886",79
Heavy goods vehicles,"5,984","7,126",84
Other vehicles3,"2,466","3,258",76
Vehicles included in analysis,"217,025","276,155",79
1 Includes accidents and vehicles involved in accidents where a police officer attended the scene and in which a contributory factor was reported.,,,
2 Other roads includes C roads and unclassified roads.,,,
3 Includes other vehicles types and cases where the vehicle type was not reported.,,,


Telephone: 020 7944 6595,,,,,,,,,,
Email: roadacc.stats@dft.gsi.gov.uk,,,,,,,,,,
Notes and definitions on STATS19 see: http://www.dft.gov.uk/statistics/series/road-accidents-and-safety/,,,,,,,,,,
Source: STATS19,,,,,,,,,,
Last updated: 27 September 2012,,,,,,,,,,
Next update: September 2013,,,,,,,,,,

The figures in this table are National Statistics,,,,,,,,,,
,,,,,,,,,,
