Department for Transport statistics,,,,,,,,,,,
http://www.dft.gov.uk/statistics/releases/road-accidents-and-safety-annual-report-2011/,,,,,,,,,,,
RAS51015,,,,,,,,,,,
Car drivers in injury road accidents: breath tests and failures: GB 2011,,,,,,,,,,,

,,,,,,,,,,,Number/percentage
,Men,,,,,,Women,,,,
,a: Involved in accident,b: Tested,c: Failed,b as % of a,c as % of a,,a: Involved in accident,b: Tested,c: Failed,b as % of a,c as % of a

<17,90,48,9,53,10,,13,6,1,46,7.7
17 - 19,"7,170","5,044",240,70,3.3,,"4,741","3,050",68,64,1.4
20 - 24,"14,074","9,348",674,66,4.8,,"9,842","5,945",165,60,1.7
25 - 29,"12,613","8,064",532,64,4.2,,"8,495","4,984",105,59,1.2
30 - 34,"12,073","7,379",413,61,3.4,,"7,715","4,252",99,55,1.3
35 - 39,"10,799","6,705",287,62,2.7,,"7,320","4,100",89,56,1.2
40 - 49,"21,561","13,631",439,63,2,,"14,568","8,563",168,59,1.2
50 - 59,"14,742","9,329",227,63,1.5,,"8,728","5,108",79,59,0.9
60 - 69,"9,445","6,011",104,64,1.1,,"4,756","2,809",27,59,0.6
70 - 99,"7,680","4,877",50,64,0.7,,"3,262","1,818",13,56,0.4
All ages1,"118,596","71,271","3,017",60,2.5,,"72,692","40,928",822,56,1.1
1 Includes age not known,,,,,,,,,,,Source: STATS19

Telephone: 020 7944 6595,,,,,,,,,,,
Email: roadacc.stats@dft.gsi.gov.uk,,,,,,,,,,,
A note on methodology can be found at:  http://assets.dft.gov.uk/statistics/releases/road-accidents-and-safety-drink-drive-estimates-2011/methodology-notes-drink-drive.pdf,,,,,,,,,,,

Notes and definitions see: http://www.dft.gov.uk/statistics/series/road-accidents-and-safety/,,,,,,,,,,,
"Source: STATS19, Coroners and Procurators Fiscal",,,,,,,,,,,
Last updated: 27 September 2012,,,,,,,,,,,
Next update: September 2013,,,,,,,,,,,

The figures in this table are National Statistics,,,,,,,,,,,
