Department for Transport statistics,,,,,,,,,,
http://www.dft.gov.uk/statistics/releases/road-accidents-and-safety-annual-report-2011/,,,,,,,,,,
Table RAS51005,,,,,,,,,,
Estimated number of drink drive casualties by casualty type: GB 2010,,,,,,,,,,
,,,,,,,,,,Numbers
Killed or seriously injured casualties,,,,,,,,,,
,,,Motor-,Car drivers,,Car,,,,
,Pedestrians,Cyclists,cyclists,Over limit,Under limit,passenger,Other,Male,Female,Total
0-15,20,0,0,0,0,30,0,30,20,50
16-24,20,0,60,210,20,210,10,400,130,530
25-59,50,10,140,360,80,140,30,620,190,810
60+,10,10,0,20,20,20,0,50,30,80
All ages1,100,20,210,590,120,410,50,"1,120",380,"1,500"
Total Casualties,,,,,,,,,,
0-15,50,20,0,0,0,270,10,180,160,350
16-24,70,10,170,"1,350",360,"1,360",50,"2,340","1,030","3,370"
25-59,130,50,320,"2,230","1,270","1,040",210,"3,610","1,640","5,260"
60+,40,10,10,170,160,130,10,310,210,520
All ages1,310,100,510,"3,760","1,810","2,920",290,"6,590","3,110","9,700"
1 Includes age not recorded.,,,,,,,,,,

Telephone: 020 7944 6595,,,,,,,,,,
Email: roadacc.stats@dft.gsi.gov.uk,,,,,,,,,,
A note on methodology can be found at:  http://assets.dft.gov.uk/statistics/releases/road-accidents-and-safety-drink-drive-estimates-2011/methodology-notes-drink-drive.pdf,,,,,,,,,,

Notes and definitions see: http://www.dft.gov.uk/statistics/series/road-accidents-and-safety/,,,,,,,,,,
"Source: STATS19, Coroners and Procurators Fiscal",,,,,,,,,,
Last updated: 27 September 2012,,,,,,,,,,
Next update: September 2013,,,,,,,,,,

The figures in this table are National Statistics,,,,,,,,,,
