Department for Transport statistics,,,,,
http://www.dft.gov.uk/statistics/releases/road-accidents-and-safety-annual-report-2011/,,,,,
RAS51007,,,,,
"Proportion of killed drivers/riders resulting from reported accidents in each BAC, by age: GB 2010",,,,,


Blood alcohol Content (BAC) milligrams (mg)  per 100 ml of blood,Age,Male,Female,Total,Per cent of age group
No alcohol present (0 - 9 mg),16-19,40,11,51,70%
,20-24,55,11,66,73%
,25-29,41,8,49,64%
,30-34,33,6,39,67%
,35-39,38,10,48,65%
,40-49,89,10,99,83%
,50-59,54,11,65,71%
,60 +,89,26,115,91%
,Total,439,93,532,75%
Alcohol present but not over the limit  (10 - 80 mg),16-19,8,2,10,14%
,20-24,2,0,2,2%
,25-29,3,1,4,5%
,30-34,4,1,5,9%
,35-39,5,0,5,7%
,40-49,6,2,8,7%
,50-59,14,1,15,16%
,60 +,7,0,7,6%
,Total,49,7,56,8%
Over the limit (81 mg +),16-19,11,1,12,16%
,20-24,21,1,22,24%
,25-29,21,3,24,31%
,30-34,13,1,14,24%
,35-39,19,2,21,28%
,40-49,10,2,12,10%
,50-59,9,2,11,12%
,60 +,3,1,4,3%
,Total,107,13,120,17%
"Of which, over twice the limit (161 mg +)",16-19,8,1,9,12%
,20-24,9,0,9,10%
,25-29,11,3,14,18%
,30-34,10,1,11,19%
,35-39,16,1,17,23%
,40-49,8,1,9,8%
,50-59,6,2,8,9%
,60 +,1,1,2,2%
,Total,69,10,79,11%
All categories,16-19,67,15,82,
,20-24,87,12,99,
,25-29,76,15,91,
,30-34,60,9,69,
,35-39,78,13,91,
,40-49,113,15,128
,50-59,83,16,99
,60 +,100,28,128
,Total,664,123,787

Telephone: 020 7944 6595,,,,
Email: roadacc.stats@dft.gsi.gov.uk,,,,
A note on methodology can be found at:  http://assets.dft.gov.uk/statistics/releases/road-accidents-and-safety-drink-drive-estimates-2011/methodology-notes-drink-drive.pdf,,,,

Notes and definitions see: http://www.dft.gov.uk/statistics/series/road-accidents-and-safety/,,,,
"Source: STATS19, Coroners and Procurators Fiscal",,,,
Last updated: 27 September 2012,,,,
Next update: September 2013,,,,

The figures in this table are National Statistics,,,,
