"RAS51102: Percentage reporting driving whilst thinking they are over the legal alcohol limit at least once in last 12 months, by sex and age (2009/10 and 2010/11)",,,,,,,
,,,,,,,
,,,,,Numbers / percentages,,
,,,,,,,
,,Unweighted base for 2009/10,Unweighted base for 2010/11,2009/10 ,2010/11,,
,,,,,,,
All adults,,18330,9358,8%,8%,,
,,,,,,,
Males,,9014,4621,11%,10%,,
Females,,9316,4737,5%,4%,,
,,,,,,,
Age 16-19,,535,256,13%,10%,,
Age 20-24,,1075,555,9%,9%,,
Age 25-29,,1722,875,10%,9%,,
Age 30-39,,4717,2399,8%,7%,,
Age 40-49,,5607,2886,7%,7%,,
Age 50-59,,4674,2387,7%,7%
,,,,,
Base: Respondents who have both drunk alcohol within the last 12 months AND driven within the last 12 months,,,,,

Email: ROADSAFETY.RESEARCH@dft.gsi.gov.uk,,,,,
Further information on the Crime Survey for England and Wales can be found at: ,,,,,
http://www.homeoffice.gov.uk/science-research/research-statistics/crime/crime-statistics/british-crime-survey/,,,,,

Last updated: 27 September 2012,,,,,
Next update: September 2013,,,,,
