Department for Transport statistics,,,,,,,,,,,,,,
http://www.dft.gov.uk/statistics/releases/road-accidents-and-safety-annual-report-2011/,,,,,,,,,,,,,,
RAS55001,,,,,,,,,,,,,,
Comparison of emergency road traffic hospital admissions (HES) ,,,,,,,,,,,,,,
and police recorded seriously injured road casualties (STATS19):,,,,,,,,,,,,,,
England 2011,,,,,,,,,,,,,,
,,,,,,,,,,,,,,
Please note: figures are not directly comparable (see article on Hospital admissions data on road casualties),,,,,,,,,,,,,,
,,,,,,,,,,,,,,
,,,,,,,,,,,,,,Number/percentage
,Pedestrians,,,Pedal cyclists,,,Motorcyclists,,,Car occupants,,,All road users1,
,HESP,S19,,HESP,S19,,HESP,S19,,HESP,S19,,HESP,S19
Total,"7,522","4,705",,"8,992","2,822",,"5,820","4,737",,"13,447","7,045",,"38,584","20,123"
Other vehicle involved,"7,455","4,705",,"2,870","2,596",,"3,431","3,553",,"6,061","4,810",,"20,189","11,769"
No other vehicle,0,0,,"5,529",226,,"1,723","1,184",,"4,818","2,235",,"14,270","8,354"
Unknown,67,0,,593,0,,666,0,,"2,568",0,,"4,125",0
% Other veh. (of known),100.0,100.0,,34.2,92.0,,66.6,75.0,,55.7,68.3,,58.6,58.5
% No other veh. (of known),0.0,0.0,,65.8,8.0,,33.4,25.0,,44.3,31.7,,41.4,41.5
Male,"4,573","2,758",,"7,294","2,318",,"5,411","4,375",,"7,364","4,103",,"26,301","14,106"
Female,"2,949","1,947",,"1,698",504,,409,362,,"6,083","2,942",,"12,283","6,017"
% Male,60.8,58.6,,81.1,82.1,,93.0,92.4,,54.8,58.2,,68.2,70.1
% Female,39.2,41.4,,18.9,17.9,,7.0,7.6,,45.2,41.8,,31.8,29.9
Age 0-15,"2,218","1,349",,"3,167",349,,218,36,,670,261,,"6,372","2,023"
Age 16-64,"3,818","2,481",,"5,281","2,288",,"5,425","4,543",,"9,637","5,605",,"25,703","15,494"
Age 65+,"1,466",798,,528,141,,172,116,,"3,078","1,085",,"6,387","2,341"
% Age 0-15,29.5,28.7,,35.2,12.4,,3.7,0.8,,5.0,3.7,,16.5,10.1
% Age 16-64,50.8,52.7,,58.7,81.1,,93.2,95.9,,71.7,79.6,,66.6,77.0
% Age 65+,19.5,17.0,,5.9,5.0,,3.0,2.4,,22.9,15.4,,16.6,11.6
P Provisional data.,,,,,,,,,,,,,,
1 Includes other road user types and cases where road user type is unknown.,,,,,,,,,,,,,,
,,,,,,,,,,,,,,
,,,,,,,,,,,,,,
Telephone: 020 7944 6595,,,,,,,,,,,,
Email: roadacc.stats@dft.gsi.gov.uk,,,,,,,,,,,,
Notes and definitions on STATS19 see: http://www.dft.gov.uk/statistics/series/road-accidents-and-safety/,,,,,,,,,,,,
"Source: STATS19,  Hospital Episode Statistics (HES), The NHS Information Centre for health and social care.",,,,,,,,,,,,
Last updated: 27 September 2012,,,,,,,,,,,,
Next update: September 2013,,,,,,,,,,,,
,,,,,,,,,,,,
"Copyright � 2012, The Health and Social Care Information Centre. All Rights Reserved.",,,,,,,,,,,,
