Department for Transport statistics,,,,,,,,,,
http://www.dft.gov.uk/webtag/documents/expert/unit3.4.1.php,,,,,,,,,,
RAS60002,,,,,,,,,,
Average value of prevention of reported road accidents by road type:,,,,,,,,,,
GB 2011,,,,,,,,,,
,,,,,,,,,,
,,,,� June 2009,,,,,,
,Road Type,,,,,,,,,
Accident Type,Built-up roads1,Non Built-up roads2,Motorways3,All Roads,,,,,,
Fatal,"1,873,946","1,880,027","1,883,956","1,877,582",,,,,,
Serious,"215,223","217,613","226,357","216,204",,,,,,
Slight,"22,587","24,355","27,619","23,138",,,,,,
All injury accidents,"60,163","112,013","77,802","71,886",,,,,,
Damage only,1915,"2,802","2,692","2,027",,,,,,
"1 Roads with speed limits of 40pmh or less, excluding motorways and A(M) roads",,,,,,,,,,
"2 Roads with speed limits greater than 40mph, excluding motorways and A(M) roads",,,,,,,,,,
3 Includes motorways and A(M) roads,,,


Email: TASM@dft.gsi.gov.uk.,,,
"For further information on Transport Analysis Guidance - WebTAG, see: http://www.dft.gov.uk/webtag/index.php",,,
"Source: Transport Analysis Guidance - WebTAG, Department for Transport",,,
Last updated: 27 September 2012,,,
Next update: September 2013,,,
,,,
The figures in this table are outside the scope of National Statistics,,,
