Department for Transport statistics,,,,,,,,,,
http://www.dft.gov.uk/statistics/releases/road-accidents-and-safety-annual-report-2011/,,,,,,,,,,
RAS60003,,,,,,,,,,
Total value of prevention of reported accidents by severity and cost element:,,,,,,,,,,
GB 2011,,,,,,,,,,
,,,,,,,,,,
,,,,,,,,,� million,
,,Cost2 Elements,,,,,,,,
,,Casualty related costs,,,,Accident related costs,,,,
Accident1 severity,,Lost output,Medical and Ambulance ,Human costs,,Police costs,Insurance and admin,Damage to property,Total,
Fatal,,"1,116",10,"2,195",,32,1,21,"3,374",
Serious,,521,313,"3,548",,43,4,108,"4,537",
Slight,,404,171,"1,924",,69,15,394,"2,977",
All injury accidents,,"2,041",494,"7,667",,144,20,523,"10,889",
Damage only accidents,,0,0,0,,79,128,"4,461","4,668",
All accidents,,"2,041",494,"7,667",,223,147,"4,984","15,557",
1 The number of reported road accidents were based on 2011 data,,,,,,,,,,,,
2 The costs were based on 2011 prices and values,,,,,,,,,,,,


Telephone: 020 7944 6595,,,,,,,,,,,,
Email: roadacc.stats@dft.gsi.gov.uk,,,,,,,,,,,,
Notes and definitions on STATS19 see: http://www.dft.gov.uk/statistics/series/road-accidents-and-safety/,,,,,,,,,,,,
"For further information on Transport Analysis Guidance - WebTAG, see: http://www.dft.gov.uk/webtag/index.php",,,,,,,,,,,,
"Source: STATS19, Transport Analysis Guidance - WebTAG",,,,,,,,,,,,
Last updated: 27 September 2012,,,,,,,,,,,,
Next update: September 2013,,,,,,,,,,,,
,,,,,,,,,,,,
The figures in this table are outside the scope of National Statistics,,,,,,,,,,,,

,,,,,,,,,,,,
,,,,,,,,,,,,
