Department for Transport statistics,,,,,,,,,,,,,,
http://www.dft.gov.uk/webtag/documents/expert/unit3.4.1.php,,,,,,,,,,,,,,
RAS60001,,,,,,,,,,,,,,
Average value of prevention per reported Casualty and per reported road accident:,,,,,,,,,,,,,,
GB 2011,,,,,,,,,,,,,,
,,,,,,,,,,,,,,
,,� June 2011,,,,,,,,,,,,
Accident/casualty type,Cost per casualty,Cost per accident,,,,,,,,,,,,
Fatal,"1,686,532","1,877,583",,,,,,,,,,,,
Serious,"189,519","216,203",,,,,,,,,,,,
Slight,"14,611","23,136",,,,,,,,,,,,
Average for all severities,"50,024","71,885",,,,,,,,,,,,
Damage only,-,"2,027",,,,,,,,,,,,
,,,,,,,,,,,,,,

Email: TASM@dft.gsi.gov.uk.,,,,,,,,,,,,,,
"For further information on Transport Analysis Guidance - WebTAG, see: http://www.dft.gov.uk/webtag/index.php",,,,,,,,,,,,
"Source: Transport Analysis Guidance - WebTAG, Department for Transport",,,,,,,,,,,,
Last updated: 27 September 2012,,,,,,,,,,,,
Next update: September 2013,,,,,,,,,,,,
,,,,,,,,,,,,
The figures in this table are outside the scope of National Statistics,,,,,,,,,,,,

,,,,,,,,,,,,
,,,,,,,,,,,,
