Department for Transport statistics,,,,,,,,,,,,
http://www.dft.gov.uk/statistics/releases/road-accidents-and-safety-annual-report-2011/,,,,,,,,,,,,
RAS60004,,,,,,,,,,,,
Total value of prevention1 of reported accidents2 by severity and road type:,,,,,,,,,,,,
GB 2011,,,,,,,,,,,,
,,,,,,,,,,,,
,,,,,,� million,,,,,,
,,Road Type,,,,,,,,,,
Accident severity,,Built-up roads3,Non built-up roads4,Motorways5,,All roads,,,,,,
Fatal,,"1,468","1,733",173,,"3,374",,,,,,
Serious,,"3,157","1,248",132,,"4,537",,,,,,
Slight,,"2,267",592,118,,"2,977",,,,,,
Al reported injury accidents,,"8,151","2,320",418,,"10,889",,,,,,
Damage only accidents,,"4,068",510,90,,"4,668",,,,,,
All accidents6,,"12,219","2,830",508,0,"15,557",,,,,,
1 The costs were based on 2011 prices and values,,,,,,,,,,,,
2 The number of reported road accidents were based on 2011 data,,,,,,,,,,,,
"3 Includes roads with speed limits of 40pmh or less, excluding motorways and A(M) roads",,,,,,,,,,,,
"4 Includes roads with speed limits greater than 40mph, excluding motorways and A(M) roads",,,,,,,,,,,,
5 Includes motorways and A(M) roads,,,,,,,,,,,,
,,,,,,,,,,,,

Telephone: 020 7944 6595,,,,,,,,,,,,
Email: roadacc.stats@dft.gsi.gov.uk,,,,,,,,,,,,
Notes and definitions on STATS19 see: http://www.dft.gov.uk/statistics/series/road-accidents-and-safety/,,,,,,,,,,,,
"For further information on Transport Analysis Guidance - WebTAG, see: http://www.dft.gov.uk/webtag/index.php",,,,,,,,,,,,
"Source: STATS19, Transport Analysis Guidance - WebTAG",,,,,,,,,,,,
Last updated: 27 September 2012,,,,,,,,,,,,
Next update: September 2013,,,,,,,,,,,,
,,,,,,,,,,,,
The figures in this table are outside the scope of National Statistics,,,,,,,,,,,,
