Department for Transport statistics,,,,,,,,,,,,
National Travel Survey,,,,,,,,,,,,
,,,,,,,,,,,,
Table NTS0613,,,,,,,,,,,,
"Trips to and from school1 per child per year by main mode: Great Britain, 1995/97 to 2011",,,,,,,,,,,,
,,,,,,,,,,,,
,,,,,,,,,,,,Percentage/miles/number
Main mode,1995/97,1998/00,2002,2003,2004,2005,2006,2007,2008,2009,2010,2011
Aged 5-16 years:,,,,,,,,,,,,
Walk2,47,49,44,45,46,46,46,46,44,43,41,43
Bicycle,1,1,2,1,2,1,2,1,2,2,2,2
Car / van,29,28,32,31,32,32,30,31,32,31,33,33
Private bus,5,5,6,6,5,6,5,6,7,6,6,6
Local bus,15,14,14,14,13,12,14,13,14,14,16,14
Surface rail,-,1,1,1,1,1,1,1,1,1,1,1
Other transport3,2,2,2,2,1,1,1,2,1,2,2,1
All modes,100,100,100,100,100,100,100,100,100,100,100,100
Average length (miles)1,2.1,2.1,2.5,2.4,2.3,2.3,2.5,2.3,2.6,2.5,2.6,2.5
% travelling to school alone4,25,26,26,25,27,26,25,23,22,22,22,22
Unweighted sample size:,,,,,,,,,,,,
   individuals,"3,704","3,426","2,628","3,201","3,183","3,185","2,996","2,997","2,853","2,982","2,876","2,583"
   trips,"22,948","21,470","15,707","20,307","20,476","20,357","18,508","18,820","17,261","18,345","17,189","14,752"
Aged 5-10 years:,,,,,,,,,,,,
Walk2,53,56,51,51,49,49,52,51,48,50,47,49
Bicycle,-,-,1,1,1,1,1,1,2,1,1,1
Car / van,38,37,41,41,43,43,41,41,43,42,43,43
Private bus,3,3,4,3,4,3,2,4,3,4,4,3
Local bus,4,3,2,3,3,3,3,3,4,3,4,3
Surface rail,0,-,0,0,0,-,-,0,0,-,-,-
Other transport3,2,1,1,1,1,1,1,1,-,1,1,1
All modes,100,100,100,100,100,100,100,100,100,100,100,100
Average length (miles)1,1.3,1.4,1.5,1.5,1.7,1.5,1.5,1.5,1.6,1.5,1.5,1.7
% travelling to school alone4,9,11,11,8,10,6,5,5,6,6,5,6
Unweighted sample size:,,,,,,,,,,,,
   individuals,"1,955","1,758","1,337","1,572","1,572","1,518","1,477","1,452","1,343","1,458","1,402","1,257"
   trips,"12,155","10,608","7,885","9,738","9,960","9,449","9,195","8,856","8,125","8,783","8,179","7,331"
Aged 11-16 years:,,,,,,,,,,,,
Walk2,42,43,38,40,43,44,41,43,40,38,36,38
Bicycle,2,2,2,2,3,2,3,2,2,3,2,3
Car / van,20,20,24,23,22,22,20,22,21,22,24,22
Private bus,7,7,8,9,7,9,7,8,11,8,8,9
Local bus,26,24,25,23,22,20,24,22,22,24,26,24
Surface rail,1,1,1,1,1,1,2,1,1,2,2,1
Other transport3,2,3,2,2,2,2,2,3,2,2,3,2
All modes,100,100,100,100,100,100,100,100,100,100,100,100
Average length (miles)1,2.9,2.8,3.3,3.2,2.9,3.0,3.4,3.0,3.4,3.3,3.5,3.3
% travelling to school alone4,41,40,40,40,42,44,43,39,36,36,37,39
Unweighted sample size:,,,,,,,,,,,,
   individuals,"1,749","1,668","1,291","1,629","1,611","1,667","1,519","1,545","1,510","1,524","1,474","1,326"
   trips,"10,793","10,862","7,822","10,569","10,516","10,908","9,313","9,964","9,136","9,562","9,010","7,421"
,,,,,,,,,,,,
1 Trips of under 50 miles only.,,,,,,,,,,,,
2 There is an apparent under-recording of short walks in 2002 and 2003; and short trips in 2007 and 2008 compared to other years.,,,,,,,,,,,,
3 All other modes of transport.,,,,,,,,,,,,
4 Based on main stage of trip.,,,,,,,,,,,,

Telephone: 020 7944 3097,,,,,,,,,,,,Source: National Travel Survey
Email: national.travelsurvey@dft.gsi.gov.uk,,,,,,,,,,,,Last updated: December 2012
Notes & definitions,,,,,,,,,,,,Next update: July 2013
,,,,,,,,,,,,
The figures in this table are National Statistics,,,,,,,,,,,,

Note: The results presented in this table are weighted. The base (unweighted sample size) is shown in the table for information. Weights are applied to adjust for non-response to ensure the characteristics of the achieved sample match the population of Great Britain and for the drop off in trip recording. The survey results are subject to sampling error.,,,,,,,,,,,,
