Department for Transport statistics,,,,,,,,,,,
National Travel Survey,,,,,,,,,,,
,,,,,,,,,,,
Table NTS0614,,,,,,,,,,,
"Trips to school1 by main mode, trip length and age: Great Britain, 2011",,,,,,,,,,,

,,,,,,,,,,,Percentage/number
,Aged 5-10 years,,,,,,Aged 11-16 years,,,,
Main mode,Under 1 mile,1 to under 2 miles,2 to under 5 miles,5 miles and over,Total,,Under 1 mile,1 to under 2 miles,2 to under 5 miles,5 miles and over,Total
Walk,84,31,4,0,49,,89,58,10,-,38
Bicycle,1,2,-,0,1,,4,4,5,-,3
Car / van,14,63,76,80,43,,5,26,31,22,22
Bus2,1,3,16,18,6,,1,11,53,66,33
Other transport3,0,-,3,2,1,,-,2,2,11,3
Total,100,100,100,100,100,,100,100,100,100,100
Unweighted sample size:,,,,,,,,,,,
   trips," 3,502 "," 2,021 "," 1,169 ", 639 ," 7,331 ",," 1,591 "," 2,078 "," 2,203 "," 1,549 "," 7,421 ",

1 Trips of under 50 miles only.,,,,,,,,,,,,
2 Private and local bus.,,,,,,,,,,,,
3 Rail and all other modes of transport.,,,,,,,,,,,,

Telephone: 020 7944 3097,,,,,,,,,,,Source: National Travel Survey,
Email: national.travelsurvey@dft.gsi.gov.uk,,,,,,,,,,,Last updated: December 2012,
Notes & definitions,,,,,,,,,,,Next update: July 2013,
,,,,,,,,,,,,
The figures in this table are National Statistics,,,,,,,,,,,,

Note: The results presented in this table are weighted. The base (unweighted sample size) is shown in the table for information. Weights are applied to adjust for non-response to ensure the characteristics of the achieved sample match the population of Great Britain and for the drop off in trip recording. The survey results are subject to sampling error.,,,,,,,,,,,,
