Department for Transport statistics,
National Travel Survey,
,
Table NTS0401,
"Purpose share - average number of trips: Great Britain, 2011                       ",
,
,Percentage/number/thousands
Purpose,2011
Commuting,15
Business,3
Education (including escort),11
Shopping,20
Other escort and personal business,20
Visiting friends1,15
Other leisure2,16
All modes,100
Unweighted sample size:,,,,,,,,,
   individuals,"18,069",,,,,,,,
   trips ('000s),316,,,,,,,,

1 Visit friends at home and elsewhere.,,,,,,,,,
"2 Entertainment, sport, holiday, day trip and other including just walk.",,,,,,,,,

Telephone: 020 7944 3097,Source: National Travel Survey,,,,,,,,
Email: national.travelsurvey@dft.gsi.gov.uk,Last updated: December 2012,,,,,,,,
Notes & definitions,Next update: July 2013,,,,,,,,
,,,,,,,,,
The figures in this table are National Statistics,,,,,,,,,

Note: The results presented in this table are weighted. The base (unweighted sample size) is shown in the table for information. Weights are applied to adjust for non-response to ensure the characteristics of the achieved sample match the population of Great Britain and for the drop off in trip recording. The survey results are subject to sampling error.,,,,,,,,,
