Department for Transport statistics,,,,,,,,,,,,
National Travel Survey,,,,,,,,,,,,
,,,,,,,,,,,,
Table NTS0601,,,,,,,,,,,,
"Average number of trips (trip rates) by age, gender and main mode: Great Britain, 2011",,,,,,,,,,,,
,,,,,,,,,,,,
,,,,,,,,,,Trips/number/thousands,,
,Trips per person per year,,,,,,,,,,,
Main mode,All ages,,<17,17-20,21-29,30-39,40-49,50-59,60-69,70+,,
All people:,,,,,,,,,,,,
Walk,222,,277,218,239,247,207,189,200,152,,
Bicycle,16,,15,15,22,16,22,16,12,4,,
Car / van driver,398,,-,179,391,582,670,591,511,314,,
Car / van passenger,211,,463,198,154,128,119,144,166,162,,
Other private transport1,10,,17,13,7,7,9,9,10,9,,
Local and non-local buses,64,,59,120,75,57,48,45,70,81,,
Rail2,25,,10,40,48,48,27,22,13,7,
Taxi / minicab,10,,7,21,14,12,10,9,8,11,
Other public transport3,2,,1,3,4,4,2,1,2,2,
All modes,958,,850,806,954,"1,102","1,113","1,025",992,743,
Unweighted sample size:,,,,,,,,,,,
   individuals,"18,069",,"3,733",819,"1,758","2,174","2,590","2,371","2,311","2,313",
   trips ('000s),316,,59,12,31,44,53,45,42,31,
Males:,,,,,,,,,,,
Walk,205,,275,206,215,203,165,162,194,174,
Bicycle,23,,20,24,32,23,33,22,20,9,
Car / van driver,435,,0,158,381,539,664,690,673,502,
Car / van passenger,163,,454,165,112,88,69,66,67,80,
Other private transport1,14,,19,22,11,10,12,15,15,9,
Local and non-local buses,54,,58,95,68,50,36,32,57,64,
Rail2,28,,8,45,54,58,31,26,13,8,
Taxi / minicab,9,,7,16,10,13,10,6,8,8,
Other public transport3,2,,1,4,4,4,2,1,2,2,
All modes,935,,842,734,887,990,"1,024","1,019","1,049",854,
Unweighted sample size:,,,,,,,,,,,
   individuals,"8,718",,"1,918",422,836,"1,024","1,217","1,152","1,105","1,044",
   trips ('000s),150,,30,6,13,18,23,22,21,16,
Females:,,,,,,,,,,,
Walk,238,,281,230,262,291,247,215,206,136,
Bicycle,8,,10,6,12,10,10,10,5,1,
Car / van driver,361,,-,201,401,625,676,494,357,168,
Car / van passenger,257,,472,233,196,167,167,220,260,226,
Other private transport1,7,,14,4,2,4,5,3,6,10,
Local and non-local buses,74,,61,147,82,63,60,57,83,94,
Rail2,22,,11,34,42,38,23,18,13,7,
Taxi / minicab,12,,7,25,18,11,10,12,7,14,
Other public transport3,2,,2,2,4,4,1,1,3,3,
All modes,981,,858,881,"1,019","1,212","1,199","1,030",939,658,
Unweighted sample size:,,,,,,,,,,,
   individuals,"9,351",,"1,815",397,922,"1,150","1,373","1,219","1,206","1,269",
   trips ('000s),167,,29,6,17,25,30,23,21,15,
,,,,,,,,,,,
1 Motorcycles and private hire bus (including school buses).,,,,,,,,,,,
2 Surface rail and London Underground.,,,,,,,,,,,
"3 Air, ferries and light rail.",,,,,,,,,,,
,,,,,,,,,,,
Telephone: 020 7944 3097,,,,,,,,,,Source: National Travel Survey,
Email: national.travelsurvey@dft.gsi.gov.uk,,,,,,,,,,Last updated: December 2012,
Notes & definitions,,,,,,,,,,Next update: July 2013,
,,,,,,,,,,,
The figures in this table are National Statistics,,,,,,,,,,,

Note: The results presented in this table are weighted. The base (unweighted sample size) is shown in the table for information. Weights are applied to adjust for non-response to ensure the characteristics of the achieved sample match the population of Great Britain and for the drop off in trip recording. The survey results are subject to sampling error.,,,,,,,,,,,
