Department for Transport statistics,,,,,,,,
National Travel Survey,,,,,,,,
,,,,,,,,
Table NTS0705,,,,,,,,
"Travel by household income quintile and main mode/mode: Great Britain, 2011",,,,,,,,
,,,,,,,,
,,,,,,Trips/miles/number/thousands,,
,Real household income quintile,,,,,,,
,Lowest real income level,Second level,Third level,Fourth level,Highest real income level,All income levels,,
Trips per person per year by main mode:,,,,,,,,
Walk,268,240,208,186,209,222,,
Bicycle,15,15,16,14,18,16,,
Car / van driver,217,315,413,505,533,398,,
Car / van passenger,170,207,244,223,206,211,,
Other private transport1,9,10,10,10,13,10,,
Local and non-local buses,100,85,60,44,32,64,,
Rail2,16,16,18,26,50,25,,,
Other public transport3,17,12,11,11,14,13,,,
All modes,812,900,981,"1,020","1,074",958,,,
Distance per person per year by stage mode:,,,,,,,,,
Walk,214,184,179,171,189,187,,,
Bicycle,39,38,39,49,81,49,,,
Car / van driver,"1,465","2,099","3,294","4,475","5,840","3,438",,,
Car / van passenger,"1,257","1,628","2,174","2,248","2,449","1,959",,,
Other private transport1,110,147,139,157,264,163,,,
Local and non-local buses,487,403,374,256,233,351,,,
Rail2,333,267,394,570,"1,218",552,,,
Other public transport3,63,53,92,163,272,128,,,
All modes,"3,969","4,818","6,685","8,090","10,546","6,826",,,
Unweighted sample size:,,,,,,,,,
   individuals,"3,646","3,426","3,919","3,639","3,439","18,069",,,
   trips ('000s),54,56,71,68,67,316,,,
   stages ('000s),59,60,76,74,76,345,,,,,,
,,,,,,,,,,,,
1 Motorcycle and other private (mostly private hire bus).,,,,,,,,,,,,
2 Surface rail and London Underground.,,,,,,,,,,,,
"3 Taxi/minicab and other public (air, ferries and light rail).",,,,,,,,,,,,

Telephone: 020 7944 3097,,,,,,Source: National Travel Survey,,,,,,
Email: national.travelsurvey@dft.gsi.gov.uk,,,,,,Last updated: December 2012,,,,,,
Notes & definitions,,,,,,Next update: July 2013,,,,,,
,,,,,,,,,,,,
The figures in this table are National Statistics,,,,,,,,,,,,

Note: The results presented in this table are weighted. The base (unweighted sample size) is shown in the table for information. Weights are applied to adjust for non-response to ensure the characteristics of the achieved sample match the population of Great Britain and for the drop off in trip recording. The survey results are subject to sampling error.,,,,,,,,,,,,
