Department for Transport statistics,,,,,,,,,,,,,,,,,,,,,,,,,,,,,,,,,,,,,,,,,,,,,,
National Travel Survey,,,,,,,,,,,,,,,,,,,,,,,,,,,,,,,,,,,,,,,,,,,,,,
,,,,,,,,,,,,,,,,,,,,,,,,,,,,,,,,,,,,,,,,,,,,,,
Table NTS0606,,,,,,,,,,,,,,,,,,,,,,,,,,,,,,,,,,,,,,,,,,,,,,
"Average distance travelled by mode for males - index: Great Britain, 1995/97 to 2011",,,,,,,,,,,,,,,,,,,,,,,,,,,,,,,,,,,,,,,,,,,,,,
,,,,,,,,,,,,,,,,,,,,,,,,,,,,,,,,,,,,,,,,,,,,,,
,,,,,Index: 1995/97=100 / number,,,,,,,,,,,,,,,,,,,,,,,,,,,,,,,,,,,,,,,,,
Year,Walk,Car / van driver,Car / van passenger,Other transport1,Unweighted sample size (males),,,,,,,,,,,,,,,,,,,,,,,,,,,,,,,,,,,,,,,,,
1995/97,100,100,100,100," 10,942 ",,,,,,,,,,,,,,,,,,,,,,,,,,,,,,,,,,,,,,,,,
1996/98,100,101,100,99," 10,573 ",,,,,,,,,,,,,,,,,,,,,,,,,,,,,,,,,,,,,,,,,
1997/99,100,99,101,107," 10,159 ",,,,,,,,,,,,,,,,,,,,,,,,,,,,,,,,,,,,,,,,,
1998/00,101,99,101,110," 10,425 ",,,,,,,,,,,,,,,,,,,,,,,,,,,,,,,,,,,,,,,,,
1999/01,101,99,104,111," 10,902 ",,,,,,,,,,,,,,,,,,,,,,,,,,,,,,,,,,,,,,,,,
2000/02,100,97,103,110," 15,785 ",,,,,,,,,,,,,,,,,,,,,,,,,,,,,,,,,,,,,,,,,
2002,98,94,102,115," 8,085 ",,,,,,,,,,,,,,,,,,,,,,,,,,,,,,,,,,,,,,,,,
2003,99,96,99,120," 9,360 ",,,,,,,,,,,,,,,,,,,,,,,,,,,,,,,,,,,,,,,,,
2004,99,94,103,112," 9,219 ",,
2005,97,93,100,123," 9,560 ",,
2006,98,91,97,118," 9,396 ",,
2007,94,91,92,125," 9,490 ",,
2008,95,86,92,117," 9,127 ",,
2009,97,81,93,122," 9,583 ",,
2010,89,83,87,123," 9,232 ",,
2011,92,84,98,118," 8,718 ",,

1 All other modes of transport.,,,,,,,

Telephone: 020 7944 3097,,,,,Source: National Travel Survey,,
Email: national.travelsurvey@dft.gsi.gov.uk,,,,,Last updated: December 2012,,
Notes & definitions,,,,,Next update: July 2013,,
,,,,,,,
The figures in this table are National Statistics,,,,,,,

Note: The results presented in this table are weighted. The base (unweighted sample size) is shown in the table for information. Weights are applied to adjust for non-response to ensure the characteristics of the achieved sample match the population of Great Britain and for the drop off in trip recording. The survey results are subject to sampling error.,,,,,,,,,,
