Department for Transport statistics,,,,,,,,,,,,,,
National Travel Survey,,,,,,,,,,,,,,

Table NTS0308,,,,,,,,,,,,,,
"Average number of trips by trip length and main mode: Great Britain, 2011",,,,,,,,,,,,,,
,,,,,,,,,,,,,,
,,,,,,,,,,Trips/thousands,,,,
,Trips per person per year,,,,,,,,,,,,,
Main mode,Under       1 mile,1 to   under 2    miles,2 to    under 5    miles,5 to    under 10    miles,10 to    under 25    miles,25 to    under 50    miles,50 to    under         100 miles,100 miles    and over,All    lengths,Unweighted sample size (trips '000s),,,,
Private:,,,,,,,,,,,,,,
Walk,153,56,13,-,-,0,-,0,222,74,,,,
Bicycle,2,5,7,2,1,-,-,0,16,5,,,,
Car / van driver,23,66,132,85,66,17,6,3,398,131,,,,
Car / van passenger,13,39,70,42,31,9,4,2,211,70,,,,
Motorcycle,-,-,1,1,1,-,-,-,4,1,,,,
Other private transport1,-,1,2,2,1,-,-,-,7,2,,,,
Public,,,,,,,,,,,,,,
Bus in London,1,3,9,4,1,-,0,0,18,5,,,,
Other local bus,1,7,21,11,5,-,-,0,46,15,,,,
Non-local bus,0,-,-,-,-,-,-,-,1,-,,,,
London Underground,-,-,2,3,3,-,0,0,8,2,,,,
Surface Rail,0,-,1,3,6,4,2,1,17,5,,,,
Taxi / minicab,-,3,5,2,1,-,-,-,10,3,,,,
Other public transport2,-,-,1,1,-,-,-,-,2,1,,,,
All modes,194,180,263,155,115,32,12,7,958,316,,,,
,,,,,,,,,,,,,,
,,,,,,,,Cumulative percentage,,,,,,
Main mode,Under 1 mile,Under 2 miles,Under 5 miles,Under 10 miles,Under 25 miles,Under 50 miles,Under 100 miles,All        lengths,,,,,,
Private:,,,,,,,,,,,,,,
Walk,69,94,100,100,100,100,100,100,,,,,,
Bicycle,13,43,85,95,99,100,100,100,,,,,,
Car / van driver,6,22,56,77,93,98,99,100,,,,,,
Car / van passenger,6,25,58,78,93,97,99,100,,
Motorcycle,2,14,41,66,90,98,100,100,,
Other private transport1,6,14,43,66,84,91,96,100,,
Public,,,,,,,,,,
Bus in London,6,24,74,96,100,100,100,100,,
Other local bus,3,17,64,88,99,100,100,100,,
Non-local bus,0,1,3,5,12,26,61,100,,
London Underground,-,3,29,67,99,100,100,100,,
Surface Rail,0,1,9,26,64,85,94,100,,
Taxi / minicab,5,29,72,89,97,100,100,100,,
Other public transport2,1,10,54,79,92,93,93,100,,
All modes,20,39,66,83,95,98,99,100,,
,,,,,,,,,,
1 Mostly private hire bus (including school buses).,,,,,,,,,,
"2 Air, ferries, light rail.",,,,,,,,,,

Telephone: 020 7944 3097,,,,,,,,Source: National Travel Survey,,,,
Email: national.travelsurvey@dft.gsi.gov.uk,,,,,,,,Last updated: December 2012,,,,
Notes & definitions,,,,,,,,Next update: July 2013,,,,
,,,,,,,,,,,,
The figures in this table are National Statistics,,,,,,,,,,,,

Note: The results presented in this table are weighted. The base (unweighted sample size) is shown in the table for information. Weights are applied to adjust for non-response to ensure the characteristics of the achieved sample match the population of Great Britain and for the drop off in trip recording. The survey results are subject to sampling error.,,,,,,,,,,,,
