Department for Transport statistics,,,,,,,,,,,
National Travel Survey,,,,,,,,,,,
,,,,,,,,,,,
Table NTS0605,,,,,,,,,,,
"Average distance travelled by age, gender and mode: Great Britain, 2011",,,,,,,,,,,
,,,,,,,,,,,
,,,,,,,,,,Miles/number/thousands,
,Miles per person per year,,,,,,,,,,
Mode,All ages,,<17,17-20,21-29,30-39,40-49,50-59,60-69,70+,
All people:,,,,,,,,,,,
Walk,187,,207,224,226,210,176,172,174,112,
Bicycle,49,,22,39,70,57,89,54,48,10,
Car / van driver,"3,438",,-,"1,310","3,409","5,127","6,028","5,712","4,144","1,970",
Car / van passenger,"1,959",,"3,355","2,026","1,625","1,559","1,494","1,698","1,741","1,357",
Other private transport1,163,,209,208,94,105,166,195,184,138,
Local and non-local buses,351,,294,738,429,310,254,239,413,439,
Rail2,552,,182,755,864,953,695,590,372,269
Taxi / minicab,55,,40,111,67,69,67,43,35,49
Other public transport3,73,,64,37,58,166,89,64,53,16
All modes,"6,826",,"4,373","5,449","6,841","8,559","9,059","8,768","7,165","4,359"
Unweighted sample size:,,,,,,,,,,
   individuals,"18,069",,"3,733",819,"1,758","2,174","2,590","2,371","2,311","2,313"
   stages ('000s),345,,63,14,35,49,57,48,45,34
Males:,,,,,,,,,,
Walk,182,,202,222,223,192,160,160,173,126
Bicycle,79,,31,62,113,85,154,83,87,18
Car / van driver,"4,480",,0,"1,303","3,804","6,378","7,517","7,657","6,187","3,460"
Car / van passenger,"1,550",,"3,463","1,826","1,290","1,168",964,867,792,760
Other private transport1,217,,225,329,174,161,226,331,222,111
Local and non-local buses,314,,271,713,459,349,209,178,303,318
Rail2,624,,160,821,834,"1,271",777,746,372,279
Taxi / minicab,55,,39,87,64,80,85,29,35,34
Other public transport3,72,,51,27,44,149,149,59,31,15
All modes,"7,573",,"4,441","5,390","7,005","9,833","10,241","10,111","8,201","5,123"
Unweighted sample size:,,,,,,,,,,
   individuals,"8,718",,"1,918",422,836,"1,024","1,217","1,152","1,105","1,044"
   stages ('000s),163,,32,7,15,21,25,24,23,17
Females:,,,,,,,,,,
Walk,192,,212,227,229,228,192,183,174,101
Bicycle,20,,14,15,28,30,27,26,11,3
Car / van driver,"2,433",,1,"1,316","3,023","3,895","4,585","3,816","2,200",814
Car / van passenger,"2,353",,"3,242","2,235","1,951","1,945","2,008","2,509","2,645","1,820"
Other private transport1,110,,192,82,16,51,108,62,148,159
Local and non-local buses,386,,318,764,399,271,298,299,518,532
Rail2,483,,206,687,893,640,616,438,372,262
Taxi / minicab,56,,40,136,70,59,49,57,35,60
Other public transport3,73,,78,48,71,183,30,69,74,17
All modes,"6,105",,"4,303","5,510","6,681","7,303","7,913","7,459","6,178","3,767"
Unweighted sample size:,,,,,,,,,,
   individuals,"9,351",,"1,815",397,922,"1,150","1,373","1,219","1,206","1,269"
   stages ('000s),182,,31,7,19,28,33,25,22,17
,,,,,,,,,,
1 Motorcycles and private hire bus (including school buses).,,,,,,,,,,
2 Surface rail and London Underground.,,,,,,,,,,
"3 Air, ferries and light rail.",,,,,,,,,,
,,,,,,,,,,
"Note: 'Other private' and 'other public' are based on a small number of stages per year, so results fluctuate year to year and should be treated with caution. ",,,,,,,,,,

Telephone: 020 7944 3097,,,,,,,,,,Source: National Travel Survey
Email: national.travelsurvey@dft.gsi.gov.uk,,,,,,,,,,Last updated: December 2012
Notes & definitions,,,,,,,,,,Next update: July 2013
,,,,,,,,,,
The figures in this table are National Statistics,,,,,,,,,,

Note: The results presented in this table are weighted. The base (unweighted sample size) is shown in the table for information. Weights are applied to adjust for non-response to ensure the characteristics of the achieved sample match the population of Great Britain and for the drop off in trip recording. The survey results are subject to sampling error.,,,,,,,,,,
