Department for Transport statistics,,,,,,,,,,,
National Travel Survey,,,,,,,,,,,
,,,,,,,,,,,
Table NTS0410,,,,,,,,,,,
"Average distance travelled by purpose and main mode: Great Britain, 2011",,,,,,,,,,,

,,,,,,,,,,Miles/thousands,
,Miles per person per year,,,,,,,,,,
Purpose,Walk,Bicycle,Car / van driver,Car / van passenger,Motorcycle,Other private transport1,Local bus,Rail2,Other public transport3,All modes,
Commuting,14,18,867,107,19,1,62,207,13,"1,308",
Business,1,1,400,53,1,5,6,78,21,566,
Education / escort education,27,3,93,74,1,32,52,22,6,309,
Shopping,26,3,440,264,3,2,72,31,10,849,
Other escort,7,-,292,183,-,3,9,8,3,506,
Personal business,13,1,268,144,2,5,27,25,8,493,
Leisure4,30,21,"1,069","1,123",11,80,67,223,126,"2,750",
Other including just walk,41,0,4,-,0,0,0,0,0,45
All purposes,159,47,"3,432","1,949",36,128,294,594,187,"6,826"
Unweighted sample size:,,,,,,,,,,
   trips ('000s),74,5,131,70,1,2,20,8,4,316
,,,,,,,,,,
1 Mostly private hire bus (including school buses).,,,,,,,,,,
2 Surface rail and London underground.,,,,,,,,,,
"3 Non-local bus, taxi/minicab and other public transport (air, ferries, light rail).",,,,,,,,,,
"4 Visit friends at home and elsewhere, entertainment, sport, holiday and day trip",,,,,,,,,,
,,,,,,,,,,
Telephone: 020 7944 3097,,,,,,,,,,Source: National Travel Survey
Email: national.travelsurvey@dft.gsi.gov.uk,,,,,,,,,,Last updated: December 2012
Notes & definitions,,,,,,,,,,Next update: July 2013
,,,,,,,,,,
The figures in this table are National Statistics,,,,,,,,,,

Note: The results presented in this table are weighted. The base (unweighted sample size) is shown in the table for information. Weights are applied to adjust for non-response to ensure the characteristics of the achieved sample match the population of Great Britain and for the drop off in trip recording. The survey results are subject to sampling error.,,,,,,,,,,,,
