Department for Transport statistics,,,,,,,,,,,,
National Travel Survey,,,,,,,,,,,,
,,,,,,,,,,,,
Table NTS0303,,,,,,,,,,,,
"Average number of trips (trip rates) by main mode: Great Britain, 1995/97 to 2011",,,,,,,,,,,,
,,,,,,,,,,,,
,,,,,,,,,,,,Trips/number/thousands
,Trips per person per year,,,,,,,,,,,
Main mode,1995/97,1998/00,2002,2003,2004,2005,2006,2007,2008,2009,2010,2011
Private:,,,,,,,,,,,,
Walk1,292,271,244,246,246,245,249,216,221,228,210,222
Bicycle,18,17,16,15,16,14,16,14,16,15,15,16
Car / van driver,425,434,435,425,422,435,430,408,410,395,405,398
Car / van passenger,239,238,239,232,229,236,228,218,227,217,213,211
Motorcycle,4,4,4,4,3,4,3,3,4,3,3,4
Other private transport2,9,8,9,8,8,9,8,8,9,9,8,7
Public:,,,,,,,,,,,,
Bus in London,13,13,15,15,16,16,16,17,18,19,21,18
Other local bus,53,50,49,51,48,46,49,48,47,49,46,46
Non-local bus,2,2,1,1,1,1,1,1,1,1,1,1
London Underground,7,8,9,8,7,7,8,8,9,9,8,8
Surface Rail,12,13,13,14,16,16,16,17,18,16,19,17
Taxi / minicab,11,13,12,12,11,12,10,11,11,11,10,10
Other public transport3,1,2,2,3,2,3,3,2,2,2,2,2
All modes,"1,086","1,071","1,047","1,034","1,026","1,044","1,037",972,992,973,960,958
Unweighted sample size:,,,,,,,,,,,,
   individuals,"22,861","21,868","16,886","19,467","19,199","19,904","19,490","19,735","18,983","19,914","19,072","18,069"
   trips ('000s),461,432,326,370,364,379,369,353,342,359,336,316
,,,,,,,,,,,,
1 There is an apparent under-recording of short walks in 2002 and 2003 and short trips in 2007 and 2008 compared to other years.,,,,,,,,,,,,
2 Mostly private hire bus (including school buses).,,,,,,,,,,,,
"3 Air, ferries and light rail.",,,,,,,,,,,,
,,,,,,,,,,,,
Telephone: 020 7944 3097,,,,,,,,,,,,Source: National Travel Survey
Email: national.travelsurvey@dft.gsi.gov.uk,,,,,,,,,,,,Last updated: December 2012
Notes & definitions,,,,,,,,,,,,Next update: July 2013
,,,,,,,,,,,,
The figures in this table are National Statistics,,,,,,,,,,,,
,,,,,,,,,,,,
Note: The results presented in this table are weighted. The base (unweighted sample size) is shown in the table for information. Weights are applied to adjust for non-response to ensure the characteristics of the achieved sample match the population of Great Britain and for the drop off in trip recording. The survey results are subject to sampling error.,,,,,,,,,,,,
,,,,,,,,,,,,
,,,,,,,,,,,,
,,,,,,,,,,,,
,,,,,,,,,,,,
