Department for Transport statistics ,,,,,,,,,,,,,,,,,,,,,,,,,,
National Travel Survey,,,,,,,,,,,,,,,,,,,,,,,,,,
,,,,,,,,,,,,,,,,,,,,,,,,,,
Table NTS0311,,,,,,,,,,,,,,,,,,,,,,,,,,
"Average trip time by main mode: Great Britain, 1995/97 to 2011",,,,,,,,,,,,,,,,,,,,,,,,,,
,,,,,,,,,,,,,,,,,,,,,,,,,,
,,,,,,,,,,,,Minutes/number/thousands,,,,,,,,,,,,,,
,Average trip duration (minutes)2,,,,,,,,,,,,,,,,,,,,,,,,,
Main mode,1995/97,1998/00,2002,2003,2004,2005,2006,2007,2008,2009,2010,2011,,,,,,,,,,,,,,
Private:,,,,,,,,,,,,,,,,,,,,,,,,,,
Walk1,15,16,17,16,16,16,16,17,17,17,17,17,,,,,,,,,,,,,,
Bicycle,18,18,18,20,19,20,19,21,21,23,22,22,,,,,,,,,,,,,,
Car / van driver,20,20,20,21,21,21,21,22,21,21,21,21,,,,,,,,,,,,,,
Car / van passenger,21,21,21,22,22,22,22,22,22,22,22,22,,,,,,,,,,,,,,
Motorcycle,22,23,22,25,28,23,28,26,26,27,25,26,,,,,,,,,,,,,,
Other private transport3,42,45,42,51,47,46,42,43,39,45,45,49,,,,,,,,,,,,,,
Public,,,,,,,,,,,,,,,,,,,,,,,,,,
Bus in London,35,37,38,39,37,37,37,38,37,37,37,38,,,,,,,,,,,,,,
Other local bus,29,29,32,31,32,32,32,33,33,34,34,34,,,,,,,,,,,,,,
Non-local bus,125,124,182,187,195,190,197,165,179,204,211,217,,,,,,,,,,,,,,
London Underground,47,49,50,50,50,52,51,50,49,51,55,49,,,,,,,,,,,,,,
Surface Rail,76,79,83,79,76,80,79,81,80,80,79,81,,,,,,,,,,,,,,
Taxi / minicab,15,17,17,18,17,18,18,18,18,18,18,19,,,,,,,,,,,,,,
Other public transport4,65,49,52,53,48,51,52,64,58,56,58,58,,,,,,,,,,,,,,
All modes,20,21,22,22,22,22,22,23,23,23,23,23,,,,,,,,,,,,,,
Unweighted sample size:,,,,,,,,,,,,,,,,,,,,,,,,,,
   individuals,"22,861","21,868","16,886","19,467","19,199","19,904","19,490","19,735","18,983","19,914","19,072","18,069",,,,,,,,,,,,,,
   trips ('000s),461,432,326,370,364,379,369,353,342,359,336,316,,,,,,,,,,,,,,
,,,,,,,,,,,,,,,,,,,,,,,,,,
1 There is an apparent under-recording of short walks in 2002 and 2003 and short trips in 2007 and 2008 compared to other years.,,,,,,,,,,,,,,,,,,,,,,,,,,
"2 Based on total journey time, therefore includes travelling and waiting time.",,,,,,,,,,,,,,,,,,,,,,,,,,
3 Mostly private hire bus (including school buses).,,,,,,,,,,,,,,,,,,,,,,,,,,
"4 Air, ferries, light rail.",,,,,,,,,,,,
,,,,,,,,,,,,
Telephone: 020 7944 3097,,,,,,,,,,,,Source: National Travel Survey
Email: national.travelsurvey@dft.gsi.gov.uk,,,,,,,,,,,,Last updated: December 2012
Notes & definitions,,,,,,,,,,,,Next update: July 2013
,,,,,,,,,,,,
The figures in this table are National Statistics,,,,,,,,,,,,
,,,,,,,,,,,,
Note: The results presented in this table are weighted. The base (unweighted sample size) is shown in the table for information. Weights are applied to adjust for non-response to ensure the characteristics of the achieved sample match the population of Great Britain and for the drop off in trip recording. The survey results are subject to sampling error.,,,,,,,,,,,,
,,,,,,,,,,,,
,,,,,,,,,,,,
,,,,,,,,,,,,
,,,,,,,,,,,,
,,,,,,,,,,,,
