Department for Transport statistics,,,,,,,,,,
National Travel Survey,,,,,,,,,,
,,,,,,,,,,
Table NTS0612,,,,,,,,,,
"Average distance travelled by age, gender and purpose: Great Britain, 2011",,,,,,,,,,
,,,,,,,,,,
,,,,,,,,,,Miles/number/thousands
,Miles per person per year,,,,,,,,,
Purpose,All ages,,<17,17-20,21-29,30-39,40-49,50-59,60-69,70+
All people:,,,,,,,,,,
Commuting,"1,308",,20,874,"1,986","2,533","2,222","2,297",607,40
Business,566,,3,113,528,915,"1,297","1,033",452,35
Education,205,,619,854,229,37,26,8,2,1
Escort education,104,,67,26,46,208,270,80,39,14
Shopping,849,,225,588,686,870,"1,039","1,057","1,414","1,202"
Other escort,506,,722,169,322,595,662,473,475,215
Personal business,493,,210,351,410,569,610,598,674,613
Visit friends at private home,"1,014",,930,"1,106","1,154","1,161",904,"1,072","1,128",768
Visit friends elsewhere,281,,166,282,264,304,315,341,354,300
Sport / entertainment,477,,502,489,427,421,538,511,549,359
Holiday / day trip,978,,878,547,748,896,"1,126","1,241","1,409",778
Other including just walk,45,,31,50,41,49,50,57,61,33
All purposes,"6,826",,"4,373","5,449","6,841","8,559","9,059","8,768","7,165","4,359"
Unweighted sample size:,,,,,,,,,,
   individuals,"18,069",,"3,733",819,"1,758","2,174","2,590","2,371","2,311","2,313"
   trips ('000s),316,,59,12,31,44,53,45,42,31
Males:,,,,,,,,,,
Commuting,"1,788",,20,"1,001","2,410","3,627","3,045","3,151",945,52
Business,854,,5,105,572,"1,310","2,024","1,664",817,43
Education,218,,605,982,262,48,14,3,2,2
Escort education,64,,64,22,14,90,141,69,37,18
Shopping,741,,177,387,535,737,849,910,"1,363","1,311"
Other escort,539,,767,117,267,534,666,504,632,359
Personal business,496,,201,282,381,537,583,611,746,763
Visit friends at private home,983,,943,"1,020",990,"1,219",816,976,"1,113",842
Visit friends elsewhere,274,,152,247,278,258,318,329,373,315
Sport / entertainment,579,,599,628,527,508,604,614,702,452
Holiday / day trip,996,,874,567,739,923,"1,138","1,226","1,411",925
Other including just walk,42,,33,31,30,44,43,55,63,42
All purposes,"7,573",,"4,441","5,390","7,005","9,833","10,241","10,111","8,201","5,123"
Unweighted sample size:,,,,,,,,,,
   individuals,"8,718",,"1,918",422,836,"1,024","1,217","1,152","1,105","1,044"
   trips ('000s),150,,30,6,13,18,23,22,21,16
Females:,,,,,,,,,,
Commuting,846,,19,742,"1,572","1,456","1,424","1,464",286,31
Business,288,,-,120,485,525,593,418,106,30
Education,192,,634,722,197,26,37,13,2,1
Escort education,143,,70,30,77,325,395,91,42,11
Shopping,954,,276,798,832,"1,002","1,224","1,201","1,464","1,118"
Other escort,474,,674,222,376,656,658,443,325,103
Personal business,490,,220,422,439,601,636,585,605,498
Visit friends at private home,"1,043",,917,"1,194","1,314","1,104",990,"1,165","1,143",710
Visit friends elsewhere,289,,181,319,250,350,312,352,336,289
Sport / entertainment,379,,399,345,329,335,475,411,404,288
Holiday / day trip,961,,884,526,757,870,"1,114","1,256","1,408",664
Other including just walk,48,,30,70,51,54,56,59,59,26
All purposes,"6,105",,"4,303","5,510","6,681","7,303","7,913","7,459","6,178","3,767"
Unweighted sample size:,,,,,,,,,,
   individuals,"9,351",,"1,815",397,922,"1,150","1,373","1,219","1,206","1,269"
   trips ('000s),167,,29,6,17,25,30,23,21,15
,,,,,,,,,,
Telephone: 020 7944 3097,,,,,,,,,,Source: National Travel Survey
Email: national.travelsurvey@dft.gsi.gov.uk,,,,,,,,,,Last updated: December 2012
Notes & definitions,,,,,,,,,,Next update: July 2013
,,,,,,,,,,
The figures in this table are National Statistics,,,,,,,,,,

Note: The results presented in this table are weighted. The base (unweighted sample size) is shown in the table for information. Weights are applied to adjust for non-response to ensure the characteristics of the achieved sample match the population of Great Britain and for the drop off in trip recording. The survey results are subject to sampling error.,,,,,,,,,,
