Department for Transport statistics,,,,,,,,,,,,,,
National Travel Survey,,,,,,,,,,,,,,

Table NTS0309,,,,,,,,,,,,,,
"Average distance travelled by trip length and mode: Great Britain, 2011",,,,,,,,,,,,,,
,,,,,,,,,,,,,,
,,,,,,,,,,Miles/thousands,,,,
,Miles per person per year,,,,,,,,,,,,,
Mode,Under 1 mile,1 to under 2 miles,2 to under 5 miles,5 to under 10 miles,10 to under 25 miles,25 to under 50 miles,50 to under 100 miles,100 miles and over,All    lengths,Unweighted sample size (stages '000s),,,,
Private:,,,,,,,,,,,,,,
Walk,60,66,38,10,7,2,1,1,187,96,,,,
Bicycle,1,6,18,10,9,4,-,-,49,5,,,,
Car / van driver,12,80,386,566,956,583,402,454,"3,438",133,,,,
Car / van passenger,7,47,202,279,454,303,286,381,"1,959",72,,,,
Motorcycle,-,-,3,6,12,9,3,2,36,1,,,,
Other private transport1,-,1,6,10,18,17,23,51,126,2,,,,
Public:,,,,,,,,,,,,,,
Bus in London,1,4,26,26,11,2,-,-,70,7,,,,
Other local bus,1,8,62,70,68,15,2,1,228,16,,,,
Non-local bus,0,-,-,-,1,3,12,37,53,0.2,,,,
London Underground,-,-,7,19,33,5,2,2,68,3,,,,
Surface Rail,0,-,4,18,88,113,92,169,484,6,,,,
Taxi / minicab,-,3,12,11,12,10,3,4,55,4,,,,
Other public transport2,-,-,3,4,4,-,1,60,73,1,,,,
All modes,82,217,767,"1,029","1,674","1,068",829,"1,162","6,826",345,,,,
,,,,,,,,,,,,,,
,,,,,,,,Cumulative percentage,,,,,,
Mode,Under 1 mile,Under 2 miles,Under 5 miles,Under 10 miles,Under 25 miles,Under 50 miles,Under 100 miles,All        lengths,,,,,,
Private:,,,,,,,,,,,,,,
Walk,32,68,88,94,98,99,100,100,,,,,,
Bicycle,2,13,51,72,91,99,100,100,,,,,,
Car / van driver,-,3,14,30,58,75,87,100,,,,,,
Car / van passenger,-,3,13,27,50,66,81,100,,
Motorcycle,-,1,9,26,60,85,94,100,,
Other private transport1,-,1,5,13,28,41,59,100,,
Public:,,,,,,,,,,
Bus in London,1,7,43,80,96,99,100,100,,
Other local bus,-,4,31,62,92,98,99,100,,
Non-local bus,0,-,-,-,1,7,30,100,,
London Underground,-,-,10,38,86,94,97,100,,
Surface Rail,0,-,1,5,23,46,65,100,,
Taxi / minicab,-,6,28,49,70,89,94,100,,
Other public transport2,-,-,4,9,15,16,17,100,,
All modes,1,4,16,31,55,71,83,100,,
,,,,,,,,,,
1 Mostly private hire bus (including school buses).,,,,,,,,,,
"2 Air, ferries, light rail.",,,,,,,,,,

Telephone: 020 7944 3097,,,,,,,,Source: National Travel Survey,,,,
Email: national.travelsurvey@dft.gsi.gov.uk,,,,,,,,Last updated: December 2012,,,,
Notes & definitions,,,,,,,,Next update: July 2013,,,,
,,,,,,,,,,,,
The figures in this table are National Statistics,,,,,,,,,,,,

Note: The results presented in this table are weighted. The base (unweighted sample size) is shown in the table for information. Weights are applied to adjust for non-response to ensure the characteristics of the achieved sample match the population of Great Britain and for the drop off in trip recording. The survey results are subject to sampling error.,,,,,,,,,,,,
