Department for Transport statistics,,,,,,,,,,,,
National Travel Survey,,,,,,,,,,,,
,,,,,,,,,,,,
Table NTS0406,,,,,,,,,,,,
"Average trip time by trip purpose: Great Britain, 1995/97 to 20111",,,,,,,,,,,,
,,,,,,,,,,,,
,,,,,,,,,,,,Minutes/number/thousands
,Average trip duration (minutes)2,,,,,,,,,,,
Purpose,1995/97,1998/00,2002,2003,2004,2005,2006,2007,2008,2009,2010,2011
Commuting,24,25,26,26,27,27,27,28,28,28,29,28
Business,36,38,37,40,40,38,38,42,41,38,42,39
Education,18,19,21,21,20,20,21,21,22,22,22,22
Escort education,11,12,13,13,13,12,13,13,13,13,14,13
Shopping,17,17,18,18,18,18,18,18,18,18,18,18
Other escort,15,16,16,16,17,16,16,17,17,17,17,17
Personal business,16,17,17,17,18,18,18,19,19,18,19,19
Visiting friends at private home,21,23,24,24,24,25,24,26,25,26,25,25,
Visiting friends elsewhere,17,18,20,19,21,20,21,22,21,21,21,21,
Entertainment / public activity,24,23,23,24,23,23,23,24,24,25,23,23,
Sport: participate,18,18,20,19,19,19,20,18,19,19,19,21,
Holiday: base,80,75,80,88,90,73,79,83,76,79,76,86,
Day trip,43,43,37,38,37,36,34,35,34,37,36,34,
Other including just walk,22,23,25,23,24,24,22,25,22,24,23,24,
All purposes,20.4,21.1,21.8,22.1,22.3,22.1,22.2,23.3,22.7,22.9,22.9,22.8,
Unweighted sample size:,,,,,,,,,,,,,
   individuals,"22,861","21,868","16,886","19,467","19,199","19,904","19,490","19,735","18,983","19,914","19,072","18,069",
   trips ('000s),461,432,326,370,364,379,369,353,342,359,336,316,
,,,,,,,,,,,,,
1 There is an apparent under-recording of short walks in 2002 and 2003; and short trips in 2007 and 2008 compared to other years.,,,,,,,,,,,,,
"2 Based on total journey time, therefore includes travelling and waiting time.",,,,,,,,,,,,,
,,,,,,,,,,,,,
Telephone: 020 7944 3097,,,,,,,,,,,,Source: National Travel Survey,
Email: national.travelsurvey@dft.gsi.gov.uk,,,,,,,,,,,,Last updated: December 2012
Notes & definitions,,,,,,,,,,,,Next update: July 2013
,,,,,,,,,,,,
The figures in this table are National Statistics,,,,,,,,,,,,

Note: The results presented in this table are weighted. The base (unweighted sample size) is shown in the table for information. Weights are applied to adjust for non-response to ensure the characteristics of the achieved sample match the population of Great Britain and for the drop off in trip recording. The survey results are subject to sampling error.,,,,,,,,,,,,
