Department for Transport statistics,,,,,,,,,,,
National Travel Survey,,,,,,,,,,,
,,,,,,,,,,,
Table NTS0205,,,,,,,,,,,
"Household car availability: Great Britain, 1951 to 2011",,,,,,,,,,,
,,,,,,,,,,,
,,,,,,,,,Percentage/number,,
Year,No car / van,One car / van,Two or more cars / vans,All households,,Cars / vans per household,Cars / vans per adult  (17+),,Unweighted sample size (households),,
1951,86,13,1,100,,..,..,,..,,
1961,69,29,2,100,,..,..,,..,,
1971,48,44,8,100,,..,..,,..,,
1981,40,45,15,100,,..,..,,..,,
1985/861,38,45,17,100,,0.82,0.42,,"10,266",,
1989/91,33,45,22,100,,0.94,0.50,,"10,752",,
1992/94,33,44,23,100,,0.96,0.52,,"10,296",,
1995/972,30,44,25,100,,1.00,0.54,,"10,461",,
1998/00,28,44,28,100,,1.05,0.57,,"10,459",,,,,
2002,27,44,29,100,,1.08,0.58,,"8,849",,,,,
2003,27,43,31,100,,1.10,0.59,,"9,196",,,,,
2004,26,44,30,100,,1.10,0.59,,"8,991",,,,,
2005,25,43,32,100,,1.15,0.61,,"9,453",,,,,
2006,25,44,32,100,,1.15,0.61,,"9,261",,,,,
2007,25,43,32,100,,1.14,0.60,,"9,278",,,,,
2008,25,43,32,100,,1.14,0.60,,"8,924",,,,,
2009,25,43,32,100,,1.14,0.60,,"9,128",,,,,
2010,25,42,33,100,,1.16,0.61,,"8,775",,,,,
2011,25,43,32,100,,1.14,0.60,,"8,460",,,,,
,,,,,,,,,,,,,,
1 Figures from 1985/86 are from the National Travel Survey.  Earlier years are derived from other household surveys.,,,,,,,,,,,,,,
2 Figures prior to 1995 are based on unweighted data.,,,,,,,,,,,,,,
,,,,,,,,,,,,,,
Telephone: 020 7944 3097,,,,,,,,,Source: National Travel Survey,,,,,
Email: national.travelsurvey@dft.gsi.gov.uk,,,,,,,,,Last updated: December 2012,
Notes & definitions,,,,,,,,,Next update: July 2013,
,,,,,,,,,,
The figures in this table are National Statistics,,,,,,,,,,
,,,,,,,,,,
Note: The results presented in this table are weighted. The base (unweighted sample size) is shown in the table for information. Weights are applied to adjust for non-response to ensure the characteristics of the achieved sample match the population of Great Britain and for the drop off in trip recording. The survey results are subject to sampling error.,,,,,,,,,,
,,,,,,,,,,
,,,,,,,,,,
,,,,,,,,,,
,,,,,,,,,,
,,,,,,,,,,
,,,,,,,,,,
