Department for Transport statistics,,
National Travel Survey,,
,,
Table NTS0302,,
"Mode share - average distance travelled: Great Britain, 2011         ",,
,,
,Percentage/number/thousands,
Mode,2011,
Walk,3,
Bicycle,1,
Car / van driver,50,
Car / van passenger,29,
Local and non-local buses,5,
Rail1,8,
Other transport2,4,
All modes,100,
Unweighted sample size:,,
   individuals,"18,069",
   stages ('000s),345,
,,
1 Surface rail and London Underground.,,
2 All other modes of transport.,,

Telephone: 020 7944 3097,Source: National Travel Survey,
Email: national.travelsurvey@dft.gsi.gov.uk,Last updated: December 2012,
Notes & definitions,Next update: July 2013,
,,
The figures in this table are National Statistics,,
,,
Note: The results presented in this table are weighted. The base (unweighted sample size) is shown in the table for information. Weights are applied to adjust for non-response to ensure the characteristics of the achieved sample match the population of Great Britain and for the drop off in trip recording. The survey results are subject to sampling error.,,
