Department for Transport statistics,,,,,,,,,,,,,
National Travel Survey,,,,,,,,,,,,,
,,,,,,,,,,,,,
Table NTS0403,,,,,,,,,,,,,
"Average number of trips (trip rates) per person per year by trip purpose: Great Britain, 1995/97 to 20111",,,,,,,,,,,,,
,,,,,,,,,,,,,
,,,,,,,,,,,,Trips/number/thousands,
,Trips per person per year,,,,,,,,,,,,
Purpose,1995/97,1998/00,2002,2003,2004,2005,2006,2007,2008,2009,2010,2011,
Commuting,174,173,163,166,168,161,160,162,156,147,150,147,
Business,38,36,34,34,34,37,35,33,30,30,29,29,
Education,68,70,65,70,66,66,62,63,62,61,59,58,
Escort education,48,49,44,48,47,48,44,44,43,44,47,46,
Shopping,237,229,214,209,208,206,219,186,198,193,193,192,
Other escort,84,83,104,95,93,97,97,86,96,91,91,94,
Personal business,110,106,113,107,105,109,105,98,103,103,98,94,
Visiting friends at private home,144,139,123,120,119,123,119,110,109,109,103,103,,,,,,,,,,,,
Visiting friends elsewhere,46,49,48,46,43,47,49,48,47,48,46,45,,,,,,,,,,,,
Entertainment / public activity,40,39,48,46,50,52,49,48,43,44,47,49,,,,,,,,,,,,
Sport: participate,23,25,19,20,19,17,16,18,20,20,18,17,,,,,,,,,,,,
Holiday: base,10,11,11,11,10,12,11,11,11,12,11,11,,,,,,,,,,,,
Day trip,20,18,23,24,24,27,27,28,30,28,28,30,,,,,,,,,,,,
Other including just walk,44,44,38,39,39,42,45,38,44,43,41,44,,,,,,,,,,,,
All purposes,"1,086","1,071","1,047","1,034","1,026","1,044","1,037",972,992,973,960,958,,,,,,,,,,,,
Unweighted sample size:,,,,,,,,,,,,,,,,,,,,,,,,
   individuals,"22,861","21,868","16,886","19,467","19,199","19,904","19,490","19,735","18,983","19,914","19,072","18,069",,,,,,,,,,,,
   trips ('000s),461,432,326,370,364,379,369,353,342,359,336,316,,,,,,,,,,,,
,,,,,,,,,,,,,,,,,,,,,,,,
1 There is an apparent under-recording of short walks in 2002 and 2003; and short trips in 2007 and 2008 compared to other years.,,,,,,,,,,,,,,,,,,,,,,,,
,,,,,,,,,,,,,,,,,,,,,,,,
Telephone: 020 7944 3097,,,,,,,,,,,,Source: National Travel Survey,,,,,,,,,,,,
Email: national.travelsurvey@dft.gsi.gov.uk,,,,,,,,,,,,Last updated: December 2012,,,,,,,,,,,,
Notes & definitions,,,,,,,,,,,,Next update: July 2013
,,,,,,,,,,,,
The figures in this table are National Statistics,,,,,,,,,,,,

Note: The results presented in this table are weighted. The base (unweighted sample size) is shown in the table for information. Weights are applied to adjust for non-response to ensure the characteristics of the achieved sample match the population of Great Britain and for the drop off in trip recording. The survey results are subject to sampling error.,,,,,,,,,,,,
