Department for Transport statistics,,,,,,,,,,,
National Travel Survey,,,,,,,,,,,
,,,,,,,,,,,
Table NTS0409,,,,,,,,,,,
"Average number of trips (trip rates) by purpose and main mode: Great Britain, 2011",,,,,,,,,,,
,,,,,,,,,,,
,,,,,,,,,,Trips/thousands,
,Trips per person per year,,,,,,,,,,
Purpose,Walk,Bicycle,Car / van driver,Car / van passenger,Motorcycle,Other private transport1,Local bus,Rail2,Other public transport3,All modes,
Commuting,15,6,85,14,2,-,12,11,2,147,
Business,2,-,21,2,-,-,1,2,-,29,
Education / escort education,41,2,22,23,-,3,11,2,1,104,
Shopping,45,1,85,38,-,1,17,2,2,192,
Other escort,12,-,50,28,-,-,2,-,1,94,
Personal business,22,1,41,21,-,1,7,1,1,94,
Leisure4,41,6,93,85,1,2,13,7,7,255,
Other including just walk,43,0,-,-,0,0,0,0,0,44
All purposes,222,16,398,211,4,7,64,25,13,958
Unweighted sample size:,,,,,,,,,,
   trips ('000s),74,5,131,70,1,2,20,8,4,316
,,,,,,,,,,
1 Mostly private hire bus (including school buses).,,,,,,,,,,
2 Surface rail and London underground.,,,,,,,,,,
"3 Non-local bus, taxi/minicab and other public transport (air, ferries, light rail).",,,,,,,,,,
"4 Visit friends at home and elsewhere, entertainment, sport, holiday and day trip.",,,,,,,,,,

Telephone: 020 7944 3097,,,,,,,,,,Source: National Travel Survey
Email: national.travelsurvey@dft.gsi.gov.uk,,,,,,,,,,Last updated: December 2012
Notes & definitions,,,,,,,,,,Next update: July 2013
,,,,,,,,,,
The figures in this table are National Statistics,,,,,,,,,,

Note: The results presented in this table are weighted. The base (unweighted sample size) is shown in the table for information. Weights are applied to adjust for non-response to ensure the characteristics of the achieved sample match the population of Great Britain and for the drop off in trip recording. The survey results are subject to sampling error.,,,,,,,,,,,,
