Department for Transport statistics,,,,,
National Travel Survey,,,,,
,,,,,
Table NTS0202,,,,,
"Full car driving licence holders aged 17-20 by gender: Great Britain, 1989/91 to 2011",,,,,
,,,,,
,,,Percentage/number,,
Year,Males,Females,Unweighted sample size (individuals aged 17-20),,
1989/91,52,35," 1,236 ",,1989/91
1990/92,55,36," 1,144 ",,1990/92
1991/93,58,40," 1,087 ",,1991/93
1992/94,54,42," 1,031 ",,1992/94
1993/95,50,42," 1,034 ",,1993/95
1994/96,50,38," 1,100 ",,1994/96
1995/971,50,36," 1,141 ",,1995/97
1996/98,50,38," 1,153 ",,1996/98
1997/99,47,40," 1,116 ",,1997/99
1998/00,44,38," 1,185 ",,1998/00
1999/01,40,32," 1,189 ",,1999/01
2000/02,36,30," 1,732 ",,2000/02
2002,35,31, 900 ,,2002
2003,33,25, 959 ,,2003
2004,30,24, 916 ,,2004
2005,37,27," 1,037 ",,2005
2006,37,31," 1,026 ",,2006
2007,41,34, 977 ,,2007
2008,38,35," 1,015 ",,2008
2009,37,35," 1,048 ",,2009
2010,35,34," 1,001 ",,2010
2011,31,31, 971 ,,2011
,,,,,
1 Figures prior to 1995 are based on unweighted data,,,,,

Telephone: 020 7944 3097,,,Source: National Travel Survey,,,,,,,,,,
Email: national.travelsurvey@dft.gsi.gov.uk,,,Last updated: December 2012,,,,,,,,,,
Notes & definitions,,,Next update: July 2013,,,,,,,,,,
,,,,,,,,,,,,,
The figures in this table are National Statistics,,,,,,,,,,,,,
,,,,,,,,,,,,,
Note: The results presented in this table are weighted. The base (unweighted sample size) is shown in the table for information. Weights are applied to adjust for non-response to ensure the characteristics of the achieved sample match the population of Great Britain and for the drop off in trip recording. The survey results are subject to sampling error.,,,,,,,,,,,,,
,,,,,,,,,,,,,
,,,,,,,,,,,,,
,,,,,,,,,,,,,
,,,,,,,,,,,,,
,,,,,,,,,,,,,
,,,,,,,,,,,,,
,,,,,,,,,,,,,
,,,,,,,,,,,,,
,,,,,,,,,,,,,
,,,,,,,,,,,,,
,,,,,,,,,,,,,
,,,,,,,,,,,,,
,,,,,,,,,,,,,
,,,,,,,,,,,,,
,,,,,,,,,,,,,
,,,,,,,,,,,,,
,,,,,,,,,,,,,
,,,,,,,,,,,,,
,,,,,,,,,,,,,
,,,,,,,,,,,,,
,,,,,,,,,,,,,
,,,,,,,,,,,,,
,,,,,,,,,,,,,
,,,,,,,,,,,,,
,,,,,,,,,,,,,
