Department for Transport statistics,,,,,,,,,,
National Travel Survey,,,,,,,,,,
,,,,,,,,,,
Table NTS0611,,,,,,,,,,
"Average number of trips (trip rates) by age, gender and purpose: Great Britain, 2011",,,,,,,,,,
,,,,,,,,,,
,,,,,,,,,,Trips/number/thousands
,Trips per person per year,,,,,,,,,
Purpose,All ages,,<17,17-20,21-29,30-39,40-49,50-59,60-69,70+
All people:,,,,,,,,,,
Commuting,147,,3,148,251,234,242,252,88,7
Business,29,,-,12,27,45,62,55,27,4
Education,58,,229,134,31,6,2,1,-,-
Escort education,46,,41,8,38,109,90,18,16,6
Shopping,192,,46,124,175,213,222,230,296,291
Other escort,94,,155,31,65,111,118,72,69,37
Personal business,94,,62,49,73,103,96,101,134,138
Visit friends at private home,103,,125,135,114,99,82,94,110,76
Visit friends elsewhere,45,,26,59,51,47,45,49,58,49
Sport / entertainment,65,,86,64,67,50,59,53,74,59
Holiday / day trip,41,,39,24,28,37,46,45,62,39
Other including just walk,44,,39,19,33,48,48,53,60,38
All purposes,958,,850,806,954,"1,102","1,113","1,025",992,743
Unweighted sample size:,,,,,,,,,,
   individuals,"18,069",,"3,733",819,"1,758","2,174","2,590","2,371","2,311","2,313"
   trips ('000s),316,,59,12,31,44,53,45,42,31
Males:,,,,,,,,,,
Commuting,169,,3,147,291,289,275,269,107,8
Business,35,,-,8,27,54,74,68,38,5
Education,60,,224,133,35,7,1,1,1,-
Escort education,27,,38,9,12,40,47,17,14,6
Shopping,171,,38,94,139,183,182,205,288,330
Other escort,90,,161,19,45,77,93,86,84,59
Personal business,89,,56,37,61,89,87,100,141,151
Visit friends at private home,94,,127,115,95,85,67,78,97,77
Visit friends elsewhere,45,,23,47,54,45,46,48,66,50
Sport / entertainment,71,,91,82,79,48,61,54,80,68
Holiday / day trip,43,,40,26,26,34,48,46,70,51
Other including just walk,41,,40,16,24,38,42,47,62,48
All purposes,935,,842,734,887,990,"1,024","1,019","1,049",854
Unweighted sample size:,,,,,,,,,,
   individuals,"8,718",,"1,918",422,836,"1,024","1,217","1,152","1,105","1,044"
   trips ('000s),150,,30,6,13,18,23,22,21,16
Females:,,,,,,,,,,
Commuting,125,,3,149,213,180,210,235,70,6
Business,23,,-,16,26,36,50,43,16,3
Education,56,,234,135,27,5,2,2,-,-
Escort education,64,,44,6,63,177,132,19,17,6
Shopping,211,,55,155,210,243,262,254,303,260
Other escort,97,,149,44,86,144,143,59,54,20
Personal business,99,,68,62,84,116,104,102,127,127
Visit friends at private home,113,,124,155,133,112,96,109,123,76
Visit friends elsewhere,45,,28,70,48,49,44,50,50,48
Sport / entertainment,60,,80,46,55,52,58,53,68,52
Holiday / day trip,39,,37,23,30,39,44,44,53,31
Other including just walk,47,,38,21,42,59,55,59,58,31
All purposes,981,,858,881,"1,019","1,212","1,199","1,030",939,658
Unweighted sample size:,,,,,,,,,,
   individuals,"9,351",,"1,815",397,922,"1,150","1,373","1,219","1,206","1,269"
   trips ('000s),167,,29,6,17,25,30,23,21,15
,,,,,,,,,,
Telephone: 020 7944 3097,,,,,,,,,,Source: National Travel Survey
Email: national.travelsurvey@dft.gsi.gov.uk,,,,,,,,,,Last updated: December 2012
Notes & definitions,,,,,,,,,,Next update: July 2013
,,,,,,,,,,
The figures in this table are National Statistics,,,,,,,,,,
,,,,,,,,,,
Note: The results presented in this table are weighted. The base (unweighted sample size) is shown in the table for information. Weights are applied to adjust for non-response to ensure the characteristics of the achieved sample match the population of Great Britain and for the drop off in trip recording. The survey results are subject to sampling error.,,,,,,,,,,
