Department for Transport statistics,,,,,,,,,,,,
National Travel Survey,,,,,,,,,,,,
,,,,,,,,,,,,
Table NTS0405,,,,,,,,,,,,
"Average trip length by trip purpose: Great Britain, 1995/97 to 20111",,,,,,,,,,,,
,,,,,,,,,,,,
,,,,,,,,,,,,Miles/number/thousands
,Average trip length (miles),,,,,,,,,,,
Purpose,1995/97,1998/00,2002,2003,2004,2005,2006,2007,2008,2009,2010,2011
Commuting,8.2,8.3,8.5,8.5,8.5,8.7,8.7,8.9,8.6,8.6,9.0,8.9
Business,19.0,19.9,20.2,21.0,21.1,19.4,19.4,21.0,20.8,18.3,20.7,19.4
Education,2.9,3.0,3.2,3.1,3.2,3.2,3.3,3.4,3.3,3.2,3.4,3.5
Escort education,1.8,2.0,2.3,2.2,2.3,2.0,2.3,2.4,2.3,2.2,2.4,2.3
Shopping,3.9,4.2,4.3,4.4,4.3,4.3,4.2,4.6,4.4,4.3,4.3,4.4
Other escort,4.8,5.2,4.9,5.2,5.3,5.1,5.0,5.4,5.2,5.2,5.5,5.4
Personal business,4.4,4.6,4.5,4.4,4.5,4.8,4.6,4.9,4.9,4.9,5.1,5.2
Visiting friends at private home,8.1,8.8,9.3,9.4,9.2,9.7,9.4,10.0,9.9,10.2,9.6,9.8
Visiting friends elsewhere,5.1,5.5,5.6,5.5,6.0,5.4,6.0,6.2,5.9,5.7,5.9,6.3
Entertainment / public activity,7.9,7.7,7.7,8.1,7.8,7.6,7.6,8.1,7.8,8.4,7.2,7.4
Sport: participate,6.3,6.3,6.8,6.3,6.3,6.0,6.6,5.8,6.0,5.9,6.2,7.0
Holiday: base,45.9,44.1,47.1,52.4,50.9,44.2,48.5,47.6,45.5,45.3,43.7,50.9
Day trip,17.8,18.4,15.9,16.2,14.8,14.3,14.1,14.0,13.3,13.9,14.7,13.6
Other including just walk,1.1,1.2,1.1,1.0,1.1,1.1,1.1,1.2,1.1,1.1,1.1,1.0
All purposes,6.4,6.7,6.8,7.0,6.9,6.9,6.9,7.3,7.0,7.0,7.0,7.1
Unweighted sample size:,,,,,,,,,,,,
   individuals,"22,861","21,868","16,886","19,467","19,199","19,904","19,490","19,735","18,983","19,914","19,072","18,069"
   trips ('000s),461,432,326,370,364,379,369,353,342,359,336,316
,,,,,,,,,,,,
1 There is an apparent under-recording of short walks in 2002 and 2003; and short trips in 2007 and 2008 compared to other years.,,,,,,,,,,,,
,,,,,,,,,,,,
Telephone: 020 7944 3097,,,,,,,,,,,,Source: National Travel Survey
Email: national.travelsurvey@dft.gsi.gov.uk,,,,,,,,,,,,Last updated: December 2012
Notes & definitions,,,,,,,,,,,,Next update: July 2013
,,,,,,,,,,,,
The figures in this table are National Statistics,,,,,,,,,,,,

Note: The results presented in this table are weighted. The base (unweighted sample size) is shown in the table for information. Weights are applied to adjust for non-response to ensure the characteristics of the achieved sample match the population of Great Britain and for the drop off in trip recording. The survey results are subject to sampling error.,,,,,,,,,,,,
