Department for Transport statistics,,,,,,,,,,,,
National Travel Survey,,,,,,,,,,,,
,,,,,,,,,,,,
Table NTS0102,,,,,,,,,,,,
"Trips, distance travelled and time taken - index: Great Britain, 1995/97 to 2011",,,,,,,,,,,,
,,,,,,,,,,,,
,,,,Index: 1995/97=100/number,,,,,,,,
Year1,Trips,Distance,Time,Unweighted sample size (individuals),,,,,,,,
1995/97,100,100,100,"22,861",,,,,,,,
1996/98,100,101,100,"21,980",,,,,,,,
1997/99,100,102,101,"21,285",,,,,,,,
1998/00,99,103,102,"21,868",,,,,,,,
1999/01,98,102,102,"23,004",,,,,,,,
2000/02,97,102,103,"32,920",,,,,,,,
2002,96,102,103,"16,886",,,,,,,,
2003,95,103,103,"19,467",,,,,,,,
2004,94,102,103,"19,199",,,,,,,,
2005,96,103,104,"19,904",,,,,,,,
2006,96,102,104,"19,490",,,,,,,,
2007,90,102,102,"19,735",,,,,,,,
2008,91,99,102,"18,983",,,,,,,,
2009,90,97,101,"19,914",,,,,,,,
2010,88,96,99,"19,072",,,,,,,,
2011,88,98,99,"18,069",,,,,,,,
,,,,,,,,,,,,
1 Data prior to 2002 is based on a 3 year rolling average of annual results. This differs from other NTS tables.,,,,,,,,,,,,
,,,,,,,,,,,,
Telephone: 020 7944 3097,,,,Source: National Travel Survey,,,,,,,,
Email: national.travelsurvey@dft.gsi.gov.uk,,,,Last updated: December 2012,,,,,,,,
Notes & definitions,,,,Next update: July 2013,,,,,,,,

The figures in this table are National Statistics,,,,,,,,,,,,

Note: The results presented in this table are weighted. The base (unweighted sample size) is shown in the table for information. Weights are applied to adjust for non-response to ensure the characteristics of the achieved sample match the population of Great Britain and for the drop off in trip recording. The survey results are subject to sampling error.,,,,,,,,
