Department for Transport statistics,,,,,,,,,,,,,,,,
National Travel Survey,,,,,,,,,,,,,,,,
,,,,,,,,,,,,,,,,
Table NTS0101,,,,,,,,,,,,,,,,
"Trips, distance travelled and time taken: Great Britain, 1972/73 to 2011",,,,,,,,,,,,,,,,
,,,,,,,,,,,,,,,,
,,,,,,,Trips/miles/hours/minutes/number,,,,,,,,,
,Per person per year,,,,,,,,,,,,,,,
Year,All trips1,Trips of 1 mile or more,"Distance travelled
(miles)",Time taken (hours),"Average trip length
(miles)","Average trip time
(minutes)",Unweighted sample size (individuals),,,,,,,,,
1972/73,956,594,"4,476",353,4.7,22.2,"15,879",,,,,,,,,
1975/76,935,659,"4,740",330,5.1,21.2,"24,692",,,,,,,,,
1978/79,"1,097",736,"4,791",377,4.4,20.6,"18,433",,,,,,,,,
1985/86,"1,024",689,"5,317",337,5.2,19.8,"25,785",,,,,,,,,
1989/91,"1,091",771,"6,475",370,5.9,20.4,"26,285",,,,,,,,,
1992/94,"1,053",742,"6,439",359,6.1,20.5,"24,671",,,,,,,,,
1995/972,"1,086",794,"6,981",369,6.4,20.4,"22,861",,,,,,,,,
1998/00,"1,071",810,"7,164",376,6.7,21.1,"21,868",,,,,,,,,
2002,"1,047",819,"7,135",380,6.8,21.8,"16,886",,,,,,,,,
2003,"1,034",812,"7,192",381,7.0,22.1,"19,467",,,,,,,,,
2004,"1,026",806,"7,103",382,6.9,22.3,"19,199",,,,,,,,,
2005,"1,044",818,"7,208",385,6.9,22.1,"19,904",,,,,,,,,
2006,"1,037",812,"7,133",383,6.9,22.2,"19,490",,,,,,,,,
2007,972,786,"7,103",377,7.3,23.3,"19,735",,,,,,,,,
2008,992,800,"6,923",376,7.0,22.7,"18,983",,,,,,,,,
2009,973,774,"6,775",372,7.0,22.9,"19,914",,,,,,,,,
2010,960,773,"6,726",367,7.0,22.9,"19,072",,,,,,,,,
2011,958,764,"6,826",364,7.1,22.8,"18,069",,,,,,,,,
,,,,,,,,,,,,,,,,
1 There is an apparent under-recording of short walks in 2002 and 2003 and short trips in 2007 and 2008 compared,,,,,,,,,,,,,,,,
to other years.,,,,,,,,,,,,,,,,
"2 Data from 1995 onwards has been weighted, causing a one-off uplift in trip numbers, distance travelled ",,,,,,,,,,,,,,,,
and time taken between 1992/1994 and 1995/1997.,,,,,,,,,,,,,,,,
,,,,,,,,
Telephone: 020 7944 3097,,,,,,,Source: National Travel Survey,
Email: national.travelsurvey@dft.gsi.gov.uk,,,,,,,Last updated: December 2012,
Notes & definitions,,,,,,,Next update: July 2013,
,,,,,,,,
The figures in this table are National Statistics,,,,,,,,
,,,,,,,,
Note: The results presented in this table are weighted. The base (unweighted sample size) is shown in the table for information. Weights are applied to adjust for non-response to ensure the characteristics of the achieved sample match the population of Great Britain and for the drop off in trip recording. The survey results are subject to sampling error.,,,,,,,,
,,,,,,,,
,,,,,,,,
,,,,,,,,
,,,,,,,,
,,,,,,,,
,,,,,,,,
,,,,,,,,
