Department for Transport statistics,,,,,,,,,,,,,,,
National Travel Survey,,,,,,,,,,,,,,,
,,,,,,,,,,,,,,,
Table NTS0404,,,,,,,,,,,,,,,
"Average distance travelled by trip purpose: Great Britain, 1995/97 to 20111",,,,,,,,,,,,,,,

,,,,,,,,,,,,Miles/number/thousands,,,
,Miles per person per year,,,,,,,,,,,,,,
Purpose,1995/97,1998/00,2002,2003,2004,2005,2006,2007,2008,2009,2010,2011,,,
Commuting,"1,425","1,444","1,389","1,407","1,428","1,391","1,391","1,435","1,340","1,266","1,342","1,308",,,
Business,730,718,693,707,726,723,682,700,630,551,591,566,,,
Education,193,207,211,220,208,211,205,210,207,193,199,205,,,
Escort education,88,99,101,104,108,94,100,107,99,96,110,104,,,
Shopping,917,963,912,912,884,879,926,848,877,833,829,849,,,
Other escort,402,436,510,494,488,495,488,468,503,470,497,506,,,
Personal business,478,489,511,468,472,521,488,482,502,502,504,493,,,
Visiting friends at private home,"1,174","1,218","1,143","1,121","1,097","1,195","1,121","1,103","1,081","1,111",987,"1,014"
Visiting friends elsewhere,234,270,272,257,258,255,293,298,274,273,273,281
Entertainment / public activity,315,302,367,373,390,394,371,385,337,365,338,359
Sport: participate,144,158,129,127,122,101,108,105,119,117,111,118
Holiday: base,467,475,495,567,521,511,525,524,508,559,491,576
Day trip,362,334,359,394,357,392,387,391,397,394,410,402
Other including just walk,50,51,43,40,45,46,48,46,48,46,44,45
All purposes,"6,981","7,164","7,135","7,192","7,103","7,208","7,133","7,103","6,923","6,775","6,726","6,826"
Unweighted sample size:,,,,,,,,,,,,
   individuals,"22,861","21,868","16,886","19,467","19,199","19,904","19,490","19,735","18,983","19,914","19,072","18,069"
   trips ('000s),461,432,326,370,364,379,369,353,342,359,336,316
,,,,,,,,,,,,
1 There is an apparent under-recording of short walks in 2002 and 2003; and short trips in 2007 and 2008 compared to other years.,,,,,,,,,,,,
,,,,,,,,,,,,
Telephone: 020 7944 3097,,,,,,,,,,,,Source: National Travel Survey
Email: national.travelsurvey@dft.gsi.gov.uk,,,,,,,,,,,,Last updated: December 2012
Notes & definitions,,,,,,,,,,,,Next update: July 2013
,,,,,,,,,,,,
The figures in this table are National Statistics,,,,,,,,,,,,

Note: The results presented in this table are weighted. The base (unweighted sample size) is shown in the table for information. Weights are applied to adjust for non-response to ensure the characteristics of the achieved sample match the population of Great Britain and for the drop off in trip recording. The survey results are subject to sampling error.,,,,,,,,,,,,
