Department for Transport statistics,
National Travel Survey,
,
Table NTS0301,
"Mode share - average number of trips: Great Britain, 2011             ",
,
,Percentage/number/thousands
Main mode,2011
Walk,23
Bicycle,2
Car / van driver,42
Car / van passenger,22
Local and non-local buses,7
Rail1,3
Other transport2,2
All modes,100
Unweighted sample size:,,,,,,,,,
   individuals,"18,069",,,,,,,,
   trips ('000s),316,,,,,,,,
,,,,,,,,,
1 Surface rail and London Underground.,,,,,,,,,
2 All other modes of transport.,,,,,,,,,

Telephone: 020 7944 3097,Source: National Travel Survey,,,,,,,,
Email: national.travelsurvey@dft.gsi.gov.uk,Last updated: December 2012,,,,,,,,
Notes & definitions,Next update: July 2013,,,,,,,,

The figures in this table are National Statistics,,,,,,,,,

Note: The results presented in this table are weighted. The base (unweighted sample size) is shown in the table for information. Weights are applied to adjust for non-response to ensure the characteristics of the achieved sample match the population of Great Britain and for the drop off in trip recording. The survey results are subject to sampling error.,,,,,,,,,
