Department for Transport statistics,,,,,,,,,
National Travel Survey,,,,,,,,,
,,,,,,,,,
Table NTS9909,,,,,,,,,
"Proportion of urban trips under 5 miles by main mode: England, 2007 to 2011",,,,,,,,,
(DfT Business Plan impact indicator1),,,,,,,,,
,,,,,Percentage/number,,,,
,Walk / Bicycle,Public transport,All Modes,Unweighted sample size (trips)2,Unweighted sample size (individuals),,,,
Year:,,,,,,,,,
2007r,37,9,100,"24,306","14,425",,,,
2008r,38,9,100,"23,925","14,005",,,,
2009r,40,9,100,"25,968","14,861",,,,
2010r,37,10,100,"24,144","14,231",,,,
2011,39,9,100,"22,205","13,406",,,,
,,,,,,,,,
1 Impact indicator: Proportion of urban trips under 5 miles taken by (i) walking or cycling (ii) public transport.,,,,,,,,,
https://www.gov.uk/government/publications/proportion-of-urban-trips-under-5-miles-taken-by-i-walking-or-cycling-ii-public-transport,,,,,,,,,,,
2 Based on trips recorded in the travel diary on day 7 only. This is to capture all short walk stages of trips.,,,,,,,,,,,
,,,,,,,,,,,
Telephone: 020 7944 3097,,,,,Source: National Travel Survey,,,,,,
Email: national.travelsurvey@dft.gsi.gov.uk,,,,,Last updated: December 2012,,,,,,
Notes & definitions,,,,,Next update: July 2013,,,,,,

The figures in this table are National Statistics,,,,,,,,,,,
,,,,,,,,,,,
Note: The results presented in this table are weighted. The base (unweighted sample size) is shown in the table for information. Weights are applied to adjust for non-response to ensure the characteristics of the achieved sample match the population of Great Britain and for the drop off in trip recording. The survey results are subject to sampling error.,,,,,,,,,,,
,,,,,,,,,,,
,,,,,,,,,,,
,,,,,,,,,,,
,,,,,,,,,,,
,,,,,,,,,,,
,,,,,,,,,,,





















