Department for Transport statistics,,,,,,,,,,,
Transport Statistics Great Britain,,,,,,,,,,,
Table TSGB0718,,,,,,,,,,,
Road construction tender price index: 2001-2011,,,,,,,,,,,
,,,,,,,,,,,Index: 1995 = 100
Year,2001,2002,2003,2004,2005,2006,2007,2008,2009,2010,2011P
All roads,117,121,121,122,135,150,153,146,146,165,174
Telephone: 020 7944 5032,,,,,,,,,,,Source: derived from Construction Tender Price Indices - September 2012 (BCIS and BIS)
Email: roadmaintenance.stats@dft.gsi.gov.uk,,,,,,,,,,,
,,,,,,,,,,,Last updated: November 2012
The figures in this table are outside the scope of National Statistics,,,,,,,,,,,Next updated: November 2013






,,,,,,,,,,,,


,,,,,,,,,,,,
,,,,,,,,,,,,

,,,,,,,,,,,,
,,,,,,,,,,,,



,,,,,,,,,,,,

,,,,,,,,,,,,
,,,,,,,,,,,,
,,,,,,,,,,,,

,,,,,,,,,,,,

,,,,,,,,,,,,
,,,,,,,,,,,,












,
