Department for Transport statistics,,,
Light Rail Statistics (http://www.dft.gov.uk/statistics/series/light-rail-and-tram/),,,
Table LRT0107,,,
Average length of journey on light rail and trams by system: England 2011/12,,,
,,,Average Journey Length
System1,,Miles,Kilometres
Docklands Light Railway,,3.3,5.3
Croydon Tramlink,,3.2,5.2
Nottingham Express Transit,,2.8,4.4
Midland Metro,,6.5,10.5
Sheffield Supertram ,,4,6.5
Tyne and Wear Metro,,5,8
Manchester Metrolink,R,6.5,10.4
Blackpool Tramway,,1.9,3.1
"1 For further information on these systems including infrastructure changes that may affect the figures, please refer to the technical information. ",,,
R The figure for Manchester Metrolink has been revised to reflect a corrected figure supplied by the operator.,,,
Telephone: 020 7944 3094
Email: bus.statistics@dft.gsi.gov.uk
Notes and Definitions (http://assets.dft.gov.uk/statistics/series/light-rail-and-tram/light-rail-notes.pdf)

Source: DfT Light Rail and Tram Survey
Last updated:  August 2012
Next update: Summer 2013
The figures in this table are National Statistics
