Department for Transport statistics,,,,,,,,,,
Light Rail Statistics (http://www.dft.gov.uk/statistics/series/light-rail-and-tram/),,,,,,,,,,
Table LRT0105,,,,,,,,,,
Vehicle kilometres on light rail and trams by system1: England - annual from 1983/84,,,,,,,,,,
,,,,,,,,,,Millions
Financial year,,Docklands Light Railway,Croydon Tramlink,Nottingham Express Transit,Midland Metro,Sheffield Supertram ,Tyne and Wear Metro,Manchester Metrolink,Blackpool Tramway,England
1983/84,,.,.,.,.,.,5.1,.,1.2,6.3
1984/85,,.,.,.,.,.,6.3,.,1.2,7.5
1985/86,,.,.,.,.,.,5.8,.,1.2,7.0
1986/87,,.,.,.,.,.,5.9,.,1.2,7.1
1987/88,,.,.,.,.,.,5.6,.,1.2,6.8
1988/89,,0.8,.,.,.,.,5.4,.,1.3,7.5
1989/90,,0.7,.,.,.,.,5.8,.,1.2,7.7
1990/91,,0.8,.,.,.,.,5.9,.,1.3,8.0
1991/92,,1.0,.,.,.,.,5.9,.,1.3,8.2
1992/93,,1.1,.,.,.,.,5.6,2.0,1.4,10.1
1993/94,,1.1,.,.,.,.,5.5,1.9,1.4,9.9
1994/95,,1.5,.,.,.,1.1,5.6,2.1,1.4,11.6
1995/96,,2.0,.,.,.,2.5,5.4,2.1,1.3,13.3
1996/97,,2.2,.,.,.,2.8,5.0,2.3,1.3,13.6
1997/98,,2.4,.,.,.,2.7,4.8,3.2,1.2,14.3
1998/99,,2.6,.,.,.,2.4,4.8,3.4,1.2,14.4
1999/00,,2.9,.,.,1.7,2.4,4.8,3.6,1.2,16.6
2000/01,,2.9,2.1,.,1.9,2.4,4.7,4.4,1.2,19.7
2001/02,,2.9,2.4,.,1.6,2.4,4.7,4.6,1.3,19.9
2002/03,,3.2,2.5,.,1.7,2.5,6.3,4.6,1.1,22.0
2003/04,,3.4,2.5,0.0,1.7,2.5,5.8,4.6,0.9,21.3
2004/05,,3.3,2.4,1.0,1.6,2.4,5.6,4.4,0.8,21.7
2005/06,,3.4,2.4,1.2,1.7,2.4,5.5,4.4,0.8,21.8
2006/07,,4.4,2.5,1.2,1.6,2.4,5.8,3.8,0.9,22.6
2007/08,,4.4,2.2,1.2,1.5,2.4,6.2,4.0,0.7,22.8
2008/09,,4.0,2.2,1.1,1.7,2.5,5.6,3.9,0.7,21.7
2009/10,,4.6,2.6,1.1,1.6,2.4,5.6,3.4,0.6,21.9,,
2010/11,,4.7,2.6,1.1,1.7,2.4,5.6,3.8,0.5,22.3,,
2011/12,,4.9,2.7,1.1,1.7,2.4,5.7,4.6,0.2,23.3,,
"1 For further information on these systems including infrastructure changes that may affect the figures, please refer to the technical information. ",,,,,,,,,,,,
Telephone: 020 7944 3094,,,,,,,,,,Source: DfT Light Rail and Tram Survey,,
Email: bus.statistics@dft.gsi.gov.uk,,,,,,,,,,Last updated: 19 July 2012,,
Notes and Definitions (http://assets.dft.gov.uk/statistics/series/light-rail-and-tram/light-rail-notes.pdf),,,,,,,,,,Next update:  Summer 2013,,
The figures in this table are National Statistics,,,,,,,,,,,,
