Department for Transport statistics,,
Light Rail Statistics (http://www.dft.gov.uk/statistics/series/light-rail-and-tram/),,
Table LRT0108,,
Average light rail and tram vehicle occupancy1 by system: England 2011/12,,

System2,,Average Vehicle Occupancy
Docklands Light Railway,,93
Croydon Tramlink,,55
Nottingham Express Transit,,36
Midland Metro,,30
Sheffield Supertram ,,40
Tyne and Wear Metro,,53
Manchester Metrolink,R,50
Blackpool Tramway,,17
1 Average vehicle occupancy is calculated by dividing passenger miles by vehicle miles to estimate persons per vehicle,,
"2 For further information on these systems including infrastructure changes that may affect the figures, please refer to the technical information. ",,
R The figure for Manchester Metrolink has been revised to reflect a corrected figure supplied by the operator.
Telephone: 020 7944 3094
Email: bus.statistics@dft.gsi.gov.uk
Notes and Definitions (http://assets.dft.gov.uk/statistics/series/light-rail-and-tram/light-rail-notes.pdf)

Source: DfT Light Rail and Tram Survey
Last updated:  August 2012
Next update: Summer 2013
The figures in this table are National Statistics
