Department for Transport statistics,,,,,,,,,,,,
Light Rail Statistics (http://www.dft.gov.uk/statistics/series/light-rail-and-tram/),,,,,,,,,,,,
Table LRT0302,,,,,,,,,,,,
Concessionary revenue at 2011/12 prices2 on light rail and trams by system1: England - annual from 1999/00 ,,,,,,,,,,,,
,,,,,,,,,,� Millions,,
Financial year,,Docklands Light Railway,Croydon Tramlink,Nottingham Express Transit,Midland Metro,Sheffield Supertram ,Tyne and Wear Metro,Manchester Metrolink,Blackpool Tramway,England,,
1999/00,,0.2,.,.,.,0.8,3.6,.,0.1,4.7,,
2000/01,,0.2,2.8,.,1.1,1.0,3.5,1.9,0.1,10.6,,
2001/02,,0.8,1.9,.,1.1,1.0,3.4,2.0,0.1,10.3,,
2002/03,,0.7,2.3,.,1.7,3.5,3.5,2.1,0.1,14.0,,
2003/04,,0.9,2.4,.,1.7,1.3,3.6,2.2,0.1,12.1,,
2004/05,,1.0,2.2,0.4,1.7,1.2,3.5,2.2,0.1,12.4,,
2005/06,,1.1,3.1,0.5,2.0,1.5,3.5,2.1,0.1,13.9,,
2006/07,,1.6,5.1,0.7,2.1,2.4,6.1,2.2,0.2,20.4,,
2007/08,,1.2,6.1,0.6,2.1,2.9,5.9,3.0,0.2,22.0,,
2008/09,,1.4,3.6,0.2,1.9,2.6,6.5,3.7,0.3,20.1,,
2009/10,,1.6,3.2,0.7,1.8,3.0,6.7,3.8,0.2,21.0,,
2010/11,,2.1,3.4,0.8,1.8,2.9,6.5,3.7,0.1,21.4,,
2011/12,,2.7,3.8,0.8,1.8,2.6,6.4,4.9,0.2,23.2,,
"1 For further information on these systems including infrastructure changes that may affect the figures, please refer to the technical information. ",,,,,,,,,,,,
2 Adjusted for inflation using the GDP market price deflator (as at 28 June 2012).,,,,,,,,,,,,
,,,,,,,,,,Source: DfT Light Rail and Tram Survey,,
Telephone: 020 7944 3094,,,,,,,,,,Last updated: 19 July 2012,,
Email: bus.statistics@dft.gsi.gov.uk,,,,,,,,,,Next update: Summer 2013,,
Notes and Definitions (http://assets.dft.gov.uk/statistics/series/light-rail-and-tram/light-rail-notes.pdf),,,,,,,,,,,,
The figures in this table are National Statistics,,,,,,,,,,,,

,,,,,,,,,,,,

,,,,,,,,,,,,
,,,,,,,,,,,,
