Department for Transport statistics,,,,,,,,,,,,,,,,
Light Rail Statistics (http://www.dft.gov.uk/statistics/series/light-rail-and-tram/),,,,,,,,,,,,,,,,
Table LRT0203,,,,,,,,,,,,,,,,
Route kilometres open for passenger traffic on light rail and trams by system1: England - annual from 1995/96 ,,,,,,,,,,,,,,,,
,,,,,,,,,,,,,,,,
Financial year,,Docklands Light Railway,Croydon Tramlink,Nottingham Express Transit,Midland Metro,Sheffield Supertram ,Tyne and Wear Metro,Manchester Metrolink2,Blackpool Tramway,England,,,,,,
1995/96,,22,.,.,.,29,59,31,18,159,,,,,,
1996/97,,22,.,.,.,29,59,31,18,159,,,,,,
1997/98,,22,.,.,.,29,59,31,18,159,,,,,,
1998/99,,22,.,.,.,29,59,31,18,159,,,,,,
1999/00,,27,.,.,20,29,59,39,18,192,,,,,,
2000/01,,27,28,.,20,29,59,39,18,220,,,,,,
2001/02,,27,28,.,20,29,78,39,18,239,,,,,,
2002/03,,27,28,.,20,29,78,39,18,239,,,,,,
2003/04,,27,28,14,20,29,78,39,18,253,,,,,,
2004/05,,27,28,14,20,29,78,39,18,253,,,,,,
2005/06,,30,28,15,20,29,78,39,18,258, ,,,,,,,,,
2006/07,,31,28,14,20,29,78,39,18,257,,,,,,,,,,
2007/08,R,32,28,14,20,29,78,39,18,258,,,,,,,,,,
2008/09,,33,28,14,20,29,78,39,18,260,,,,,,,,,,
2009/10,,33,28,14,20,29,78,39,18,260,,,,,,,,,,
2010/11,,33,28,14,20,29,78,39,18,260,,,,,,,,,,
2011/12,,38,28,14,20,29,78,41,9,257,,,,,,,,,,
"1 For further information on these systems including infrastructure changes that may affect the figures, please refer to the technical information. ",,,,,,,,,,,,,,,,,,,,
2 The figure for Manchester Metrolink for 2007/08 has been corrected.,,,,,,,,,,,,,,,,,,,,
Telephone: 020 7944 3094,,,,,,,,,,Source: DfT Light Rail and Tram Survey,,,,,,,,,,
Email: bus.statistics@dft.gsi.gov.uk,,,,,,,,,,Last updated:  19 July 2012,,,,,,,,,,
Notes and Definitions (http://assets.dft.gov.uk/statistics/series/light-rail-and-tram/light-rail-notes.pdf),,,,,,,,,,Next update: Summer 2013,,,,,,,,,,
The figures in this table are National Statistics,,,,,,,,,,,,,,,,,,,,
