Department for Transport statistics,,,,,,,,,,
Light Rail Statistics (http://www.dft.gov.uk/statistics/series/light-rail-and-tram/),,,,,,,,,,
Table LRT0103,,,,,,,,,,
Passenger kilometres on light rail and trams by system1: England - annual from 1983/84 ,,,,,,,,,,
,,,,,,,,,,Millions
Financial year,,Docklands Light Railway,Croydon Tramlink,Nottingham Express Transit,Midland Metro,Sheffield Supertram ,Tyne and Wear Metro,Manchester Metrolink2,Blackpool Tramway3,England
1983/84,,.,.,.,.,.,275.9,.,19,294.9
1984/85,,.,.,.,.,.,310.1,.,18.4,328.5
1985/86,,.,.,.,.,.,301.6,.,19,320.6
1986/87,,.,.,.,.,.,296.3,.,19,315.3
1987/88,,.,.,.,.,.,284.2,.,16.6,300.8
1988/89,,32,.,.,.,.,308,.,16.4,356.4
1989/90,,37.8,.,.,.,.,318.8,.,17.2,373.8
1990/91,,33,.,.,.,.,290,.,17.6,340.6
1991/92,,32.3,.,.,.,.,277.4,.,15.4,325.1
1992/93,,32.5,.,.,.,.,271.4,53,16,372.9
1993/94,,39.4,.,.,.,.,272.6,72.6,16.8,401.4
1994/95,,55,.,.,.,15.2,270.5,78.6,16.6,435.9
1995/96,,70.3,.,.,.,37.1,261.2,80.8,15,464.3
1996/97,,86,.,.,.,54.6,254.3,85.6,15.1,495.6
1997/98,,102.9,.,.,.,64.4,248.8,88.2,14.5,518.8
1998/99,,144.3,.,.,.,72.5,237.8,117,13.3,584.9
1999/00,,172.1,.,.,49.9,76.1,230,126,13.1,667.2
2000/01,,200.1,96,.,55.8,77.4,229.2,152.3,12.6,823.4
2001/02,,206.9,99,.,50.1,80,238.4,161.3,14.9,850.6
2002/03,,232.1,100,.,50,80.5,274.9,166.6,13.8,917.9
2003/04,,235.5,105,2,53.5,86.1,283.9,169,11.3,946.3
2004/05,,245.5,112.2,37.1,52.4,89.6,283.3,204,11.9,"1,035.90"
2005/06,,257.4,117,41.8,54,91.7,279,206,11.1,"1,058.00"
2006/07,,300.6,127.9,43.3,51.4,98,294.8,207.6,10.4,"1,134.10"
2007/08,,326.4,141.4,44,50.5,103.6,312.8,210,8.7,"1,197.50"
2008/09,,317.8,143.6,41.9,49.8,105,319.4,220.7,7.1,"1,205.40"
2009/10,,364.6,134.4,38,49.5,103,327.1,206.1,6.6,"1,229.20"
2010/11,,414,144.9,41.3,50.4,97.3,315.1,200.8,4.9,"1,268.80"
2011/12,R,455.5,148.4,40.1,50.9,97,303.9,228,3.3,"1,327.20"
"1 For further information on these systems including infrastructure changes that may affect the figures, please refer to the technical information. ",,,,,,,,,,
2 Manchester Metrolink have revised their method for calculation of passenger boardings so the figures from 2010/11 are not directly comparable with previous years.,,,,,,,,,,
3 1983/84 to 1998/99 Blackpool Tramway data are imputed. The figures use passenger journeys data and an assumed average distance.,,,,,,,,,,
R The figure for Manchester Metrolink has been revised to reflect a corrected figure supplied by the operator.  This also affects the England total.,,,,,,,,,,
Telephone: 020 7944 3094,,,,,,,,,,Source: DfT Light Rail and Tram Survey
Email: bus.statistics@dft.gsi.gov.uk,,,,,,,,,,Last updated:  August 2012
Notes and Definitions (http://assets.dft.gov.uk/statistics/series/light-rail-and-tram/light-rail-notes.pdf),,,,,,,,,,Next update: Summer  2013
The figures in this table are National Statistics,,,,,,,,,,
