Department for Transport statistics,,,,,,,,,,
Light Rail Statistics (http://www.dft.gov.uk/statistics/series/light-rail-and-tram/),,,,,,,,,,
Table LRT0102,,,,,,,,,,
Concessionary passenger journeys on light rail and trams by system1: England- annual from 2009/10,,,,,,,,,,
,,,,,,,,,,Millions
Financial year,,Docklands Light Railway,Croydon Tramlink,Nottingham Express Transit,Midland Metro,Sheffield Supertram ,Tyne and Wear Metro,Manchester Metrolink2,Blackpool Tramway,England
2009/10,,2.7,3.8,1.2,1.1,5.6,6.1,1.4,0.2,22.2
2010/11,R,3.2,4.2,1.1,1.1,5.6,5.9,3.6,0.1,24.9
2011/12,,3.4,4.3,1.1,1.2,5.3,5.5,3.7,0.2,24.7
"1 For further information on these systems including infrastructure changes that may affect the figures, please refer to the technical information. ",,,,,,,,,,
2 Manchester Metrolink have revised their method for calculation of concessionary boardings so the figures from 2010/11 are not directly comparable with,,,,,,,,,,
 previous years.  The 2010/11 figure has been revised following a re-assessment made in 2011 based on surveys carried out by the operator. ,,,,,,,,,,
Telephone: 020 7944 3094,,,,,,,,,,Source: DfT Light Rail and Tram Survey
Email: bus.statistics@dft.gsi.gov.uk,,,,,,,,,,Last updated:  19 July 2012
Notes and Definitions (http://assets.dft.gov.uk/statistics/series/light-rail-and-tram/light-rail-notes.pdf),,,,,,,,,,Next update: Summer 2013
The figures in this table are National Statistics,,,,,,,,,,
