Department for Transport statistics,,,,,,,,,,,,,,,,,,,,
http://www.dft.gov.uk/statistics/releases/road-accidents-and-safety-quarterly-estimates-q2-2012,,,,,,,,,,,,,,,,,,,,
Table RAS45011,,,,,,,,,,,,,,,,,,,,
Reported road casualties by police force area ,,,,,,,,,,,,,,,,,,,,
for the most recent complete 12 months data available to the Department for Transport on the 15 October 2012*,,,,,,,,,,,,,,,,,,,,
,,,,,,,,,,,,,,,,,,,,
,,,,Number,,,,,,,,,,,,,,,,
,Severity of injury,,,,,,,,,,,,,,,,,,,
Police force area,Killed,KSI,Slight,All,,,,,,,,,,,,,,,,
Year to end June 2012,,,,,,,,,,,,,,,,,,,,
Avon and Somerset,57,522,"4,143","4,665",,,,,,,,,,,,,,,,
Bedfordshire,19,200,"1,814","2,014",,,,,,,,,,,,,,,,
Cambridgeshire,30,374,"2,571","2,945",,,,,,,,,,,,,,,,
Cheshire,34,657,"3,594","4,251",,,,,,,,,,,,,,,,
Cleveland,15,177,"1,273","1,450",,,,,,,,,,,,,,,,
Cumbria,31,225,"1,577","1,802",,,,,,,,,,,,,,,,
Derbyshire,29,417,"3,275","3,692",,
Devon and Cornwall,60,624,"5,229","5,853",,
Dorset,21,353,"2,052","2,405",,
Dumfries and Galloway,4,83,328,411,,
Durham,17,233,"1,728","1,961",,
Dyfed-Powys,27,338,"1,679","2,017",,
Essex,31,743,"4,458","5,201",,
Gloucestershire,18,259,"1,326","1,585",,
Grampian,20,385,878,"1,263",,
Greater Manchester,57,713,"5,786","6,499",,
Gwent,14,128,851,979,,
Hampshire,43,"1,060","5,034","6,094",,
Hertfordshire,24,334,"3,110","3,444",,
Humberside,34,460,"3,174","3,634",,
Kent,50,580,"5,829","6,409",,
Lancashire,43,747,"4,823","5,570",,
Leicestershire,38,309,"3,004","3,313",,
Lincolnshire,44,483,"2,818","3,301",,
Lothian and Borders,26,375,"2,361","2,736",,
Merseyside,23,546,"4,031","4,577",,
Metropolitan Police (inc. City),139,"2,882","25,973","28,855",,
Norfolk,45,360,"2,087","2,447",,
North Wales,29,343,"1,845","2,188",,
North Yorkshire,40,523,"2,240","2,763",,
Northern,25,138,688,826,,
Northumbria,23,471,"4,027","4,498",,
Nottinghamshire,41,585,"3,200","3,785",,
South Yorkshire,28,424,"3,948","4,372",,
Staffordshire,44,277,"3,873","4,150",,
Strathclyde,59,637,"4,751","5,388",,
Suffolk,28,330,"2,178","2,508",,
Surrey,22,564,"4,955","5,519",,
Sussex,50,896,"4,155","5,051",,,,,,,,,,,,,,,,
Tayside,19,217,739,956,,,,,,,,,,,,,,,,
Thames Valley,76,925,"6,704","7,629",,,,,,,,,,,,,,,,
Warwickshire,27,302,"1,728","2,030",,,,,,,,,,,,,,,,
West Mercia,50,412,"3,254","3,666",,,,,,,,,,,,,,,,
West Midlands,58,"1,002","6,012","7,014",,,,,,,,,,,,,,,,
West Yorkshire,57,877,"6,648","7,525",,,,,,,,,,,,,,,,
Wiltshire,26,314,"1,690","2,004",,,,,,,,,,,,,,,,
Year to end May 2012,,,,,,,,,,,,,,,,,,,,
Central,8,122,591,713,,,,,,,,,,,,,,,,
Fife,13,91,480,571,,,,,,,,,,,,,,,,
Northamptonshire,30,316,"1,307","1,623",,,,,,,,,,,,,,,,
Year to end March 2012,,,,,,,,,,,,,,,,,,,,
South Wales,31,338,"3,663","4,001",,,,,,,,,,,,,,,,
"*These are the figures that form the base for the estimates provided in this bulletin. Each police force area is assessed on the number of accidents received for each month and information is considered 'complete' if at least 95 per cent of the total expected number are present. Outstanding forms may still be with police forces, local processing agents or subject to further checks at the Department for Transport.",,,,,,,,,,,,,,,,,,,,
,,,,,,,,,,,,,,,,,,,,
,,,,,,,,,,,,,,,,,,,,
Telephone: 020 7944 6595,,,,,,,,,,,,,,,,,,,,
Email: roadacc.stats@dft.gsi.gov.uk,,,,,,,,,,,,,,,,,,,,
Note on methodology: http://assets.dft.gov.uk/statistics/releases/road-accidents-and-safety-quarterly-estimates-q2-2012/methodology-note-quarterly-estimates.pdf,,,,,,,,,,,,,,,,,,,,
Notes and definitions: http://www.dft.gov.uk/statistics/series/road-accidents-and-safety/,,,,,,,,,,,,,,,,,,,,
Source: STATS19,,,,,,,,,,,,,,,,,,,,
Last updated: 1 November 2012,,,,,,,,,,,,,,,,,,,,
Next update: February 2013,,,,,,,,,,,,,,,,,,,,
,,,,,,,,,,,,,,,,,,,,





,,,,,,,,,,,,,,,,,,,,
