Department for Transport statistics,,,,,,,,,,,,,,,,,,,,
http://www.dft.gov.uk/statistics/releases/road-accidents-and-safety-quarterly-estimates-q2-2012,,,,,,,,,,,,,,,,,,,,
Table RAS45007,,,,,,,,,,,,,,,,,,,,
Reported road casualties by severity and road user: Great Britain,,,,,,,,,,,,,,,,,,,,
second quarter 2012,,,,,,,,,,,,,,,,,,,,
,,,,,Number/percentage change compared to same quarter last year,,,,,,,,,,,,,,,
,,"Q2 2011
A","Q2 2012 (P)
B","Percentage
change
(B-A)/A%","Traffic 1
percentage
change over
same period",,,,,,,,,,,,,,,
ALL CASUALTIES,,,,,,,,,,,,,,,,,,,,
,,,,,,,,,,,,,,,,,,,,
Pedestrians,,,,,..,,,,,,,,,,,,,,,
,KSI 2,"1,365","1,310",-4,,,,,,,,,,,,,,,,
,Slightly injured,"4,908","4,470",-9,,,,,,,,,,,,,,,,
,All casualties,"6,273","5,780",-8,,,,,,,,,,,,,,,,
Pedal cyclists,,,,,..,,,,,,,,,,,,,,,
,KSI 2,861,790,-8,,,,,,,,,,,,,,,,
,Slightly injured,"4,544","3,700",-19,,,,,,,,,,,,,,,,
,All casualties,"5,405","4,490",-17,
Motorcycle users,,,,,..
,KSI 2,"1,644","1,400",-15,
,Slightly injured,"3,895","3,470",-11,
,All casualties,"5,539","4,870",-12,
Car users,,,,,-0.8
,KSI 2,"2,232","2,200",-1,
,Slightly injured,"28,804","27,470",-5,
,All casualties,"31,036","29,670",-4,
All road users 3,,,,,-1.1
,KSI 2,"6,373","5,970",-6,
,Slightly injured,"45,207","41,910",-7,
,All casualties,"51,580","47,880",-7,
CHILD CASUALTIES 4,,,,,
Pedestrians,,,,,..
,KSI 2,487,390,-20,
,Slightly injured,"1,678","1,450",-14,,,,,,,,,,,,,,,,
,All casualties,"2,165","1,840",-15,,,,,,,,,,,,,,,,
All road users 3,,,,,-1.1,,,,,,,,,,,,,,,
,KSI 1,708,610,-14,,,,,,,,,,,,,,,,
,Slightly injured,"4,813","4,030",-16,,,,,,,,,,,,,,,,
,All casualties,"5,521","4,630",-16,,,,,,,,,,,,,,,,
1,Motor traffic (excludes pedal cycles),,,,,,,,,,,,,,,,,,,
2,Killed or seriously injured,,,,,,,,,,,,,,,,,,,
3,Includes other vehicle users,,,,,,,,,,,,,,,,,,,
4,Casualties under 16 years of age,,,,,,,,,,,,,,,,,,,
,,,,,,,,,,,,,,,,,,,,

Telephone: 020 7944 6595,,,,,,,,,,,,,,,,,,,,
Email: roadacc.stats@dft.gsi.gov.uk,,,,,,,,,,,,,,,,,,,,
Note on methodology: http://assets.dft.gov.uk/statistics/releases/road-accidents-and-safety-quarterly-estimates-q2-2012/methodology-note-quarterly-estimates.pdf,,,,,,,,,,,,,,,,,,,,
Notes and definitions: http://www.dft.gov.uk/statistics/series/road-accidents-and-safety/,,,,,,,,,,,,,,,,,,,,
"Source: STATS19, DfT National Road Traffic Survey",,,,,,,,,,,,,,,,,,,,
Last updated: 1 November 2012,,,,,,,,,,,,,,,,,,,,
Next update: February 2013,,,,,,,,,,,,,,,,,,,,
,,,,,,,,,,,,,,,,,,,,
The figures in this table are National Statistics,,,,,,,,,,,,,,,,,,,,
