Department for Transport statistics,,,,,,,,,,,,,,,,,,,,
http://www.dft.gov.uk/statistics/releases/road-accidents-and-safety-quarterly-estimates-q2-2012,,,,,,,,,,,,,,,,,,,,
Table RAS45004,,,,,,,,,,,,,,,,,,,,
Reported road accidents by severity: Great Britain,,,,,,,,,,,,,,,,,,,,
year ending second quarter 2012,,,,,,,,,,,,,,,,,,,,

,,,,Number/percentage change compared to previous 12 months,,,,,,,,,,,,,,,,
,"Jul-10
to Jun-11
A","Jul-11
to Jun-12 (P)
B","Percentage
change
(B-A)/A %","Traffic 1
percentage change
over same period",,,,,,,,,,,,,,,,
Fatal,"1,785","1,690",-5,0.1,,,,,,,,,,,,,,,,
Fatal or serious,"22,317","22,640",1,0.1,,,,,,,,,,,,,,,,
Slight,"130,815","125,470",-4,0.1,,,,,,,,,,,,,,,,
All accidents,"153,132","148,100",-3,0.1,,,,,,,,,,,,,,,,
P Provisional estimates (rounded to nearest 10),,,,,,,,,,,,,,,,,,,,
1 Motor traffic (excludes pedal cycles),,,,,,,,,,,,,,,,,,,,
,,,,,,,,,,,,,,,,,,,,
,,,,,,,,,,,,,,,,,,,,
Telephone: 020 7944 6595,,,,,,,,,,,,,,,,,,,,
Email: roadacc.stats@dft.gsi.gov.uk,,,,,,,,,,,,,,,,,,,,
Note on methodology: http://assets.dft.gov.uk/statistics/releases/road-accidents-and-safety-quarterly-estimates-q2-2012/methodology-note-quarterly-estimates.pdf,,,,,,,,,,,,,,,,,,,,
Notes and definitions: http://www.dft.gov.uk/statistics/series/road-accidents-and-safety/,,,,,,,,,,,,,,,,,,,,
"Source: STATS19, DfT National Road Traffic Survey",,,,,,,,,,,,,,,,,,,,
Last updated: 1 November 2012,,,,,,,,,,,,,,,,,,,,
Next update: February 2013,,,,,,,,,,,,,,,,,,,,
,,,,,,,,,,,,,,,,,,,,
The figures in this table are National Statistics,,,,,,,,,,,,,,,,,,,,
