Department for Transport statistics,,,,,,,,,,,,,,,,,,,,
http://www.dft.gov.uk/statistics/releases/road-accidents-and-safety-quarterly-estimates-q2-2012,,,,,,,,,,,,,,,,,,,,
Table RAS45005,,,,,,,,,,,,,,,,,,,,
Reported road accidents by severity for the second quarter 2012: Great Britain,,,,,,,,,,,,,,,,,,,,

,,,,Number/percentage change compared to same quarter last year,,,,,,,,,,,,,,,,
,"Q2 2011
A","Q2 2012 (P)
B","Percentage
change
(B-A)/A %","Traffic 1
percentage change
over same period",,,,,,,,,,,,,,,,
Fatal,452,370,-18,-1.1 ,,,,,,,,,,,,,,,,
Fatal or serious,"5,758","5,400",-6,-1.1 ,,,,,,,,,,,,,,,,
Slight,"32,255","29,620",-8,-1.1 ,,,,,,,,,,,,,,,,
All accidents,"38,013","35,020",-8,-1.1 ,,,,,,,,,,,,,,,,
P Provisional estimates (rounded to nearest 10),,,,,,,,,,,,,,,,,,,,
1 Motor traffic (excludes pedal cycles),,,,,,,,,,,,,,,,,,,,
,,,,,,,,,,,,,,,,,,,,
,,,,,,,,,,,,,,,,,,,,
Telephone: 020 7944 6595,,,,,,,,,,,,,,,,,,,,
Email: roadacc.stats@dft.gsi.gov.uk,,,,,,,,,,,,,,,,,,,,
Note on methodology: http://assets.dft.gov.uk/statistics/releases/road-accidents-and-safety-quarterly-estimates-q2-2012/methodology-note-quarterly-estimates.pdf,,,,,,,,,,,,,,,,,,,,
Notes and definitions: http://www.dft.gov.uk/statistics/series/road-accidents-and-safety/,,,,,,,,,,,,,,,,,,,,
"Source: STATS19, DfT National Road Traffic Survey",,,,,,,,,,,,,,,,,,,,
Last updated: 1 November 2012,,,,,,,,,,,,,,,,,,,,
Next update: February 2013,,,,,,,,,,,,,,,,,,,,
,,,,,,,,,,,,,,,,,,,,
The figures in this table are National Statistics,,,,,,,,,,,,,,,,,,,,
