Department for Transport statistics,,,,,,,,,,,,,,,,,,,,
http://www.dft.gov.uk/statistics/releases/road-accidents-and-safety-quarterly-estimates-q2-2012,,,,,,,,,,,,,,,,,,,,
Table RAS45001,,,,,,,,,,,,,,,,,,,,
Reported road casualties by severity: Great Britain,,,,,,,,,,,,,,,,,,,,
year ending second quarter 2012,,,,,,,,,,,,,,,,,,,,

,,,,,,Number/percentage change compared to previous 12 months and 2005-2009 average,,,,,,,,,,,,,,
,"2005-2009 
average
A","Jul-10
to Jun-11
B","Jul-11
to Jun-12 (P)
C","Percentage
change over
2005-2009 
average
(C-A)/A %","Percentage
change over
previous 
12 months
(C-B)/B %","Traffic 1
percentage
change over
previous
12 months",,,,,,,,,,,,,,
,,,,,,,,,,,,,,,,,,,,
ALL CASUALTIES,,,,,,,,,,,,,,,,,,,,
Killed,"2,816","1,901","1,790",-36,-6,0.1,,,,,,,,,,,,,,
KSI 2,"30,041","24,612","24,870",-17,1,0.1,,,,,,,,,,,,,,
Slightly injured,"216,010","182,468","174,860",-19,-4,0.1,,,,,,,,,,,,,,
All casualties,"246,050","207,080","199,740",-19,-4,0.1,,,,,,,,,,,,,,
P Provisional estimates ,,,,,,,,,,,,,,,,,,,,
1 Motor traffic (excludes pedal cycles),,,,,,,,,,,,,,,,,,,,
2 Killed or seriously injured,,,,,,,,,,,,,,,,,,,,
,,,,,,,,,,,,,,,,,,,,
,,,,,,,,,,,,,,,,,,,,
Telephone: 020 7944 6595,,,,,,,,,,,,,,,,,,,,
Email: roadacc.stats@dft.gsi.gov.uk,,,,,,,,,,,,,,,,,,,,
Note on methodology: http://assets.dft.gov.uk/statistics/releases/road-accidents-and-safety-quarterly-estimates-q2-2012/methodology-note-quarterly-estimates.pdf,,,,,,,,,,,,,,,,,,,,
Notes and definitions: http://www.dft.gov.uk/statistics/series/road-accidents-and-safety/,,,,,,,,,,,,,,,,,,,,
"Source: STATS19, DfT National Road Traffic Survey",,,,,,,,,,,,,,,,,,,,
Last updated: 1 November 2012,,,,,,,,,,,,,,,,,,,,
Next update: February 2013,,,,,,,,,,,,,,,,,,,,
,,,,,,,,,,,,,,,,,,,,
The figures in this table are National Statistics,,,,,,,,,,,,,,,,,,,,
,,,,,,,,,,,,,,,,,,,,
,,,,,,,,,,,,,,,,,,,,
,,,,,,,,,,,,,,,,,,,,
,,,,,,,,,,,,,,,,,,,,
,
,
,
,
,
,
,
,
,
,
,
,
,
,
,
,
,
,
,
,
,
,
,
,
,
,
,
,
,
,
,
,
,
,
,
,
,
,
,
,
,
,
,
,
,
,
,
,
,
,
,
,
,
,
,
,
,
,
,
,
,
,
,
,
,
,
,
,
,
,
,
,
,
,
,
,
,
,
,
,
,
,
,
,
,
,
,
,
,
,
,
,
,
,
,
,
,
,
,
,
,
,
,
,
,
,
,
,
,
,
,
,
,
,
,
,
,
,
,
