Department for Transport statistics,,,,,,,,,,,,,,,,,,,,
http://www.dft.gov.uk/statistics/releases/road-accidents-and-safety-quarterly-estimates-q2-2012,,,,,,,,,,,,,,,,,,,,
Table RAS45009,,,,,,,,,,,,,,,,,,,,
Reported road accidents: by road type: Great Britain,,,,,,,,,,,,,,,,,,,,
year ending second quarter 2012,,,,,,,,,,,,,,,,,,,,
,,,,,,,,,,,,,,,,,,,,
,,,,,Number / percentage change compared to previous 12 months,,,,,,,,,,,,,,,
,,"Jul-10
to Jun-11
A","Jul-11
to Jun-12 (P)
B","Percentage change
(B-A)/A%","Traffic 1
percentage change
over same period",,,,,,,,,,,,,,,
Major Roads,,,,,..,,,,,,,,,,,,,,,
,Fatal,"1,126","1,050",-7,,,,,,,,,,,,,,,,
,Fatal or serious,"11,310","11,170",-1,,,,,,,,,,,,,,,,
,Slight,"65,286","62,570",-4,,,,,,,,,,,,,,,,
,All accidents,"76,596","73,740",-4,,,,,,,,,,,,,,,,
Minor Roads,,,,,..,,,,,,,,,,,,,,,
,Fatal,659,640,-3,,,,,,,,,,,,,,,,
,Fatal or serious,"11,007","11,460",4,,,,,,,,,,,,,,,,
,Slight,"65,529","62,900",-4,,,
,All accidents,"76,536","74,360",-3,,,
Non Built-up Roads 2,,,,,..,,
,Fatal,"1,042",960,-8,,,
,Fatal or serious,"7,503","7,140",-5,,,
,Slight,"31,824","29,980",-6,,,
,All accidents,"39,327","37,120",-6,,,
Built-up Roads,,,,,..,,
,Fatal,743,740,0,,,
,Fatal or serious,"14,814","15,490",5,,,
,Slight,"98,991","95,490",-4,,,
,All accidents,"113,805","110,980",-2,,,
All Roads,,,,,0.1,,
,Fatal,"1,785","1,690",-5,,,
,Fatal or serious,"22,317","22,640",1,,,
,Slight,"130,815","125,470",-4,,,
,All accidents,"153,132","148,100",-3,,,,,,,,,,,,,,,,
P provisional estimates,,,,,,,,,,,,,,,,,,,,
1 Motor traffic (excludes pedal cycles),,,,,,,,,,,,,,,,,,,,
2 Includes motorways,,,,,,,,,,,,,,,,,,,,
,,,,,,,,,,,,,,,,,,,,
,,,,,,,,,,,,,,,,,,,,
Telephone: 020 7944 6595,,,,,,,,,,,,,,,,,,,,
Email: roadacc.stats@dft.gsi.gov.uk,,,,,,,,,,,,,,,,,,,,
Note on methodology: http://assets.dft.gov.uk/statistics/releases/road-accidents-and-safety-quarterly-estimates-q2-2012/methodology-note-quarterly-estimates.pdf,,,,,,,,,,,,,,,,,,,,
Notes and definitions: http://www.dft.gov.uk/statistics/series/road-accidents-and-safety/,,,,,,,,,,,,,,,,,,,,
"Source: STATS19, DfT National Road Traffic Survey",,,,,,,,,,,,,,,,,,,,
Last updated: 1 November 2012,,,,,,,,,,,,,,,,,,,,
Next update: February 2013,,,,,,,,,,,,,,,,,,,,
,,,,,,,,,,,,,,,,,,,,
The figures in this table are National Statistics,,,,,,,,,,,,,,,,,,,,
