Department for Transport statistics,,,,,,,,,,,,,,,,,,,,
http://www.dft.gov.uk/statistics/releases/road-accidents-and-safety-quarterly-estimates-q2-2012,,,,,,,,,,,,,,,,,,,,
Table RAS45010,,,,,,,,,,,,,,,,,,,,
Reported road accidents by road type: Great Britain,,,,,,,,,,,,,,,,,,,,
second quarter 2012,,,,,,,,,,,,,,,,,,,,
,,,,,,,,,,,,,,,,,,,,
,,,,,Number/percentage change compared to same quarter last year,,,,,,,,,,,,,,,
,,"Q2 2011
A","Q2 2012 (P)
B","Percentage change
(B-A)/A%","Traffic 1
percentage change
over same period",,,,,,,,,,,,,,,
Major Roads,,,,,..,,,,,,,,,,,,,,,
,Fatal,289,220,-24,,,,,,,,,,,,,,,,
,Fatal or serious,"2,936","2,650",-10,,,,,,,,,,,,,,,,
,Slight,"16,028","14,820",-8,,,,,,,,,,,,,,,,
,All accidents,"18,964","17,470",-8,,,,,,,,,,,,,,,,
Minor Roads,,,,,..,,,,,,,,,,,,,,,
,Fatal,163,150,-8,,,,,,,,,,,,,,,,
,Fatal or serious,"2,822","2,760",-2,,,,,,,,,,,,,,,,
,Slight,"16,227","14,800",-9,
,All accidents,"19,049","17,550",-8,
Non Built-up Roads 2,,,,,..
,Fatal,254,220,-13,
,Fatal or serious,"1,934","1,740",-10,
,Slight,"7,177","7,070",-1,
,All accidents,"9,111","8,810",-3,
Built-up Roads,,,,,..
,Fatal,198,150,-24,
,Fatal or serious,"3,824","3,660",-4,
,Slight,"25,078","22,550",-10,
,All accidents,"28,902","26,210",-9,
All Roads,,,,,-1.1
,Fatal,452,370,-18,
,Fatal or serious,"5,758","5,400",-6,
,Slight,"32,255","29,620",-8,
,All accidents,"38,013","35,020",-8,,,,,,,,,,,,,,,,
P Provisional estimates,,,,,,,,,,,,,,,,,,,,
1 Motor traffic (excludes pedal cycles),,,,,,,,,,,,,,,,,,,,
2 Includes motorways,,,,,,,,,,,,,,,,,,,,
,,,,,,,,,,,,,,,,,,,,
,,,,,,,,,,,,,,,,,,,,
Telephone: 020 7944 6595,,,,,,,,,,,,,,,,,,,,
Email: roadacc.stats@dft.gsi.gov.uk,,,,,,,,,,,,,,,,,,,,
Note on methodology: http://assets.dft.gov.uk/statistics/releases/road-accidents-and-safety-quarterly-estimates-q2-2012/methodology-note-quarterly-estimates.pdf,,,,,,,,,,,,,,,,,,,,
Notes and definitions: http://www.dft.gov.uk/statistics/series/road-accidents-and-safety/,,,,,,,,,,,,,,,,,,,,
"Source: STATS19, DfT National Road Traffic Survey",,,,,,,,,,,,,,,,,,,,
Last updated: 1 November 2012,,,,,,,,,,,,,,,,,,,,
Next update: February 2013,,,,,,,,,,,,,,,,,,,,
,,,,,,,,,,,,,,,,,,,,
The figures in this table are National Statistics,,,,,,,,,,,,,,,,,,,,
