Department for Transport statistics,,,,,,,,,,,
http://www.dft.gov.uk/statistics/releases/road-accidents-and-safety-annual-report-2010,,,,,,,,,,,
RAS51014,,,,,,,,,,,
Drivers and riders in injury road accidents: breath tests and failures: GB 2001 - 2010,,,,,,,,,,,
,,,,,,,,,,,
,,,,,,,,,,Number/Percentage,
,2001,2002,2003,2004,2005,2006,2007,2008,2009,2010,
a. Total involved,"399,883","390,273","374,098","362,303","348,773","331,120","318,009","294,442","280,786","263,284",
b. Total tests requested,"201,722","196,232","187,276","183,972","183,219","179,270","179,558","162,969","151,918","141,240",
c. Total failed,"8,096","8,104","8,150","7,427","7,115","6,594","6,278","5,520","5,125","4,287",
Testing rate (b/a x 100),50,50,50,51,53,54,56,55,54,54,
Test failure rate (c/b x 100),4.0,4.1,4.4,4.0,3.9,3.7,3.5,3.4,3.4,3.0,
Total failure rate (c/a x 100),2.0,2.1,2.2,2.0,2.0,2.0,2.0,1.9,1.8,1.6,
,,,,,,,,,,Source: STATS19,
,,,,,,,,,,,
Telephone: 020 7944 6595,,,,,,,,,,,
Email: roadacc.stats@dft.gsi.gov.uk,,,,,,,,,,,
A note on methodology can be found at:  http://assets.dft.gov.uk/statistics/releases/road-accidents-and-safety-drink-drive-estimates-2010/methodology-notes-drink-drive.pdf,,,,,,,,,,,
,,,,,,,,,,,
Notes and definitions see: http://www.dft.gov.uk/statistics/series/road-accidents-and-safety/,,,,,,,,,,,
"Source: STATS19, Coroners and Procurators Fiscal",,,,,,,,,,,
Last updated: 29 September 2011,,,,,,,,,,,
Next update: September 2012,,,,,,,,,,,
,,,,,,,,,,,
The figures in this table are National Statistics,,,,,,,,,,,
