Department for Transport Statistics,,,,,,,,,,,,,,,,,,
http://www.dft.gov.uk/statistics/series/transport-statistics-great-britain/,,,,,,,,,,,,,,,,,,
TSGB0808,,,,,,,,,,,,,,,,,,
SPADs1 on Network Rail controlled infrastructure: 2001/02 - 2010/11,,,,,,,,,,,,,,,,,,
,,,,,,,,,,,,,,,,,,
,,,,,,,,,,Number,,,,,,,,
,2001/02,2002/03,2003/04,2004/05,2005/06,2006/07,2007/08,2008/09,2009/10,2010/11,,,,,,,,
Potentially severe SPADs,134,104,43,34,19,18,21,17,19,18,,,,,,,,
Potentially significant SPADs,154,121,116,105,101,87,72,72,61,70,,,,,,,,
Not significant SPADs,145,177,215,232,208,228,256,203,194,211,,,,,,,,
All SPADs,433,402,374,371,328,333,349,292,274,299,,,,,,,,
,,,,,,,,,,,,,,,,,,
1 Signals passed at danger (see Notes and Definitions).,,,,,,,,,,,,,,,,,,
,,,,,,,,,,,,,,,,,,
Telephone: 020 7944 2419,,,,,,,,,,Source: Rail Safety and Standards Board,,,,,,,,
Email: rail.stats@dft.gsi.gov.uk,,,,,,,,,,,,,,,,,,
,,,,,,,,,,Last updated: December 2011
The figures in this table are outside the scope of National Statistics,,,,,,,,,,Next update: December 2012
,,,,,,,,,,
,,,,,,,,,,
,,,,,,,,,,
