Department for Transport Statistics,,,,,,,,,,,,,,,,,,
http://www.dft.gov.uk/statistics/series/transport-statistics-great-britain/,,,,,,,,,,,,,,,,,,
TSGB0806,,,,,,,,,,,,,,,,,,
Railway1 movement accidents: passenger casualties and casualty rates: 2001/02 - 2010/11,,,,,,,,,,,,,,,,,,
,,,,,,,,,,,,,,,,,,
,,,,,,,,,,  Number/billion kilometres/rate per billion passenger kilometres,,,,,,,,
,,,,,,,,,,,,,,,,,,
,2001/02,2002/03,2003/04,2004/05,2005/06,2006/07,2007/08,2008/09,2009/10,2010/11,,,,,,,,
Passenger casualties:2,,,,,,,,,,,,,,,,,,
    Fatalities,1,8,0,5,0,2,0,0,0,0,,,,,,,,
    Major injuries,45,65,57,62,34,60,30,32,40,47,,,,,,,,
    Minor injuries,"1,330","1,258","1,210","1,193","1,042","1,083","1,036","1,149","1,244","1,329",,,,,,,,
    Shock/trauma,59,68,63,45,47,68,70,61,43,49,,,,,,,,
    All casualties,"1,435","1,399","1,330","1,305","1,123","1,213","1,136","1,242","1,327","1,425",,,,,,,,
,,,,,,,,,,,,,,,,,,
Passenger kilometres3,39.1,39.7,40.9,41.7,43.1,46.2,48.9,50.6,51.1,54.1,,,,,,,,
,,,,,,,,,,,,,
Passenger casualty rates:,,,,,,,,,,,,,
    Fatalities,0.0,0.2,0.0,0.1,0.0,0.0,0.0,0.0,0.0,0.0,,,
    Major injuries,1.2,1.6,1.4,1.5,0.8,1.3,0.6,0.6,0.8,0.9,,,
    Minor injuries,34.0,31.7,29.6,28.6,24.2,23.5,21.2,22.7,24.3,24.6,,,
    Shock/trauma,1.5,1.7,1.5,1.1,1.1,1.5,1.4,1.2,0.8,0.9,,,
    All casualties,36.7,35.3,32.5,31.3,26.0,26.3,23.2,24.5,26.0,26.4,,,
,,,,,,,,,,,,,
1 Includes National Rail only.,,,,,,,,,,,,,
2 Passenger casualties owing to train accidents and movement accidents involving people on board trains or in the act of boarding or alighting from them (see Notes ,,,,,,,,,,,,,
   and Definitions).,,,,,,,,,,,,,
3 Franchised passenger kilometres (billions).,,,,,,,,,,,,,
,,,,,,,,,,,,,
Telephone: 020 7944 2419,,,,,,,,,,Source: Rail Safety and Standards Board,,,
Email: rail.stats@dft.gsi.gov.uk,,,,,,,,,,,,,
,,,,,,,,,,Last updated: December 2011,,,
The figures in this table are outside the scope of National Statistics,,,,,,,,,,Next update: December 2012
