Department for Transport Statistics,,,,,,,,,,,,,,,,,,
http://www.dft.gov.uk/statistics/series/transport-statistics-great-britain/,,,,,,,,,,,,,,,,,,
TSGB0805,,,,,,,,,,,,,,,,,,
Railway1 accidents: casualties by type of accident: 2001/02 - 2010/11,,,,,,,,,,,,,,,,,,
,,,,,,,,,,,,,,,,,,
,,,,,,,,,,Number,,,,,,,,
,,,,,,,,,,,,,,,,,,
,2001/02,2002/03,2003/04,2004/05,2005/06,2006/07,2007/08,2008/09,2009/10,2010/11,,,,,,,,
Fatalities:,,,,,,,,,,,,,,,,,,
  Passenger fatalities,5,18,7,12,8,9,7,5,5,8,,,,,,,,
    Train accidents,0,6,0,5,0,1,0,0,0,0,,,,,,,,
    Slip trips and falls,1,1,3,1,3,2,1,2,1,2,,,,,,,,
    Platform train interface,4,7,3,3,1,4,3,3,4,5,,,,,,,,
    Assault and abuse,0,2,1,2,1,1,1,0,0,1,,,,,,,,
    On-board injuries,0,0,0,0,0,0,0,0,0,0,,,,,,,,
    Contact with object or person,0,0,0,0,0,0,0,0,0,0,,,,,,,,
    Struck by train on station crossing,0,0,0,1,2,1,2,0,0,0,,,
    Other passenger fatalities,0,2,0,0,1,0,0,0,0,0,,,
  Workforce fatalities,5,5,8,4,4,2,2,3,3,1,,,
    Infrastructure workforce ,4,3,7,2,3,0,2,2,3,1,,,
    Train driver,0,0,0,1,1,1,0,0,0,0,,,
    Other train crew,0,0,0,0,0,0,0,0,0,0,,,
    Station staff,0,1,0,0,0,0,0,0,0,0,,,
    Revenue protection,0,0,0,0,0,0,0,0,0,0,,,
    Other workforce fatalities,1,1,1,1,0,1,0,1,0,0,,,
  Public fatalities,71,50,59,43,55,57,59,59,62,31,,,
    Trespassers,56,41,40,38,43,45,50,46,50,27,,,
    Level crossings,12,7,16,5,10,9,8,12,11,4,,,
    Other public fatalities,3,2,3,0,2,3,1,1,1,0,,,
Total fatalities (excl. suicides),81,73,74,59,67,68,68,67,70,40,,,
  Suicides,192,200,189,193,226,225,208,218,233,208,,,
Total fatalities,273,273,263,252,293,293,276,285,303,248,,,
,,,,,,,,,,
Major injuries:,,,,,,,,,,
  Passenger major injuries,274,281,291,236,247,246,225,234,235,240
    Train accidents,3,10,0,10,2,29,0,0,3,6
    Slip trips and falls,166,160,186,137,160,134,142,158,144,146
    Platform train interface,56,63,58,57,40,39,41,40,42,43
    Assault and abuse,8,17,9,6,12,7,10,6,9,10
    On-board injuries,31,25,31,15,23,30,22,24,29,29
    Contact with object or person,9,4,4,5,8,7,9,4,7,4
    Struck by train on station crossing,0,0,0,1,0,0,1,0,0,0
    Other passenger injuries,1,2,3,5,2,0,0,2,1,2
  Workforce major injuries,173,161,181,209,156,128,138,130,122,122
    Infrastructure workforce ,106,98,102,138,89,76,73,78,73,73
    Train driver,14,2,13,12,6,7,19,6,10,12
    Other train crew,25,32,30,27,34,20,17,19,18,11
    Station staff,15,16,14,17,14,13,14,9,8,8
    Revenue protection,6,9,14,5,4,4,2,2,4,5,,,
    Other workforce injuries,7,4,8,10,9,8,13,16,9,13,,,
  Public major injuries,55,38,54,45,44,57,45,55,39,33,,,
    Trespassers,39,29,31,29,28,38,30,33,20,16,,,
    Level crossings,9,4,14,6,6,8,4,9,7,5,,,
    Other public injuries,7,5,9,10,10,11,11,13,12,12,,,
Total major injuries (excl. suicides),502,480,526,490,447,431,408,419,396,395,,,
  Suicides,37,33,30,23,33,33,27,34,25,36,,,
Total major injuries,539,513,556,513,480,464,435,453,421,431,,,
,,,,,,,,,,,,,
Minor injuries,"11,657","11,502","12,158","12,051","11,671","11,258","10,840","10,836","10,784","11,090",,,
  Passengers,"5,010","4,851","5,133","5,034","4,864","4,888","5,028","5,237","5,280","5,555",,,
  Workforce,"6,444","6,551","6,915","6,869","6,679","6,202","5,663","5,455","5,305","5,335",,,
  Public,189,92,98,141,114,159,140,126,186,185,,,
  Suicides,14,8,12,7,14,9,9,18,13,15,,,
,,,,,,,,,,,,,
Shock/trauma,"1,820","1,923","2,062","1,764","1,786","1,776","1,759","1,602","1,349","1,331",
  Passengers,143,215,309,220,255,322,330,260,205,227,
  Workforce,"1,670","1,700","1,745","1,541","1,522","1,450","1,422","1,335","1,140","1,101",
  Public,7,7,5,3,7,3,7,7,3,3,
  Suicides,0,1,3,0,2,1,0,0,1,0,
All casualties (excl. suicides),"14,046","13,969","14,805","14,357","13,955","13,523","13,066","12,906","12,585","12,841",
All casualties,"14,289","14,211","15,039","14,580","14,230","13,791","13,310","13,176","12,857","13,100",

1 Includes National Rail only.,,,,,,,,,,,
,,,,,,,,,,,
Telephone: 020 7944 2419,,,,,,,,,,Source: Rail Safety and Standards Board,
Email: rail.stats@dft.gsi.gov.uk,,,,,,,,,,,
,,,,,,,,,,Last updated: December 2011,
The figures in this table are outside the scope of National Statistics,,,,,,,,,,Next update: December 2012,
