Department for Transport Statistics,,,,,,,,,,,,,,,,,,
http://www.dft.gov.uk/statistics/series/transport-statistics-great-britain/,,,,,,,,,,,,,,,,,,
TSGB0807,,,,,,,,,,,,,,,,,,
Railway1 accidents: train accidents: 2001/02 - 2010/11,,,,,,,,,,,,,,,,,,
,,,,,,,,,,,,,,,,,,
,,,,,,,,,,Number,,,,,,,,
,,,,,,,,,,,,,,,,,,
,2001/02,2002/03,2003/04,2004/05,2005/06,2006/07,2007/08,2008/09,2009/10,2010/11,,,,,,,,
Potentially high risk train accidents (PHRTAs),,,,,,,,,,,,,,,,,,
  Involving passenger trains,33,34,27,35,23,24,20,31,26,14,,,,,,,,
    Collisions between trains,2,5,2,3,2,1,4,6,4,1,,,,,,,,
    Derailments2,9,7,7,6,6,11,3,3,8,5,,,,,,,,
    Collisions with road vehicles (not at level crossing),2,1,4,5,1,2,5,0,2,0,,,,,,,,
    Collisions with road vehicles (at level crossing),16,18,14,15,13,9,7,18,12,5,,,,,,,,
    Striking buffer stops,4,3,0,6,1,1,1,4,0,2,,,,,,,,
    Struck by large falling objects,0,0,0,0,0,0,0,0,0,1,,,,,,,,
  Not involving passenger trains,37,31,28,29,23,21,24,18,16,4
    Collisions between trains,0,1,3,2,2,1,1,0,0,1
    Derailments2,34,25,22,20,18,15,18,13,12,3
    Collisions with road vehicles (not at level crossing),1,2,0,3,0,1,3,2,2,0
    Collisions with road vehicles (at level crossing),2,3,3,2,3,4,1,3,2,0
    Striking buffer stops,0,0,0,2,0,0,1,0,0,0
    Struck by large falling objects,0,0,0,0,0,0,0,0,0,0
,,,,,,,,,,
Non-PHRTAs,,,,,,,,,,
  Involving passenger trains,"1,220",987,852,814,621,665,621,552,471,443
    Open door collisions,52,36,29,15,1,2,3,3,1,0
    Roll back collisions,8,5,8,10,5,4,3,2,4,4
    Striking animals,97,92,96,109,120,126,112,116,144,169
    Struck by missiles,478,364,286,271,208,221,225,198,141,90
    Train fires,263,253,255,221,128,136,87,73,69,57
    Striking level crossing gates/barriers,6,7,1,4,2,3,4,6,2,7
    Striking other objects,316,230,177,184,157,173,187,154,110,116
  Not involving passenger trains,308,207,148,130,132,115,118,96,68,62
    Open door collisions,2,1,1,0,0,0,0,0,1,0
    Roll back collisions,0,1,0,0,1,0,0,0,0,2
    Striking animals,14,16,6,7,20,13,14,12,16,21
    Struck by missiles,185,114,70,60,66,63,60,46,22,8
    Train fires,58,37,47,24,15,11,9,11,6,9
    Striking level crossing gates/barriers,1,0,1,0,2,1,4,2,5,1
    Striking other objects,48,38,23,39,28,27,31,25,18,21

1 Includes National Rail only.,,,,,,,,,,
2 Excludes derailments caused by collisions with road vehicles at level crossings.,,,,,,,,,,
,,,,,,,,,,
Telephone: 020 7944 2419,,,,,,,,,,Source: Rail Safety and Standards Board
Email: rail.stats@dft.gsi.gov.uk,,,,,,,,,,
,,,,,,,,,,Last updated: December 2011
The figures in this table are outside the scope of National Statistics,,,,,,,,,,Next update: December 2012
,,,,,,,,,,
