Department for Transport statistics,,,,,,,,
Accessibility Statistics (http://www.dft.gov.uk/statistics/series/accessibility/),,,,,,,,
Table ACS0309,,,,,,,,
"Number of sites available within a reasonable time1 by public transport/walking, key services2, region, England, 2007 to 2011",,,,,,,,
,,,,,,,,Number
,,Key services,,,,,,
Year,Mode,Primary school,Secondary school,Further Education,GP,Hospital,Food store,Town Centres
2007,North East,1.6,1.8,3.3,2.4,1.0,3.5,..
,North West,1.6,1.8,3.3,2.5,0.9,3.6,..
,Yorkshire and the Humber,1.6,1.5,3.2,2.3,0.9,3.3,..
,East Midlands,1.5,1.4,3.0,2.1,0.7,3.0,..
,West Midlands,1.5,1.7,3.6,2.4,1.0,3.4,..
,East,1.4,1.4,2.8,2.0,0.6,2.9,..
,London,1.8,2.0,4.8,3.0,1.3,4.1,..
,South East,1.4,1.4,3.0,2.2,0.8,3.2,..
,South West,1.3,1.2,2.5,2.0,0.8,3.1,..
2008,North East,1.6,1.8,3.2,2.4,1.0,3.4,..
,North West,1.6,1.7,3.2,2.5,0.9,3.5,..
,Yorkshire and the Humber,1.5,1.4,3.2,2.3,0.9,3.3,..
,East Midlands,1.5,1.4,3.0,2.1,0.7,3.0,..
,West Midlands,1.5,1.7,3.5,2.4,1.0,3.3,..
,East,1.4,1.4,2.8,2.0,0.6,2.9,..
,London,1.7,2.0,4.8,3.0,1.3,4.1,..
,South East,1.4,1.3,2.9,2.1,0.8,3.1,..
,South West,1.3,1.2,2.5,2.0,0.8,3.1,..
2009,North East,1.6,1.8,3.3,2.6,1.0,3.6,0.7
,North West,1.7,1.7,3.3,2.6,0.8,3.6,0.9
,Yorkshire and the Humber,1.6,1.5,3.2,2.5,0.8,3.4,0.7
,East Midlands,1.5,1.4,3.1,2.3,0.6,3.1,0.5
,West Midlands,1.5,1.7,3.7,2.5,0.8,3.4,0.8
,East,1.4,1.4,2.8,2.2,0.5,3.0,0.6
,London,1.8,2.1,5.0,3.0,1.2,4.1,1.8
,South East,1.4,1.4,2.9,2.3,0.6,3.2,0.7
,South West,1.3,1.2,2.6,2.2,0.8,3.2,0.6
2010,North East,1.6,1.8,3.2,2.6,0.8,3.8,0.7
,North West,1.7,1.7,3.3,2.6,0.6,3.7,0.9
,Yorkshire and the Humber,1.6,1.5,3.2,2.5,0.6,3.6,0.7
,East Midlands,1.5,1.4,3.0,2.3,0.5,3.3,0.5
,West Midlands,1.5,1.7,3.7,2.5,0.7,3.7,0.8
,East,1.4,1.4,2.8,2.2,0.5,3.2,0.6
,London,1.8,2.1,5.1,3.0,1.1,4.4,1.7
,South East,1.4,1.3,2.8,2.3,0.5,3.3,0.7
,South West,1.3,1.2,2.6,2.2,0.7,3.3,0.6
2011,North East,1.6,1.7,3.2,2.5,0.7,3.9,0.7
,North West,1.6,1.7,3.3,2.4,0.6,3.8,0.9
,Yorkshire and the Humber,1.5,1.4,3.2,2.4,0.6,3.6,0.6
,East Midlands,1.4,1.3,3.0,2.2,0.4,3.3,0.5
,West Midlands,1.5,1.7,3.7,2.4,0.6,3.6,0.7
,East,1.4,1.3,2.7,2.1,0.4,3.2,0.5
,London,1.8,2.1,5.0,2.9,1.0,4.3,1.7
,South East,1.4,1.3,2.8,2.2,0.4,3.3,0.7
,South West,1.3,1.2,2.5,2.0,0.6,3.2,0.6
1 The number of services available that can be accessed by users within a reasonable time up to a given maximum. Please see the key definitions and terms note for further information on methods.,,,,,,,,
2 The number of employment sites available within a reasonable time by public transport/walking and region is given in table ACS0310.,,,,,,,,
,,,,,,,,
Telephone: 020 7944 4139,,,,,,,,Source: DfT Accessibility Statistics
Email: subnational.stats@dft.gsi.gov.uk,,,,,,,,Last updated: July 2012
Technical Notes & Guidance: (http://assets.dft.gov.uk/statistics/series/accessibility/accessibility-statistics-guidance.pdf),,,,,,,,Next update: July 2013
The figures in this table are outside the scope of National Statistics,,,,,,,,
,,,,,,,,
,,,,,,,,
,,,,,,,,
