Department for Transport statistics,,,,
Accessibility Statistics (http://www.dft.gov.uk/statistics/series/accessibility/),,,,
Table ACS0302,,,,
"Number of Employment sites available within a reasonable time1 by size of employment centre, mode of travel, England, 2007 to 2011",,,,
,,,,Number
,,Number of employment sites accessible with...2,,
Year,Mode,100 - 499 jobs,"500 - 4,999 jobs",At least 5000 jobs
2007,Public Transport / Walking,7.1,6.4,2.2
,Cycle,4.8,4.0,0.7
,Car,8.9,8.8,7.3
2008,Public Transport / Walking,7.1,6.6,3.0
,Cycle,4.8,4.0,0.9
,Car,8.9,8.8,7.3
2009,Public Transport / Walking,7.1,6.6,3.0
,Cycle,4.7,3.9,0.8
,Car,8.9,8.8,7.3
2010,Public Transport / Walking,7.1,6.6,3.0
,Cycle,4.8,4.1,0.9
,Car,8.9,8.9,7.4
,Car (new method)3,8.8,8.7,6.3
2011,Public Transport / Walking,7.0,6.5,2.9
,Cycle,4.8,4.1,0.9
,Car (new method)3,8.8,8.6,6.3
1 The number of services available that can be accessed by users within a reasonable time up to a given maximum. Please see the key definitions and terms note for further information on methods.,,,,
2 Up to a maximum of 10 employment sites.,,,,
"3 A new method has been adopted in 2010 using Trafficmaster congestion data to calculate travel times for the car mode, as opposed to using default speeds. Please see the guidance note for further information.",,,,
,,,,
Telephone: 020 7944 4139,,,,Source: DfT Accessibility Statistics
Email: subnational.stats@dft.gsi.gov.uk,,,,Last updated: July 2012
Technical Notes & Guidance: (http://assets.dft.gov.uk/statistics/series/accessibility/accessibility-statistics-guidance.pdf),,,,Next update: July 2013
The figures in this table are outside the scope of National Statistics,,,,
,,,,
,,,,
,,,,
