Department for Transport statistics,,,,,,,
Accessibility Statistics (http://www.dft.gov.uk/statistics/series/accessibility/),,,,,,,
Table ACS0316,,,,,,,
"Number of Employment sites available within lower1 and upper1 threshold by public transport/walking, size of employment centre, region, England, 2007 to 2011",,,,,,,
,,,,,,,Number
,,Number of employment sites accessible with...2,,,,,
,,100 to 499 jobs,,"500 to 4,999 jobs",,"At least ,5000 jobs",
Year,Mode,Lower threshold1,Upper threshold1,Lower threshold1,Upper threshold1,Lower threshold1,Upper threshold1
2007,North East,8.2,9.6,6.2,9.2,0.4,1.3
,North West,8.3,9.8,6.4,9.4,0.4,1.3
,Yorkshire and the Humber,7.9,9.6,5.0,8.9,0.4,1.5
,East Midlands,6.4,9.4,4.1,8.0,0.5,1.5
,West Midlands,7.6,9.6,5.8,8.8,0.5,2.0
,East,6.5,9.4,4.2,8.2,0.3,0.8
,London,9.8,10.0,9.1,10.0,0.8,3.6
,South East,7.1,9.7,4.8,8.8,0.4,1.2
,South West,6.0,9.0,4.2,7.9,0.2,0.7
2008,North East,8.0,9.7,6.0,9.3,0.9,3.2
,North West,8.3,9.8,6.9,9.6,0.7,2.4
,Yorkshire and the Humber,7.8,9.6,5.9,9.3,0.8,2.7
,East Midlands,6.5,9.5,5.2,9.2,0.6,1.9
,West Midlands,7.5,9.6,6.1,9.3,0.8,2.9
,East,6.3,9.4,4.9,8.8,0.5,1.5
,London,9.7,10.0,8.9,10.0,1.7,6.1
,South East,6.7,9.6,5.5,9.4,0.5,1.4
,South West,5.8,9.0,5.0,8.6,0.5,1.6
2009,North East,8.0,9.7,6.0,9.3,0.8,2.8
,North West,8.4,9.8,6.7,9.6,0.7,2.4
,Yorkshire and the Humber,7.9,9.6,5.9,9.3,0.9,3.0
,East Midlands,6.7,9.6,5.1,9.1,0.6,1.8
,West Midlands,7.6,9.6,6.1,9.3,0.8,2.8
,East,6.2,9.3,4.9,8.8,0.6,1.5
,London,9.7,10.0,8.9,10.0,1.7,6.0
,South East,6.8,9.7,5.6,9.4,0.5,1.5
,South West,5.8,9.0,5.1,8.6,0.5,1.5
2010,North East,7.8,9.7,5.6,9.1,0.8,3.0
,North West,8.1,9.7,6.4,9.5,0.7,2.5
,Yorkshire and the Humber,7.6,9.5,5.8,9.3,0.8,2.7
,East Midlands,6.2,9.2,5.0,8.9,0.6,1.7
,West Midlands,7.3,9.5,5.8,9.1,0.7,2.5
,East,6.0,9.2,4.7,8.6,0.5,1.5
,London,9.6,10.0,8.6,10.0,1.6,5.5
,South East,6.5,9.5,5.2,9.1,0.5,1.5
,South West,5.6,8.8,4.9,8.5,0.6,1.7
2011,North East,7.7,9.6,5.2,8.9,0.8,2.9
,North West,8.1,9.7,5.8,9.4,0.7,2.4
,Yorkshire and the Humber,7.5,9.5,5.3,9.1,0.7,2.4
,East Midlands,6.0,9.1,4.5,8.6,0.6,1.8
,West Midlands,7.2,9.5,5.4,9.0,0.7,2.4
,East,5.8,9.2,4.3,8.4,0.5,1.3
,London,9.6,10.0,8.4,10.0,1.8,5.7
,South East,6.3,9.5,4.9,9.1,0.6,1.5
,South West,5.4,8.7,4.5,8.3,0.6,1.7
1 The number of services available that can be accessed by users within set time limits up to a given maximum. Please see the key definitions and terms note for further information on methods.,,,,,,,
2 Up to a maximum of 10 employment sites.,,,,,,,
,,,,,,,
Telephone: 020 7944 4139,,,,,,,Source: DfT Accessibility Statistics
Email: subnational.stats@dft.gsi.gov.uk,,,,,,,Last updated: July 2012
Technical Notes & Guidance: (http://assets.dft.gov.uk/statistics/series/accessibility/accessibility-statistics-guidance.pdf),,,,,,,Next update: July 2013
The figures in this table are outside the scope of National Statistics,,,,,,,
,,,,,,,
,,,,,,,
,,,,,,,
