Department for Transport statistics,,,,,,,,,,,,,,,,,
Accessibility Statistics (http://www.dft.gov.uk/statistics/series/accessibility/),,,,,,,,,,,,,,,,,
Table ACS0303,,,,,,,,,,,,,,,,,
"Number of sites available within lower1 and upper1 thresholds by key services2, mode of travel, England, 2007 to 2011",,,,,,,,,,,,,,,,,
,,,,,,,,,,,,,,,Number,,
,,Key services,,,,,,,,,,,,,,,
,,Primary school,,Secondary school,,Further Education,,GP,,Hospital,,Food store,,Town Centres,,,
Year,Mode,Lower threshold1,Upper threshold1,Lower threshold1,Upper threshold1,Lower threshold1,Upper threshold1,Lower threshold1,Upper threshold1,Lower threshold1,Upper threshold1,Lower threshold1,Upper threshold1,Lower threshold1,Upper threshold1,,
2007,Public Transport / Walking,4.0,4.9,2.3,4.3,3.8,7.8,3.2,4.5,1.8,3.9,6.1,9.2,..,..,,
,Cycle,4.5,4.9,3.8,4.5,6.0,8.5,4.0,4.6,2.8,4.2,8.1,9.4,..,..,,
,Car,5.0,5.0,5.0,5.0,9.9,10.0,5.0,5.0,5.0,5.0,10.0,10.0,..,..,,
2008,Public Transport / Walking,3.9,4.9,2.2,4.2,3.7,7.7,3.1,4.5,1.8,3.8,6.0,9.2,..,..,,
,Cycle,4.5,4.9,3.7,4.5,6.0,8.4,4.0,4.6,2.8,4.2,8.1,9.4,..,..,,
,Car,5.0,5.0,5.0,5.0,9.9,10.0,5.0,5.0,5.0,5.0,10.0,10.0,..,..,,
2009,Public Transport / Walking,4.0,4.9,2.3,4.2,3.9,7.8,3.5,4.7,1.5,3.6,6.1,9.3,0.9,2.7,,
,Cycle,4.5,4.9,3.7,4.5,6.0,8.4,4.1,4.7,2.5,3.8,8.0,9.3,1.9,4.2,,
,Car,5.0,5.0,5.0,5.0,9.9,10.0,5.0,5.0,4.9,5.0,10.0,10.0,7.5,9.7
2010,Public Transport / Walking,3.9,4.9,2.2,4.1,3.8,7.7,3.5,4.7,1.2,3.1,6.4,9.3,0.8,2.6
,Cycle,4.5,4.9,3.7,4.5,6.1,8.5,4.2,4.7,2.2,3.8,8.3,9.4,2.0,4.2
,Car,5.0,5.0,5.0,5.0,9.9,10.0,5.0,5.0,4.9,5.0,10.0,10.0,7.5,9.7
,Car (new method)3,5.0,5.0,4.9,5.0,9.7,10.0,5.0,5.0,4.7,5.0,9.9,10.0,4.9,9.2
2011,Public Transport / Walking,3.8,4.8,2.1,4.1,3.8,7.6,3.1,4.6,1.1,2.9,6.3,9.3,0.8,2.6
,Cycle,5.0,5.0,3.7,4.5,6.1,8.5,4.5,4.9,2.1,3.6,8.4,9.4,2.0,4.3
,Car (new method)3,5.0,5.0,4.9,5.0,9.6,10.0,4.9,5.0,4.5,5.0,9.9,10.0,4.7,9.1
1 The number of services available that can be accessed by users within set time limits up to a given maximum. Please see the key definitions and terms note for further information on methods.,,,,,,,,,,,,,,,
2 The number of employment sites available within a lower and upper threshold is given in table ACS0304.,,,,,,,,,,,,,,,
"3 A new method has been adopted in 2010 using Trafficmaster congestion data to calculate travel times for the car mode, as opposed to using default speeds. Please see the guidance note for further information.",,,,,,,,,,,,,,,
,,,,,,,,,,,,,,,
Telephone: 020 7944 4139,,,,,,,,,,,,,,,Source: DfT Accessibility Statistics
Email: subnational.stats@dft.gsi.gov.uk,,,,,,,,,,,,,,,Last updated: July 2012
Technical Notes & Guidance: (http://assets.dft.gov.uk/statistics/series/accessibility/accessibility-statistics-guidance.pdf),,,,,,,,,,,,,,,Next update: July 2013
The figures in this table are outside the scope of National Statistics,,,,,,,,,,,,,,,
,,,,,,,,,
,,,,,,,,,
,,,,,,,,,
