Department for Transport statistics,,,,,,,
Accessibility Statistics (http://www.dft.gov.uk/statistics/series/accessibility/),,,,,,,
Table ACS0304,,,,,,,
"Number of Employment sites available within lower1 and upper1 thresholds by size of employment centre, mode of travel, England, 2007 to 2011",,,,,,,
,,,,,,,Number
,,Number of employment sites accessible with...2,,,,,
,,At least 100 jobs,,At least 500 jobs,,At least 5000 jobs,
Year,Mode,Lower threshold1,Upper threshold1,Lower threshold1,Upper threshold1,Lower threshold1,Upper threshold1
2007,Public Transport / Walking,7.6,9.6,5.7,8.9,0.4,1.6
,Cycle,8.8,9.7,7.9,9.3,1.5,3.7
,Car,10.0,10.0,10.0,10.0,7.3,9.5
2008,Public Transport / Walking,7.5,9.6,6.2,9.3,0.8,2.7
,Cycle,8.8,9.7,8.1,9.5,1.8,4.0
,Car,10.0,10.0,10.0,10.0,7.3,9.3
2009,Public Transport / Walking,7.5,9.6,6.2,9.3,0.8,2.7
,Cycle,8.7,9.7,8.1,9.4,1.7,3.9
,Car,10.0,10.0,10.0,10.0,7.4,9.4
2010,Public Transport / Walking,7.3,9.5,5.9,9.2,0.8,2.6
,Cycle,8.8,9.7,8.1,9.4,1.8,4.0
,Car,10.0,10.0,10.0,10.0,7.5,9.4
,Car (new method)3,10.0,10.0,9.9,10.0,5.0,9.0
2011,Public Transport / Walking,7.1,9.5,5.5,9.1,0.8,2.5
,Cycle,8.7,9.7,8.1,9.4,1.9,4.0
,Car (new method)3,10.0,10.0,9.9,10.0,5.0,8.9
1 The number of services available that can be accessed by users within set time limits up to a given maximum. Please see the key definitions and terms note for further information on methods.,,,,,,,
2 Up to a maximum of 10 employment sites.,,,,,,,
"3 A new method has been adopted in 2010 using Trafficmaster congestion data to calculate travel times for the car mode, as opposed to using default speeds. Please see the guidance note for further information.",,,,,,,
,,,,,,,
Telephone: 020 7944 4139,,,,,,,Source: DfT Accessibility Statistics
Email: subnational.stats@dft.gsi.gov.uk,,,,,,,Last updated: July 2012
Technical Notes & Guidance: (http://assets.dft.gov.uk/statistics/series/accessibility/accessibility-statistics-guidance.pdf),,,,,,,Next update: July 2013
The figures in this table are outside the scope of National Statistics,,,,,,,
,,,,,,
,,,,,,
,,,,,,
