Department for Transport statistics,,,,,,,,
Accessibility Statistics (http://www.dft.gov.uk/statistics/series/accessibility/),,,,,,,,
Table ACS0311,,,,,,,,
"Number of sites available within a reasonable time1 by cycling, key services2, region, England, 2007 to 2011",,,,,,,,
,,,,,,,,Number
,,Key services,,,,,,
Year,Mode,Primary school,Secondary school,Further Education,GP,Hospital,Food store,Town Centres
2007,North East,2.6,1.6,1.4,2.2,0.9,4.4,..
,North West,2.7,1.7,1.6,2.5,0.9,4.8,..
,Yorkshire and the Humber,2.6,1.4,1.6,2.2,0.8,4.3,..
,East Midlands,2.4,1.3,1.5,2.0,0.6,3.9,..
,West Midlands,2.6,1.7,2.1,2.4,0.8,4.5,..
,East,2.3,1.3,1.4,1.9,0.5,3.8,..
,London,3.0,2.4,3.7,3.0,1.5,5.8,..
,South East,2.4,1.3,1.4,2.1,0.7,4.2,..
,South West,2.2,1.1,1.2,1.8,0.7,4.0,..
2008,North East,2.6,1.7,1.4,2.2,0.9,4.3,..
,North West,2.7,1.8,1.6,2.5,0.9,4.8,..
,Yorkshire and the Humber,2.6,1.5,1.6,2.2,0.8,4.3,..
,East Midlands,2.4,1.4,1.5,2.0,0.6,3.9,..
,West Midlands,2.6,1.8,2.1,2.4,0.8,4.5,..
,East,2.3,1.4,1.4,1.9,0.5,3.9,..
,London,3.0,2.6,3.8,3.0,1.5,5.8,..
,South East,2.4,1.4,1.4,2.1,0.7,4.2,..
,South West,2.2,1.2,1.2,1.8,0.7,4.0,..
2009,North East,2.6,1.6,1.4,2.4,0.8,4.3,0.9
,North West,2.7,1.7,1.6,2.5,0.7,4.7,1.2
,Yorkshire and the Humber,2.5,1.4,1.5,2.3,0.6,4.2,0.8
,East Midlands,2.4,1.3,1.5,2.0,0.5,3.9,0.7
,West Midlands,2.6,1.7,2.1,2.4,0.7,4.5,1.1
,East,2.3,1.3,1.3,2.0,0.4,3.8,0.6
,London,3.0,2.4,3.9,3.0,1.3,5.7,3.1
,South East,2.4,1.3,1.4,2.1,0.5,4.2,0.8
,South West,2.2,1.1,1.2,1.9,0.6,3.9,0.8
2010,North East,2.7,1.6,1.5,2.5,0.7,4.9,0.9
,North West,2.8,1.8,1.8,2.6,0.6,5.1,1.3
,Yorkshire and the Humber,2.7,1.5,1.7,2.5,0.6,4.7,0.9
,East Midlands,2.5,1.4,1.6,2.2,0.5,4.3,0.7
,West Midlands,2.7,1.8,2.3,2.6,0.6,5.0,1.2
,East,2.4,1.4,1.4,2.2,0.4,4.2,0.7
,London,3.0,2.6,4.2,3.1,1.3,6.0,3.2
,South East,2.5,1.4,1.5,2.3,0.5,4.5,0.9
,South West,2.3,1.2,1.3,2.1,0.6,4.2,0.8
2011,North East,3.0,1.6,1.5,2.8,0.6,5.0,0.9
,North West,3.0,1.8,1.8,2.9,0.6,5.2,1.3
,Yorkshire and the Humber,3.0,1.5,1.7,2.7,0.6,4.8,0.9
,East Midlands,3.0,1.4,1.6,2.6,0.4,4.4,0.7
,West Midlands,3.0,1.8,2.3,2.8,0.6,5.1,1.2
,East,3.0,1.4,1.4,2.5,0.4,4.3,0.7
,London,3.0,2.6,4.2,3.1,1.2,6.0,3.2
,South East,3.0,1.4,1.5,2.6,0.4,4.6,0.9
,South West,2.9,1.2,1.3,2.5,0.6,4.3,0.8
1 The number of services available that can be accessed by users within a reasonable time up to a given maximum. Please see the key definitions and terms note for further information on methods.,,,,,,,,
2 The number of employment sites available within a reasonable time by cycling and region is given in table ACS0311.,,,,,,,,
,,,,,,,,
Telephone: 020 7944 4139,,,,,,,,Source: DfT Accessibility Statistics
Email: subnational.stats@dft.gsi.gov.uk,,,,,,,,Last updated: July 2012
Technical Notes & Guidance: (http://assets.dft.gov.uk/statistics/series/accessibility/accessibility-statistics-guidance.pdf),,,,,,,,Next update: July 2013
The figures in this table are outside the scope of National Statistics,,,,,,,,
,,,,,,,,
,,,,,,,,
,,,,,,,,
