Department for Transport statistics,,,,,,,,,,,,,,,
Accessibility Statistics (http://www.dft.gov.uk/statistics/series/accessibility/),,,,,,,,,,,,,,,
Table ACS0317,,,,,,,,,,,,,,,
"Number of sites available within lower1 and upper1 threshold by cycling, key services2, region, England, 2007 to 2011",,,,,,,,,,,,,,,
,,,,,,,,,,,,,,,Number
,,Key services,,,,,,,,,,,,,
,,Primary school,,Secondary school,,Further Education,,GP,,Hospital,,Food store,,Town Centres,
Year,Mode,Lower threshold1,Upper threshold1,Lower threshold1,Upper threshold1,Lower threshold1,Upper threshold1,Lower threshold1,Upper threshold1,Lower threshold1,Upper threshold1,Lower threshold1,Upper threshold1,Lower threshold1,Upper threshold1
2007,North East,4.7,4.9,4.0,4.8,5.0,8.8,4.1,4.7,3.0,4.6,8.2,9.6,..,..
,North West,4.8,5.0,4.2,4.8,5.8,8.9,4.4,4.8,3.0,4.6,8.8,9.7,..,..
,Yorkshire and the Humber,4.6,4.9,3.7,4.5,5.7,8.5,4.0,4.6,2.7,4.2,7.9,9.3,..,..
,East Midlands,4.3,4.9,3.3,4.3,5.5,8.6,3.4,4.3,2.2,3.9,7.1,9.0,..,..
,West Midlands,4.6,4.9,4.1,4.7,7.1,8.9,4.2,4.7,3.0,4.4,8.4,9.4,..,..
,East,4.2,4.9,3.2,4.2,4.6,7.6,3.3,4.3,1.7,3.4,6.9,8.8,..,..
,London,5.0,5.0,5.0,5.0,10.0,10.0,5.0,5.0,4.8,5.0,10.0,10.0,..,..
,South East,4.4,5.0,3.3,4.5,4.9,8.1,3.7,4.6,2.3,4.1,7.7,9.4,..,..
,South West,4.0,4.9,2.7,3.7,4.1,6.4,3.1,4.1,2.2,3.7,6.9,8.7,..,..
2008,North East,4.7,4.9,4.0,4.8,5.0,8.8,4.1,4.7,3.0,4.6,8.2,9.6,..,..
,North West,4.8,5.0,4.2,4.8,5.8,8.9,4.4,4.8,3.0,4.6,8.8,9.7,..,..
,Yorkshire and the Humber,4.6,4.9,3.7,4.5,5.6,8.5,4.0,4.6,2.7,4.2,7.9,9.3,..,..
,East Midlands,4.3,4.9,3.2,4.3,5.4,8.5,3.4,4.3,2.2,3.9,7.1,9.0,..,..
,West Midlands,4.6,4.9,4.1,4.7,7.1,8.9,4.2,4.7,3.0,4.4,8.4,9.4,..,..
,East,4.2,4.9,3.1,4.2,4.6,7.5,3.3,4.3,1.7,3.4,6.9,8.8,..,..
,London,5.0,5.0,5.0,5.0,10.0,10.0,5.0,5.0,4.8,5.0,10.0,10.0,..,..
,South East,4.4,5.0,3.3,4.5,4.8,8.1,3.7,4.6,2.3,4.1,7.7,9.4,..,..
,South West,4.0,4.9,2.7,3.7,4.0,6.4,3.1,4.1,2.2,3.7,7.0,8.8,..,..
2009,North East,4.7,4.9,4.0,4.8,5.2,8.8,4.4,4.8,2.9,4.5,8.2,9.6,1.1,3.3
,North West,4.8,5.0,4.1,4.8,5.8,8.9,4.5,4.9,2.6,4.4,8.7,9.7,1.6,4.6
,Yorkshire and the Humber,4.6,4.9,3.7,4.5,5.6,8.4,4.2,4.7,2.3,3.7,7.9,9.3,1.1,3.1
,East Midlands,4.3,4.9,3.2,4.3,5.5,8.5,3.6,4.6,1.7,3.5,7.1,9.0,0.9,2.4
,West Midlands,4.6,4.9,4.1,4.7,7.1,8.9,4.3,4.7,2.8,4.1,8.5,9.4,1.6,4.7
,East,4.2,4.9,3.1,4.2,4.6,7.4,3.5,4.5,1.4,2.8,6.8,8.8,0.9,2.1
,London,5.0,5.0,5.0,5.0,10.0,10.0,5.0,5.0,4.6,5.0,10.0,10.0,5.8,9.7
,South East,4.4,5.0,3.3,4.5,4.8,7.9,3.9,4.8,1.8,3.4,7.6,9.4,1.2,2.9
,South West,4.0,4.9,2.7,3.7,4.1,6.3,3.3,4.3,1.9,3.2,6.8,8.7,1.1,2.5
2010,North East,4.7,4.9,4.0,4.8,5.3,8.8,4.4,4.8,2.5,4.4,8.6,9.6,1.2,3.3
,North West,4.8,5.0,4.1,4.8,6.0,9.0,4.5,4.9,2.2,4.2,8.9,9.7,1.7,4.7
,Yorkshire and the Humber,4.6,4.9,3.7,4.5,5.8,8.5,4.3,4.7,2.1,3.6,8.3,9.4,1.1,3.2
,East Midlands,4.4,4.9,3.2,4.3,5.5,8.6,3.8,4.6,1.5,3.4,7.4,9.1,1.0,2.5
,West Midlands,4.6,4.9,4.1,4.7,7.1,9.0,4.4,4.8,2.4,4.0,8.6,9.5,1.6,4.7
,East,4.2,4.9,3.2,4.2,4.6,7.4,3.7,4.6,1.3,2.8,7.1,8.8,1.0,2.2
,London,5.0,5.0,5.0,5.0,10.0,10.0,5.0,5.0,4.4,5.0,10.0,10.0,5.9,9.6
,South East,4.4,5.0,3.3,4.4,4.9,8.1,4.1,4.8,1.6,3.3,7.8,9.4,1.2,2.9
,South West,4.0,4.9,2.7,3.7,4.1,6.5,3.5,4.4,1.7,3.4,7.1,8.7,1.2,2.6
2011,North East,5.0,5.0,3.9,4.8,5.4,8.8,4.7,4.9,2.2,4.0,8.7,9.6,1.2,3.3
,North West,5.0,5.0,4.1,4.8,6.0,9.1,4.8,4.9,2.0,4.1,9.0,9.7,1.7,4.8
,Yorkshire and the Humber,5.0,5.0,3.7,4.5,5.9,8.6,4.6,4.9,2.0,3.5,8.4,9.4,1.2,3.2
,East Midlands,5.0,5.0,3.2,4.3,5.5,8.6,4.3,4.8,1.3,3.1,7.6,9.2,1.0,2.5
,West Midlands,5.0,5.0,4.1,4.7,7.1,9.0,4.6,4.9,2.3,3.9,8.7,9.5,1.6,4.7
,East,5.0,5.0,3.1,4.2,4.7,7.5,4.1,4.8,1.1,2.5,7.2,8.9,1.0,2.2
,London,5.0,5.0,5.0,5.0,10.0,10.0,5.0,5.0,4.2,5.0,10.0,10.0,5.9,9.6
,South East,5.0,5.0,3.2,4.4,4.9,8.1,4.4,4.9,1.3,3.0,7.9,9.4,1.2,2.9
,South West,5.0,5.0,2.7,3.7,4.2,6.5,4.1,4.8,1.7,3.2,7.2,8.9,1.2,2.6
1 The number of services available that can be accessed by users within set time limits up to a given maximum. Please see the key definitions and terms note for further information on methods.,,,,,,,,,,,,,,,
2 The number of employment sites available within lower and upper thresholds by cycling and region is given in table ACS0318.,,,,,,,,,,,,,,,
,,,,,,,,,,,,,,,
Telephone: 020 7944 4139,,,,,,,,,,,,,,,Source: DfT Accessibility Statistics
Email: subnational.stats@dft.gsi.gov.uk,,,,,,,,,,,,,,,Last updated: July 2012
Technical Notes & Guidance: (http://assets.dft.gov.uk/statistics/series/accessibility/accessibility-statistics-guidance.pdf),,,,,,,,,,,,,,,Next update: July 2013
The figures in this table are outside the scope of National Statistics,,,,,,,,,,,,,,,
,,,,,,,,,,,,,,,
,,,,,,,,,,,,,,,
,,,,,,,,,,,,,,,
