Department for Transport statistics,,,,,,,,,,,,,,,
Accessibility Statistics (http://www.dft.gov.uk/statistics/series/accessibility/),,,,,,,,,,,,,,,
Table ACS0307,,,,,,,,,,,,,,,
"Number of sites available within lower1 and upper1 thresholds by key services2, mode of travel, rural and urban areas3, England, 2007 to 2011",,,,,,,,,,,,,,,
,,,,,,,,,,,,,,,Number
,,Key services,,,,,,,,,,,,,
,,Primary school,,Secondary school,,Further Education,,GP,,Hospital,,Food store,,Town Centres,
Year,Mode,Urban3,Rural3,Urban3,Rural3,Urban3,Rural3,Urban3,Rural3,Urban3,Rural3,Urban3,Rural3,Urban3,Rural3
Number of opportunities within lower threshold,,,,,,,,,,,,,,,
2007,Public Transport / Walking,4.3,2.7,2.6,1.0,4.3,1.4,3.6,1.2,2.0,0.7,6.9,2.8,..,..
,Cycle,5.0,2.8,4.4,1.2,7.0,2.0,4.6,1.3,3.3,0.9,9.3,2.8,..,..
,Car,5.0,5.0,5.0,4.9,9.9,9.6,5.0,4.9,5.0,4.9,10.0,9.8,..,..
2008,Public Transport / Walking,4.2,2.6,2.6,0.9,4.2,1.4,3.6,1.2,2.0,0.7,6.7,2.7,..,..
,Cycle,5.0,2.8,4.3,1.2,6.9,2.0,4.6,1.3,3.3,0.9,9.3,2.9,..,..
,Car,5.0,5.0,5.0,4.9,9.9,9.6,5.0,4.9,5.0,4.9,10.0,9.8,..,..
2009,Public Transport / Walking,4.3,2.7,2.7,0.9,4.5,1.4,3.9,1.7,1.7,0.6,6.9,2.8,9.8,7.3
,Cycle,5.0,2.8,4.3,1.2,7.0,2.0,4.7,1.7,2.9,0.7,9.3,2.7,9.9,7.0
,Car,5.0,5.0,5.0,4.9,9.9,9.6,5.0,5.0,5.0,4.8,10.0,9.8,10.0,10.0
2010,Public Transport / Walking,4.2,2.6,2.5,0.9,4.4,1.3,3.9,1.8,1.4,0.5,7.2,3.0,1.0,0.3
,Cycle,5.0,2.8,4.3,1.2,7.1,2.0,4.8,1.9,2.6,0.6,9.5,3.1,2.4,0.3
,Car,5.0,5.0,5.0,4.9,9.9,9.6,5.0,5.0,4.9,4.7,10.0,9.8,8.3,4.5
,Car (new method)4,5.0,5.0,5.0,4.6,9.8,9.0,5.0,4.8,4.8,4.2,10.0,9.5,5.5,2.2
2011,Public Transport / Walking,4.1,2.4,2.5,0.8,4.4,1.3,3.6,1.4,1.2,0.4,7.2,2.9,1.0,0.3
,Cycle,5.0,5.0,4.3,1.2,7.1,2.0,5.0,2.6,2.4,0.6,9.6,3.2,2.4,0.3
,Car (new method)4,5.0,5.0,5.0,4.6,9.8,9.0,5.0,4.7,4.7,3.9,10.0,9.4,5.4,2.1
Number of opportunities within upper threshold,,,,,,,,,,,,,,,
2007,Public Transport / Walking,5.0,4.5,4.6,2.8,8.4,5.1,4.8,3.4,4.2,2.6,9.7,7.2,..,..
,Cycle,5.0,4.7,4.8,3.3,9.0,6.0,4.9,3.3,4.5,3.0,9.9,7.1,..,..
,Car,5.0,5.0,5.0,5.0,10.0,10.0,5.0,5.0,5.0,5.0,10.0,10.0,..,..
2008,Public Transport / Walking,5.0,4.5,4.6,2.8,8.4,5.0,4.8,3.4,4.1,2.5,9.7,7.2,..,..
,Cycle,5.0,4.7,4.8,3.3,9.0,6.0,4.9,3.3,4.5,3.0,9.9,7.1,..,..
,Car,5.0,5.0,5.0,5.0,10.0,10.0,5.0,5.0,5.0,5.0,10.0,10.0,..,..
2009,Public Transport / Walking,5.0,4.5,4.6,2.8,8.4,5.0,4.9,3.9,3.9,2.2,9.8,7.3,1.0,0.3
,Cycle,5.0,4.7,4.8,3.3,9.0,5.8,4.9,3.8,4.2,2.4,9.9,7.0,2.3,0.2
,Car,5.0,5.0,5.0,5.0,10.0,10.0,5.0,5.0,5.0,5.0,10.0,10.0,8.2,4.5
2010,Public Transport / Walking,5.0,4.4,4.5,2.6,8.4,4.7,4.9,3.8,3.4,1.7,9.8,7.2,3.0,1.0
,Cycle,5.0,4.7,4.8,3.3,9.1,6.0,5.0,3.9,4.1,2.4,9.9,7.2,5.0,1.1
,Car,5.0,5.0,5.0,5.0,10.0,10.0,5.0,5.0,5.0,5.0,10.0,10.0,9.8,9.1
,Car (new method)4,5.0,5.0,5.0,5.0,10.0,9.9,5.0,5.0,5.0,5.0,10.0,10.0,9.5,8.0
2011,Public Transport / Walking,5.0,4.3,4.5,2.5,8.3,4.7,4.8,3.5,3.2,1.5,9.8,7.1,3.0,0.9
,Cycle,5.0,5.0,4.8,3.3,9.1,6.1,5.0,4.3,4.0,2.2,9.9,7.3,5.0,1.1
,Car (new method)4,5.0,5.0,5.0,5.0,10.0,9.9,5.0,5.0,5.0,4.9,10.0,10.0,9.4,7.7
1 The number of services available that can be accessed by users within set time limits up to a given maximum. Please see the key definitions and terms note for further information on methods.,,,,,,,,,,,,,,,
2 The number of employment sites available within lower and upper thresholds by rural and urban areas is given in table ACS0308.,,,,,,,,,,,,,,,
"3 Defra's Rural Definition and Local Authority Classification has been used. For further information, see http://www.defra.gov.uk/evidence/statistics/rural/rural-defintion.htm ",,,,,,,,,,,,,,,
"4 A new method has been adopted in 2010 using Trafficmaster congestion data to calculate travel times for the car mode, as opposed to using default speeds. Please see the guidance note for further information.",,,,,,,,,,,,,,,
,,,,,,,,,,,,,,,
Telephone: 020 7944 4139,,,,,,,,,,,,,,,Source: DfT Accessibility Statistics
Email: subnational.stats@dft.gsi.gov.uk,,,,,,,,,,,,,,,Last updated: July 2012
Technical Notes & Guidance: (http://assets.dft.gov.uk/statistics/series/accessibility/accessibility-statistics-guidance.pdf),,,,,,,,,,,,,,,Next update: July 2013
The figures in this table are outside the scope of National Statistics,,,,,,,,,,,,,,,
,,,,,,,,,,,,,,,
,,,,,,,,,,,,,,,
,,,,,,,,,,,,,,,
