Department for Transport statistics,,,,,,,
Accessibility Statistics (http://www.dft.gov.uk/statistics/series/accessibility/),,,,,,,
Table ACS0306,,,,,,,
"Number of Employment sites available within a reasonable time1 by size of employment centre, mode of travel, rural and urban areas2, England, 2007 to 2011",,,,,,,
,,,,,,,Number
,,Number of employment sites accessible with...3,,,,,
,,At least 100 jobs,,At least 500 jobs,,At least 5000 jobs,
Year,Mode,Urban3,Rural3,Urban3,Rural3,Urban3,Rural3
2007,Public Transport / Walking,7.4,5.8,6.8,4.8,2.7,1.4
,Cycle,5.4,2.0,4.6,1.4,0.8,0.1
,Car,9.0,8.7,8.9,8.4,7.6,6.0
2008,Public Transport / Walking,7.4,5.8,7.0,5.3,3.3,1.7
,Cycle,5.4,2.1,4.7,1.5,1.0,0.1
,Car,9.0,8.7,8.9,8.5,7.6,6.0
2009,Public Transport / Walking,7.4,5.8,7.0,5.3,3.3,1.7
,Cycle,5.3,2.0,4.5,1.5,1.0,0.1
,Car,9.0,8.7,8.9,8.5,7.6,6.0
2010,Public Transport / Walking,7.4,5.7,6.9,5.2,3.3,1.6
,Cycle,5.5,2.2,4.7,1.6,1.1,0.1
,Car,9.0,8.7,8.9,8.5,7.7,6.1
,Car (new method)4,8.9,8.4,8.8,8.1,6.6,5.3
2011,Public Transport / Walking,7.4,5.6,6.8,5.0,3.3,1.6
,Cycle,5.5,2.2,4.6,1.6,1.1,0.1
,Car (new method)4,8.8,8.1,6.6,5.2,6.6,5.2
1 The number of services available that can be accessed by users within set time limits up to a given maximum. Please see the key definitions and terms note for further information on methods.,,,,,,,
"2 Defra's Rural Definition and Local Authority Classification has been used. For further information, see http://www.defra.gov.uk/evidence/statistics/rural/rural-defintion.htm ",,,,,,,
3 Up to a maximum of 10 employment sites.,,,,,,,
"4 A new method has been adopted in 2010 using Trafficmaster congestion data to calculate travel times for the car mode, as opposed to using default speeds. Please see the guidance note for further information.",,,,,,,
,,,,,,,
Telephone: 020 7944 4139,,,,,,,Source: DfT Accessibility Statistics
Email: subnational.stats@dft.gsi.gov.uk,,,,,,,Last updated: July 2012
Technical Notes & Guidance: (http://assets.dft.gov.uk/statistics/series/accessibility/accessibility-statistics-guidance.pdf),,,,,,,Next update: July 2013
The figures in this table are outside the scope of National Statistics,,,,,,
,,,,,,
,,,,,,
,,,,,,
