Department for Transport statistics,,,,,,,,,,,
Accessibility Statistics (http://www.dft.gov.uk/statistics/series/accessibility/),,,,,,,,,,,
Table ACS0105,,,,,,,,,,,
"Average minimum travel time to reach the nearest key services by cycling, region, England, 2007 to 2011",,,,,,,,,,,
,,,,,,,,,,Minutes,
,,Key services,,,,,,,,Average (of 7 key services)1,
Year,Region,Employment,Primary school,Secondary school,Further Education,GP,Hospital,Food store,Town Centres,,
2007,North East,7,5,8,12,7,14,6,..,8,
,North West,6,5,7,10,6,14,6,..,8,
,Yorkshire and the Humber,7,5,9,11,7,18,6,..,9,
,East Midlands,8,6,9,12,8,19,7,..,10,
,West Midlands,7,5,8,10,7,15,6,..,8,
,East,8,6,10,13,8,24,7,..,11,
,London,5,5,5,6,5,8,5,..,6,
,South East,7,6,9,13,7,15,6,..,9,
,South West,9,6,11,16,8,17,7,..,11,
2008,North East,7,5,7,12,7,14,6,..,8
,North West,6,5,7,10,6,14,6,..,8
,Yorkshire and the Humber,7,5,8,11,7,18,6,..,9
,East Midlands,7,6,9,12,8,19,7,..,9
,West Midlands,7,5,7,10,7,15,6,..,8
,East,7,6,9,14,8,24,7,..,11
,London,5,5,4,6,5,8,5,..,5
,South East,6,6,9,13,7,15,6,..,9
,South West,8,6,11,16,8,17,7,..,11
2009,North East,7,5,8,13,6,17,6,17,9
,North West,6,5,8,11,6,17,6,11,8
,Yorkshire and the Humber,7,5,9,14,6,26,6,16,11
,East Midlands,7,6,10,13,7,29,7,21,11
,West Midlands,7,5,8,10,6,21,6,14,9
,East,8,6,10,17,7,34,7,23,13
,London,5,5,5,6,5,9,5,6,6
,South East,7,6,9,14,6,30,6,14,11
,South West,8,6,12,19,8,28,7,21,13
2010,North East,7,5,7,11,6,16,6,14,8
,North West,6,5,7,10,6,18,6,10,8
,Yorkshire and the Humber,7,5,8,11,6,21,6,14,9
,East Midlands,7,5,9,11,6,23,6,15,10
,West Midlands,6,5,7,9,6,18,6,11,8
,East,8,5,9,13,6,31,7,15,11
,London,5,5,5,5,5,9,5,6,6
,South East,6,5,9,12,6,21,6,12,9
,South West,8,6,10,15,7,20,7,15,10
2011,North East,7,5,8,11,6,17,6,14,9
,North West,6,5,7,10,6,18,6,10,8
,Yorkshire and the Humber,7,5,8,10,6,22,6,14,9
,East Midlands,7,5,9,11,6,26,6,15,10
,West Midlands,7,5,7,9,6,20,6,11,9
,East,8,5,9,13,7,35,7,15,12
,London,5,5,5,5,5,10,5,6,6
,South East,6,5,9,12,6,23,6,12,10
,South West,8,5,10,15,7,21,7,14,11
"1 An average of the mimumum travel times to Employment centres, Primary schools, Secondary schools, Further Education, GPs, Hospitals and Food stores.",,,,,,,,,,
,,,,,,,,,,
Telephone: 020 7944 4139,,,,,,,,,,Source: DfT Accessibility Statistics
Email: subnational.stats@dft.gsi.gov.uk,,,,,,,,,,Last updated: July 2012
Technical Notes & Guidance: (http://assets.dft.gov.uk/statistics/series/accessibility/accessibility-statistics-guidance.pdf),,,,,,,,,,Next update: July 2013
The figures in this table are outside the scope of National Statistics,,,,,,,,,,
,,,,,,,,,,
,,,,,,,,,,
,,,,,,,,,,
,,,,,,,,,,
,,,,,,,,,,
,,,,,,,,,,
,,,,,,,,,
,,,,,,,,,
,,,,,,,,,
,,,,,,,,,
,,,,,,,,,
,,,,,,,,,
,,,,,,,,,
,,,,,,,,,
