Department for Transport statistics,,,,,,,,
Accessibility Statistics (http://www2.dft.gov.uk/pgr/statistics/datatablespublications/accessibility/index.html),,,,,,,,
Table ACS0301,,,,,,,,
"Number of sites available within a reasonable time1 by key services, mode of travel, England, 2007 to 2011",,,,,,,,
,,,,,,,,Number
,,Key services,,,,,,
Year,Mode,Primary school,Secondary school,Further Education,GP,Hospital,Food store,Town Centres
2007,Public Transport / Walking,1.4,1.6,3.3,2.3,0.9,3.2,..
,Cycle,2.5,1.6,1.9,2.3,0.9,4.5,..
,Car,2.9,3.6,7.7,3.7,3.3,6.1,..
2008,Public Transport / Walking,1.5,1.6,3.3,2.3,0.9,3.4,..
,Cycle,2.5,1.7,1.8,2.3,0.9,4.5,..
,Car,2.9,3.6,7.7,3.7,3.2,6.1,..
2009,Public Transport / Walking,1.5,1.6,3.4,2.5,0.8,3.4,0.8
,Cycle,2.5,1.6,1.9,2.3,0.7,4.4,1.2
,Car,2.9,3.6,7.7,3.7,3.1,6.1,4.2
2010,Public Transport / Walking,1.5,1.6,3.3,2.5,0.7,3.6,0.8
,Cycle,2.6,1.7,2.0,2.5,0.7,4.8,1.3
,Car,2.9,3.6,7.8,3.8,3.0,6.1,4.3
,Car (new method)3,2.9,3.3,6.9,3.7,2.3,5.9,2.7
2011,Public Transport / Walking,1.5,1.5,3.3,2.3,0.6,3.6,0.8
,Cycle,3.0,1.7,2.0,2.7,0.6,4.9,1.3
,Car (new method)3,2.9,3.3,7.0,3.7,2.2,5.9,2.8
1 The number of services available that can be accessed by users within a reasonable time up to a given maximum. Please see the key definitions and terms note ,,,,,,,,
   for further information on methods.,,,,,,,,
2 The number of employment sites available within a reasonable time is given in table ACS0302.,,,,,,,,
"3 A new method has been adopted in 2010 using Trafficmaster congestion data to calculate travel times for the car mode, as opposed to using default speeds. ",,,,,,,,
  Please see the guidance note for further information.,,,,,,,,
,,,,,,,,
Telephone: 020 7944 4139,,,,,,,,Source: DfT Accessibility Statistics
Email: subnational.stats@dft.gsi.gov.uk,,,,,,,,Last updated: July 2012
Technical Notes & Guidance: (http://www2.dft.gov.uk/pgr/statistics/datatablespublications/accessibility/index.html),,,,,,,,Next update: July 2013
The figures in this table are outside the scope of National Statistics,,,,,
,,,,,
,,,,,
