Department for Transport statistics,,,,,,,,,,,,,,,
Accessibility Statistics (http://www.dft.gov.uk/statistics/series/accessibility/),,,,,,,,,,,,,,,
Table ACS0305,,,,,,,,,,,,,,,
"Number of sites available within a reasonable time1 by key services2, mode of travel, rural and urban areas3, England, 2007 to 2011",,,,,,,,,,,,,,,
,,,,,,,,,,,,,,,Number
,,Key services,,,,,,,,,,,,,
,,Primary school,,Secondary school,,Further Education,,GP,,Hospital,,Food store,,Town Centres,
Year,Mode,Urban3,Rural3,Urban3,Rural3,Urban3,Rural3,Urban3,Rural3,Urban3,Rural3,Urban3,Rural3,Urban3,Rural3
2007,Public Transport / Walking,1.6,1.1,1.7,0.9,3.6,2.0,2.6,1.5,1.0,0.4,3.7,2.1,..,..
,Cycle,2.8,1.5,1.8,0.5,2.2,0.5,2.6,0.9,1.0,0.2,5.1,1.9,..,..
,Car,2.9,2.9,3.7,3.2,8.0,6.7,3.8,3.5,3.4,2.6,6.2,5.6,..,..
2008,Public Transport / Walking,1.6,1.1,1.7,0.9,3.6,2.0,2.5,1.5,1.0,0.4,3.6,2.1,..,..
,Cycle,2.8,1.5,1.9,0.5,2.2,0.5,2.6,0.9,1.0,0.2,5.1,1.9,..,..
,Car,2.9,2.8,3.7,3.2,7.9,6.6,3.8,3.5,3.4,2.5,6.2,5.5,..,..
2009,Public Transport / Walking,1.6,1.2,1.8,0.9,3.7,2.0,2.7,1.8,0.9,0.4,3.7,2.2,1.0,0.3
,Cycle,2.8,1.5,1.8,0.5,2.2,0.4,2.6,1.1,0.8,0.2,5.0,1.9,1.4,0.3
,Car,2.9,2.8,3.7,3.2,8.0,6.6,3.8,3.6,3.3,2.4,6.2,5.5,4.6,2.6
2010,Public Transport / Walking,1.6,1.1,1.7,0.9,3.7,1.9,2.6,1.8,0.8,0.3,3.9,2.2,0.9,0.3
,Cycle,2.9,1.6,1.9,0.5,2.4,0.5,2.8,1.2,0.8,0.2,5.5,2.1,1.5,0.3
,Car,2.9,2.9,3.7,3.2,8.0,6.7,3.8,3.6,3.2,2.4,6.2,5.7,4.7,2.7
,Car (new method)4,2.9,2.7,3.5,2.7,7.2,5.9,3.8,3.4,2.4,1.8,6.1,4.8,3.0,1.7
2011,Public Transport / Walking,1.6,1.1,1.7,0.8,3.7,1.9,2.5,1.6,0.7,0.3,3.9,2.2,0.9,0.3
,Cycle,3.0,2.8,1.9,0.5,2.4,0.5,3.0,1.6,0.7,0.1,5.5,2.2,1.5,0.3
,Car (new method)4,2.9,2.7,3.5,2.7,7.2,5.9,3.7,3.3,2.3,1.7,6.2,5.0,3.0,1.7
1 The number of services available that can be accessed by users within a reasonable time up to a given maximum. Please see the key definitions and terms note for further information on methods.,,,,,,,,,,,,,,,
2 The number of employment sites available within a reasonable time by rural and urban areas is given in table ACS0306.,,,,,,,,,,,,,,,
"3 Defra's Rural Definition and Local Authority Classification has been used. For further information, see http://www.defra.gov.uk/evidence/statistics/rural/rural-defintion.htm ",,,,,,,,,,,,,,,
"4 A new method has been adopted in 2010 using Trafficmaster congestion data to calculate travel times for the car mode, as opposed to using default speeds. Please see the guidance note for further information.",,,,,,,,,,,,,,,
,,,,,,,,,,,,,,,
Telephone: 020 7944 4139,,,,,,,,,,,,,,,Source: DfT Accessibility Statistics
Email: subnational.stats@dft.gsi.gov.uk,,,,,,,,,,,,,,,Last updated: July 2012
Technical Notes & Guidance: (http://assets.dft.gov.uk/statistics/series/accessibility/accessibility-statistics-guidance.pdf),,,,,,,,,,,,,,,Next update: July 2013
The figures in this table are outside the scope of National Statistics,,,,,,,,,
,,,,,,,,,
,,,,,,,,,
,,,,,,,,,
