,Department for Transport statistics,,,,,,,,,,,,,,,,,,,
,Accessibility Statistics (http://www.dft.gov.uk/statistics/series/accessibility/),,,,,,,,,,,,,,,,,,,
,Table ACS0107,,,,,,,,,,,,,,,,,,,
,"Average minimum travel time to reach the nearest key services by mode of travel, local authority, England, 2007 to 2011",,,,,,,,,,,,,,,,,,,
,,,,,,,,,,,,,,,,,,,,Minutes
LA Code (old),,LA Code,Local authority,,Average of 7 key services1,,,,,,,,,,,,,,,
,,,,,Public transport / Walking,,,,,Cycle,,,,,Car,,,,,Car (new method)2
,Region,,,,2007,2008,2009,2010,2011,2007,2008,2009,2010,2011,2007,2008,2009,2010,2010,2011
00FK,East Midlands,E06000015,Derby,,13,13,11,11,12,7,7,7,6,6,5,5,5,5,5,5
00FN,East Midlands,E06000016,Leicester,,12,12,11,12,12,6,6,7,7,6,5,5,5,5,5,5
00FY,East Midlands,E06000018,Nottingham,,12,12,11,11,11,6,6,7,6,6,5,5,5,5,5,5
00FP,East Midlands,E06000017,Rutland,,30,28,20,21,21,23,23,22,17,18,6,6,6,6,7,7
17,East Midlands,E10000007,Derbyshire,,15,15,14,15,15,10,10,10,10,10,5,5,5,5,6,6
17UB,East Midlands,E07000032,,Amber Valley,13,13,12,12,12,8,8,8,7,7,5,5,5,5,5,5
17UC,East Midlands,E07000033,,Bolsover,14,14,13,13,14,10,10,10,9,9,5,5,5,5,5,6
17UD,East Midlands,E07000034,,Chesterfield,12,12,11,11,11,7,7,7,7,7,5,5,5,5,5,5
17UF,East Midlands,E07000035,,Derbyshire Dales,18,17,15,15,17,15,14,16,14,17,6,6,6,6,7,7
17UG,East Midlands,E07000036,,Erewash,18,18,17,18,18,9,9,10,10,9,5,5,5,5,6,6
17UH,East Midlands,E07000037,,High Peak,15,15,16,17,17,10,10,12,11,11,5,5,6,5,7,8
17UJ,East Midlands,E07000038,,North East Derbyshire,15,16,14,14,15,10,10,10,10,10,5,5,5,5,6,6
17UK,East Midlands,E07000039,,South Derbyshire,19,19,18,19,18,12,12,12,11,11,5,5,5,5,6,6
31,East Midlands,E10000018,Leicestershire,,17,17,15,16,16,10,10,10,9,9,5,5,5,5,6,6
31UB,East Midlands,E07000129,,Blaby,17,18,17,17,19,10,10,11,11,11,5,5,5,5,6,9
31UC,East Midlands,E07000130,,Charnwood,15,15,14,14,14,8,8,8,8,8,5,5,5,5,5,5
31UD,East Midlands,E07000131,,Harborough,24,24,19,21,20,12,12,12,12,12,5,5,5,5,6,7
31UE,East Midlands,E07000132,,Hinckley and Bosworth,16,16,13,14,14,9,9,9,8,8,5,5,5,5,5,5
31UG,East Midlands,E07000133,,Melton,17,17,15,16,17,14,13,15,12,12,6,6,6,6,6,6
31UH,East Midlands,E07000134,,North West Leicestershire,16,15,14,15,17,11,10,10,9,9,5,5,5,5,6,6
31UJ,East Midlands,E07000135,,Oadby and Wigston,15,15,13,15,15,7,6,7,7,7,5,5,5,5,6,6
32,East Midlands,E10000019,Lincolnshire,,17,16,15,18,20,20,20,22,16,19,6,6,6,6,7,7
32UB,East Midlands,E07000136,,Boston,16,16,15,15,16,11,10,22,10,10,5,5,5,5,6,6
32UC,East Midlands,E07000137,,East Lindsey,18,17,16,19,23,37,36,29,20,27,6,7,6,6,7,9
32UD,East Midlands,E07000138,,Lincoln,13,13,12,13,13,6,7,6,6,6,5,5,5,5,6,6
32UE,East Midlands,E07000139,,North Kesteven,18,16,15,20,20,15,15,20,20,20,6,6,6,6,7,8
32UF,East Midlands,E07000140,,South Holland,17,16,18,23,24,14,14,27,25,27,6,6,6,7,9,9
32UG,East Midlands,E07000141,,South Kesteven,20,18,14,17,17,17,16,21,13,13,6,6,6,6,6,6
32UH,East Midlands,E07000142,,West Lindsey,17,17,16,20,24,29,28,26,18,23,6,6,6,6,7,8
34,East Midlands,E10000021,Northamptonshire,,22,17,14,15,18,9,9,10,9,9,5,5,5,5,6,6
34UB,East Midlands,E07000150,,Corby,13,15,12,11,13,7,7,7,6,7,5,5,5,5,5,5
34UC,East Midlands,E07000151,,Daventry,23,22,17,17,30,14,14,15,14,13,6,6,6,6,6,6
34UD,East Midlands,E07000152,,East Northamptonshire,54,25,17,17,21,12,12,13,12,12,5,6,6,5,6,6
34UE,East Midlands,E07000153,,Kettering,14,14,12,12,14,7,7,8,7,7,5,5,5,5,5,5
34UF,East Midlands,E07000154,,Northampton,14,12,11,12,12,6,6,6,6,6,5,5,5,5,5,5
34UG,East Midlands,E07000155,,South Northamptonshire,29,28,20,26,28,14,14,15,13,14,5,6,6,6,6,7
34UH,East Midlands,E07000156,,Wellingborough,17,13,12,11,13,8,8,8,7,7,5,5,5,5,7,6
37,East Midlands,E10000024,Nottinghamshire,,15,15,13,14,15,9,9,10,8,9,5,5,5,5,6,6
37UB,East Midlands,E07000170,,Ashfield,13,13,12,12,13,7,7,7,7,7,5,5,5,5,5,5
37UC,East Midlands,E07000171,,Bassetlaw,16,15,15,14,14,11,11,12,10,10,5,5,5,5,6,6
37UD,East Midlands,E07000172,,Broxtowe,17,17,17,17,17,7,7,8,8,7,5,5,5,5,5,6
37UE,East Midlands,E07000173,,Gedling,13,13,12,12,12,7,7,7,7,7,5,5,5,5,5,5
37UF,East Midlands,E07000174,,Mansfield,13,13,12,12,15,7,7,7,6,7,5,5,5,5,5,5
37UG,East Midlands,E07000175,,Newark and Sherwood,15,15,13,15,16,12,12,17,11,11,5,6,6,5,6,6
37UJ,East Midlands,E07000176,,Rushcliffe,16,15,14,13,14,11,11,11,10,10,5,5,5,5,6,6
00KB,East of England,E06000055,Bedford ,,16,13,11,11,12,8,8,8,8,8,5,5,5,5,5,6
00KC,East of England,E06000056,Central Bedfordshire ,,19,18,16,16,17,13,13,12,11,11,6,6,5,5,6,6
00KA,East of England,E06000032,Luton,,13,13,12,12,12,6,6,7,7,7,5,5,5,5,6,6
00JA,East of England,E06000031,Peterborough,,14,14,12,12,13,8,8,8,7,8,5,5,5,5,5,5
00KF,East of England,E06000033,Southend-On-Sea,,12,12,10,10,10,6,6,6,6,6,5,5,5,5,5,6
00KG,East of England,E06000034,Thurrock,,14,15,13,13,13,9,9,8,8,7,5,5,5,5,5,5
12,East of England,E10000003,Cambridgeshire,,23,23,18,21,22,12,14,16,13,15,5,6,6,6,6,7
12UB,East of England,E07000008,,Cambridge,12,12,10,11,11,7,7,7,6,6,5,5,5,5,6,6
12UC,East of England,E07000009,,East Cambridgeshire,41,39,25,27,26,15,16,26,17,16,6,6,6,6,7,7
12UD,East of England,E07000010,,Fenland,17,22,19,18,24,12,25,27,11,23,5,6,6,5,6,8
12UE,East of England,E07000011,,Huntingdonshire,22,22,18,22,23,13,13,13,16,17,5,6,6,6,7,7
12UG,East of England,E07000012,,South Cambridgeshire,25,24,22,26,26,15,15,15,15,15,6,6,6,6,7,7
22,East of England,E10000012,Essex,,17,18,16,17,17,11,11,12,11,12,5,5,5,6,6,6
22UB,East of England,E07000066,,Basildon,15,16,15,18,19,8,8,9,12,11,5,5,5,6,6,6
22UC,East of England,E07000067,,Braintree,24,25,19,19,19,12,13,13,12,12,5,6,6,5,6,6
22UD,East of England,E07000068,,Brentwood,13,13,12,12,12,8,8,8,8,8,5,5,5,5,5,5
22UE,East of England,E07000069,,Castle Point,18,19,19,19,19,11,11,11,11,11,5,6,6,5,7,7
22UF,East of England,E07000070,,Chelmsford,14,14,12,12,13,9,8,9,8,9,5,5,5,5,5,6
22UG,East of England,E07000071,,Colchester,19,20,17,17,17,10,10,10,10,9,5,5,5,5,6,6
22UH,East of England,E07000072,,Epping Forest,19,20,15,15,16,10,10,10,9,9,5,5,5,5,6,6
22UJ,East of England,E07000073,,Harlow,12,12,11,11,12,6,6,7,6,6,5,5,5,5,5,5
22UK,East of England,E07000074,,Maldon,19,19,18,17,17,27,28,20,16,16,6,6,6,6,7,7
22UL,East of England,E07000075,,Rochford,17,17,20,16,16,11,12,10,10,10,5,5,5,5,6,6
22UN,East of England,E07000076,,Tendring,15,15,19,25,25,10,10,22,22,22,5,6,7,7,8,8
22UQ,East of England,E07000077,,Uttlesford,23,21,17,18,20,15,14,18,14,19,6,6,6,6,6,7
26,East of England,E10000015,Hertfordshire,,14,14,12,13,13,8,8,8,7,7,5,5,5,5,5,5
26UB,East of England,E07000095,,Broxbourne,17,17,11,11,12,9,9,7,7,7,5,5,5,5,5,5
26UC,East of England,E07000096,,Dacorum,14,14,13,13,14,8,8,8,8,8,5,5,5,5,5,6
26UD,East of England,E07000097,,East Hertfordshire,16,17,14,14,14,9,9,9,9,9,5,5,5,5,5,6
26UE,East of England,E07000098,,Hertsmere,13,13,12,12,13,8,7,7,7,7,5,5,5,5,5,6
26UF,East of England,E07000099,,North Hertfordshire,15,15,13,14,14,8,9,9,8,8,5,5,5,5,5,5
26UG,East of England,E07000100,,St Albans,13,13,12,12,12,7,7,7,7,7,5,5,5,5,5,5
26UH,East of England,E07000101,,Stevenage,12,13,11,12,12,6,7,7,6,7,5,5,5,5,5,5
26UJ,East of England,E07000102,,Three Rivers,14,14,14,15,15,8,8,8,8,8,5,5,5,5,6,6
26UK,East of England,E07000103,,Watford,12,13,12,12,11,6,6,6,6,6,5,5,5,5,5,5
26UL,East of England,E07000104,,Welwyn Hatfield,13,13,12,12,12,8,8,8,7,7,5,5,5,5,5,5
33,East of England,E10000020,Norfolk,,22,22,18,18,19,22,21,20,16,16,6,6,6,6,7,7
33UB,East of England,E07000143,,Breckland,23,25,21,24,25,21,21,27,22,21,6,6,6,7,8,8
33UC,East of England,E07000144,,Broadland,18,19,17,17,18,15,14,14,13,13,6,6,6,6,7,7
33UD,East of England,E07000145,,Great Yarmouth,14,15,13,13,13,9,10,10,9,10,5,5,5,5,8,11
33UE,East of England,E07000146,,Kings Lynn and West Norfolk,30,30,22,21,22,36,37,25,20,20,6,7,7,6,7,7
33UF,East of England,E07000147,,North Norfolk,29,28,22,23,25,54,45,35,23,22,7,7,7,7,8,8
33UG,East of England,E07000148,,Norwich,12,12,11,11,11,6,6,6,6,6,5,5,5,5,5,5
33UH,East of England,E07000149,,South Norfolk,22,22,20,20,21,16,16,19,17,19,6,6,6,6,7,7
42,East of England,E10000029,Suffolk,,18,18,17,18,20,20,20,17,15,16,6,6,6,6,7,7
42UB,East of England,E07000200,,Babergh,25,24,23,20,26,27,26,24,17,23,6,7,7,6,7,8
42UC,East of England,E07000201,,Forest Heath,20,20,19,22,22,25,25,26,25,25,6,6,6,7,8,8
42UD,East of England,E07000202,,Ipswich,11,11,12,14,13,6,6,7,7,7,5,5,5,5,6,6
42UE,East of England,E07000203,,Mid Suffolk,20,20,22,23,24,32,31,25,24,24,6,6,7,7,8,8
42UF,East of England,E07000204,,St Edmundsbury,18,18,17,17,18,31,31,17,16,17,6,6,6,6,7,7
42UG,East of England,E07000205,,Suffolk Coastal,20,20,17,21,23,20,19,17,16,16,6,6,6,6,7,7
42UH,East of England,E07000206,,Waveney,15,15,13,13,15,11,10,11,9,11,5,5,5,5,6,6
00AB,London,E09000002,Barking and Dagenham,,11,11,11,11,11,6,6,7,6,6,5,5,5,5,6,6
00AC,London,E09000003,Barnet,,11,11,10,10,11,5,5,6,6,6,5,5,5,5,5,5
00AD,London,E09000004,Bexley,,11,12,11,11,12,6,6,7,7,7,5,5,5,5,5,5
00AE,London,E09000005,Brent,,11,11,10,10,10,5,5,6,5,6,5,5,5,5,5,5
00AF,London,E09000006,Bromley,,12,12,11,11,11,6,6,7,6,7,5,5,5,5,7,7
00AG,London,E09000007,Camden,,10,10,8,8,8,5,5,5,5,5,5,5,5,5,5,5
00AA,London,E09000001,City of London,,10,10,7,7,8,5,5,5,5,5,5,5,5,5,5,5
00AH,London,E09000008,Croydon,,12,12,11,11,11,6,6,6,6,6,5,5,5,5,5,5
00AJ,London,E09000009,Ealing,,12,12,11,11,11,6,6,6,6,6,5,5,5,5,5,5
00AK,London,E09000010,Enfield,,11,12,10,10,10,6,6,6,6,6,5,5,5,5,5,5
00AL,London,E09000011,Greenwich,,11,11,10,10,10,6,6,6,6,6,5,5,5,5,6,6
00AM,London,E09000012,Hackney,,11,11,8,8,8,5,5,5,5,5,5,5,5,5,6,6
00AN,London,E09000013,Hammersmith and Fulham,,11,11,8,8,8,5,5,5,5,5,5,5,5,5,5,5
00AP,London,E09000014,Haringey,,11,12,10,10,10,5,5,5,5,5,5,5,5,5,5,5
00AQ,London,E09000015,Harrow,,11,12,10,11,11,6,6,6,6,6,5,5,5,5,5,5
00AR,London,E09000016,Havering,,13,13,12,12,13,6,6,7,7,7,5,5,5,5,5,6
00AS,London,E09000017,Hillingdon,,12,13,11,11,11,6,6,7,6,6,5,5,5,5,5,5
00AT,London,E09000018,Hounslow,,13,13,12,12,12,6,6,6,6,6,5,5,5,5,5,6
00AU,London,E09000019,Islington,,11,11,9,10,10,5,5,5,5,5,5,5,5,5,5,5
00AW,London,E09000020,Kensington and Chelsea,,11,11,8,8,8,5,5,5,5,5,5,5,5,5,5,5
00AX,London,E09000021,Kingston upon Thames,,11,11,9,9,10,5,5,6,5,5,5,5,5,5,5,5
00AY,London,E09000022,Lambeth,,11,12,9,9,9,6,6,6,5,6,5,5,5,5,5,6
00AZ,London,E09000023,Lewisham,,12,12,10,10,11,6,6,6,6,6,5,5,5,5,6,5
00BA,London,E09000024,Merton,,12,12,10,10,11,6,6,6,5,6,5,5,5,5,5,6
00BB,London,E09000025,Newham,,12,12,10,10,12,6,6,6,6,7,5,5,5,5,6,6
00BC,London,E09000026,Redbridge,,12,12,10,11,11,6,6,6,6,6,5,5,5,5,5,5
00BD,London,E09000027,Richmond upon Thames,,13,14,12,12,14,6,6,6,6,6,5,5,5,5,5,6
00BE,London,E09000028,Southwark,,12,12,9,9,9,6,6,5,5,5,5,5,5,5,6,5
00BF,London,E09000029,Sutton,,11,12,10,11,11,5,5,6,6,6,5,5,5,5,5,5
00BG,London,E09000030,Tower Hamlets,,11,11,8,9,9,5,5,5,5,6,5,5,5,5,9,10
00BH,London,E09000031,Waltham Forest,,13,13,11,10,10,6,6,6,5,5,5,5,5,5,5,5
00BJ,London,E09000032,Wandsworth,,11,11,9,9,10,5,5,5,5,5,5,5,5,5,5,5
00BK,London,E09000033,Westminster,,11,11,8,8,8,5,5,5,5,5,5,5,5,5,6,6
00EH,North East,E06000005,Darlington,,13,12,11,12,13,7,7,7,7,7,5,5,5,5,5,5
00EJ,North East,E06000047,Durham ,,15,15,13,13,14,11,11,11,10,10,5,5,5,5,6,6
00EB,North East,E06000001,Hartlepool,,13,12,11,11,13,7,7,7,6,6,5,5,5,5,5,5
00EC,North East,E06000002,Middlesbrough,,12,12,11,11,11,7,7,6,6,6,5,5,5,5,5,5
00EM,North East,E06000048,Northumberland ,,16,16,14,15,15,24,21,17,14,14,6,6,6,6,6,7
00EE,North East,E06000003,Redcar and Cleveland,,13,14,12,12,15,9,9,9,8,10,5,5,5,5,5,6
00EF,North East,E06000004,Stockton-on-Tees,,16,16,13,14,15,8,8,8,8,8,5,5,5,5,5,5
2D,North East,E11000004,Tyne and Wear (Met County),,12,12,10,11,11,7,7,7,7,7,5,5,5,5,5,5
00CH,North East,E08000020,,Gateshead,12,12,10,10,11,7,7,7,6,7,5,5,5,5,5,5
00CJ,North East,E08000021,,Newcastle Upon Tyne,11,11,10,10,10,6,6,6,6,6,5,5,5,5,5,5
00CK,North East,E08000022,,North Tyneside,12,12,11,11,11,6,6,6,6,6,5,5,5,5,5,5
00CL,North East,E08000023,,South Tyneside,12,12,11,11,11,7,7,7,6,6,5,5,5,5,5,5
00CM,North East,E08000024,,Sunderland,13,13,11,12,12,8,8,8,8,8,5,5,5,5,5,5
00EX,North West,E06000008,Blackburn with Darwen,,13,13,11,11,12,7,7,7,6,6,5,5,5,5,5,5
00EY,North West,E06000009,Blackpool,,13,13,11,12,12,7,7,7,7,7,5,5,5,5,6,6
00EQ,North West,E06000049,Cheshire East ,,24,24,16,17,16,10,10,10,9,9,5,5,5,5,6,6
00EW,North West,E06000050,Chester West and Chester ,,18,18,15,16,17,9,9,9,9,10,5,5,5,5,6,6
00ET,North West,E06000006,Halton,,13,14,13,13,14,8,8,8,7,7,5,5,5,5,5,5
00EU,North West,E06000007,Warrington,,13,13,12,12,12,7,7,7,7,7,5,5,5,5,5,5
16,North West,E10000006,Cumbria,,29,31,17,20,21,21,21,18,15,15,6,6,6,6,7,7
16UB,North West,E07000026,,Allerdale,23,22,15,17,18,16,14,17,13,13,6,6,6,6,6,6
16UC,North West,E07000027,,Barrow-in-Furness,13,13,11,12,12,7,7,7,7,7,5,5,5,5,5,5
16UD,North West,E07000028,,Carlisle,24,30,15,16,16,12,12,11,10,10,5,5,5,5,6,6
16UE,North West,E07000029,,Copeland,29,39,17,17,20,21,27,21,12,13,6,6,6,6,6,6
16UF,North West,E07000030,,Eden,53,46,28,31,33,45,39,34,23,23,7,7,7,7,8,8
16UG,North West,E07000031,,South Lakeland,37,39,21,27,27,33,31,26,25,25,6,6,6,7,9,9
2A,North West,E11000001,Greater Manchester (Met County),,13,13,12,13,13,7,7,7,7,7,5,5,5,5,6,6
00BL,North West,E08000001,,Bolton,14,14,12,13,13,7,7,7,7,8,5,5,5,5,6,6
00BM,North West,E08000002,,Bury,13,13,12,13,12,8,8,8,8,7,5,5,5,5,6,6
00BN,North West,E08000003,,Manchester,11,12,10,10,10,6,6,6,6,6,5,5,5,5,5,5
00BP,North West,E08000004,,Oldham,13,13,12,12,12,7,7,7,7,7,5,5,5,5,5,5
00BQ,North West,E08000005,,Rochdale,13,13,12,17,15,6,7,7,9,8,5,5,5,5,6,6
00BR,North West,E08000006,,Salford,13,13,11,11,12,6,6,7,7,7,5,5,5,5,5,5
00BS,North West,E08000007,,Stockport,13,13,12,14,14,7,7,7,7,7,5,5,5,5,6,6
00BT,North West,E08000008,,Tameside,14,14,15,16,16,7,7,8,7,7,5,5,5,5,6,6
00BU,North West,E08000009,,Trafford,11,12,10,10,11,6,6,6,6,6,5,5,5,5,5,5
00BW,North West,E08000010,,Wigan,13,13,12,14,14,8,8,8,9,9,5,5,5,5,6,6
30,North West,E10000017,Lancashire,,14,14,13,13,14,9,9,9,9,9,5,5,5,5,6,6
30UD,North West,E07000117,,Burnley,13,14,13,13,14,7,7,7,7,7,5,5,5,5,6,6
30UE,North West,E07000118,,Chorley,15,15,14,15,15,10,10,10,10,10,5,5,5,5,6,6
30UF,North West,E07000119,,Fylde,12,12,11,11,11,8,8,8,7,7,5,5,5,5,5,5
30UG,North West,E07000120,,Hyndburn,13,13,10,14,15,7,7,7,9,9,5,5,5,5,6,6
30UH,North West,E07000121,,Lancaster,12,13,11,11,11,9,9,9,8,8,5,5,5,5,6,6
30UJ,North West,E07000122,,Pendle,14,14,12,12,12,8,8,9,8,8,5,5,5,5,6,6
30UK,North West,E07000123,,Preston,13,14,11,11,11,7,7,7,7,7,5,5,5,5,5,5
30UL,North West,E07000124,,Ribble Valley,22,22,14,15,15,12,12,13,12,12,5,6,5,5,6,6
30UM,North West,E07000125,,Rossendale,14,15,13,14,17,9,9,9,8,12,5,5,5,5,6,8
30UN,North West,E07000126,,South Ribble,16,16,15,15,15,9,9,9,9,9,5,5,5,5,6,6
30UP,North West,E07000127,,West Lancashire,15,16,15,16,15,11,11,11,11,10,5,5,5,5,6,6
30UQ,North West,E07000128,,Wyre,15,14,13,14,15,11,10,10,10,10,5,5,5,5,6,6
2B,North West,E11000002,Merseyside (Met County),,11,12,11,11,11,6,6,7,6,7,5,5,5,5,5,6
00BX,North West,E08000011,,Knowsley,12,13,11,11,12,7,7,7,7,7,5,5,5,5,5,5
00BY,North West,E08000012,,Liverpool,11,11,9,10,10,5,5,6,6,6,5,5,5,5,5,5
00CA,North West,E08000014,,St Helens,12,12,11,11,12,7,7,7,7,7,5,5,5,5,6,7
00BZ,North West,E08000013,,Sefton,13,13,12,12,13,7,7,7,7,7,5,5,5,5,5,5
00CB,North West,E08000015,,Wirral,11,11,11,10,11,6,6,7,6,7,5,5,5,5,5,6
00MA,South East,E06000036,Bracknell Forest,,15,15,13,13,13,7,7,8,7,7,5,5,5,5,5,5
00ML,South East,E06000043,Brighton and Hove,,11,12,10,11,11,6,6,7,6,6,5,5,5,5,5,5
00MW,South East,E06000046,Isle of Wight,,16,17,16,19,19,14,15,13,13,14,6,6,6,6,7,7
00LC,South East,E06000035,Medway,,12,13,11,12,13,8,8,7,7,7,5,5,5,5,6,6
00MG,South East,E06000042,Milton Keynes,,14,14,13,13,13,9,9,21,8,8,5,5,5,5,6,5
00MR,South East,E06000044,Portsmouth,,12,12,10,10,10,6,6,6,6,6,5,5,5,5,5,5
00MC,South East,E06000038,Reading,,12,12,11,11,11,6,6,6,6,6,5,5,5,5,5,5
00MD,South East,E06000039,Slough,,12,12,10,10,10,6,6,6,6,6,5,5,5,5,5,5
00MS,South East,E06000045,Southampton,,12,12,11,11,11,6,6,6,6,6,5,5,5,5,5,5
00MB,South East,E06000037,West Berkshire,,16,17,15,15,16,11,11,18,10,10,5,6,5,5,6,6
00ME,South East,E06000040,Windsor and Maidenhead,,14,15,13,13,13,7,7,7,7,7,5,5,5,5,6,5
00MF,South East,E06000041,Wokingham,,16,16,15,15,16,8,8,8,7,7,5,5,5,5,6,5
11,South East,E10000002,Buckinghamshire,,18,17,14,15,16,10,10,11,10,10,5,5,5,5,6,6
11UB,South East,E07000004,,Aylesbury Vale,24,23,17,19,19,13,13,15,13,13,5,6,6,6,6,6
11UC,South East,E07000005,,Chiltern,14,15,13,14,14,9,9,9,8,8,5,5,5,5,5,5
11UE,South East,E07000006,,South Bucks,15,16,14,15,15,9,9,9,8,8,5,5,5,5,5,5
11UF,South East,E07000007,,Wycombe,14,14,13,13,13,8,8,9,9,8,5,5,5,5,6,6
21,South East,E10000011,East Sussex,,16,17,15,16,16,10,10,10,10,10,5,5,5,5,6,6
21UC,South East,E07000061,,Eastbourne,13,14,13,13,14,7,7,7,7,7,5,5,5,5,5,5
21UD,South East,E07000062,,Hastings,12,12,11,11,12,6,6,6,6,6,5,5,5,5,6,6
21UF,South East,E07000063,,Lewes,17,17,16,18,17,13,13,13,12,12,6,6,6,6,7,7
21UG,South East,E07000064,,Rother,17,17,17,16,17,11,12,13,12,12,5,5,5,5,6,6
21UH,South East,E07000065,,Wealden,20,21,18,19,20,11,11,12,12,13,5,5,5,5,6,7
24,South East,E10000014,Hampshire,,17,17,16,16,17,12,12,13,10,10,5,5,5,5,6,7
24UB,South East,E07000084,,Basingstoke and Deane,21,18,16,17,18,13,13,20,11,11,5,5,5,5,6,6
24UC,South East,E07000085,,East Hampshire,19,19,17,17,17,14,14,16,13,13,6,6,6,6,6,6
24UD,South East,E07000086,,Eastleigh,16,16,16,17,16,8,8,9,9,9,5,5,5,5,6,6
24UE,South East,E07000087,,Fareham,16,16,15,16,18,8,8,8,9,11,5,5,5,5,6,12
24UF,South East,E07000088,,Gosport,12,12,10,10,10,6,6,7,6,6,5,5,5,5,5,5
24UG,South East,E07000089,,Hart,21,21,18,16,16,11,11,11,10,10,5,5,5,5,6,6
24UH,South East,E07000090,,Havant,14,15,13,14,14,8,8,8,8,7,5,5,5,5,6,5
24UJ,South East,E07000091,,New Forest,17,18,15,17,17,10,10,10,10,10,5,5,5,5,6,7
24UL,South East,E07000092,,Rushmoor,12,13,12,13,14,6,6,7,7,8,5,5,5,5,5,5
24UN,South East,E07000093,,Test Valley,21,21,20,19,19,39,39,26,14,14,6,6,6,6,6,7
24UP,South East,E07000094,,Winchester,20,20,18,22,20,13,13,13,17,12,5,6,6,6,7,7
29,South East,E10000016,Kent,,15,15,13,14,15,10,9,10,9,10,5,5,5,5,6,6
29UB,South East,E07000105,,Ashford,16,19,16,17,17,11,11,12,11,12,5,5,5,5,6,9
29UC,South East,E07000106,,Canterbury,13,14,13,13,13,8,8,8,7,7,5,5,5,5,5,6
29UD,South East,E07000107,,Dartford,13,13,11,11,12,7,7,7,7,7,5,5,5,5,5,5
29UE,South East,E07000108,,Dover,13,14,13,13,15,9,9,9,9,11,5,5,5,5,6,6
29UG,South East,E07000109,,Gravesham,12,12,10,11,15,7,7,7,7,10,5,5,5,5,5,6
29UH,South East,E07000110,,Maidstone,16,17,15,17,17,10,10,10,11,11,5,5,5,5,6,6
29UK,South East,E07000111,,Sevenoaks,17,17,15,19,16,11,11,10,13,10,5,5,5,6,6,6
29UL,South East,E07000112,,Shepway,17,17,14,14,15,18,18,13,12,12,6,6,6,6,6,6
29UM,South East,E07000113,,Swale,15,14,14,14,14,9,9,11,10,10,5,5,5,5,6,6
29UN,South East,E07000114,,Thanet,14,14,12,12,12,7,7,15,7,7,5,5,5,5,5,5
29UP,South East,E07000115,,Tonbridge and Malling,14,15,14,14,14,9,9,9,8,9,5,5,5,5,6,6
29UQ,South East,E07000116,,Tunbridge Wells,15,15,14,14,16,9,9,9,8,10,5,5,5,5,5,6
38,South East,E10000025,Oxfordshire,,18,18,17,18,20,10,10,19,13,14,5,5,6,6,6,7
38UB,South East,E07000177,,Cherwell,21,22,16,18,17,10,10,12,13,13,5,5,5,6,6,6
38UC,South East,E07000178,,Oxford,11,13,11,11,11,6,7,18,6,6,5,5,5,5,5,5
38UD,South East,E07000179,,South Oxfordshire,18,18,20,21,22,11,11,20,15,17,5,5,6,6,7,7
38UE,South East,E07000180,,Vale of White Horse,16,17,19,18,29,11,11,18,12,17,5,5,6,6,6,7
38UF,South East,E07000181,,West Oxfordshire,23,21,21,22,23,13,13,25,21,21,5,6,7,7,8,8
43,South East,E10000030,Surrey,,15,15,14,14,15,8,8,8,8,9,5,5,5,5,5,6
43UB,South East,E07000207,,Elmbridge,13,14,12,13,14,7,7,7,7,7,5,5,5,5,5,5
43UC,South East,E07000208,,Epsom and Ewell,13,13,12,12,14,6,6,6,6,7,5,5,5,5,5,6
43UD,South East,E07000209,,Guildford,13,13,12,13,13,8,8,9,8,9,5,5,5,5,6,5
43UE,South East,E07000210,,Mole Valley,15,18,14,14,17,9,9,9,9,11,5,5,5,5,5,6
43UF,South East,E07000211,,Reigate and Banstead,15,14,13,13,14,8,8,7,7,8,5,5,5,5,5,5
43UG,South East,E07000212,,Runnymede,14,14,12,13,13,8,8,8,7,8,5,5,5,5,5,5
43UH,South East,E07000213,,Spelthorne,14,15,15,14,17,7,7,8,7,9,5,5,5,5,5,6
43UJ,South East,E07000214,,Surrey Heath,15,16,13,13,14,8,8,8,7,7,5,5,5,5,5,5
43UK,South East,E07000215,,Tandridge,15,16,14,15,18,10,10,10,9,10,5,5,5,5,6,6
43UL,South East,E07000216,,Waverley,19,19,17,19,20,11,11,12,13,13,5,5,6,6,7,7
43UM,South East,E07000217,,Woking,13,14,13,15,14,7,7,7,7,7,5,5,5,5,5,8
45,South East,E10000032,West Sussex,,15,16,16,16,16,10,10,14,11,11,5,5,6,5,6,6
45UB,South East,E07000223,,Adur,12,12,15,12,11,6,6,9,6,6,5,5,5,5,5,5
45UC,South East,E07000224,,Arun,15,16,17,17,16,8,8,17,12,12,5,5,6,6,7,7
45UD,South East,E07000225,,Chichester,19,19,20,19,19,17,17,23,15,16,6,6,6,6,7,9
45UE,South East,E07000226,,Crawley,13,13,12,11,12,6,6,6,6,6,5,5,5,5,5,5
45UF,South East,E07000227,,Horsham,17,19,19,19,20,14,14,19,17,16,6,6,6,6,7,7
45UG,South East,E07000228,,Mid Sussex,15,15,14,15,15,11,10,11,10,10,5,5,5,5,6,6
45UH,South East,E07000229,,Worthing,13,14,13,13,13,6,6,6,6,6,5,5,5,5,5,5
00HN,South West,E06000028,Bournemouth,,12,12,11,11,12,6,6,7,7,7,5,5,5,5,6,6
00HE,South West,E06000052,Cornwall,,26,27,19,18,21,23,21,20,14,15,6,6,6,6,7,8
00HF,South West,E06000053,Isles of Scilly,,..,..,..,..,120,..,..,..,..,94,..,..,..,..,..,120
00HG,South West,E06000026,Plymouth,,11,11,10,10,10,6,6,6,6,6,5,5,5,5,5,5
00HP,South West,E06000029,Poole,,13,13,12,13,12,6,6,6,7,6,5,5,5,5,5,5
00HX,South West,E06000030,Swindon,,14,15,13,14,15,8,8,9,9,10,5,5,5,5,6,6
00HH,South West,E06000027,Torbay,,13,13,11,11,14,6,6,7,6,8,5,5,5,5,5,7
00HY,South West,E06000054,Wiltshire ,,18,18,16,17,18,15,15,17,13,13,6,6,6,6,6,6
00HA,South West,E06000022,Bath and North East Somerset,,14,14,12,13,13,8,8,8,8,7,5,5,5,5,6,6
00HB,South West,E06000023,,Bristol,12,12,10,10,10,6,6,6,6,6,5,5,5,5,7,7
00HC,South West,E06000024,,North Somerset,15,14,14,14,18,9,9,12,9,9,5,5,5,5,6,6
00HD,South West,E06000025,,South Gloucestershire,14,14,13,13,14,8,8,9,8,8,5,5,5,5,6,6
18,South West,E10000008,Devon,,31,30,19,19,20,22,20,17,13,13,6,6,6,6,7,7
18UB,South West,E07000040,,East Devon,25,26,16,17,17,10,10,10,10,10,5,5,5,5,6,6
18UC,South West,E07000041,,Exeter,12,12,11,11,11,6,6,6,6,6,5,5,5,5,5,5
18UD,South West,E07000042,,Mid Devon,30,30,21,23,25,43,43,27,22,21,7,7,7,7,8,9
18UE,South West,E07000043,,North Devon,40,38,22,23,23,42,36,25,18,18,7,7,6,6,8,8
18UG,South West,E07000044,,South Hams,44,40,22,24,24,24,14,19,13,13,6,6,6,5,7,7
18UH,South West,E07000045,,Teignbridge,26,26,17,18,18,12,12,11,10,10,5,5,5,5,6,7
18UK,South West,E07000046,,Torridge,44,44,27,24,26,40,40,28,19,18,7,7,7,6,8,8
18UL,South West,E07000047,,West Devon,42,41,22,22,23,19,19,31,18,17,6,7,6,6,8,8
19,South West,E10000009,Dorset,,20,19,17,17,17,12,12,16,12,12,5,6,6,6,6,6
19UC,South West,E07000048,,Christchurch,16,16,14,17,17,8,8,7,8,8,5,5,5,5,6,6
19UD,South West,E07000049,,East Dorset,18,16,15,16,15,11,11,11,10,10,5,5,5,5,6,6
19UE,South West,E07000050,,North Dorset,23,23,18,19,20,15,15,24,16,16,6,6,6,6,7,7
19UG,South West,E07000051,,Purbeck,22,23,19,18,18,13,13,22,16,15,6,6,6,6,7,7
19UH,South West,E07000052,,West Dorset,25,24,19,18,19,14,13,19,16,16,6,6,6,6,7,7
19UJ,South West,E07000053,,Weymouth and Portland,13,13,13,13,13,8,8,11,8,8,5,5,5,5,6,6
23,South West,E10000013,Gloucestershire,,18,18,14,15,17,10,10,11,10,11,5,5,5,5,6,7
23UB,South West,E07000078,,Cheltenham,13,13,11,12,12,6,6,6,6,6,5,5,5,5,6,6
23UC,South West,E07000079,,Cotswold,33,33,20,21,25,15,15,15,16,16,5,6,5,6,7,7
23UD,South West,E07000080,,Forest of Dean,17,17,17,17,23,14,15,18,16,22,6,6,6,6,7,12
23UE,South West,E07000081,,Gloucester,13,13,12,12,12,6,6,6,6,6,5,5,5,5,6,5
23UF,South West,E07000082,,Stroud,16,15,14,15,16,10,11,11,10,10,5,5,5,5,6,7
23UG,South West,E07000083,,Tewkesbury,20,18,15,16,18,10,10,10,9,9,5,5,5,5,6,6
40,South West,E10000027,Somerset,,23,22,16,16,17,15,13,13,11,11,5,5,5,5,6,6
40UB,South West,E07000187,,Mendip,18,18,15,15,15,11,11,11,10,10,5,5,5,5,6,6
40UC,South West,E07000188,,Sedgemoor,21,19,15,15,16,11,11,12,11,11,5,5,5,5,6,6
40UD,South West,E07000189,,South Somerset,22,22,17,17,18,13,12,14,12,11,5,6,6,5,6,6
40UE,South West,E07000190,,Taunton Deane,17,17,15,15,15,11,11,11,10,10,5,5,5,5,6,6
40UF,South West,E07000191,,West Somerset,61,52,22,21,21,60,29,21,17,17,6,6,6,6,8,7
00GA,West Midlands,E06000019,Herefordshire,,34,33,21,23,24,25,23,18,16,16,6,6,6,6,7,7
00GF,West Midlands,E06000020,Telford and Wrekin,,18,19,15,16,17,10,11,19,10,9,5,6,5,5,6,6
00GG,West Midlands,E06000051,Shropshire ,,28,28,20,20,22,22,20,22,17,18,6,6,6,6,7,8
00GL,West Midlands,E06000021,Stoke-On-Trent,,12,13,11,11,12,6,6,6,6,6,5,5,5,5,5,5
41,West Midlands,E10000028,Staffordshire,,17,18,15,15,16,9,9,9,9,9,5,5,5,5,6,6
41UB,West Midlands,E07000192,,Cannock Chase,13,13,12,12,12,8,7,8,7,7,5,5,5,5,5,6
41UC,West Midlands,E07000193,,East Staffordshire,20,20,15,15,15,10,10,12,9,9,5,5,5,5,6,6
41UD,West Midlands,E07000194,,Lichfield,15,15,14,14,18,10,9,9,9,12,5,5,5,5,6,6
41UE,West Midlands,E07000195,,Newcastle-Under-Lyme,15,15,16,15,15,8,8,9,8,8,5,5,5,5,6,6
41UF,West Midlands,E07000196,,South Staffordshire,17,21,16,17,17,9,9,9,9,9,5,5,5,5,6,6
41UG,West Midlands,E07000197,,Stafford,19,19,16,16,17,11,11,11,10,10,5,5,5,5,6,6
41UH,West Midlands,E07000198,,Staffordshire Moorlands,21,22,16,16,16,10,10,10,10,10,5,5,5,5,6,6
41UK,West Midlands,E07000199,,Tamworth,16,16,15,13,16,7,7,7,7,7,5,5,5,5,5,5
44,West Midlands,E10000031,Warwickshire,,18,18,14,15,16,10,10,10,10,10,5,5,5,5,6,6
44UB,West Midlands,E07000218,,North Warwickshire,23,21,18,18,19,12,12,12,12,12,5,5,5,5,6,6
44UC,West Midlands,E07000219,,Nuneaton and Bedworth,13,14,12,13,13,7,7,7,8,8,5,5,5,5,6,6
44UD,West Midlands,E07000220,,Rugby,17,17,14,14,14,9,9,9,8,8,5,5,5,5,5,5
44UE,West Midlands,E07000221,,Stratford-on-Avon,24,24,17,17,18,15,14,14,13,13,6,6,6,6,6,6
44UF,West Midlands,E07000222,,Warwick,15,15,13,14,15,8,8,8,8,8,5,5,5,5,6,5
2E,West Midlands,E11000005,West Midlands (Met County),,12,12,10,11,11,6,6,6,6,6,5,5,5,5,5,5
00CN,West Midlands,E08000025,,Birmingham,11,11,10,10,11,6,6,6,6,6,5,5,5,5,5,5
00CQ,West Midlands,E08000026,,Coventry,11,11,10,10,11,6,6,7,6,6,5,5,5,5,5,5
00CR,West Midlands,E08000027,,Dudley,12,12,11,11,11,6,6,6,6,6,5,5,5,5,5,5
00CS,West Midlands,E08000028,,Sandwell,12,12,10,11,11,6,6,6,6,6,5,5,5,5,5,5
00CT,West Midlands,E08000029,,Solihull,13,13,11,12,12,7,7,7,7,7,5,5,5,5,5,5
00CU,West Midlands,E08000030,,Walsall,12,12,11,11,11,6,6,6,6,6,5,5,5,5,5,5
00CW,West Midlands,E08000031,,Wolverhampton,12,12,11,11,11,6,6,6,6,6,5,5,5,5,5,5
47,West Midlands,E10000034,Worcestershire,,18,18,15,17,18,9,9,11,10,11,5,5,5,5,6,6
47UB,West Midlands,E07000234,,Bromsgrove,14,14,13,14,19,8,8,8,8,10,5,5,5,5,5,6
47UC,West Midlands,E07000235,,Malvern Hills,31,29,21,21,21,16,14,14,14,14,6,5,6,6,6,6
47UD,West Midlands,E07000236,,Redditch,13,13,12,11,12,7,7,7,7,7,5,5,5,5,5,5
47UE,West Midlands,E07000237,,Worcester,13,13,12,13,13,7,7,6,6,6,5,5,5,5,6,6
47UF,West Midlands,E07000238,,Wychavon,24,24,17,20,20,11,11,13,14,14,5,5,5,6,6,7
47UG,West Midlands,E07000239,,Wyre Forest,16,16,18,21,21,8,8,15,14,14,5,5,6,6,7,7
00FB,Yorkshire and the Humber,E06000011,East Riding of Yorkshire,,26,27,17,17,18,15,15,18,14,14,6,6,6,6,6,9
00FA,Yorkshire and the Humber,E06000010,Kingston upon Hull,,13,13,12,12,12,7,7,7,7,7,5,5,5,5,6,6
00FC,Yorkshire and the Humber,E06000012,North East Lincolnshire,,14,15,12,12,12,8,8,7,7,7,5,5,5,5,5,5
00FD,Yorkshire and the Humber,E06000013,North Lincolnshire,,23,22,18,19,20,17,17,24,14,14,6,6,6,6,6,7
00FF,Yorkshire and the Humber,E06000014,York,,13,13,12,13,13,7,7,7,8,8,5,5,5,5,6,6
36,Yorkshire and the Humber,E10000023,North Yorkshire,,30,30,21,22,22,19,17,21,14,15,6,6,6,6,7,7
36UB,Yorkshire and the Humber,E07000163,,Craven,19,22,15,16,21,32,18,18,14,21,6,6,6,6,7,8
36UC,Yorkshire and the Humber,E07000164,,Hambleton,61,57,28,31,32,18,18,18,18,19,6,6,6,6,7,7
36UD,Yorkshire and the Humber,E07000165,,Harrogate,22,22,17,19,20,13,13,12,11,11,5,6,5,5,6,6
36UE,Yorkshire and the Humber,E07000166,,Richmondshire,31,30,21,21,21,36,30,21,19,19,6,6,6,6,8,8
36UF,Yorkshire and the Humber,E07000167,,Ryedale,59,55,32,35,28,37,35,33,22,21,7,7,7,7,8,8
36UG,Yorkshire and the Humber,E07000168,,Scarborough,17,18,20,18,17,12,11,35,11,11,6,6,6,6,6,6
36UH,Yorkshire and the Humber,E07000169,,Selby,20,20,17,17,17,14,14,17,14,14,6,6,6,6,6,6
2C,Yorkshire and the Humber,E11000003,South Yorkshire (Met County),,13,14,12,13,13,9,9,9,8,8,5,5,5,5,6,6
00CC,Yorkshire and the Humber,E08000016,,Barnsley,14,15,13,14,14,9,9,9,9,9,5,5,5,5,6,6
00CE,Yorkshire and the Humber,E08000017,,Doncaster,14,14,13,14,14,9,9,9,9,9,5,5,5,5,6,6
00CF,Yorkshire and the Humber,E08000018,,Rotherham,12,13,11,12,12,8,8,9,8,8,5,5,5,5,5,5
00CG,Yorkshire and the Humber,E08000019,,Sheffield,13,14,12,12,12,8,8,8,8,8,5,5,5,5,6,6
2F,Yorkshire and the Humber,E11000006,West Yorkshire (Met County),,13,13,12,13,13,8,8,8,7,7,5,5,5,5,6,6
00CX,Yorkshire and the Humber,E08000032,,Bradford,13,13,11,12,12,7,7,7,7,7,5,5,5,5,5,6
00CY,Yorkshire and the Humber,E08000033,,Calderdale,15,14,13,14,14,8,8,8,8,8,5,5,5,5,6,6
00CZ,Yorkshire and the Humber,E08000034,,Kirklees,15,15,14,15,15,8,8,8,8,8,5,5,5,5,6,6
00DA,Yorkshire and the Humber,E08000035,,Leeds,12,12,11,11,11,7,7,8,7,7,5,5,5,5,5,5
00DB,Yorkshire and the Humber,E08000036,,Wakefield,14,14,12,13,13,8,8,9,8,8,5,5,5,5,6,6
,"1 An average of the mimumum travel times to Employment centres, Primary schools, Secondary schools, Further Education, GPs, Hospitals and Food stores.",,,,,,,,,,,,,,,,,,,
,"2 A new method has been adopted in 2010 using Trafficmaster congestion data to calculate travel times for the car mode, as opposed to using default speeds. Please see the guidance note for further information.",,,,,,,,,,,,,,,,,,,
,,,,,,,,,,,,,,,,,,,,
,Telephone: 020 7944 4139,,,,,,,,,,,,,,,,,,,Source: DfT Accessibility Statistics
,Email: subnational.stats@dft.gsi.gov.uk,,,,,,,,,,,,,,,,,,,Last updated: July 2012
,Technical Notes & Guidance: (http://assets.dft.gov.uk/statistics/series/accessibility/accessibility-statistics-guidance.pdf),,,,,,,,,,,,,,,,,,,Next update: July 2013
,The figures in this table are outside the scope of National Statistics,,,,,,,,,,,,,,,,,,,
