Department for Transport statistics,,,,,,,,,,,
Accessibility Statistics (http://www.dft.gov.uk/statistics/series/accessibility/),,,,,,,,,,,
Table ACS0106,,,,,,,,,,,
"Average minimum travel time to reach the nearest key services by car, region, England, 2007 to 2011",,,,,,,,,,,
,,,,,,,,,,Minutes,
,,Key services,,,,,,,,Average (of 7 key services)1,
Year,Region,Employment,Primary school,Secondary school,Further Education,GP,Hospital,Food store,Town Centres,,
2007,North East,5,5,5,5,5,5,5,..,5,
,North West,5,5,5,5,5,5,5,..,5,
,Yorkshire and the Humber,5,5,5,5,5,6,5,..,5,
,East Midlands,5,5,5,5,5,6,5,..,5,
,West Midlands,5,5,5,5,5,6,5,..,5,
,East,5,5,5,6,5,7,5,..,5,
,London,5,5,5,5,5,5,5,..,5,
,South East,5,5,5,5,5,6,5,..,5,
,South West,5,5,5,6,5,6,5,..,5,
2008,North East,5,5,5,5,5,6,5,..,5
,North West,5,5,5,5,5,5,5,..,5
,Yorkshire and the Humber,5,5,5,5,5,6,5,..,5
,East Midlands,5,5,5,5,5,6,5,..,5
,West Midlands,5,5,5,5,5,6,5,..,5
,East,5,5,5,6,5,7,5,..,5
,London,5,5,5,5,5,5,5,..,5
,South East,5,5,5,6,5,6,5,..,5
,South West,5,5,5,6,5,6,5,..,5
2009,North East,5,5,5,5,5,6,5,6,5
,North West,5,5,5,5,5,5,5,5,5
,Yorkshire and the Humber,5,5,5,5,5,6,5,6,5
,East Midlands,5,5,5,5,5,6,5,6,5
,West Midlands,5,5,5,5,5,6,5,5,5
,East,5,5,5,6,5,7,5,6,5
,London,5,5,5,5,5,5,5,5,5
,South East,5,5,5,6,5,6,5,5,5
,South West,5,5,5,6,5,6,5,6,5
2010,North East,5,5,5,5,5,6,5,6,5
,North West,5,5,5,5,5,6,5,5,5
,Yorkshire and the Humber,5,5,5,5,5,6,5,5,5
,East Midlands,5,5,5,5,5,7,5,6,5
,West Midlands,5,5,5,5,5,6,5,5,5
,East,5,5,5,6,5,8,5,6,6
,London,5,5,5,5,5,5,5,5,5
,South East,5,5,5,5,5,6,5,5,5
,South West,5,5,5,6,5,6,5,6,5
2010,North East,5,5,5,5,6,5,7,5,7
New,North West,5,5,5,5,6,5,8,5,6
method2,Yorkshire and the Humber,5,5,5,5,6,5,9,5,7
,East Midlands,5,5,5,6,6,5,9,5,7
,West Midlands,5,5,5,5,6,5,8,5,7
,East,6,5,5,6,6,5,10,5,8
,London,5,5,5,5,5,5,7,5,6
,South East,5,5,5,6,6,5,8,5,7
,South West,5,6,5,6,7,5,9,6,8
2011,North East,5,5,5,6,5,7,5,7,6
New,North West,5,5,5,6,5,9,5,6,6
method2,Yorkshire and the Humber,5,5,6,6,5,10,5,7,6
,East Midlands,5,5,6,6,5,10,5,7,6
,West Midlands,5,5,5,6,5,8,5,7,6
,East,5,5,6,6,5,11,5,7,6
,London,5,5,5,5,5,8,5,6,6
,South East,5,5,6,6,5,9,5,7,6
,South West,6,5,6,8,6,9,6,8,7
"1 An average of the mimumum travel times to Employment centres, Primary schools, Secondary schools, Further Education, GPs, Hospitals and Food stores.",,,,,,,,,,
"2 A new method has been adopted in 2010 using Trafficmaster congestion data to calculate travel times for the car mode, as opposed to using default speeds. Please see the guidance note for further information.",,,,,,,,,,
,,,,,,,,,,
Telephone: 020 7944 4139,,,,,,,,,,Source: DfT Accessibility Statistics
Email: subnational.stats@dft.gsi.gov.uk,,,,,,,,,,Last updated: July 2012
Technical Notes & Guidance: (http://assets.dft.gov.uk/statistics/series/accessibility/accessibility-statistics-guidance.pdf),,,,,,,,,,Next update: July 2013
The figures in this table are outside the scope of National Statistics,,,,,,,,,,
,,,,,,,,,,
,,,,,,,,,,
,,,,,,,,,,
,,,,,,,,,,
,,,,,,,,,,
,,,,,,,,,,
,,,,,,,,,,
,,,,,,,,,,
,,,,,,,,,,
,,,,,,,,,,
,,,,,,,,,,
,,,,,,,,,,
,,,,,,,,,
,,,,,,,,,
,,,,,,,,,
