Department for Transport statistics,,,,,,,,,,,,,,,
Accessibility Statistics (http://www.dft.gov.uk/statistics/series/accessibility/),,,,,,,,,,,,,,,
Table ACS0319,,,,,,,,,,,,,,,
"Number of sites available within lower1 and upper1 threshold by car, key services2, region, England, 2007 to 2011",,,,,,,,,,,,,,,
,,,,,,,,,,,,,,,Number
,,Key services,,,,,,,,,,,,,
,,Primary school,,Secondary school,,Further Education,,GP,,Hospital,,Food store,,Town Centres,
Year,Mode,Lower threshold1,Upper threshold1,Lower threshold1,Upper threshold1,Lower threshold1,Upper threshold1,Lower threshold1,Upper threshold1,Lower threshold1,Upper threshold1,Lower threshold1,Upper threshold1,Lower threshold1,Upper threshold1
2007,North East,5.0,5.0,5.0,5.0,9.8,10.0,4.9,5.0,5.0,5.0,9.9,10.0,..,..
,North West,5.0,5.0,5.0,5.0,9.9,10.0,5.0,5.0,4.9,5.0,9.9,10.0,..,..
,Yorkshire and the Humber,5.0,5.0,5.0,5.0,9.9,10.0,4.9,5.0,4.9,5.0,9.9,10.0,..,..
,East Midlands,5.0,5.0,5.0,5.0,10.0,10.0,5.0,5.0,4.9,5.0,10.0,10.0,..,..
,West Midlands,5.0,5.0,5.0,5.0,10.0,10.0,5.0,5.0,5.0,5.0,10.0,10.0,..,..
,East,5.0,5.0,5.0,5.0,9.9,10.0,5.0,5.0,4.9,5.0,10.0,10.0,..,..
,London,5.0,5.0,5.0,5.0,10.0,10.0,5.0,5.0,5.0,5.0,10.0,10.0,..,..
,South East,5.0,5.0,5.0,5.0,9.9,9.9,5.0,5.0,5.0,5.0,10.0,10.0,..,..
,South West,5.0,5.0,4.9,5.0,9.3,10.0,5.0,5.0,4.9,5.0,9.9,10.0,..,..
2008,North East,5.0,5.0,5.0,5.0,9.8,10.0,4.9,5.0,5.0,5.0,9.9,10.0,..,..
,North West,5.0,5.0,5.0,5.0,9.8,10.0,5.0,5.0,4.9,5.0,9.9,10.0,..,..
,Yorkshire and the Humber,5.0,5.0,5.0,5.0,9.9,10.0,4.9,5.0,4.9,5.0,9.9,10.0,..,..
,East Midlands,5.0,5.0,5.0,5.0,10.0,10.0,5.0,5.0,4.9,5.0,10.0,10.0,..,..
,West Midlands,5.0,5.0,5.0,5.0,10.0,10.0,5.0,5.0,5.0,5.0,10.0,10.0,..,..
,East,5.0,5.0,5.0,5.0,9.9,10.0,5.0,5.0,4.9,5.0,10.0,10.0,..,..
,London,5.0,5.0,5.0,5.0,10.0,10.0,5.0,5.0,5.0,5.0,10.0,10.0,..,..
,South East,5.0,5.0,5.0,5.0,9.9,9.9,5.0,5.0,5.0,5.0,10.0,10.0,..,..
,South West,5.0,5.0,4.9,5.0,9.3,10.0,5.0,5.0,4.9,5.0,9.9,10.0,..,..
2009,North East,5.0,5.0,5.0,5.0,9.8,10.0,5.0,5.0,5.0,5.0,9.9,10.0,7.8,9.7
,North West,5.0,5.0,5.0,5.0,9.9,10.0,5.0,5.0,4.9,5.0,9.9,10.0,8.7,9.6
,Yorkshire and the Humber,5.0,5.0,5.0,5.0,9.9,10.0,5.0,5.0,4.9,5.0,9.9,10.0,7.5,9.7
,East Midlands,5.0,5.0,5.0,5.0,10.0,10.0,5.0,5.0,4.9,5.0,10.0,10.0,6.3,9.6
,West Midlands,5.0,5.0,5.0,5.0,10.0,10.0,5.0,5.0,5.0,5.0,10.0,10.0,8.0,9.9
,East,5.0,5.0,5.0,5.0,9.9,10.0,5.0,5.0,4.8,5.0,10.0,10.0,5.6,9.4
,London,5.0,5.0,5.0,5.0,10.0,10.0,5.0,5.0,5.0,5.0,10.0,10.0,10.0,10.0
,South East,5.0,5.0,5.0,5.0,9.9,9.9,5.0,5.0,4.9,4.9,10.0,10.0,7.3,9.9
,South West,5.0,5.0,4.9,5.0,9.3,10.0,5.0,5.0,4.9,5.0,9.9,10.0,5.4,9.3
2010,North East,5.0,5.0,5.0,5.0,9.8,10.0,5.0,5.0,4.9,5.0,9.9,10.0,7.7,9.7
,North West,5.0,5.0,5.0,5.0,9.9,10.0,5.0,5.0,4.9,5.0,9.9,10.0,8.6,9.6
,Yorkshire and the Humber,5.0,5.0,5.0,5.0,9.8,10.0,5.0,5.0,4.8,5.0,9.9,10.0,7.5,9.7
,East Midlands,5.0,5.0,5.0,5.0,10.0,10.0,5.0,5.0,4.8,5.0,10.0,10.0,6.3,9.6
,West Midlands,5.0,5.0,5.0,5.0,10.0,10.0,5.0,5.0,5.0,5.0,10.0,10.0,8.0,9.8
,East,5.0,5.0,5.0,5.0,9.9,10.0,5.0,5.0,4.7,5.0,10.0,10.0,5.6,9.3
,London,5.0,5.0,5.0,5.0,10.0,10.0,5.0,5.0,5.0,5.0,10.0,10.0,10.0,10.0
,South East,5.0,5.0,5.0,5.0,9.9,9.9,5.0,5.0,4.9,4.9,10.0,10.0,7.3,9.9
,South West,5.0,5.0,4.9,5.0,9.3,10.0,5.0,5.0,4.9,5.0,9.9,10.0,5.4,9.3
2010,North East,5.0,5.0,4.9,5.0,9.8,10.0,4.9,5.0,4.9,5.0,9.8,10.0,5.4,9.7
New,North West,5.0,5.0,4.9,5.0,9.7,10.0,5.0,5.0,4.8,5.0,9.9,10.0,5.6,9.3
method3,Yorkshire and the Humber,5.0,5.0,4.9,5.0,9.7,10.0,4.9,5.0,4.4,5.0,9.9,10.0,3.7,9.2
,East Midlands,5.0,5.0,4.9,5.0,9.9,10.0,5.0,5.0,4.6,5.0,9.9,10.0,3.0,9.0
,West Midlands,5.0,5.0,4.9,5.0,9.8,10.0,5.0,5.0,4.8,5.0,9.9,10.0,5.3,9.5
,East,5.0,5.0,4.9,5.0,9.5,10.0,5.0,5.0,4.3,5.0,9.9,10.0,3.4,8.3
,London,5.0,5.0,5.0,5.0,10.0,10.0,5.0,5.0,5.0,5.0,10.0,10.0,8.9,10.0
,South East,5.0,5.0,5.0,5.0,9.8,9.9,5.0,5.0,4.6,4.9,10.0,10.0,4.2,9.5
,South West,5.0,5.0,4.6,5.0,8.6,9.9,4.8,5.0,4.5,5.0,9.7,10.0,2.9,7.9
2011,North East,5.0,5.0,4.9,5.0,9.8,10.0,4.9,5.0,4.8,5.0,9.8,10.0,5.2,9.6
New,North West,5.0,5.0,4.9,5.0,9.7,10.0,4.9,5.0,4.7,5.0,9.9,10.0,5.4,9.3
method3,Yorkshire and the Humber,5.0,5.0,4.9,5.0,9.6,10.0,4.9,5.0,4.2,5.0,9.8,10.0,3.5,8.9
,East Midlands,5.0,5.0,4.9,5.0,9.8,10.0,5.0,5.0,4.4,5.0,9.9,10.0,2.9,8.8
,West Midlands,5.0,5.0,4.9,5.0,9.8,10.0,5.0,5.0,4.8,5.0,9.9,10.0,5.0,9.5
,East,5.0,5.0,4.8,5.0,9.5,10.0,4.9,5.0,4.0,5.0,9.8,10.0,3.1,8.1
,London,5.0,5.0,5.0,5.0,10.0,10.0,5.0,5.0,5.0,5.0,10.0,10.0,8.9,10.0
,South East,5.0,5.0,4.9,5.0,9.7,9.9,5.0,5.0,4.4,4.9,9.9,10.0,4.0,9.3
,South West,5.0,5.0,4.5,5.0,8.6,9.8,4.8,5.0,4.4,5.0,9.6,10.0,2.8,7.6
1 The number of services available that can be accessed by users within set time limits up to a given maximum. Please see the key definitions and terms note for further information on methods.,,,,,,,,,,,,,,,
2 The number of employment sites available within lower and upper thresholds by car and region is given in table ACS0320.,,,,,,,,,,,,,,,
"3 A new method has been adopted in 2010 using Trafficmaster congestion data to calculate travel times for the car mode, as opposed to using default speeds. Please see the guidance note for further information.",,,,,,,,,,,,,,,
,,,,,,,,,,,,,,,
Telephone: 020 7944 4139,,,,,,,,,,,,,,,Source: DfT Accessibility Statistics
Email: subnational.stats@dft.gsi.gov.uk,,,,,,,,,,,,,,,Last updated: July 2012
Technical Notes & Guidance: (http://assets.dft.gov.uk/statistics/series/accessibility/accessibility-statistics-guidance.pdf),,,,,,,,,,,,,,,Next update: July 2013
The figures in this table are outside the scope of National Statistics,,,,,,,,,,,,,,,
,,,,,,,,,,,,,,,
,,,,,,,,,,,,,,,
,,,,,,,,,,,,,,,
