Department for Transport statistics,,,,
Accessibility Statistics (http://www.dft.gov.uk/statistics/series/accessibility/),,,,
Table ACS0312,,,,
"Number of Employment sites available within a reasonable time1 by cycling, size of employment centre, region, England, 2007 to 2011",,,,
,,,,Number
,,Number of employment sites accessible with...2,,
Year,Mode,100 to 499 jobs,"500 to 4,999 jobs","At least 5,000 jobs"
2007,North East,4.8,3.9,0.4
,North West,5.1,4.3,0.6
,Yorkshire and the Humber,4.7,3.6,0.6
,East Midlands,4.2,3.2,0.7
,West Midlands,4.9,4.1,0.9
,East,4.1,3.2,0.3
,London,6.2,5.9,1.8
,South East,4.5,3.6,0.5
,South West,3.9,3.1,0.2
2008,North East,4.7,3.6,0.9
,North West,5.1,4.3,0.8
,Yorkshire and the Humber,4.7,3.8,0.8
,East Midlands,4.2,3.5,0.7
,West Midlands,4.9,4.1,0.9
,East,4.1,3.3,0.5
,London,6.2,5.7,1.9
,South East,4.5,3.8,0.5
,South West,3.8,3.3,0.6
2009,North East,4.6,3.5,0.7
,North West,5.0,4.2,0.8
,Yorkshire and the Humber,4.6,3.7,0.8
,East Midlands,4.1,3.4,0.7
,West Midlands,4.8,4.0,0.9
,East,3.9,3.2,0.5
,London,6.1,5.6,1.8
,South East,4.4,3.7,0.5
,South West,3.7,3.2,0.5
2010,North East,4.8,3.7,0.9
,North West,5.3,4.4,0.8
,Yorkshire and the Humber,4.8,3.9,0.8
,East Midlands,4.3,3.6,0.7
,West Midlands,5.0,4.2,0.9
,East,4.2,3.4,0.5
,London,6.2,5.7,1.8
,South East,4.6,3.9,0.5
,South West,3.9,3.4,0.6
2011,North East,4.8,3.6,0.8
,North West,5.3,4.3,0.8
,Yorkshire and the Humber,4.8,3.8,0.8
,East Midlands,4.2,3.5,0.8
,West Midlands,4.9,4.1,0.9
,East,4.2,3.3,0.5
,London,6.2,5.7,2.0
,South East,4.6,3.8,0.6
,South West,3.9,3.4,0.6
1 The number of services available that can be accessed by users within a reasonable time up to a given maximum. Please see the key definitions and terms note for further information on methods.,,,,
2 Up to a maximum of 10 employment sites.,,,,
,,,,
Telephone: 020 7944 4139,,,,Source: DfT Accessibility Statistics
Email: subnational.stats@dft.gsi.gov.uk,,,,Last updated: July 2012
Technical Notes & Guidance: (http://assets.dft.gov.uk/statistics/series/accessibility/accessibility-statistics-guidance.pdf),,,,Next update: July 2013
The figures in this table are outside the scope of National Statistics,,,,
,,,,
,,,,
,,,,
