Department for Transport statistics,,,,,,,
Accessibility Statistics (http://www.dft.gov.uk/statistics/series/accessibility/),,,,,,,
Table ACS0320,,,,,,,
"Number of Employment sites available within lower1 and upper1 threshold by car, size of employment centre, region, England, 2007 to 2011",,,,,,,
,,,,,,,Number
,,Number of employment sites accessible with...2,,,,,
,,100 to 499 jobs,,"500 to 4,999 jobs",,"At least 5,000 jobs",
Year,Mode,Lower threshold1,Upper threshold1,Lower threshold1,Upper threshold1,Lower threshold1,Upper threshold1
2007,North East,9.9,10.0,9.8,10.0,7.8,9.7
,North West,10.0,10.0,10.0,10.0,8.0,9.3
,Yorkshire and the Humber,10.0,10.0,9.9,10.0,7.3,9.6
,East Midlands,10.0,10.0,10.0,10.0,7.8,9.8
,West Midlands,10.0,10.0,9.9,10.0,8.4,9.7
,East,10.0,10.0,10.0,10.0,5.2,8.7
,London,10.0,10.0,10.0,10.0,10.0,10.0
,South East,10.0,10.0,10.0,10.0,6.8,9.7
,South West,10.0,10.0,9.9,10.0,3.3,8.6
2008,North East,9.9,10.0,9.9,10.0,8.9,9.8
,North West,10.0,10.0,10.0,10.0,8.4,9.4
,Yorkshire and the Humber,10.0,10.0,10.0,10.0,7.6,9.7
,East Midlands,10.0,10.0,10.0,10.0,6.9,9.4
,West Midlands,10.0,10.0,10.0,10.0,8.1,9.8
,East,10.0,10.0,10.0,10.0,5.7,9.1
,London,10.0,10.0,10.0,10.0,10.0,10.0
,South East,10.0,10.0,10.0,10.0,6.1,9.3
,South West,10.0,10.0,9.9,10.0,4.2,7.7
2009,North East,9.9,10.0,9.9,10.0,8.7,9.8
,North West,10.0,10.0,10.0,10.0,8.4,9.4
,Yorkshire and the Humber,10.0,10.0,10.0,10.0,7.8,9.7
,East Midlands,10.0,10.0,10.0,10.0,7.0,9.4
,West Midlands,10.0,10.0,10.0,10.0,8.1,9.8
,East,10.0,10.0,10.0,10.0,5.9,9.2
,London,10.0,10.0,10.0,10.0,10.0,10.0,
,South East,10.0,10.0,10.0,10.0,6.4,9.4,
,South West,10.0,10.0,9.9,10.0,3.8,7.5,
2010,North East,10.0,10.0,9.8,10.0,9.1,9.8,
,North West,10.0,10.0,10.0,10.0,8.7,9.4,
,Yorkshire and the Humber,10.0,10.0,10.0,10.0,7.8,9.5,
,East Midlands,10.0,10.0,10.0,10.0,7.1,9.4,
,West Midlands,10.0,10.0,10.0,10.0,8.1,9.8,
,East,10.0,10.0,10.0,10.0,6.1,9.2,
,London,10.0,10.0,10.0,10.0,10.0,10.0,
,South East,10.0,10.0,10.0,10.0,6.4,9.3,
,South West,10.0,10.0,9.9,10.0,4.5,8.1,
2010,North East,9.9,10.0,9.8,10.0,7.3,9.7,
New,North West,10.0,10.0,9.9,10.0,5.7,9.2,
method3,Yorkshire and the Humber,10.0,10.0,9.9,10.0,5.2,9.0,
,East Midlands,10.0,10.0,9.9,10.0,4.4,9.1,
,West Midlands,10.0,10.0,9.9,10.0,5.7,9.5
,East,10.0,10.0,9.9,10.0,3.9,8.6
,London,10.0,10.0,10.0,10.0,6.5,10.0
,South East,10.0,10.0,10.0,10.0,4.0,8.7
,South West,9.8,10.0,9.7,10.0,2.9,6.7
2011,North East,9.9,10.0,9.8,10.0,6.9,9.7
New,North West,9.9,10.0,9.9,10.0,5.9,9.2
method3,Yorkshire and the Humber,9.9,10.0,9.9,10.0,4.9,8.7
,East Midlands,10.0,10.0,9.9,10.0,4.5,9.0
,West Midlands,10.0,10.0,9.9,10.0,5.7,9.5
,East,10.0,10.0,9.9,10.0,3.4,8.1
,London,10.0,10.0,10.0,10.0,7.0,10.0
,South East,10.0,10.0,10.0,10.0,4.3,8.7
,South West,9.8,10.0,9.6,10.0,3.1,6.8
1 The number of services available that can be accessed by users within set time limits up to a given maximum. Please see the key definitions and terms note for further information on methods.,,,,,,,
2 Up to a maximum of 10 employment sites.,,,,,,,
"3 A new method has been adopted in 2010 using Trafficmaster congestion data to calculate travel times for the car mode, as opposed to using default speeds. Please see the guidance note for further information.",,,,,,,
,,,,,,,
Telephone: 020 7944 4139,,,,,,,Source: DfT Accessibility Statistics
Email: subnational.stats@dft.gsi.gov.uk,,,,,,,Last updated: July 2012
Technical Notes & Guidance: (http://assets.dft.gov.uk/statistics/series/accessibility/accessibility-statistics-guidance.pdf),,,,,,,Next update: July 2013
The figures in this table are outside the scope of National Statistics,,,,,,,
,,,,,,,
,,,,,,,
,,,,,,,
