Department for Transport statistics,,,,,,,
Accessibility Statistics (http://www.dft.gov.uk/statistics/series/accessibility/),,,,,,,
Table ACS0308,,,,,,,
"Number of Employment sites available within lower1 and upper1 thresholds by size of employment centre, urban and rural areas2, mode of travel, England, 2007 to 2011",,,,,,,
,,,,,,,Number
,,Number of employment sites accessible with...3,,,,,
,,100 to 499 jobs,,"500 to 4,999 jobs",,"At least 5,000 jobs",
Year,Mode,Urban3,Rural3,Urban3,Rural3,Urban3,Rural3
Number of opportunities within lower threshold,,,,,,,
2007,Public Transport / Walking,8.5,3.8,6.5,2.1,0.5,0.1
,Cycle,9.8,4.6,9.1,3.0,1.8,0.2
,Car,10.0,10.0,10.0,9.8,7.9,4.4
2008,Public Transport / Walking,8.3,3.8,7.0,2.8,1.0,0.1
,Cycle,9.7,4.8,9.3,3.3,2.2,0.2
,Car,10.0,10.0,10.0,9.9,8.0,4.5
2009,Public Transport / Walking,8.4,3.9,7.0,2.8,1.0,0.1
,Cycle,9.7,4.7,9.3,3.2,2.1,0.1
,Car,10.0,10.0,10.0,9.9,8.1,4.5
2010,Public Transport / Walking,8.1,3.7,6.7,2.6,0.9,0.1
,Cycle,9.7,4.8,9.3,3.3,2.2,0.2
,Car,10.0,10.0,10.0,9.9,8.2,4.8
,Car (new method)4,10.0,9.8,10.0,9.6,5.6,2.4
2011,Public Transport / Walking,8.0,3.5,6.3,2.4,0.9,0.1
,Cycle,9.7,4.8,9.2,3.3,2.3,0.2
,Car (new method)4,10.0,9.8,10.0,9.6,5.7,2.4
Number of opportunities within upper threshold,,,,,,,
2007,Public Transport / Walking,9.9,8.3,9.5,6.1,1.9,0.4
,Cycle,10.0,8.6,9.8,7.2,4.3,0.9
,Car,10.0,10.0,10.0,10.0,9.7,8.6
2008,Public Transport / Walking,9.9,8.2,9.8,7.5,3.2,0.7
,Cycle,10.0,8.7,9.9,7.8,4.8,1.0
,Car,10.0,10.0,10.0,10.0,9.6,8.4
2009,Public Transport / Walking,9.9,8.2,9.8,7.5,3.2,0.7
,Cycle,10.0,8.7,9.9,7.7,4.6,0.9
,Car,10.0,10.0,10.0,10.0,9.6,8.5
2010,Public Transport / Walking,9.9,7.9,9.7,7.0,3.0,0.6
,Cycle,10.0,8.7,9.9,7.6,4.8,1.0
,Car,10.0,10.0,10.0,10.0,9.6,8.5
,Car (new method)4,10.0,10.0,10.0,10.0,9.3,7.7
2011,Public Transport / Walking,9.9,7.8,9.6,6.8,3.0,0.6
,Cycle,10.0,8.7,9.9,7.6,4.8,1.0
,Car (new method)4,10.0,10.0,10.0,10.0,9.2,7.4
1 The number of services available that can be accessed by users within set time limits up to a given maximum. Please see the key definitions and terms note for further information on methods.,,,,,,,
"2 Defra's Rural Definition and Local Authority Classification has been used. For further information, see http://www.defra.gov.uk/evidence/statistics/rural/rural-defintion.htm ",,,,,,,
3 Up to a maximum of 10 employment sites.,,,,,,,
"4 A new method has been adopted in 2010 using Trafficmaster congestion data to calculate travel times for the car mode, as opposed to using default speeds. Please see the guidance note for further information.",,,,,,,
,,,,,,,
Telephone: 020 7944 4139,,,,,,,Source: DfT Accessibility Statistics
Email: subnational.stats@dft.gsi.gov.uk,,,,,,,Last updated: July 2012
Technical Notes & Guidance: (http://assets.dft.gov.uk/statistics/series/accessibility/accessibility-statistics-guidance.pdf),,,,,,,Next update: July 2013
The figures in this table are outside the scope of National Statistics,,,,,,,
,,,,,,,
,,,,,,,
,,,,,,,
