Department for Transport statistics,,,,,,,,
Accessibility Statistics (http://www.dft.gov.uk/statistics/series/accessibility/),,,,,,,,
Table ACS0313,,,,,,,,
"Number of sites available within a reasonable time1 by car, key services2, region, England, 2007 to 2011",,,,,,,,
,,,,,,,,Number
,,Key services,,,,,,
Year,Mode,Primary school,Secondary school,Further Education,GP,Hospital,Food store,Town Centres
2007,North East,2.9,3.7,7.7,3.7,3.4,6.1,..
,North West,2.9,3.7,7.9,3.8,3.4,6.2,..
,Yorkshire and the Humber,2.9,3.6,7.7,3.7,3.2,6.1,..
,East Midlands,2.9,3.6,7.7,3.7,3.1,6.0,..
,West Midlands,2.9,3.7,8.0,3.7,3.3,6.1,..
,East,2.9,3.5,7.4,3.7,2.9,6.0,..
,London,2.9,3.8,8.5,3.8,3.8,6.3,..
,South East,2.9,3.6,7.6,3.8,3.2,6.1,..
,South West,2.9,3.4,6.9,3.6,3.0,6.0,..
2008,North East,2.9,3.7,7.6,3.7,3.3,6.1,..
,North West,2.9,3.7,7.8,3.8,3.3,6.1,..
,Yorkshire and the Humber,2.9,3.6,7.6,3.7,3.2,6.1,..
,East Midlands,2.9,3.5,7.6,3.7,3.0,6.0,..
,West Midlands,2.9,3.7,7.9,3.7,3.3,6.1,..
,East,2.9,3.5,7.3,3.7,2.8,5.9,..
,London,2.9,3.8,8.5,3.8,3.8,6.3,..
,South East,2.9,3.6,7.5,3.8,3.1,6.1,..
,South West,2.9,3.3,6.8,3.6,2.9,5.9,..
2009,North East,2.9,3.7,7.7,3.8,3.3,6.1,4.1
,North West,2.9,3.7,7.8,3.8,3.3,6.2,4.7
,Yorkshire and the Humber,2.9,3.6,7.7,3.7,3.1,6.1,4.0
,East Midlands,2.9,3.5,7.7,3.7,2.9,6.0,3.5
,West Midlands,2.9,3.7,8.0,3.8,3.2,6.1,4.4
,East,2.9,3.5,7.3,3.7,2.7,5.9,3.2
,London,2.9,3.8,8.5,3.8,3.7,6.3,6.2
,South East,2.9,3.6,7.5,3.8,2.9,6.1,3.9
,South West,2.9,3.4,6.9,3.7,2.8,5.9,3.2
2010,North East,2.9,3.7,7.8,3.8,3.3,6.1,4.2
,North West,2.9,3.7,7.9,3.8,3.2,6.2,4.8
,Yorkshire and the Humber,2.9,3.6,7.8,3.8,3.0,6.1,4.1
,East Midlands,2.9,3.6,7.8,3.7,2.8,6.1,3.6
,West Midlands,2.9,3.7,8.0,3.8,3.2,6.1,4.6
,East,2.9,3.5,7.4,3.7,2.6,6.0,3.3
,London,2.9,3.8,8.5,3.8,3.7,6.3,6.2
,South East,2.9,3.6,7.6,3.8,2.8,6.1,4.0
,South West,2.9,3.4,7.0,3.7,2.8,6.0,3.3
2010,North East,2.9,3.5,7.1,3.7,2.7,6.0,2.9
New,North West,2.9,3.4,6.9,3.7,2.4,6.0,2.9
method3,Yorkshire and the Humber,2.9,3.3,6.8,3.7,2.2,5.9,2.4
,East Midlands,2.9,3.2,6.9,3.7,2.2,5.8,2.2
,West Midlands,2.9,3.5,7.3,3.7,2.4,6.0,2.9
,East,2.8,3.2,6.6,3.6,2.0,5.7,2.2
,London,2.9,3.6,7.9,3.8,2.7,6.2,4.0
,South East,2.9,3.2,6.7,3.7,2.2,5.8,2.6
,South West,2.8,2.9,6.1,3.5,2.2,5.5,2.0
2011,North East,2.9,3.5,7.1,3.7,2.6,6.1,2.9
New,North West,2.9,3.4,6.9,3.7,2.3,6.0,3.0
method3,Yorkshire and the Humber,2.9,3.3,6.8,3.7,2.1,5.9,2.4
,East Midlands,2.9,3.3,6.9,3.6,2.1,5.8,2.2
,West Midlands,2.9,3.5,7.4,3.7,2.4,6.0,2.9
,East,2.9,3.2,6.6,3.6,1.9,5.7,2.2
,London,2.9,3.7,7.9,3.8,2.6,6.2,4.1
,South East,2.9,3.2,6.7,3.6,2.1,5.9,2.6
,South West,2.8,3.0,6.0,3.5,2.1,5.6,2.0
1 The number of services available that can be accessed by users within a reasonable time up to a given maximum. Please see the key definitions and terms note for further information on methods.,,,,,,,,
2 The number of employment sites available within a reasonable time by car and region is given in table ACS0314.,,,,,,,,
"3 A new method has been adopted in 2010 using Trafficmaster congestion data to calculate travel times for the car mode, as opposed to using default speeds. Please see the guidance note for further information.",,,,,,,,
,,,,,,,,
Telephone: 020 7944 4139,,,,,,,,Source: DfT Accessibility Statistics
Email: subnational.stats@dft.gsi.gov.uk,,,,,,,,Last updated: July 2012
Technical Notes & Guidance: (http://assets.dft.gov.uk/statistics/series/accessibility/accessibility-statistics-guidance.pdf),,,,,,,,Next update: July 2013
The figures in this table are outside the scope of National Statistics,,,,,,,,
,,,,,,,,
,,,,,,,,
,,,,,,,,
