Department for Transport statistics,,,,
Accessibility Statistics (http://www.dft.gov.uk/statistics/series/accessibility/),,,,
Table ACS0314,,,,
"Number of Employment sites available within a reasonable time1 by car, size of employment centre, region, England, 2007 to 2011",,,,
,,,,Number
,,Number of employment sites accessible with...2,,
Year,Mode,100 to 499 jobs,"500 to 4,999 jobs",At least 5000 jobs
2007,North East,8.9,8.8,7.3
,North West,8.9,8.9,7.3
,Yorkshire and the Humber,8.9,8.8,7.3
,East Midlands,8.9,8.7,7.4
,West Midlands,8.9,8.8,7.8
,East,8.9,8.7,6.4
,London,9.0,9.0,8.7
,South East,8.9,8.9,7.1
,South West,8.8,8.7,5.8
2008,North East,8.9,8.8,7.8
,North West,8.9,8.9,7.5
,Yorkshire and the Humber,8.9,8.8,7.4
,East Midlands,8.9,8.8,7.1
,West Midlands,8.9,8.9,7.7
,East,8.9,8.7,6.6
,London,9.0,9.0,8.7
,South East,8.9,8.9,6.8
,South West,8.8,8.7,5.8
2009,North East,8.9,8.8,7.7
,North West,8.9,8.9,7.5
,Yorkshire and the Humber,8.9,8.8,7.5
,East Midlands,8.9,8.8,7.2
,West Midlands,8.9,8.9,7.7
,East,8.9,8.7,6.7
,London,9.0,9.0,8.6
,South East,8.9,8.9,6.9
,South West,8.8,8.7,5.6
2010,North East,8.9,8.8,7.9
,North West,8.9,8.9,7.6
,Yorkshire and the Humber,8.9,8.9,7.5
,East Midlands,8.9,8.8,7.2
,West Midlands,8.9,8.9,7.7
,East,8.9,8.8,6.7
,London,9.0,9.0,8.7
,South East,8.9,8.9,6.9
,South West,8.8,8.7,6.0
2010,North East,8.9,8.7,7.1
New,North West,8.9,8.8,6.5
method3,Yorkshire and the Humber,8.8,8.7,6.4
,East Midlands,8.8,8.6,6.2
,West Midlands,8.9,8.7,6.7
,East,8.8,8.6,6.0
,London,8.9,8.9,7.0
,South East,8.8,8.7,6.0
,South West,8.6,8.4,5.2
2011,North East,8.8,8.6,7.1
New,North West,8.9,8.7,6.5
method3,Yorkshire and the Humber,8.8,8.6,6.2
,East Midlands,8.7,8.6,6.3
,West Midlands,8.8,8.7,6.6
,East,8.7,8.5,5.7
,London,8.9,8.9,7.1
,South East,8.8,8.7,6.1
,South West,8.5,8.4,5.2
1 The number of services available that can be accessed by users within a reasonable time up to a given maximum. Please see the key definitions and terms note for further information on methods.,,,,
2 Up to a maximum of 10 employment sites.,,,,
"3 A new method has been adopted in 2010 using Trafficmaster congestion data to calculate travel times for the car mode, as opposed to using default speeds. Please see the guidance note for further information.",,,,
,,,,
Telephone: 020 7944 4139,,,,Source: DfT Accessibility Statistics
Email: subnational.stats@dft.gsi.gov.uk,,,,Last updated: July 2012
Technical Notes & Guidance: (http://assets.dft.gov.uk/statistics/series/accessibility/accessibility-statistics-guidance.pdf),,,,Next update: July 2013
The figures in this table are outside the scope of National Statistics,,,,
,,,,
,,,,
,,,,
