Department for Transport statistics,,,,,,,,,,,
Accessibility Statistics (http://www.dft.gov.uk/statistics/series/accessibility/),,,,,,,,,,,
Table ACS0101,,,,,,,,,,,
"Average minimum travel time to reach the nearest key services by mode of travel, England, 2007 to 2011",,,,,,,,,,,
,,,,,,,,,,Minutes,
,,Key services,,,,,,,,Average (of 7 key services1),
Year,Mode,Employment,Primary school,Secondary school,Further Education,GP,Hospital,Food store,Town Centres,,
2007,Public Transport / Walking,10,8,14,17,10,23,9,..,13,
,Cycle,8,5,9,13,7,19,6,..,10,
,Car,5,5,5,5,5,6,5,..,5,
2008,Public Transport / Walking,10,8,16,17,10,23,9,..,13,
,Cycle,7,5,8,11,7,16,6,..,9,
,Car,5,5,5,5,5,6,5,..,5,
2009,Public Transport / Walking,10,9,14,17,9,25,9,17,13,
,Cycle,7,5,9,13,6,23,6,15,10,
,Car,5,5,5,5,5,6,5,5,5,
2010,Public Transport / Walking,10,9,14,17,10,28,9,17,14
,Cycle,7,5,8,11,6,19,6,12,9
,Car,5,5,5,5,5,6,5,5,5
,Car (new method)2,5,5,6,6,5,8,5,7,6
2011,Public Transport / Walking,10,9,15,17,10,30,9,17,14
,Cycle,7,5,8,11,6,21,6,12,9
,Car (new method)2,5,5,6,6,5,9,5,7,6
"1 An average of the mimumum travel times to Employment centres, Primary schools, Secondary schools, Further Education, GPs, Hospitals and Food stores.",,,,,,,,,,
"2 A new method has been adopted in 2010 using Trafficmaster congestion data to calculate travel times for the car mode, as opposed to using default speeds.",,,,,,,,,,
  Please see the guidance note for further information.,,,,,,,,,,

Telephone: 020 7944 4139,,,,,,,,,,Source: DfT Accessibility Statistics
Email: subnational.stats@dft.gsi.gov.uk,,,,,,,,,,Last updated: July 2012
Technical Notes & Guidance: (http://assets.dft.gov.uk/statistics/series/accessibility/accessibility-statistics-guidance.pdf),,,,,,,,,,Next update: July 2013
The figures in this table are outside the scope of National Statistics,,,,,,,,,,
,,,,,,,,,,
,,,,,,,,,
,,,,,,,,,
