Department for Transport statistics,,,,,
Accessibility Statistics (http://www.dft.gov.uk/statistics/series/accessibility/),,,,,
Table ACS0103,,,,,
"Average minimum travel time to reach the nearest key services1 by mode of travel, rural and urban areas (full breakdown)2, England, 2007 to 2011",,,,,
,,,,,Minutes
,,Urban Rural Classification,,,
Year,Mode,Urban,Town + Fringe,Village,Hamlet + Isolated Dwellings
2007,Public Transport / Walking,11,16,22,25
,Cycle,7,14,20,20
,Car,5,6,6,6
2008,Public Transport / Walking,12,16,23,28
,Cycle,7,14,20,20
,Car,5,6,6,6
2009,Public Transport / Walking,12,16,22,26
,Cycle,8,16,23,23
,Car,5,6,6,6
2010,Public Transport / Walking,12,16,24,28
,Cycle,7,14,20,20
,Car,5,6,6,6
,Car (new method)3,6,7,7,7
2010,Public Transport / Walking,12,17,26,29
,Cycle,7,14,20,20
,Car (new method)3,6,7,8,8
"1 An average of the mimumum travel times to Employment centres, Primary schools, Secondary schools, Further Education, GPs, Hospitals and Food stores.",,,,,
"2 Defra's Rural Definition and Local Authority Classification has been used. For further information, see http://www.defra.gov.uk/evidence/statistics/rural/rural-defintion.htm ",,,,,
"3 A new method has been adopted in 2010 using Trafficmaster congestion data to calculate travel times for the car mode, as opposed to using default speeds. Please see the ",,,,,
   guidance note for further information.,,,,,
,,,,,
Telephone: 020 7944 3556,,,,,Source: DfT Accessibility Statistics
Email: subnational.stats@dft.gsi.gov.uk,,,,,Last updated: July 2012
Technical Notes & Guidance: (http://assets.dft.gov.uk/statistics/series/accessibility/accessibility-statistics-guidance.pdf),,,,,Next update: July 2013
The figures in this table are outside the scope of National Statistics,,,,,
,,,,,
,,,,,
,,,,,
