Department for Transport statistics,,,,,,,,,
(http://www.dft.gov.uk/pgr/statistics/datatablespublications/public/parkingstats),,,,,,,,,
Table CPE0110,,,,,,,,,
"Penalty Charge Notices (PCNs) issued on-street cancelled as a result of challenge1,2 by region, England (excluding London) 2007/08 to 2009/103,4",,,,,,,,,
,,,,,,,,,Thousands / Percentage
,North East5,North West,Yorkshire & The Humber,East of England,East Midlands,West Midlands,South East,South West,England Excluding London
PCNs issued on-street cancelled as a result of challenge,,,,,,,,,
2007/08 r,10,92,39,48,20,35,95,27,365
2008/09 r p,10,62,42,48,25,31,91,35,345
   2009/10   p,19,72,28,46,26,29,94,37,352
,,,,,,,,,
"PCNs issued on-street cancelled as a result of challenge, as a proportion of all PCNs challenged",,,,,,,,,
2007/08 r,53,53,59,45,31,48,52,50,49
2008/09 r p,53,49,55,49,40,40,50,44,48
   2009/10   p,68,41,38,44,38,32,48,42,43
1 Includes challenges made to Penalty Charge Notices both before and after a Notice to Owner (NTO) has been served. A NTO can be sent to the owner,,,,,,,,,
"of a vehicle which has received a PCN, and where a 28-day period has elapsed without the Penalty Charge being either paid or challenged.",,,,,,,,
"2 Figures in this table are not directly comparable to equivalent annual figures on PCNs issued or paid, as challenges can relate to PCNs issued in",,,,,,,,
earlier years.,,,,,,,,
3 Data imputed for missing values.,,,,,,,,
4 Data on challenges was not collected prior to 2007/08.,,,,,,,,
5 The large increase seen in the North East from 2008/09 to 2009/10 is due to the inclusion of Newcastle. Newcastle did not have Civil Parking Enforcement,,,,,,,,
powers prior to 2009/10.,,,,,,,,
Telephone: 020 7944 4139,,,,,,,,
Email: parking.data@dft.gsi.gov.uk,,,,,,,,
Notes & definitions (http://www.dft.gov.uk/pgr/statistics/datatablespublications/public/parkingstats/#technical),,,,,,,,
Source: DfT Survey of Local Authorities with Civil Parking Enforcement Powers,,,,,,,,
Last updated: 20 January 2011,,,,,,,,
Next update: Early 2012,,,,,,,,
The figures in this table are National Statistics.,,,,,,,,
