Department for Transport statistics,,,,
(http://www.dft.gov.uk/pgr/statistics/datatablespublications/public/parkingstats/),,,,
Table CPE0209,,,,
"Penalty Charge Notices (PCNs) issued off-street cancelled as a result of challenges1, England2 2007/08 to 2009/103,4",,,,
,,,,Thousands / Percentage
,London,English metropolitan areas,English non-metropolitan areas,England
PCNs issued off-street cancelled as a result of challenge,,,,
2007/08 r,45,40,124,210
2008/09 r p,65,47,150,262
2009/10 p,68,46,181,295
,,,,
"PCNs issued off-street cancelled as a result of challenge, as a proportion of all challenged",,,,
2007/08 r,73,67,60,64
2008/09 r p,55,61,58,58
   2009/10   p,59,56,59,59
1 Includes challenges made to Penalty Charge Notices both before and after a Notice to Owner (NTO) has been served. A NTO can ,,,,
"be sent to the owner of a vehicle which has received a PCN, and where a 28-day period has elapsed without the Penalty Charge",,,,
being either paid or challenged.,,,,
"2 Figures in this table are not directly comparable to equivalent annual figures on PCNs issued or paid, as challenges can relate to",,,,
PCNs issued in earlier years.,,,,
3 Data imputed for missing values.,,,,
4 Data on challenges were not collected prior to 2007/08.,,,,
Telephone: 020 7944 4139,,,,
Email: parking.data@dft.gsi.gov.uk,,,,
Notes & definitions (http://www.dft.gov.uk/pgr/statistics/datatablespublications/public/parkingstats/#technical),,,,
Source: DfT Survey of Local Authorities with Civil Parking Enforcement Powers,,,,
Last updated: 20 January 2011,,,,
Next update: Early 2012,,,,
The figures in this table are National Statistics.,,,,
