Department for Transport statistics,,,,,,,,,
(http://www.dft.gov.uk/pgr/statistics/datatablespublications/public/parkingstats),,,,,,,,,
Table CPE0204,,,,,,,,,
"Penalty Charge Notices (PCNs) issued off-street paid at the discount rate1 by region, England (excluding London) 2007/08 to 2009/102",,,,,,,,,
,North East4,North West,Yorkshire & The Humber,East of England,East Midlands,West Midlands,South East,South West,England Excluding London
PCNs issued off-street and paid at discount rate3,,,,,,,,,
2007/08 r,10,68,34,73,23,48,155,65,476
2008/09 r p,15,79,36,70,35,64,157,89,545
2009/10 p,25,117,36,77,57,71,175,104,660
PCNs issued off-street and paid at discount rate as a percentage of all PCNs issued,,,,,,,,,
2007/08 r,55,50,54,57,62,55,56,46,54
2008/09 r p,56,46,57,55,61,58,56,53,54
2009/10 p,61,64,59,51,62,57,59,53,58
1 The Penalty Charge is discounted if paid in a 'discount period' (either 14 or 21 days) immediately following the date of issue. The full rate applies if the Penalty,,,,,,,,,
Charge is not paid within this period.,,,,,,,,,
2 Data imputed for missing values.,,,,,,,,,
3 Data for off-street parking was not collected prior to 2007/08.,,,,,,,
4 The large increase seen in the North East from 2008/09 to 2009/10 is due to the inclusion of Newcastle. Newcastle did not have Civil Parking Enforcement powers,,,,,,,
prior to 2009/10.,,,,,,,
Telephone: 020 7944 4139,,,,,,,
Email: parking.data@dft.gsi.gov.uk,,,,,,,
Notes & definitions (http://www.dft.gov.uk/pgr/statistics/datatablespublications/public/parkingstats/#technical),,,,,,,
Source: DfT Survey of Local Authorities with Civil Parking Enforcement Powers,,,,,,,
Last updated: 20 January 2011,,,,,,,
Next update: Early 2012,,,,,,,
The figures in this table are National Statistics.,,,,,,,
