Department for Transport statistics,,,,,,,,,
(http://www.dft.gov.uk/pgr/statistics/datatablespublications/public/parkingstats),,,,,,,,,
Table CPE0208,,,,,,,,,
"Penalty Charge Notices (PCNs) issued off-street subject to challenge by region1,2 England (excludng London), 2007/08 to 2009/103,4",,,,,,,,,
,,,,,,,,,Thousands
,North East,North West,Yorkshire & The Humber,East of England,East Midlands,West Midlands,South East,South West,England Excluding London
2007/08 r,6,44,17,41,15,30,76,37,267
2008/09 r p,8,70,18,50,20,43,78,48,334
2009/10 p,21,68,18,56,36,42,89,59,388
1 Includes challenges made to Penalty Charge Notices both before and after a Notice to Owner (NTO) has been served. A NTO can ,,,,,,,,,
"be sent to the owner of a vehicle which has received a PCN, and where a 28-day period has elapsed without the Penalty Charge",,,,,,,,,
being either paid or challenged.,,,,,,,,,
"2 Figures in this table are not directly comparable to equivalent annual figures on PCNs issued or paid, as challenges can relate to",,,,,,,,,
PCNs issued in earlier years.,,,,,,,,,
3 Data imputed for missing values.,,,,,,,,,
4 Data on challenges were not collected prior to 2007/08.,,,,,,,,,
Telephone: 020 7944 4139,,,,,,
Email: parking.data@dft.gsi.gov.uk,,,,,,
Notes & definitions (http://www.dft.gov.uk/pgr/statistics/datatablespublications/public/parkingstats/#technical),,,,,,
Source: DfT Survey of Local Authorities with Civil Parking Enforcement Powers,,,,,,
Last updated: 20 January 2011,,,,,,
Next update: Early 2012 ,,,,,,
The figures in this table are National Statistics.,,,,,,
