Department for Transport statistics,,,,
(http://www.dft.gov.uk/pgr/statistics/datatablespublications/public/parkingstats),,,,
Table CPE0201,,,,
"Penalty Charge Notices (PCNs) issued off-street by area type, England 2007/08 to 2009/101,2",,,,
,,,,Thousands
,London,English     metropolitan       areas,English non-metropolitan        areas,England
2007/08 r, 692 , 180 , 706 ," 1,578 "
2008/09 r p, 667 , 218 , 783 ," 1,668 "
2009/10 p, 660 , 226 , 912 ," 1,799 "
1 Data imputed for missing values.,,,,
2 Data for off-street parking was not collected prior to 2007/08.,,,,
Telephone: 020 7944 4139,,,,
Email: parking.data@dft.gsi.gov.uk,,,,
Notes & definitions (http://www.dft.gov.uk/pgr/statistics/datatablespublications/public/parkingstats/#technical),,,,
Source: DfT Survey of Local Authorities with Civil Parking Enforcement Powers,,,,
Last updated: 20 January 2011,,,,
Next update: Early 2012 
The figures in this table are National Statistics.
