Department for Transport statistics,,,,,,,,,
(http://www.dft.gov.uk/pgr/statistics/datatablespublications/public/parkingstats),,,,,,,,,
Table CPE0105,,,,,,,,,
"Penalty Charge Notices (PCNs) issued on-street paid at the full rate1 by area type, England 2000 to 2009/102",,,,,,,,,
,,,,Thousands / Percentage,,,,,
,London,English    metropolitan        areas,English non-metropolitan        areas,England,,,,,
PCNs issued on-street and paid at full rate3,,,,,,,,,
2000, 483 , 29 , 62 , 559 ,,,,,
2001, 549 , 50 , 120 , 689 ,,,,,
2002, 672 , 76 , 189 , 898 ,,,,,
2003, 707 , 104 , 232 ," 1,067 ",,,,,
2004, 917 , 99 , 245 ," 1,306 ",,,,,
2005, 708 , 117 , 290 ," 1,079 ",,,,,
2006, 777 , 155 , 310 ," 1,187 ",,,,,
2007, 864 , 167 , 335 ," 1,378 ",,,,,
2007/08 r, 855 , 142 , 298 ," 1,295 ",,,,,
2008/09 r p, 717 , 139 , 336 ," 1,192 "
   2009/10   p, 675 , 137 , 318 ," 1,130 "
PCNs issued on-street and paid at full rate as a percentage of all PCNs issued,,,,
2000,12,15,14,12
2001,13,15,16,13
2002,14,15,17,14
2003,14,17,16,15
2004,17,15,15,17
2005,14,14,16,14
2006,15,17,17,15
2007,17,18,16,17
2007/08 r,17,16,15,16
2008/09 r p,17,15,16,16
   2009/10   p,17,15,15,16
1 The Penalty Charge is discounted if paid in a 'discount period' (either 14 or 21 days) immediately following the date of issue. The full rate,,,,
applies if the Penalty Charge is not paid within this period.,,,,
2 Data imputed for missing values.,,,,,
"3 Until 2007, data for on-street parking was collected for calendar years.",,,,,
Telephone: 020 7944 4139,,,,,
Email: parking.data@dft.gsi.gov.uk,,,,,
Notes & definitions (http://www.dft.gov.uk/pgr/statistics/datatablespublications/public/parkingstats/#technical),,,,,
Source: DfT Survey of Local Authorities with Civil Parking Enforcement Powers,,,,,
Last updated: 20 January 2011,,,,,
Next update: Early 2012,,,,,
The figures in this table are National Statistics.,,,,,
