Department for Transport statistics,,,,,,,,
(http://www.dft.gov.uk/pgr/statistics/datatablespublications/public/pakingstats),,,,,,,,
Table CPE0103,,,,,,,,
"Penalty Charge Notices (PCNs) issued on-street paid at the discount rate1 by area type, England 2000 to 2009/102",,,,,,,,
,,,,Thousands / Percentage,,,,
,London,English metropolitan areas,English non-metropolitan areas,England,,,,
PCNs issued on-street and paid at discount rate3,,,,,,,,
2000," 1,407 ", 109 , 231 ," 1,770 ",,,,
2001," 1,815 ", 183 , 367 ," 2,386 ",,,,
2002," 2,016 ", 262 , 512 ," 2,823 ",,,,
2003," 2,223 ", 306 , 724 ," 3,272 ",,,,
2004," 2,480 ", 337 , 848 ," 3,688 ",,,,
2005," 2,429 ", 418 , 978 ," 3,777 ",,,,
2006," 2,435 ", 455 , 966 ," 3,877 ",,,,
2007," 2,439 ", 484 ," 1,151 "," 4,052 ",,,,
2007/08 r," 2,550 ", 485 ," 1,156 "," 4,191 ",,,,
2008/09 r p," 2,177 ", 520 ," 1,219 "," 3,916 ",,
   2009/10   p," 1,991 ", 548 ," 1,343 "," 3,883 ",,
PCNs issued on-street and paid at discount rate as a percentage of all PCNs issued,,,,,,
2000,35,57,52,38,,
2001,43,55,49,45,,
2002,42,52,46,44,,
2003,44,50,50,46,,
2004,46,51,52,48,,
2005,48,50,54,49,,
2006,47,50,53,49,,
2007,48,52,55,50,,
2007/08 r,50,53,59,53,,
2008/09 r p,50,57,56,53,,
   2009/10   p,50,58,62,54,,
1 The Penalty Charge is discounted if paid in a 'discount period' (either 14 or 21 days) immediately following the date of issue. The full rate applies,,,,,,
if the Penalty Charge is not paid within this period.,,,,,,
2 Data imputed for missing values.,,,,
"3 Until 2007, data for on-street parking was collected for calendar years.",,,,
Telephone: 020 7944 4139,,,,
Email: parking.data@dft.gsi.gov.uk,,,,
Notes & definitions (http://www.dft.gov.uk/pgr/statistics/datatablespublications/public/parkingstats/#technical),,,,
Source: DfT Survey of Local Authorities with Civil Parking Enforcement Powers,,,,
Last updated: 20 January 2011,,,,
Next update: Early 2012,,,,
The figures in this table are National Statistics.,,,,
