Department for Transport statistics,,,,,,,,,
(http://www.dft.gov.uk/pgr/statistics/datatablespublications/public/parkingstats),,,,,,,,,
Table CPE0210,,,,,,,,,
"Penalty Charge Notices (PCNs) issued off-street cancelled as a result of challenge1 by region, England (excluding London)2, 2007/08 to 2009/103,4",,,,,,,,,
,,,,,,,,,Thousands / Percentage
,North East,North West,Yorkshire & The Humber,East of England,East Midlands,West Midlands,South East,South West,England Excluding London
PCNs issued off-street cancelled as a result of challenge,,,,,,,,,
2007/08 r,3,30,12,23,8,17,48,23, 164 
2008/09 r p,4,35,10,31,10,23,55,28, 196 
2009/10 p,8,44,9,34,18,26,57,32, 228 
,,,,,,,,,
"PCNs issued off-street cancelled as a result of challenge, as a proportion of all challenged",,,,,,,,,
2007/08 r,50,68,71,56,53,57,63,62,61
2008/09 r p,50,50,56,62,50,53,71,58,59
   2009/10   p,38,65,50,61,50,62,64,54,59
1 Includes challenges made to Penalty Charge Notices both before and after a Notice to Owner (NTO) has been served. A NTO can ,,,,,,,,,
"be sent to the owner of a vehicle which has received a PCN, and where a 28-day period has elapsed without the Penalty Charge",,,,,
being either paid or challenged.,,,,,
"2 Figures in this table are not directly comparable to equivalent annual figures on PCNs issued or paid, as challenges can relate to",,,,,
PCNs issued in earlier years.,,,,,
3 Data imputed for missing values.,,,,,
4 Data on challenges were not collected prior to 2007/08.,,,,,
Telephone: 020 7944 4139,,,,,
Email: parking.data@dft.gsi.gov.uk,,,,,
Notes & definitions (http://www.dft.gov.uk/pgr/statistics/datatablespublications/public/parkingstats/#technical),,,,,
Source: DfT Survey of Local Authorities with Civil Parking Enforcement Powers,,,,,
Last updated: 20 January 2011,,,,,
Next update: Early 2012,,,,,
The figures in this table are National Statistics.,,,,,
