Department for Transport statistics,,,,
(http://www.dft.gov.uk/pgr/statistics/datatablespublications/public/parkingstats),,,,
Table CPE0203,,,,
"Penalty Charge Notices (PCNs) issued off-street paid at the discount rate1, England 2007/08 to 2009/102",,,,
,,,,Thousands / Percentage
,London,English     metropolitan       areas,English non-metropolitan        areas,England
PCNs issued off-street and paid at discount rate3,,,,
2007/08 r,325,90,386,801
2008/09 r p,328,118,428,873
2009/10 p,328,125,535,988
PCNs issued off-street and paid at discount rate as a percentage of all PCNs issued,,,,
2007/08 r,47,50,55,51
2008/09 r p,49,54,55,52
2009/10 p,50,55,59,55
1 The Penalty Charge is discounted if paid in a 'discount period' (either 14 or 21 days) immediately following the date of issue. The full,,,,
rate applies if the Penalty Charge is not paid within this period.,,,,
2 Data imputed for missing values.,,,,
3 Data for off-street parking was not collected prior to 2007/08.,,,,
Telephone: 020 7944 4139,,,,
Email:parking.data@dft.gsi.gov.uk,,,,
Notes & definitions (http://www.dft.gov.uk/pgr/statistics/datatablespublications/public/parkingstats/#technical),,,,
Source: DfT Survey of Local Authorities with Civil Parking Enforcement Powers,,,,
Last updated: 20 January 2011,,,,
Next update: Early 2012,,,,
The figures in this table are National Statistics.,,,,
