Department for Transport statistics,,,,,,,,,
(http://www.dft.gov.uk/pgr/statistics/datatablespublications/public/parkingstats),,,,,,,,,
Table CPE0104,,,,,,,,,
"Penalty Charge Notices (PCNs) issued on-street paid at the discount rate1 by region, England (excluding London) 2000 to 2009/102",,,,,,,,,
,,,,,,,,,Thousands / Percentage
,North East4,North West,Yorkshire & The Humber,East of England,East Midlands,West Midlands,South East,South West,England Excluding London
PCNs issued on-street and paid at discount rate3,,,,,,,,,
2000,0,97,2,52,0,13,156,21,341
2001,0,156,9,61,4,30,233,57,551
2002,0,206,12,91,32,92,277,69,779
2003,15,242,20,115,73,121,343,101,"1,030"
2004,18,310,17,137,76,127,383,126,"1,194"
2005,17,334,96,220,69,136,392,120,"1,385"
2006,22,304,151,212,58,149,407,120,"1,422"
2007,33,322,178,228,117,189,424,133,"1,624"
2007/08 r,38,340,161,224,124,185,434,137,"1,642"
2008/09 r p,42,323,171,216,144,183,448,212,"1,740"
   2009/10   p,78,367,165,217,162,192,479,232,"1,891"
PCNs issued on-street and paid at discount rate as a percentage of all PCNs issued,,,,,,,,,
2000,-,57,61,65,-,55,49,48,54
2001,-,56,57,53,12,48,49,55,51
2002,-,55,55,50,50,48,43,47,48
2003,49,52,55,47,55,51,48,52,50
2004,50,53,51,51,58,54,50,53,52
2005,48,49,57,55,61,52,51,55,52
2006,48,48,57,57,52,53,50,57,52
2007,53,50,62,64,57,59,55,61,57
2007/08 r,59,53,56,63,60,58,57,63,57
2008/09 r p,61,51,58,58,62,58,55,60,57
   2009/10   p,62,61,60,62,63,59,60,61,61
1 The Penalty Charge is discounted if paid in a 'discount period' (either 14 or 21 days) immediately following the date of issue. The full rate applies if the Penalty,,,,,,,,,
Charge is not paid within this period.,,,,,,,,,
2 Data imputed for missing values.,,,,,,
"3 Until 2007, data on on-street parking was collected for calendar years.",,,,,,
4 The large increase seen in the North East from 2008/09 to 2009/10 is due to the inclusion of Newcastle. Newcastle did not have Civil Parking Enforcement powers,,,,,,
prior to 2009/10.,,,,,,
Telephone: 020 7944 4139,,,,,,
Email: parking.data@dft.gsi.gov.uk,,,,,,
Notes & definitions (http://www.dft.gov.uk/pgr/statistics/datatablespublications/public/parkingstats/#technical),,,,,,
Source: DfT Survey of Local Authorities with Civil Parking Enforcement Powers,,,,,,
Last updated: 20 January 2011,,,,,,
Next update: Early 2012,,,,,,
The figures in this table are National Statistics.,,,,,,
