Department for Transport statistics,
(http://www.dft.gov.uk/pgr/statistics/datatablespublications/public/parkingstats),
Table CPE0301,
Number of local authorities with Civil Parking Enforcement (CPE) powers: England 2000 to 2009/10,
,
Year1,England2
,
2000, 28 
2001, 46 
2002, 67 
2003, 87 
2004, 121 
2005, 143 
2006, 164 
2007, 202 
2007/08 r, 203 
2008/09 r p, 244 
   2009/103 p, 237 
"1 Until 2007, data on on-street CPE powers was collected for calendar years, subsequently for financial years.",
In either case the relevant end-of-year position is shown in this table.,
2 London is counted here as one authority,
3 The number of local authorities with CPE powers has decreased in 2009/10 due to local government,
reorganisation at the start of the year. Several local authorities with CPE powers were subject to mergers,
or other changes on 1 April 2009.,
Telephone: 020 7944 4139,
Email: parking.data@dft.gsi.gov.uk,
Notes & definitions (http://www.dft.gov.uk/pgr/statistics/datatablespublications/public/parkingstats/#technical),
Source: DfT Survey of Local Authorities with Civil Parking Enforcement Powers,
Last updated: 20 January 2011,
Next update: Early 2012,
The figures in this table are National Statistics.,
