Department for Transport statistics,,,,
(http://www.dft.gov.uk/pgr/statistics/datatablespublications/public/parkingstats),,,,
Table CPE0205,,,,
"Penalty Charge Notices (PCNs) issued off-street paid at the full rate1 by area type, England 2007/08 to 2009/102",,,,
,,,,Thousands / Percentage
,London,English metropolitan areas,English non-metropolitan areas,England
PCNs issued off-street and paid at full rate3,,,,
2007/08,83,24,110,217
2008/09,67,25,103,196
   2009/10 p,66,26,120,212
PCNs issued off-street and paid at full rate as a percentage of all PCNs issued,,,,
2007/08,12,13,16,14
2008/09,10,12,13,12
   2009/10 p,10,12,13,12
1 The Penalty Charge is discounted if paid in a 'discount period' (either 14 or 21 days) immediately following the date of issue. The full rate,,,,
applies if the Penalty Charge is not paid within this period.,,,,
2 Data imputed for missing values.,,,,
3 Data for off-street parking was not collected prior to 2007/08.,,,,
Telephone: 020 7944 4139,,,,
Email: parking.data@dft.gsi.gov.uk,,,,
Notes & definitions (http://www.dft.gov.uk/pgr/statistics/datatablespublications/public/parkingstats/#technical),,,,
Source: DfT Survey of Local Authorities with Civil Parking Enforcement Powers,,,,
Last updated: 20 January 2011,,,,
Next update: Early 2012,,,,
The figures in this table are National Statistics.,,,,
