Department for Transport statistics,,,,,,,,,
(http://www.dft.gov.uk/pgr/statistics/datatablespublications/public/parkingstats),,,,,,,,,
Table CPE0106,,,,,,,,,
"Penalty Charge Notices (PCNs) issued on-street paid at the full rate1 by region, England (excluding London), 2000 to 2009/102",,,,,,,,,
,,,,,,,,,Thousands / Percentage
,North East4,North West,Yorkshire & The Humber,East of England,East Midlands,West Midlands,South East,South West,England Excluding London
PCNs issued on-street and paid at full rate3,,,,,,,,,
2000,0,12,2,7,14,4,44,0,83
2001,0,27,6,43,13,11,83,9,192
2002,3,67,13,25,17,18,106,36,285
2003,9,69,28,34,17,26,121,44,349
2004,10,65,21,49,17,33,108,40,342
2005,8,79,23,59,21,37,121,62,410
2006,18,88,23,64,25,37,148,72,476
2007/08 r,11,94,47,41,31,55,123,36,440
2008/09 r p,8,90,39,62,32,54,138,52,475
   2009/10   p,16,94,35,50,31,56,114,58,455
PCNs issued on-street and paid at full rate as a percentage of all PCNs issued,,,,,,,,,
2000,-,7,50,9,-,16,14,0,13
2001,-,10,36,37,43,17,18,9,18
2002,-,18,56,14,26,10,17,24,18
2003,29,15,76,14,13,11,17,23,17
2004,26,11,63,18,13,14,14,17,15
2005,22,12,13,15,18,14,16,28,15
2006,39,14,9,17,22,13,18,34,17
2007/08 r,18,15,16,12,15,17,16,17,15
2008/09 r p,13,14,13,17,15,17,18,24,17
   2009/10   p,23,15,12,14,13,18,14,16,15
1 The Penalty Charge is discounted if paid in a 'discount period' (either 14 or 21 days) immediately following the date of issue. The full rate applies if the Penalty,,,,,,,,,
Charge is not paid within this period.,,,,,,,,,
2 Data imputed for missing values.,,,,,,,,,
"3 Until 2007, data on on-street parking was collected for calendar years.",,,,,,,,,
4 The large increase seen in the North East from 2008/09 to 2009/10 is due to the inclusion of Newcastle. Newcastle did not have Civil Parking Enforcement powers,,,,,,,
prior to 2009/10.,,,,,,,
Telephone: 020 7944 4139,,,,,,,
Email: parking.data@dft.gsi.gov.uk,,,,,,,
Notes & definitions (http://www.dft.gov.uk/pgr/statistics/datatablespublications/public/parkingstats/#technical),,,,,,,
Source: DfT Survey of Local Authorities with Civil Parking Enforcement Powers,,,,,,,
Last updated: 20 January 2011,,,,,,,
Next update: Early 2012,,,,,,,
The figures in this table are National Statistics.,,,,,,,
