Department for Transport statistics,,,,,,,,,,,,,,,,,,,,,
Bus Statistics (http://www.dft.gov.uk/pgr/statistics/datatablespublications/public/parkingstats/),,,,,,,,,,,,,,,,,,,,,
Table CPE0401,,,,,,,,,,,,,,,,,,,,,
"Penalty charge notices by local authority, England and Wales, Off-Street, 2007/081,4",,,,,,,,,,,,,,,,,,,,,
Local Authorities,Region,Number of Penalty Charge Notices (PCNs) issued for higher-level parking contraventions?,Number of PCNs issued for lower-level parking contraventions?,Total number of PCNs issued?,Number of PCNs paid in full at the discount rate? (50% of full rate.),Number of PCNs paid in full at non-discount rates?,Total number of PCNs paid?,Total number of PCNs unpaid?,Number of applications made to register road traffic debts at the Traffic Enforcement Centre,Number of PCNs issued by CEOs which were the subject of challenges for statutory and non-statutory reasons (pre and post-NTO),Number of PCNs issued using evidence from approved devices which were subject of challenges for statutory and other reasons (pre and post-NTO),Total number of PCNs Challenged at pre and post NTO stage,"Number of PCNs as a result of these challenges which were 'in the opinion of the Local Authority correctly issued', were cancelled or waived2","Number of PCNs as a result of these challenges, which were subsequently found in the opinion of the local authority to be incorrectly issued, were cancelled for statutory reasons3","Total number of pre and post challenges cancelled, waived following a pre or post NTO challenge against a PCN",Number of challenges (2c) resulting in cases going for adjudication,"Number of PCNs were written off due to admin error, motorist untraceable or debt deemed to be uncollectable, i.e. out of jurisdiction. ",Does the authority use immobilisation or removal of vehicles?,Number of vehicles immobilised (i.e. wheelclamped),Were vehicles removed?,Number of cars and light vans registed in local authority at 31 March 20085
Allerdale,North West, -   , -   ," 6,684 "," 4,408 ", 427 ," 4,835 "," 1,849 ", 220 ," 3,387 ", -   ," 3,387 ", 60 ," 1,641 "," 1,701 ", 7 , 237 , N ,  ,  ," 52,687 "
Ashford,South East, -   , -   ," 7,624 "," 4,056 ", 706 ," 4,762 "," 2,862 ", 396 ," 2,600 ",  ," 2,600 ", 119 ," 2,004 "," 2,123 ", 10 , 171 , N ,  ,  ," 65,767 "
Ashfield,East Midlands, -   , -   , -   , -   , -   , -   , -   , -   , -   , -   , -   , -   , -   , -   , -   , -   , -   , -   , -   ," 57,644 "
Aylesbury Vale,South East, -   , -   , -   , -   , -   , -   , -   , -   , -   , -   , -   , -   , -   , -   , -   , -   , N , -   , -   ," 100,590 "
Barnet,London, -   , -   ," 5,176 "," 3,135 ", 791 ," 3,926 "," 1,250 ", 672 ," 1,649 ",  ," 1,649 ", 346 , 108 , 454 , 48 , 164 , N ,  ,  , -   
Barking and Dagenham,London, -   , -   , -   , -   , -   , -   , -   , -   , -   , -   , -   , -   , -   , -   , -   , -   , -   , -   , -   , -   
Barnsley,Yorkshire and The Humber, -   , -   ," 3,654 "," 1,959 ", 322 ," 2,281 "," 1,373 ", -   , -   , -   , -   , -   , -   , -   , -   , -   , -   , -   , -   ," 109,081 "
Barrow-in-Furness,North West, -   , -   ," 3,604 "," 2,513 ", 348 ," 2,861 ", 743 , 172 ," 1,100 ", -   ," 1,100 ", -   , 455 , 455 , 5 , 220 , N ,  ,  ," 30,893 "
Basingstoke and Deane,South East, -   , -   ," 3,890 "," 2,235 ", 610 ," 2,845 "," 1,045 ", 408 , 894 ,  , 894 , 304 , 303 , 607 , 1 , 332 , N ,  ,  ," 92,940 "
Basildon,East of England, -   , -   ," 4,138 "," 2,576 ", 410 ," 2,986 "," 1,152 ", 160 ," 1,827 ", -   ," 1,827 ", 91 , 805 , 896 , 24 , 148 , N ,  ,  ," 90,480 "
Bassetlaw,East Midlands, -   , -   , -   , -   , -   , -   , -   , -   , -   , -   , -   , -   , -   , -   , -   , -   , -   , -   , -   ," 60,952 "
Bath and North East Somerset,South West, -   , -   ," 25,227 "," 2,554 "," 18,737 "," 21,291 "," 3,936 ", 415 ," 1,090 ", -   ," 1,090 ", 21 , 689 , 710 , 6 , 14 , N ,  ,  ," 104,686 "
Bexley,London, -   , -   ," 8,919 "," 3,433 "," 2,456 "," 5,889 "," 3,030 ", -   , -   , -   , -   , -   , -   ," 1,840 ", -   , -   , -   , -   , -   , -   
Birmingham,West Midlands, -   , -   ," 19,527 "," 9,402 "," 3,874 "," 13,276 "," 6,251 "," 2,022 "," 8,470 ", -   ," 8,470 ", 718 ," 3,451 "," 4,169 ", -   ," 1,667 ", Y , -   , -   ," 566,356 "
Blaby,East Midlands, -   , -   , 578 , 387 , 32 , 419 , 159 , -   , -   , -   , -   , -   , -   , -   , -   , -   , -   , -   , -   ," 55,184 "
Blackburn with Darwen,North West, -   , -   ," 4,297 "," 2,515 ", 445 ," 2,960 "," 1,337 ", 225 ," 2,018 ", -   ," 2,018 ", -   , -   , -   , 9 , -   , -   , -   , -   ," 63,168 "
Blackpool,North West, -   , -   , -   , -   , -   , -   , -   , -   , -   , -   , -   , -   , -   , -   , -   , -   , -   , -   , -   ," 60,723 "
Bolton,North West, -   , -   ," 9,730 "," 4,905 ", 905 ," 5,810 "," 3,920 ", 961 ," 5,347 ", -   ," 5,347 ", 46 ," 2,767 "," 2,813 ", 68 , 180 , N ,  ,  ," 128,045 "
Bournemouth,South West, -   , -   ," 9,536 "," 4,321 "," 2,150 "," 6,471 "," 3,065 ", 988 , -   , -   , -   , -   , -   , -   , -   , -   , -   , -   , -   ," 85,318 "
Bracknell Forest,South East, -   , -   ," 1,806 "," 1,159 ", 297 ," 1,456 ", 350 , 189 , 117 , -   , 117 , 19 , 98 , 117 , -   , 95 , N ,  ,  ," 75,799 "
Braintree,East of England, -   , -   ," 1,543 "," 1,061 ", 223 ," 1,284 ", 259 , 208 , 447 , -   , 447 , 26 , 114 , 140 , 5 , 89 , N ,  ,  ," 84,400 "
Brent,London, -   , -   , 849 , 264 , 88 , 352 , 497 , 142 , 27 , -   , 27 , 17 , 8 , 25 , 1 , 41 , Yes , -   , -   , -   
Brentwood,East of England, -   , -   ," 2,819 "," 1,750 ", 313 ," 2,063 ", 756 , 173 , 933 , -   , 933 , -   , -   , -   , -   , -   , -   , -   , -   ," 51,943 "
Bridgnorth,West Midlands, -   , -   ," 2,167 "," 1,252 ", 174 ," 1,426 ", 741 , 97 , 784 , -   , 784 , 71 , 470 , 541 , 1 , 11 , N ,  ,  ," 33,972 "
Brighton and Hove,South East, -   , -   ," 1,256 ", 626 , 164 , 790 , 466 , 226 , 579 , -   , 579 , 2 , 207 , 209 , 2 , 24 , Y , -   , -   ," 99,561 "
Bristol,South West, -   , -   ," 1,213 ", -   , -   , -   , -   , -   , -   , -   , -   , -   , -   , -   , -   , -   , -   , -   , -   ," 215,763 "
Bromley,London, -   , -   , -   , -   , -   , -   , -   , -   , -   , -   , -   , -   , -   , -   , -   , -   , -   , -   , -   , -   
Broxtowe,East Midlands, -   , -   , -   , -   , -   , -   , -   , -   , -   , -   , -   , -   , -   , -   , -   , -   , -   , -   , -   ," 57,884 "
Broxbourne,East of England, -   , -   ," 4,581 "," 2,646 ", 527 ," 3,173 "," 1,408 ", 366 ," 1,771 ", -   ," 1,771 ", -   , -   , 9 , 8 , 257 ,  ,  ,  ," 54,009 "
Burnley,North West, -   , -   , -   , -   , -   , -   , -   , -   , -   , -   , -   , -   , -   , -   , -   , -   , N ,  ,  ," 37,833 "
Bury,North West, -   , -   ," 7,784 "," 4,284 ", 808 ," 5,092 "," 2,692 ", 674 , 77 ,  , 77 , 76 ," 2,712 "," 2,788 ", 25 , 60 , N ,  ,  ," 98,697 "
Calderdale,Yorkshire and The Humber, -   , -   ," 4,132 "," 1,884 "," 1,106 "," 2,990 "," 1,142 ", 282 ," 1,292 ", -   ," 1,292 ", 571 , 22 , 593 , 8 , 230 , N ,  ,  ," 93,198 "
Cambridge,East of England, -   , -   ," 3,379 "," 1,959 ", 491 ," 2,450 ", 929 , 239 ," 2,044 ", -   ," 2,044 ", 15 , 414 , 429 , 6 , 534 , N ,  ,  ," 40,854 "
Camden,London, -   , -   , -   , -   , -   , -   , -   , -   , -   , -   , -   , -   , -   , -   , -   , -   , -   , -   , -   , -   
Canterbury,South East, -   , -   ," 12,417 "," 6,632 "," 1,597 "," 8,229 "," 4,188 ", -   , -   , -   , -   , -   , -   , -   , -   , -   , -   , -   , -   ," 70,651 "
Carlisle,North West, -   , -   ," 3,821 "," 2,569 ", 237 ," 2,806 "," 1,015 ", -   , -   , -   , -   , -   , -   , -   , -   , -   , -   , -   , -   ," 55,651 "
Carmarthenshire,Wales, -   , -   ," 5,817 "," 3,118 ", 591 ," 3,709 "," 2,108 ", 302 ," 1,796 ", -   ," 1,796 ", -   ," 1,780 "," 1,780 ", 6 , 389 , N ,  ,  ," 103,699 "
Castle Point,East of England, -   , -   , 645 , 332 , 160 , 492 , 153 , -   , 141 , -   , 141 , 48 , 33 , 81 , -   , 1 , N ,  ,  ," 50,551 "
Charnwood,East Midlands, -   , -   ," 4,022 "," 2,675 ", 343 ," 3,018 "," 1,004 ", -   , -   , -   , -   , -   , 450 , 450 , -   , 54 , N ,  ,  ," 83,039 "
Cheltenham,South West, -   , -   ," 1,441 ", 553 , 212 , 765 ," 2,206 ", 288 , -   , -   , -   , -   , -   , -   , -   , -   , N , -   , -   ," 56,123 "
Chelmsford,East of England, -   , -   ," 4,729 "," 2,873 ", 587 ," 3,460 "," 1,269 ", -   ," 2,474 ", -   ," 2,474 "," 1,731 ", 23 ," 1,754 ", 6 , 275 , N ,  ,  ," 94,840 "
Chiltern,South East, -   , -   ," 2,807 "," 1,752 ", 295 ," 2,047 ", 760 , 211 , 955 ,  , 955 , -   , -   , 522 , 2 , 69 , N ,  ,  ," 58,532 "
Chorley,North West, -   , -   ," 5,743 "," 2,686 ", 910 ," 3,596 "," 2,147 ", -   ," 2,045 ", -   ," 2,045 ", 201 ," 1,546 "," 1,747 ", -   , 55 , N , -   , -   ," 58,144 "
Christchurch,South West, -   , -   ," 2,805 "," 1,550 ", 126 ," 1,676 "," 1,129 ", 108 , 919 , -   , 919 , 38 , 885 , 923 , 3 , 185 , N ,  ,  ," 27,984 "
City of London,London, -   , -   , -   , -   , -   , -   , -   , -   , -   , -   , -   , -   , -   , -   , -   , -   , Y , -   , -   , -   
Colchester,East of England, -   , -   ," 4,002 "," 1,997 ", 481 ," 2,478 "," 1,524 ", 345 , 617 , -   , 617 , 69 , 431 , 500 , 3 , 304 , N ,  ,  ," 87,249 "
Conwy,Wales, -   , -   ," 3,706 "," 2,162 ", 312 ," 2,474 "," 1,232 ", 139 ," 2,528 ", -   ," 2,528 "," 1,066 ", 125 ," 1,191 ", 3 , 46 , N ,  ,  ," 63,868 "
Copeland,North West, -   , -   , -   , -   , -   , -   , -   , -   , -   , -   , -   , -   , -   , -   , -   , -   , -   , -   , -   ," 35,796 "
Corby,East Midlands, -   , -   , -   , -   , -   , -   , -   , -   , -   , -   , -   , -   , -   , -   , -   , -   , -   , -   , -   ," 30,927 "
Cornwall,South West, -   , -   , -   , -   , -   , -   , -   , -   , -   , -   , -   , -   , -   , -   , -   , -   , -   , -   , -   ," 307,140 "
Cotswold,South West, -   , -   , 761 , 418 , 171 , 589 , 172 , 15 , -   , -   , -   , -   , -   , -   , -   , -   , -   , -   , -   ," 54,268 "
Coventry,West Midlands, -   , -   ," 1,653 ", 994 , 221 ," 1,215 ", 438 , 203 , 664 , -   , 664 , 62 , 169 , 231 , 70 , -   , N ,  ,  ," 133,095 "
Croydon,London, -   , -   , -   , -   , -   , -   , -   , -   , -   , -   , -   , -   , -   , -   , -   , -   , -   , -   , -   , -   
Dacorum,East of England, -   , -   ," 10,374 "," 5,408 ", 945 ," 6,353 "," 4,021 ", -   , -   , -   , -   , -   , -   , -   , -   , -   , -   , -   , -   ," 79,683 "
Dartford,South East, -   , -   ," 2,318 "," 1,153 ", 363 ," 1,516 ", 802 , 464 , 617 , 24 , 641 , 19 , 334 , 353 , 12 , 47 , N ,  ,  ," 51,128 "
Denbighshire,Wales, -   , -   ," 4,796 "," 2,746 ", 456 ," 3,202 "," 1,594 ", -   ," 1,421 ", -   ," 1,421 ", -   , -   , -   , -   , -   , -   ,  ,  ," 52,282 "
Derby,East Midlands, -   , -   ," 5,734 "," 3,452 ", 612 ," 4,064 "," 1,670 ", 302 ," 3,094 ", -   ," 3,094 "," 1,272 ", 173 ," 1,445 ", 15 , 72 , N ,  ,  ," 126,394 "
Doncaster,Yorkshire and The Humber, -   , -   ," 6,118 "," 3,028 "," 1,950 "," 4,978 "," 1,140 ", 432 ," 2,202 ", -   ," 2,202 ", 28 ," 1,257 "," 1,285 ", 7 , 17 , N ,  ,  ," 143,674 "
Dover,South East, -   , -   ," 8,564 "," 3,993 ", 681 ," 4,674 "," 3,890 "," 2,349 "," 2,539 ", -   ," 2,539 ", 62 ," 1,997 "," 2,059 ", 8 ," 1,112 ", N ,  ,  ," 55,556 "
Dudley,West Midlands, -   , -   , -   , -   , -   , -   , -   , -   , -   , -   , -   , -   , -   , -   , -   , -   , -   , -   , -   ," 155,680 "
Durham City,North East, -   , -   , -   , -   , -   , -   , -   , -   , -   , -   , -   , -   , -   , -   , -   , -   , -   , -   , -   ," 37,367 "
Ealing,London, -   , -   , -   , -   , -   , -   , -   , -   , -   , -   , -   , -   , -   , -   , -   , -   , -   , -   , -   , -   
Eastleigh,South East, -   , -   ," 4,831 "," 2,909 ", 453 ," 3,362 "," 1,469 ", 310 ," 1,651 ", -   ," 1,651 ", -   , -   , -   , -   , -   , N ,  ,  ," 73,024 "
Eastbourne,South East, -   , -   , -   , -   , -   , -   , -   , -   , -   , -   , -   , -   , -   , -   , -   , -   , -   , -   , -   ," 45,487 "
East Dorset,South West, -   , -   , -   , -   , -   , -   , -   , -   , -   , -   , -   ,  ,  , -   , -   , -   , N ,  ,  ," 61,714 "
Eden,North West, -   , -   ," 1,015 ", 639 , 75 , 714 , 301 , -   , -   , -   , -   , -   , -   , -   , -   , 21 , N ,  ,  ," 33,250 "
East Devon,South West, -   , -   , -   , -   , -   , -   , -   , -   , -   , -   , -   , -   , -   , -   , -   , -   , -   , -   , -   ," 80,212 "
East Hertfordshire,East of England, -   , -   ," 14,494 "," 8,220 "," 1,288 "," 9,508 "," 4,986 ", -   ," 4,122 ", -   ," 4,122 ", -   ," 2,179 "," 2,179 ", 18 , 532 , N ,  ,  ," 81,598 "
Elmbridge,South East, -   , -   ," 11,862 "," 7,213 "," 1,247 "," 8,460 "," 3,402 ", 753 ," 4,159 ", -   ," 4,159 "," 2,820 ", 57 ," 2,877 ", 20 , 11 , N ,  ,  ," 83,400 "
Enfield,London, -   , -   ," 7,820 "," 2,923 ", 874 ," 3,797 "," 4,023 ", -   , -   , -   , -   , -   ," 5,520 "," 5,520 ", -   , 749 , Y , -   , 4 , -   
East Northamptonshire,East Midlands, -   , -   , -   , -   , -   , -   , -   , -   , -   , -   , -   , -   , -   , -   , -   , -   , -   , -   , -   ," 49,863 "
Epping Forest,East of England, -   , -   ," 7,008 "," 4,587 ", 910 ," 5,497 "," 1,511 ", -   , -   , -   , -   , -   , -   , -   , -   , -   , -   , -   , -   ," 75,198 "
Epsom and Ewell,South East, -   , -   , -   , -   , -   , -   , -   , -   , -   , -   , -   , -   , -   , -   , -   , -   , -   , -   , -   ," 39,816 "
Erewash,East Midlands, -   , -   , 153 , 82 , 9 , 91 , 62 , -   , 86 , -   , 86 , 61 , 9 , 70 , -   , -   , No ,  ,  ," 58,801 "
East Staffordshire,West Midlands, -   , -   ," 2,902 "," 1,561 ", 432 ," 1,993 ", 909 , -   , 900 , -   , 900 , 353 , 158 , 511 , 3 , 6 , N , -   , -   ," 58,708 "
Exeter,South West, -   , -   , -   , -   , -   , -   , -   , -   , -   , -   , -   , -   , -   , -   , -   , -   , -   , -   , -   ," 62,802 "
Fareham,South East, -   , -   ," 4,293 "," 2,472 ", 319 ," 2,791 "," 1,502 ", 171 ," 2,392 ", -   ," 2,392 ", 76 ," 1,109 "," 1,185 ", 7 , 181 , N ,  ,  ," 66,324 "
Forest of Dean,South West, -   , -   , -   , -   , -   , -   , -   , -   , -   , -   , -   , -   , -   , -   , -   , -   , -   , -   , -   ," 51,369 "
Fylde,North West, -   , -   , -   , -   , -   , -   , -   , -   , -   , -   , -   , -   , -   , -   , -   , -   , N ,  ,  ," 42,862 "
Gateshead,North East, -   , -   ," 3,616 "," 2,485 ", 269 ," 2,754 ", 862 , -   ," 1,300 ", -   ," 1,300 ", 20 , 465 , 485 , 11 , 3 , N ,  ,  ," 84,166 "
Gedling,East Midlands, -   , -   , -   , -   , -   , -   , -   , -   , -   , -   , -   , -   , -   , -   , -   , -   , -   , -   , -   ," 57,635 "
Gloucester,South West, -   , -   , 403 , 216 , 41 , 257 , 146 , -   , 158 , -   , 158 , 2 , 124 , 126 , -   , 18 , N ,  ,  ," 59,416 "
Gravesham,South East, -   , -   ," 4,035 "," 1,924 ", 719 ," 2,643 "," 1,392 ", 338 , 870 , -   , 870 , 48 , 428 , 476 , 25 , 354 , N ,  ,  ," 48,652 "
Greenwich,London, -   , -   ," 6,111 "," 3,417 ", 681 ," 4,098 "," 10,209 "," 1,021 "," 1,518 ", -   ," 1,518 ", 662 , 1 , 663 , 51 , 397 ,  ,  , -   , -   
Guildford,South East, -   , -   ," 13,041 "," 7,679 "," 1,880 "," 9,559 "," 3,482 ", 901 ," 3,000 ", -   ," 3,000 ", 249 ," 1,904 "," 2,153 ", 1 ," 1,129 ", N ,  ,  ," 79,766 "
Gwynedd,Wales, -   , -   ," 5,732 "," 3,757 ", 623 ," 4,380 "," 1,352 ", 294 ," 1,479 ", -   ," 1,479 ", -   , -   , -   , 21 , -   , -   , -   , -   ," 65,410 "
Hackney,London, -   , -   ," 8,684 ", -   , -   , -   , -   , -   ," 1,542 ", -   ," 1,542 ", 51 , 169 , 220 , 93 , -   ,  , -   , -   , -   
Hammersmith and Fulham,London, -   , -   , -   , -   , -   , -   , -   , -   , -   , -   , -   , -   , -   , -   , -   , -   , -   , -   , -   , -   
Harborough,East Midlands, -   , -   ," 2,199 "," 1,557 ", 247 ," 1,804 ", 395 , -   , -   , -   , -   , -   , 190 , 190 , -   , 63 , N ,  ,  ," 50,587 "
Haringey,London, -   , -   ," 170,657 "," 87,035 "," 20,479 "," 107,514 "," 63,143 "," 29,189 ", -   , -   , -   , -   , -   , -   , -   , -   , -   , -   , -   , -   
Harlow,East of England, -   , -   , -   , -   , -   , -   , -   , -   , -   , -   , -   , -   , -   , -   , -   , -   , -   , -   , -   ," 39,679 "
Harrogate,Yorkshire and The Humber, -   , -   ," 3,798 "," 2,234 ", 555 ," 2,789 "," 1,009 ", 401 , 853 , -   , 853 , 116 , 478 , 594 , 3 , 74 , N ,  ,  ," 90,459 "
Hart,South East, -   , -   ," 2,162 "," 1,387 ", 259 ," 1,646 ", 516 , 182 , 597 , -   , 597 , 39 , 422 , 461 , 2 , 82 , N ,  ,  ," 91,328 "
Harrow,London, -   , -   ," 7,482 "," 4,180 ", 826 ," 5,006 "," 2,476 ", 634 ," 2,211 ", -   ," 2,211 "," 1,428 ", 381 ," 1,809 ", 51 , 713 ,  ,  ,  , -   
Hartlepool,North East, -   , -   ," 3,621 "," 1,720 ", 249 ," 1,969 "," 1,652 ", -   ," 1,386 ",  ," 1,386 ", 96 ," 1,073 "," 1,169 ", 6 , 96 , N ,  ,  ," 38,105 "
Hastings,South East, -   , -   ," 6,119 "," 4,024 ", 728 ," 4,752 "," 1,367 ", 911 ," 1,832 ", -   ," 1,832 ", 91 ," 1,000 "," 1,091 ", 49 , 271 , Y , -   , -   ," 38,820 "
Havant,South East, -   , -   ," 3,549 "," 2,176 ", 382 ," 2,558 ", 991 , 200 ," 1,038 ", -   ," 1,038 ", 62 , 333 , 395 , 6 , 128 , N ,  ,  ," 64,630 "
Havering,London, -   , -   ," 3,671 "," 1,954 ", 245 ," 2,199 "," 1,472 ", 165 ," 1,261 ", -   ," 1,261 ", 146 , 705 , 851 , 11 , 198 , Y , -   , -   , -   
Herefordshire,West Midlands, -   , -   ," 9,271 "," 5,367 ", 957 ," 6,324 "," 2,947 ", -   ," 4,531 ", -   ," 4,531 ", 25 ," 2,419 "," 2,444 ", 1 , 478 , N ,  ,  ," 113,839 "
Hertsmere,East of England, -   , -   , -   , -   , -   , -   , -   , -   , -   , -   , -   , -   , -   , -   , -   , -   , -   , -   , -   ," 55,108 "
Hillingdon,London, -   , -   ," 14,020 "," 8,545 "," 1,338 "," 9,883 "," 4,137 ", -   , -   , -   , -   , -   , -   , -   , -   , -   , N ,  ,  , -   
Hinckley and Bosworth,East Midlands, -   , -   ," 1,970 "," 1,220 ", 257 ," 1,477 ", 493 , -   , -   , -   , -   , -   , 259 , 259 , -   , 29 , N ,  ,  ," 60,861 "
Horsham,South East, -   , -   ," 5,761 "," 2,665 "," 3,036 "," 5,701 ", 60 , 43 ," 2,024 ", -   ," 2,024 ", 63 , 533 , 596 , 3 , 255 , N ,  ,  ," 83,666 "
Hounslow,London, -   , -   ," 26,770 "," 13,168 "," 4,890 "," 18,058 "," 8,712 ", -   , -   , -   , -   , -   , -   , -   , -   , -   , -   , -   , -   , -   
Hyndburn,North West, -   , -   , -   , -   , -   , -   , -   , -   , -   , -   , -   , -   , -   , -   , -   , -   , N ,  ,  ," 37,449 "
Isle of Wight,South East, -   , -   ," 7,514 "," 5,531 "," 1,956 "," 7,487 ", 27 , -   ," 1,362 ", -   ," 1,362 ", -   , -   , -   , -   , -   , -   , -   , -   ," 74,220 "
Ipswich,East of England, -   , -   ," 2,408 "," 1,455 ", 316 ," 1,771 ", 637 , 122 ," 1,096 ", -   ," 1,096 ", -   , -   , -   , -   , -   , -   , -   , -   ," 62,065 "
Islington,London, -   , -   , -   , -   , -   , -   , -   , -   , -   , -   , -   , -   , -   , -   , -   , -   , -   , -   , -   , -   
Bournemouth,South West, -   , -   ," 9,536 "," 4,321 "," 2,150 "," 6,471 "," 3,065 ", 988 , -   , -   , -   , -   , -   , -   , -   , -   , -   , -   , -   ," 85,318 "
Kennet,South West, -   , -   , -   , -   , -   , -   , -   , -   , -   , -   , -   , -   , -   , -   , -   , -   , -   , -   , -   ," 48,938 "
Kensington and Chelsea,London, -   , -   , -   , -   , -   , -   , -   , -   , -   , -   , -   , -   , -   , -   , -   , -   , N , -   , -   , -   
Kingston upon Hull,Yorkshire and The Humber, -   , -   ," 2,503 "," 1,651 ", 325 ," 1,976 ", 527 , 155 , 830 , -   , 830 , 63 , 90 , 153 , -   , 55 , N ,  ,  ," 97,583 "
Kingston upon Thames,London, -   , -   ," 8,379 "," 4,578 "," 1,223 "," 5,801 "," 2,578 "," 1,094 "," 6,018 ", -   ," 6,018 ", 152 , 5 , 157 , 27 , 4 , N ,  ,  , -   
Kirklees,Yorkshire and The Humber, -   , -   ," 10,071 "," 5,435 "," 1,032 "," 6,467 "," 3,604 ", 784 ," 2,721 ", -   ," 2,721 ", 89 ," 2,671 "," 2,760 ", 18 , 374 , N ,  ,  ," 188,547 "
Lambeth,London, -   , -   , -   , -   , -   , -   , -   , -   , -   , -   , -   , -   , -   , -   , -   , -   , -   , -   , -   , -   
Lancaster,North West, -   , -   , -   , -   , -   , -   , -   , -   , -   , -   , -   , -   , -   , -   , -   , -   , N ,  ,  ," 65,178 "
Leeds,Yorkshire and The Humber, -   , -   ," 19,873 "," 10,795 "," 2,797 "," 13,592 "," 6,281 "," 2,110 "," 5,279 ", -   ," 5,279 "," 3,608 ", 884 ," 4,492 ", 26 , 425 , N ,  ,  ," 387,477 "
Leicester,East Midlands, -   , -   ," 6,586 "," 4,244 "," 1,018 "," 5,262 "," 1,324 ", -   , -   , -   , -   , -   , -   , -   , -   , -   ,  ,  ,  ," 157,942 "
Lewes,South East, -   , -   , -   , -   , -   , -   , -   , -   , -   , -   , -   , -   , -   , -   , -   , -   , -   , -   , -   ," 52,516 "
Lewisham,London, -   , -   , -   , -   , -   , -   , -   , -   , -   , -   , -   , -   , -   , -   , -   , -   , -   , -   , -   , -   
Liverpool,North West, -   , -   ," 4,721 "," 2,261 ", 578 ," 2,839 "," 1,882 ", -   ," 1,378 ", -   ," 1,378 ", 57 , 10 , 67 , 23 , 29 , N ,  ,  ," 148,143 "
Luton,East of England, -   , -   ," 5,099 "," 2,900 ", 110 ," 3,010 "," 2,089 ", 740 , 758 , -   , 758 , 327 , 379 , 706 , 9 , 560 , N ,  ,  ," 81,288 "
Macclesfield,North West, -   , -   , -   , -   , -   , -   , -   , -   , -   , -   , -   , -   , -   , -   , -   , -   , -   , -   , -   ," 95,321 "
Maidstone,South East, -   , -   ," 17,367 "," 10,045 "," 2,248 "," 12,293 "," 5,074 "," 1,692 "," 4,560 ",  ," 4,560 "," 3,178 ", 63 ," 3,241 ", 65 ," 1,711 ", N ,  ,  ," 88,584 "
Maldon,East of England, -   , -   ," 1,581 ", 634 , 94 , 728 , 853 , -   , 464 ,  , 464 , -   , -   , 279 , 1 , 30 , N ,  ,  ," 40,285 "
Manchester,North West, -   , -   , -   , -   , -   , -   , -   , -   , -   , -   , -   , -   , -   , -   , -   , -   , -   , -   , -   ," 146,565 "
Mansfield,East Midlands, -   , -   , -   , -   , -   , -   , -   , -   , -   , -   , -   , -   , -   , -   , -   , -   , -   , -   , -   ," 51,234 "
Mid Devon,South West, -   , -   , -   , -   , -   , -   , -   , -   , -   , -   , -   , -   , -   , -   , -   , -   , -   , -   , -   ," 47,075 "
Medway Towns,South East, -   , -   ," 13,681 "," 7,743 "," 1,963 "," 9,706 "," 3,975 "," 3,677 "," 1,787 "," 1,665 "," 3,452 ", 318 ," 1,665 "," 1,983 ", 118 ," 1,063 ", N ,  ,  ," 127,436 "
Melton,East Midlands, -   , -   ," 1,488 "," 1,019 ", 184 ," 1,203 ", 285 , -   , -   , -   , -   , -   , 141 , 141 , -   , 87 , N ,  ,  ," 28,722 "
Merton,London, -   , -   ," 8,901 "," 5,135 "," 1,073 "," 6,208 "," 2,693 ", 753 ," 1,422 ", -   ," 1,422 ", 239 ," 1,310 "," 1,549 ", 43 , -   , N ,  ,  , -   
Middlesbrough,North East, -   , -   ," 3,580 "," 2,069 ", 491 ," 2,560 "," 1,020 ", 284 , -   , -   , -   , -   , -   , -   , -   , -   , -   , -   , -   ," 53,935 "
Milton Keynes,South East, -   , -   , -   , -   , -   , -   , -   , -   , -   , -   , -   , -   , -   , -   , -   , -   , -   , -   , -   ," 181,609 "
Mole Valley,South East, -   , -   ," 5,809 "," 3,710 ", 700 ," 4,410 "," 1,399 ", 383 ," 1,611 ", -   ," 1,611 ", -   ," 1,045 "," 1,045 ", 1 , -   , N ,  ,  ," 53,417 "
Mid Sussex,South East, -   , -   ," 5,899 "," 3,619 ", 593 ," 4,212 "," 1,687 ", 320 ," 1,604 ", -   ," 1,604 ", 54 ," 1,678 "," 1,732 ",  , 200 , N ,  ,  ," 79,655 "
North Devon,South West, -   , -   , -   , -   , -   , -   , -   , -   , -   , -   , -   , -   , -   , -   , -   , -   , -   , -   , -   ," 53,008 "
North Dorset,South West, -   , -   ," 3,223 "," 2,301 ", 167 ," 2,468 ", 755 , 216 , 606 , -   , 606 , -   , -   , -   , -   , 171 , N ,  ,  ," 42,775 "
Neath Port Talbot,Wales, -   , -   , -   , -   , -   , -   , -   , -   , -   , -   , -   , -   , -   , -   , -   , -   , -   , -   , -   ," 69,858 "
Newark and Sherwood,East Midlands, -   , -   , -   , -   , -   , -   , -   , -   , -   , -   , -   , -   , -   , -   , -   , -   , -   , -   , -   ," 62,946 "
New Forest,South East, -   , -   ," 6,078 ", -   ," 4,673 "," 4,673 "," 1,405 ", 200 ," 2,423 ",  ," 2,423 ", 73 ," 1,477 "," 1,550 ", 2 , 174 , N ,  ,  ," 112,875 "
Newham,London, -   , -   ," 7,313 "," 3,013 "," 1,312 "," 4,325 "," 2,988 "," 1,737 ", 865 , -   , 865 , 200 , 356 , 556 , 44 ," 5,441 ", Y , -   , -   , -   
Newcastle-under-Lyme,West Midlands, -   , -   , -   , -   , -   , -   , -   , -   , -   , -   , -   , -   , -   , -   , -   , -   , -   , -   , -   ," 61,700 "
North Hertfordshire,East of England, -   , -   ," 6,856 "," 3,771 ", 713 ," 4,484 "," 2,372 ", 290 ," 2,534 ", -   ," 2,534 ", -   , -   ," 1,842 ", 14 , 388 , N ,  ,  ," 70,202 "
Northampton,East Midlands, -   , -   ," 10,196 "," 5,672 "," 1,394 "," 7,066 "," 3,130 "," 1,265 "," 5,427 ", -   ," 5,427 "," 1,920 ", -   ," 1,920 ", 17 , 849 , N ,  ,  ," 105,851 "
Norwich,East of England, -   , -   ," 6,213 "," 3,231 ", 744 ," 3,975 "," 2,238 ", 558 ," 1,766 ", -   ," 1,766 ", 193 ," 1,745 "," 1,938 ", 7 , 26 , N ,  ,  ," 54,356 "
North Shropshire,West Midlands, -   , -   , 799 , 474 , 91 , 565 , 234 , 64 , 211 , -   , 211 , 102 , 105 , 207 , 4 , 9 , N ,  ,  ," 37,443 "
Nottingham,East Midlands, -   , -   ," 1,028 ", 599 , 120 , 719 , 308 , 92 , 336 ,  , 336 , -   , -   , -   , -   , -   , -   , -   , -   ," 92,357 "
North Tyneside,North East, -   , -   , 743 , 442 , 113 , 555 , 188 , 6 , -   , -   , -   , -   , -   , -   , -   , -   , -   , -   , -   ," 87,619 "
North Wiltshire,South West, -   , -   , -   , -   , -   , -   , -   , -   , -   , -   , -   , -   , -   , -   , -   , -   , -   , -   , -   ," 86,676 "
North West Leicestershire,East Midlands, -   , -   ," 2,671 "," 1,805 ", 340 ," 2,145 ", 526 , -   , -   , -   , -   , -   , 289 , 289 , -   , 31 , N ,  ,  ," 53,544 "
Oadby and Wigston,East Midlands, -   , -   ," 1,153 ", 771 , 145 , 916 , 237 , -   , -   , -   , -   , -   , 291 , 291 , -   , 11 , N ,  ,  ," 31,300 "
Oldham,North West, -   , -   , -   , -   , -   , -   , -   , -   , -   , -   , -   , -   , -   , -   , -   , -   , -   , -   , -   ," 91,987 "
Oswestry,West Midlands, -   , -   , 395 , 263 , 33 , 296 , 99 , 300 , 144 , -   , 144 , 10 , 49 , 59 , 1 , 6 , N ,  ,  ," 23,272 "
Oxford,South East, -   , -   , 897 , 631 , 57 , 688 , 209 , -   , -   , -   , -   , -   , -   , -   , -   , -   , -   , -   , -   ," 50,719 "
Pendle,North West, -   , -   , -   , -   , -   , -   , -   , -   , -   , -   , -   , -   , -   , -   , -   , -   , N ,  ,  ," 41,123 "
Peterborough,East of England, -   , -   ," 5,716 "," 3,358 ", 572 ," 3,930 "," 1,786 ", 443 ," 3,337 ", -   ," 3,337 "," 1,207 ", 295 ," 1,502 ", 10 ,  , N ,  ,  ," 87,689 "
Plymouth,South West, -   , -   ," 12,401 "," 8,344 "," 1,446 "," 9,790 "," 2,611 "," 1,403 "," 2,913 ",  ," 2,913 "," 1,545 ", 947 ," 2,492 ", 45 ,  , Y ,  ,  ," 111,300 "
Poole,South West, -   , -   ," 7,363 "," 4,875 ", 840 ," 5,715 "," 1,648 ", 523 ," 1,975 ", -   ," 1,975 ", 233 , 921 ," 1,154 ", 25 , 322 , N ,  ,  ," 83,843 "
Portsmouth,South East, -   , -   ," 6,006 "," 3,295 ", 927 ," 4,222 "," 1,784 "," 1,116 "," 1,212 ", -   ," 1,212 ", 60 ," 1,093 "," 1,153 ", 3 , 195 , N ,  ,  ," 103,784 "
Preston,North West, -   , -   , -   , -   , -   , -   , -   , -   , -   , -   , -   , -   , -   , -   , -   , -   , N ,  ,  ," 59,825 "
Purbeck,South West, -   , -   ," 1,100 ", 791 , 46 , 837 , 263 , 49 , 269 , -   , 269 , -   , -   , -   , -   , 31 , N ,  ,  ," 28,519 "
Reading,South East, -   , -   ," 1,544 ", 949 , 226 ," 1,175 ", 369 , 154 , 275 , -   , 275 , -   , 272 , 272 , 14 , -   , N ,  ,  ," 65,535 "
Redbridge,London, -   , -   , -   , -   , -   , -   , -   , -   , -   , -   , -   , -   , -   , -   , -   , -   , -   , -   , -   , -   
Redcar and Cleveland,North East, -   , -   ," 1,859 "," 1,205 ", 178 ," 1,383 ", 476 , 119 , 372 , -   , 372 , 331 ,  , 331 , 4 , 49 , N ,  ,  ," 64,802 "
Reigate and Banstead,South East, -   , -   , -   , -   , -   , -   , -   , -   , -   , -   , -   , -   , -   , -   , -   , -   , -   , -   , -   ," 120,020 "
Ribble Valley,North West, -   , -   , -   , -   , -   , -   , -   , -   , -   , -   , -   , -   , -   , -   , -   , -   , N ,  ,  ," 34,781 "
Richmond upon Thames,London, -   , -   ," 11,743 "," 7,792 "," 1,559 "," 9,351 "," 2,392 ", 693 ," 2,724 ", -   ," 2,724 "," 1,183 ", 469 ," 1,652 ", 39 , 798 , Y , -   , -   , -   
Rochford,East of England, -   , -   ," 3,479 "," 2,462 ", 325 ," 2,787 ", 692 , 173 ," 1,017 ", -   ," 1,017 ", 13 , 468 , 481 , 6 , 62 , N ,  ,  ," 48,497 "
Rochdale,North West, -   , -   ," 8,634 "," 5,067 ", 981 ," 6,048 "," 2,586 ", -   ," 2,217 ", -   ," 2,217 ", 26 ," 1,064 "," 1,090 ", 7 , 468 , N ,  ,  ," 91,443 "
Rossendale,North West, -   , -   , -   , -   , -   , -   , -   , -   , -   , -   , -   , -   , -   , -   , -   , -   , N ,  ,  ," 35,564 "
Rotherham,Yorkshire and The Humber, -   , -   ," 2,691 "," 1,224 ", 300 ," 1,524 "," 1,167 ", 430 , 678 , -   , 678 , 4 , 272 , 276 , 4 , 48 , N ,  ,  ," 119,651 "
Rugby,West Midlands, -   , -   ," 2,566 "," 1,448 ", 387 ," 1,835 ", 731 , 272 , 934 , -   , 934 , 132 , 486 , 618 , 3 , -   , N ,  ,  ," 57,458 "
Runnymede,South East, -   , -   ," 3,355 "," 2,078 ", 373 ," 2,451 ", 904 , 228 , 980 , -   , 980 , -   , 570 , 570 , 1 , 160 , N ,  ,  ," 47,556 "
Rushcliffe,East Midlands, -   , -   , -   , -   , -   , -   , -   , -   , -   , -   , -   , -   , -   , -   , -   , -   , -   , -   , -   ," 58,610 "
Rushmoor,South East, -   , -   , -   , -   , -   , -   , -   , -   , -   , -   , -   , -   , -   , -   , -   , -   , -   , -   , -   ," 49,926 "
Rutland,East Midlands, -   , -   , -   , -   , -   , -   , -   , -   , -   , -   , -   , -   , -   , -   , -   , -   , -   , -   , -   ," 21,660 "
Salford,North West, -   , -   ," 6,156 "," 3,633 ", 862 ," 4,495 "," 1,661 ", 479 ," 1,640 ", -   ," 1,640 ", 88 , 949 ," 1,037 ", 18 , 707 , N ,  ,  ," 89,795 "
Salisbury,South West, -   , -   , -   , -   , -   , -   , -   , -   , -   , -   , -   , -   , -   , -   , -   , -   , -   , -   , -   ," 68,181 "
Sandwell,West Midlands, -   , -   ," 7,124 "," 4,052 ", 800 ," 4,852 "," 2,272 ", 644 ," 3,012 ", -   ," 3,012 "," 1,420 ", 117 ," 1,537 ", -   , 284 , No ,  ,  ," 122,360 "
Scarborough,Yorkshire and The Humber, -   , -   ," 3,293 "," 1,497 ", 286 ," 1,783 "," 1,510 ", 477 , 979 , -   , 979 , 595 , 7 , 602 , 4 , 411 , N ,  ,  ," 52,047 "
Sefton,North West, -   , -   ," 12,235 ", 707 ," 1,082 "," 1,789 "," 10,446 ", 723 ," 5,485 ", -   ," 5,485 "," 3,792 ", 748 ," 4,540 ", 7 , -   , N ,  ,  ," 126,903 "
Sevenoaks,South East, -   , -   ," 5,251 "," 3,341 ", 590 ," 3,931 "," 1,320 ", 304 , 954 , -   , 954 , -   , 864 , 864 , 8 , 328 , N ,  ,  ," 70,451 "
South Gloucestershire,South West, -   , -   , -   , -   , -   , -   , -   , -   , -   , -   , -   , -   , -   , -   , -   , -   , -   , -   , -   ," 150,754 "
South Hams,South West, -   , -   ," 5,222 ", -   , -   , -   ," 5,222 ", -   ," 1,937 ", -   ," 1,937 ", -   , 572 , 572 , -   , 125 , N ,  ,  ," 53,552 "
Sheffield,Yorkshire and The Humber, -   , -   ," 3,022 ", -   , -   , -   , -   , -   , -   , -   , -   , -   , -   , -   , -   , -   , -   , -   , -   ," 218,966 "
Shepway,South East, -   , -   ," 3,608 "," 1,862 ", 442 ," 2,304 "," 1,304 ", -   , -   , -   , -   , -   , -   , -   , -   , -   , -   , -   , -   ," 53,789 "
Shrewsbury & Atcham,West Midlands, -   , -   ," 4,642 "," 2,928 ", 590 ," 3,518 "," 1,124 ", 315 ," 1,207 ", -   ," 1,207 ", 52 , 654 , 706 , 9 , 95 , N ,  ,  ," 61,990 "
Shropshire,West Midlands, -   , -   , -   , -   , -   , -   , -   , -   , -   , -   , -   , -   , -   , -   , -   , -   , -   , -   , -   ," 223,462 "
South Lakeland,North West, -   , -   ," 4,390 "," 2,647 ", 579 ," 3,226 "," 1,164 ", 137 , 751 , -   , 751 , 59 , 46 , 105 , 21 , 81 , N ,  ,  ," 62,633 "
Slough,South East, -   , -   ," 4,852 "," 2,584 ", 702 ," 3,286 "," 1,566 ", 331 , 446 , -   , 446 , 124 , 128 , 252 , 28 , 396 , N ,  ,  ," 150,057 "
Solihull,West Midlands, -   , -   , -   , -   , -   , -   , -   , -   , -   , -   , -   , -   , -   , -   , -   , -   , -   , -   , -   ," 256,157 "
South Northamptonshire,East Midlands, -   , -   , -   , -   , -   , -   , -   , -   , -   , -   , -   , -   , -   , -   , -   , -   , -   , -   , -   ," 54,684 "
South Shropshire,West Midlands, -   , -   , 871 , 563 , 83 , 646 , 225 , 41 , 318 , -   , 318 , 32 , 168 , 200 , 4 , 8 , N ,  ,  ," 28,344 "
Southampton,South East, -   , -   ," 10,799 "," 5,701 ", 861 ," 6,562 "," 4,237 "," 1,383 ", -   ," 3,216 "," 3,216 ", -   , -   , -   ,  , 57 ,  ,  ,  ," 99,165 "
Southend,East of England, -   , -   , -   , -   , -   , -   , -   , -   , -   , -   , -   , -   , -   , -   , -   , -   , -   , -   , -   ," 79,805 "
Southwark,London, -   , -   , -   , -   , -   , -   , -   , -   , -   , -   , -   , -   , -   , -   , -   , -   , -   , -   , -   , -   
Spelthorne,South East, -   , -   ," 2,842 "," 1,548 ", 328 ," 1,876 ", 966 , 89 , 809 , -   , 809 , 127 , 45 , 172 , -   , 43 , N ,  ,  ," 57,985 "
South Ribble,North West, -   , -   , -   , -   , -   , -   , -   , -   , -   , -   , -   , -   , -   , -   , -   , -   , N ,  ,  ," 62,974 "
Stafford,West Midlands, -   , -   ," 2,674 "," 1,418 ", 377 ," 1,795 ", 879 , -   , 703 , -   , 703 , 377 , 150 , 527 , -   , 30 , N ,  ,  ," 71,667 "
St Albans,East of England, -   , -   , -   , -   , -   , -   , -   , -   , -   , -   , -   , -   , -   , -   , -   , -   , -   , -   , -   ," 77,659 "
Staffordshire Moorlands,West Midlands, -   , -   , -   , -   , -   , -   , -   , -   , -   , -   , -   , -   , -   , -   , -   , -   , -   , -   , -   ," 58,020 "
Stevenage,East of England, -   , -   , -   , -   , -   , -   , -   , -   , -   , -   , -   , -   , -   , -   , -   , -   , N ,  ,  ," 39,807 "
Stockton-on-Tees,North East, -   , -   ," 2,323 ", 774 , 702 ," 1,476 ", 847 , 214 , 711 , -   , 711 , 8 , 417 , 425 , 1 , 140 , Y , -   , -   ," 101,291 "
Stoke-on-Trent,West Midlands, -   , -   ," 8,888 "," 4,395 "," 1,362 "," 5,757 "," 3,131 ", 921 ," 2,911 ", -   ," 2,911 ", 230 ," 1,087 "," 1,317 ", 21 , 441 , N ,  ,  ," 112,620 "
Stockport,North West, -   , -   , -   , -   , -   , -   , -   , -   , -   , -   , -   , -   , -   , -   , -   , -   , -   , -   , -   ," 185,489 "
Stratford-on-Avon,West Midlands, -   , -   ," 4,921 "," 3,024 ", 464 ," 3,488 "," 1,433 ", 226 ," 1,225 ", -   ," 1,225 ", 625 , 287 , 912 , 7 , -   , N ,  ,  ," 86,489 "
Stroud,South West, -   , -   , -   , -   , -   , -   , -   , -   , -   , -   , -   , -   , -   , -   , -   , -   , -   , -   , -   ," 70,713 "
South Tyneside,North East, -   , -   , -   , -   , -   , -   , -   , -   , -   , -   , -   , -   , -   , -   , -   , -   , N ,  ,  ," 56,770 "
Sunderland,North East, -   , -   ," 2,403 "," 1,222 ", 268 ," 1,490 ", 913 , 122 ," 1,369 ", -   ," 1,369 ", 86 , 385 , 471 , 22 , 111 , N ,  ,  ," 114,847 "
Surrey Heath,South East, -   , -   , -   , -   , -   , -   , -   , -   , -   , -   , -   , -   , -   , -   , -   , -   , -   , -   , -   ," 54,953 "
Sutton,London, -   , -   ," 9,045 "," 5,745 ", 775 ," 6,520 "," 2,527 ", 667 ," 2,321 ", -   ," 2,321 ", 534 ," 1,587 "," 2,121 ", 18 , -   , N , -   , -   , -   
Swale,South East, -   , -   ," 6,981 "," 3,808 ", 750 ," 4,558 "," 2,423 ", 531 ," 1,761 ", -   ," 1,761 ", -   ," 1,761 "," 1,761 ", 12 , 467 , N ,  ,  ," 70,305 "
Swansea,Wales, -   , -   , -   , -   , -   , -   , -   , -   , -   , -   , -   , -   , -   , -   , -   , -   , No ,  ,  ," 131,754 "
Swindon,South West, -   , -   ," 18,177 "," 9,542 "," 2,487 "," 12,029 "," 6,148 "," 1,517 "," 9,852 ", -   ," 9,852 "," 5,142 ", 61 ," 5,203 ", 37 , 512 , Y , -   , -   ," 145,219 "
Tameside,North West, -   , -   ," 8,447 "," 4,998 ", 692 ," 5,690 "," 2,757 ", 325 ," 2,562 ", -   ," 2,562 ", 3 ," 1,794 "," 1,797 ", 2 , 765 , N ,  ,  ," 99,738 "
Tandridge,South East, -   , -   , 620 , 351 , 43 , 394 , 226 , 14 , 219 , -   , 219 , 7 , 200 , 207 , 1 , 15 , N ,  ,  ," 51,264 "
Taunton Deane,South West, -   , -   ," 9,575 "," 5,058 "," 1,152 "," 6,210 "," 3,365 ", 215 ," 3,640 ", -   ," 3,640 "," 3,292 ", 17 ," 3,309 ", 19 , 42 , No ,  ,  ," 61,745 "
Teignbridge,South West, -   , -   , -   , -   , -   , -   , -   , -   , -   , -   , -   , -   , -   , -   , -   , -   , -   , -   , -   ," 75,855 "
Tendring,East of England, -   , -   ," 4,057 "," 2,923 ", 359 ," 3,282 ", 775 ," 1,147 "," 1,835 ", -   ," 1,835 ", -   , 493 , 493 , -   , 211 , N ,  ,  ," 75,070 "
Test Valley,South East, -   , -   ," 5,734 "," 2,937 ", 763 ," 3,700 "," 2,034 ", 263 ," 2,074 ",  ," 2,074 ", 539 ," 1,198 "," 1,737 ", 2 , 399 , N ,  ,  ," 74,020 "
Tewkesbury,South West, -   , -   , 986 , 488 , 248 , 736 , 250 , 64 , 247 , -   , 247 , 2 , 245 , 247 , -   , 2 , N ,  ,  ," 49,220 "
Transport for London,London, -   , -   , -   , -   , -   , -   , -   , -   , -   , -   , -   , -   , -   , -   , -   , -   , -   , -   , -   , -   
Thanet,South East, -   , -   ," 6,384 "," 2,942 ", 872 ," 3,814 "," 2,570 "," 3,464 "," 1,276 ", -   ," 1,276 "," 1,265 ", 185 ," 1,450 ", 3 , 999 , N ,  ,  ," 61,403 "
Three Rivers,East of England, -   , -   ," 1,774 "," 1,059 ", 248 ," 1,307 ", 467 , -   , -   , -   , -   , -   , -   , -   , -   , -   , -   , -   , -   ," 51,274 "
Thurrock,East of England, -   , -   ," 1,615 ", 454 , 322 , 776 , 839 , -   , -   , -   , -   , -   , -   , -   , -   , -   , -   , -   , -   ," 79,171 "
Tonbridge and Malling,South East, -   , -   ," 7,089 "," 4,302 ", 672 ," 4,974 "," 2,115 ", 435 ," 2,689 ", -   ," 2,689 ", 19 ," 1,485 "," 1,504 ", 18 , 376 , N ,  ,  ," 72,453 "
Torbay,South West, -   , -   ," 10,691 "," 6,275 "," 1,490 "," 7,765 "," 2,926 "," 1,056 ", -   , -   , -   , -   ," 2,238 "," 2,238 ", -   , 499 , N ,  ,  ," 67,714 "
Torridge,South West, -   , -   , -   , -   , -   , -   , -   , -   , -   , -   , -   , -   , -   , -   , -   , -   , -   , -   , -   ," 38,631 "
Tower Hamlets,London, -   , -   , -   , -   , -   , -   , -   , -   , -   , -   , -   , -   , -   , -   , -   , -   , -   , -   , -   , -   
Trafford,North West, -   , -   ," 7,518 "," 4,479 ", 947 ," 5,426 "," 2,092 ", 465 ," 2,152 ", -   ," 2,152 ", 537 ," 1,390 "," 1,927 ", 35 ,  , N ,  ,  ," 170,457 "
Tunbridge Wells,South East, -   , -   ," 9,336 "," 6,113 "," 1,496 "," 7,609 "," 1,727 ", 609 ," 1,333 ", -   ," 1,333 ", 140 ," 1,011 "," 1,151 ", 1 , 530 , N ,  ,  ," 60,426 "
Uttlesford,East of England, -   , -   ," 3,519 "," 2,163 ", 305 ," 2,468 "," 1,051 ", 95 ," 1,156 ", -   ," 1,156 ", 32 , 750 , 782 , 2 , 62 , N ,  ,  ," 51,528 "
Waltham Forest,London, -   , -   ," 3,396 "," 1,455 ", 550 ," 2,005 "," 1,391 ", 246 , 805 , -   , 805 , 3 , 444 , 447 , 7 , 242 , Y , 21 , 42 , -   
Wandsworth,London, -   , -   ," 5,037 "," 3,416 ", 526 ," 3,942 "," 8,979 ", 305 ," 1,397 ", -   ," 1,397 ", 732 , 43 , 775 , 13 , 43 , Y , -   , 6 , -   
Warrington,North West, -   , -   ," 2,978 "," 1,612 ", 240 ," 1,852 "," 1,126 ", -   , 993 , -   , 993 , 123 , 411 , 534 , 6 , 20 , N ,  ,  ," 112,801 "
Warwick,West Midlands, -   , -   ," 2,805 "," 1,685 ", 264 ," 1,949 ", 856 , -   ," 1,117 ", -   ," 1,117 ", 62 , 609 , 671 , -   , 33 , N ,  ,  ," 74,731 "
Watford,East of England, -   , -   , 508 , 227 , 22 , 249 , 259 , -   , -   , -   , -   , -   , -   , -   , -   , -   , -   , -   , -   ," 45,087 "
Waverley,South East, -   , -   ," 8,748 "," 5,438 "," 1,226 "," 6,664 "," 2,084 ", 168 ," 2,350 ", -   ," 2,350 "," 1,494 ", 44 ," 1,538 ", 7 , 93 , N ,  ,  ," 75,237 "
West Devon,South West, -   , -   , 447 , -   , 375 , 375 , 72 , -   , 27 , -   , 27 , -   , 27 , 27 , -   , -   , N ,  ,  ," 33,214 "
West Dorset,South West, -   , -   , -   , -   , -   , -   , -   , -   , -   , -   , -   ,  ,  , -   , -   , -   ,  ,  ,  ," 61,464 "
Wellingborough,East Midlands, -   , -   , -   , -   , -   , -   , -   , -   , -   , -   , -   , -   , -   , -   , -   , -   , -   , -   , -   ," 40,716 "
Welwyn Hatfield,East of England, -   , -   , 733 , 438 , 61 , 499 , 234 , 21 , 187 , -   , 187 , -   , 120 , 120 , -   , 22 , N ,  ,  ," 55,984 "
Westminster,London, -   , -   , -   , -   , -   , -   , -   , -   , -   , -   , -   , -   , -   , -   , -   , -   , -   , -   , -   , -   
Weymouth & Portland,South West, -   , -   ," 8,555 "," 3,760 ", 753 ," 4,513 "," 4,042 ", 309 ," 2,733 ", -   ," 2,733 ", 55 ," 1,941 "," 1,996 ", 2 , 294 , N ,  ,  ," 31,510 "
Wigan,North West, -   , -   ," 5,468 "," 2,527 ", 440 ," 2,967 "," 2,501 ", 306 , -   , -   , -   , -   , -   , -   , -   , -   , -   , -   , -   ," 150,893 "
Winchester,South East, -   , -   , -   , -   , -   , -   , -   , -   , -   , -   , -   , -   , -   , -   , -   , -   , -   , -   , -   ," 70,727 "
Windsor & Maidenhead,South East, -   , -   ," 1,870 ", 832 , 411 ," 1,243 ", 627 , -   , 768 , -   , 768 , 102 , 219 , 321 , 4 , 2 , N ,  ,  ," 84,470 "
Wirral,North West, -   , -   , -   , -   , -   , -   , -   , -   , -   , -   , -   , -   , -   , -   , -   , -   , -   , -   , -   ," 152,893 "
West Lancashire,North West, -   , -   , -   , -   , -   , -   , -   , -   , -   , -   , -   , -   , -   , -   , -   , -   , N ,  ,  ," 61,613 "
Woking,South East, -   , -   ," 3,442 "," 1,930 ", 571 ," 2,501 ", 941 , 244 , -   , 823 , -   , 823 , 522 , 530 , 1 , 154 , N ,  ,  ," 53,704 "
Wolverhampton,West Midlands, -   , -   , -   , -   , -   , -   , -   , -   , -   , -   , -   , -   , -   , -   , -   , -   , -   , -   , -   ," 111,571 "
Worcester,West Midlands, -   , -   ," 4,688 "," 3,031 ", 493 ," 3,524 "," 1,164 ", 283 , 66 , -   , 66 , 95 , 48 , 143 , 4 , 143 , No ,  ,  ," 57,247 "
Worthing,South East, -   , -   , 132 , 73 , 35 , 108 , 24 , 19 , 63 , -   , 63 , 2 , 1 , 3 , -   , 5 , N ,  ,  ," 51,691 "
Wrexham,Wales, -   , -   , 45 , 23 , -   , 23 , 22 , -   , 14 , -   , 14 , -   , -   , -   , -   , -   , -   , -   , -   ," 68,508 "
West Wiltshire,South West, -   , -   ," 3,589 "," 2,472 ", 363 ," 2,835 ", 754 , -   ," 1,279 ", -   ," 1,279 ", -   , 483 , 483 , -   , -   , N ,  ,  ," 76,916 "
Wychavon,West Midlands, -   , -   ," 3,554 "," 2,260 ", 368 ," 2,628 ", 926 , -   , -   , -   , -   , 29 , 558 , 587 , 7 , 107 ,  ,  ,  ," 76,029 "
Wycombe,South East, -   , -   , -   , -   , -   , -   , -   , -   , -   , -   , -   , -   , -   , -   , -   , -   , -   , -   , -   ," 101,582 "
Wyre,North West, -   , -   , -   , -   , -   , -   , -   , -   , -   , -   , -   , -   , -   , -   , -   , -   , N ,  ,  ," 59,347 "
Wyre Forest,West Midlands, -   , -   ," 1,917 "," 1,147 ", 259 ," 1,406 ", 511 , -   , -   , -   , -   , 40 , 496 , 536 , 1 , 46 ,  ,  ,  ," 56,977 "
Ynys Mon,Wales, -   , -   ," 2,363 "," 1,461 ", 220 ," 1,681 ", 682 , 133 , 725 , -   , 725 , -   , -   , -   , 5 , -   , -   , -   , -   ," 41,831 "
York,Yorkshire and The Humber, -   , -   , -   , -   , -   , -   , -   , -   , -   , -   , -   , -   , -   , -   , -   , -   , -   , -   , -   ," 85,068 "
1 Some Local Authorities joined the scheme during the year and the figures presented therefore include partial years.,,,,,,,,,,,,,,,,,,,,,
"2 As a result of these challenges, pre and post Notice To Owner, how many PCNs, which were 'in the opinion of the Local Authority correctly issued', were cancelled or waived, through the use of discretion on mitigating circumstances or due to evidence being supplied, such as proof of loading or breakdown, etc.",,,,,,,,,,,,,,,,,,,,,
"3 As a result of these challenges, pre and post Notice To Owner, how many PCNs, which were subsequently found in the opinion of the local authority, to be incorrectly issued, were cancelled for statutory reasons? i.e. wrong location, incorrect or missing signage or lines, TMO inaccuracy, etc.",,,,,,,,,,,,,,,,,,,,,
4 Figures in this table will not sum to the totals given in previous tables as no imputed figures are included here.,,,,,,,,,,,,,,,,,,,,,
5 Data on registered vehicles are not given for London authorities due to the large number of non-resident drivers which would skew the comparison.,,,,,,,,,,,,,,,,,,,,,
Telephone: 020 7944 4139,,,,,,,,,,,,,,,,,,,,,
Email: parking.data@dft.gsi.gov.uk,,,
Notes & definitions (http://www.dft.gov.uk/pgr/statistics/datatablespublications/public/parkingstats/#technical),,,
Source: DfT Survey of Local Authorities with Civil Parking Enforcement Powers,,,
Last updated: 20 January 2011,,,
Next update: Winter 2012,,,
The figures in this table are National Statistics.,,,
