Department for Transport statistics,,,,,,,,,,,,,,,,,,,,,,
(http://www.dft.gov.uk/pgr/statistics/datatablespublications/public/parkingstats),,,,,,,,,,,,,,,,,,,,,,
Table CPE0401,,,,,,,,,,,,,,,,,,,,,,
"Penalty charge notices by local authority, England and Wales, On-Street, 2008/091,4",,,,,,,,,,,,,,,,,,,,,,
Local Authorities,,Region,Number of Penalty Charge Notices (PCNs) issued for higher-level parking contraventions?,Number of PCNs issued for lower-level parking contraventions?,Total number of PCNs issued?,Number of PCNs paid in full at the discount rate? (50% of full rate.),Number of PCNs paid in full at non-discount rates?,Total number of PCNs paid?,Total number of PCNs unpaid?,Number of applications made to register road traffic debts at the Traffic Enforcement Centre,Number of PCNs issued by CEOs which were the subject of challenges for statutory and non-statutory reasons (pre and post-NTO),Number of PCNs issued using evidence from approved devices which were subject of challenges for statutory and other reasons (pre and post-NTO),Total number of PCNs Challenged at pre and post NTO stage,"Number of PCNs as a result of these challenges which were 'in the opinion of the Local Authority correctly issued', were cancelled or waived2","Number of PCNs as a result of these challenges, which were subsequently found in the opinion of the local authority to be incorrectly issued, were cancelled for statutory reasons3","Total number of pre and post challenges cancelled, waived following a pre or post NTO challenge against a PCN",Number of challenges (2c) resulting in cases going for adjudication,"Number of PCNs were written off due to admin error, motorist untraceable or debt deemed to be uncollectable, i.e. out of jurisdiction. ",Does the authority use immobilisation or removal of vehicles?,Number of vehicles immobilised (i.e. wheelclamped),Number of vehicles which were removed,Number of cars and light vans registed in local authority at 31 March 20085
Allerdale,p,North West," 3,430 "," 12,091 "," 15,521 "," 10,804 "," 1,212 "," 12,016 "," 3,505 ", 791 ," 7,026 ", -   ," 7,026 ", 89 ," 2,954 "," 3,043 ", 24 , 166 , -   , -   , -   ,"53,076"
Adur,,South East, 138 , 189 , 327 , 116 , 6 , 122 , 205 , -   , 40 , -   , 40 , 11 , 8 , 19 , -   , -   , -   , -   , -   ,"32,383"
Amber Valley,,East Midlands, 430 , 279 , 709 , 480 , 49 , 529 , 180 , -   , 171 , -   , 171 , 35 , 80 , 115 , 1 , 14 , -   , -   , -   ,"68,529"
Ashfield,,East Midlands," 4,630 "," 2,836 "," 7,466 "," 4,436 ", 556 ," 4,992 "," 2,474 ", 473 ," 2,778 ", -   ," 2,778 ", 221 ," 1,389 "," 1,610 ", 26 , 354 , -   , -   , -   ,"57,887"
Ashford,,South East," 3,537 "," 8,012 "," 11,549 "," 6,663 "," 1,215 "," 7,878 "," 3,671 "," 1,714 "," 2,228 ", -   ," 2,228 ", 179 ," 1,848 "," 2,027 ", 8 , 392 , -   , -   , -   ,"66,801"
Aylesbury Vale,,South East," 6,560 "," 7,398 "," 13,958 "," 8,622 "," 2,043 "," 10,665 "," 3,293 "," 1,826 "," 3,242 ", -   ," 3,242 ", 255 ," 1,600 "," 1,855 ", 46 ," 1,055 ", -   , -   , -   ,"101,907"
Barking and Dagenham,,London," 53,135 "," 7,971 "," 61,106 ", -   , -   ," 36,140 "," 24,966 ", -   , -   , -   , -   , -   , -   , -   , -   , -   , -   , -   , -   ,0
Barnet,p,London," 107,749 "," 41,095 "," 148,844 "," 83,055 "," 19,892 "," 102,947 "," 45,897 "," 19,223 ", -   , -   , -   ," 9,256 "," 8,731 "," 17,987 "," 1,156 "," 3,981 ", -   , -   , -   ,0
Barnsley,,Yorkshire and The Humber," 5,406 "," 5,385 "," 10,791 "," 6,860 "," 1,179 "," 8,039 "," 2,752 ", 705 ," 2,992 ", -   ," 2,992 "," 1,599 ", 42 ," 1,641 ", 4 , 621 , -   , -   , -   ,"109,441"
Barrow-in-Furness,,North West," 3,069 "," 5,513 "," 8,582 "," 5,994 "," 1,088 "," 7,082 "," 1,500 ", 672 ," 1,996 ", -   ," 1,996 ", -   , 640 , 640 , 22 , 370 , -   , -   , -   ,"30,826"
Basildon,,East of England," 5,334 "," 3,978 "," 9,312 "," 5,350 "," 1,089 "," 6,439 "," 2,873 "," 1,061 "," 3,087 ", -   ," 3,087 ", 115 ," 1,672 "," 1,787 ", 52 , 943 , -   , -   , -   ,"90,535"
Basingstoke and Deane,,South East," 2,873 "," 4,255 "," 7,128 "," 4,148 "," 1,154 "," 5,302 "," 1,826 ", 559 ," 1,855 ", -   ," 1,855 "," 1,183 ", 52 ," 1,235 ", 8 , 574 , -   , -   , -   ,"94,229"
Bassetlaw,,East Midlands," 5,260 "," 4,167 "," 9,427 "," 4,758 ", 875 ," 5,633 "," 3,794 ", 517 ," 3,170 ", -   ," 3,170 ", 284 ," 1,569 "," 1,853 ", 36 , 331 , -   , -   , -   ,"60,966"
Bath and North East Somerset,,South West," 23,648 "," 9,071 "," 32,719 "," 12,215 "," 11,974 "," 24,189 "," 8,530 ", -   ," 4,298 ", -   ," 4,298 ", -   , -   , -   , -   , -   , -   , -   , -   ,"102,068"
Bedford,,East of England, -   , -   , -   , -   , -   , -   , -   , -   , -   , -   , -   , -   , -   , -   , -   , -   , -   , -   , -   ,"96,663"
Bexley,,London," 43,412 "," 12,890 "," 56,302 "," 24,629 "," 16,797 "," 41,426 "," 14,876 "," 12,241 "," 7,917 "," 1,189 "," 9,106 "," 2,266 "," 1,535 "," 3,801 ", 920 ," 14,278 ", -   , -   , -   ,0
Birmingham,,West Midlands," 73,601 "," 62,088 "," 135,689 "," 73,386 "," 31,718 "," 105,104 "," 30,585 "," 19,227 "," 24,958 ", -   ," 24,958 "," 8,681 "," 5,233 "," 13,914 ", 494 ," 14,527 ", -   , -   ," 1,705 ","584,058"
Blackburn with Darwen,,North West," 8,655 "," 11,602 "," 20,257 "," 11,120 "," 2,837 "," 13,957 "," 6,300 "," 1,761 "," 7,481 ", -   ," 7,481 ", -   , -   , -   , -   , -   , -   , -   , -   ,"63,164"
Blackpool,,North West, -   , -   , -   , -   , -   , -   , -   , -   , -   , -   , -   , -   , -   , -   , -   , -   , -   , -   , -   ,"60,494"
Bolsover,,East Midlands, 16 , 15 , 31 , 2 , 7 , 9 , 22 , -   , 12 , -   , 12 , 2 , 6 , 8 , -   , -   , -   , -   , -   ,"38,980"
Bolton,,North West," 18,012 "," 14,420 "," 32,432 "," 16,198 "," 3,307 "," 19,505 "," 12,927 "," 3,285 "," 18,373 ", -   ," 18,373 ", 271 ," 3,720 "," 3,991 ", 173 ," 3,270 ", -   , -   , -   ,"128,342"
Bournemouth,,South West," 11,300 "," 15,593 "," 26,893 "," 14,968 "," 3,958 "," 18,926 "," 7,967 "," 2,878 "," 5,902 ", -   ," 5,902 ", -   ," 2,497 "," 2,497 ", 100 ," 1,489 ", -   , 15 , 1 ,"85,965"
Bournemouth,,South West," 11,300 "," 15,593 "," 26,893 "," 14,968 "," 3,958 "," 18,926 "," 7,967 "," 2,878 "," 5,902 ", -   ," 5,902 ", -   ," 2,497 "," 2,497 ", 100 ," 1,489 ", -   , 15 , 1 ,"85,965"
Bracknell Forest,,South East, 882 ," 2,013 "," 2,895 "," 1,874 ", 308 ," 2,182 ", 713 , 122 , 573 , -   , 573 , 98 , 79 , 177 , 3 , 327 , -   , -   , -   ,"85,914"
Braintree,,East of England," 3,527 "," 1,274 "," 4,801 "," 3,312 ", 576 ," 3,888 ", 913 , 275 ," 1,214 ", -   ," 1,214 ", 71 , 410 , 481 , 13 , 146 , -   , -   , -   ,"85,165"
Brent,,London, -   , -   , -   , -   , -   , -   , -   , -   , -   , -   , -   , -   , -   , -   , -   , -   , -   , -   , -   ,0
Brentwood,p,East of England," 5,902 "," 3,390 "," 9,292 "," 6,051 "," 1,062 "," 7,113 "," 2,179 ", 146 ," 2,468 ", -   ," 2,468 ", -   , -   , -   , -   , -   , -   , -   , -   ,"51,023"
Bridgnorth,,West Midlands, 83 ," 1,347 "," 1,430 ", 784 , 143 , 927 , 503 , 111 , 532 , -   , 532 , 57 , 394 , 451 , 3 , 17 , -   , -   , -   ,0
Brighton and Hove,,South East," 90,796 "," 39,041 "," 129,837 "," 59,026 "," 31,779 "," 90,805 "," 39,032 "," 19,669 "," 40,991 ", -   ," 40,991 ", -   , -   ," 15,885 ", 671 ," 2,259 ", -   , -   ," 1,073 ","99,853"
Bristol,,South West," 22,524 "," 20,613 "," 43,137 "," 27,497 "," 5,641 "," 33,138 "," 9,999 ", -   , -   , -   , -   , -   , -   , -   , -   , -   , -   , -   ," 1,871 ","210,486"
Bromley,,London," 51,679 "," 29,041 "," 80,720 "," 55,008 "," 12,613 "," 67,621 "," 13,099 "," 7,757 "," 15,574 "," 4,139 "," 19,713 "," 1,065 "," 5,374 "," 6,439 "," 1,111 "," 7,325 ", -   , -   , -   ,0
Broxbourne,,East of England," 6,376 "," 5,566 "," 11,942 "," 7,124 "," 1,547 "," 8,671 "," 3,271 "," 1,128 "," 3,870 ", -   ," 3,870 ", 151 ," 1,528 "," 1,679 ", 39 , 839 , -   , -   , -   ,"52,813"
Broxtowe,,East Midlands," 3,718 ", 969 ," 4,687 "," 3,136 ", 452 ," 3,588 "," 1,099 ", 257 ," 1,305 ", -   ," 1,305 ", 60 , 540 , 600 , 18 , 189 , -   , -   , -   ,"55,080"
Burnley,p,North West," 3,120 "," 3,393 "," 6,513 "," 3,726 ", 949 ," 4,675 "," 1,838 ", 982 ," 1,903 ", -   ," 1,903 ", 201 , 522 , 723 , -   , 32 , -   , -   , -   ,"37,689"
Bury,,North West," 10,982 "," 12,877 "," 23,859 "," 12,781 "," 2,988 "," 15,769 "," 8,090 "," 2,546 "," 9,592 ", -   ," 9,592 ", 23 ," 6,198 "," 6,221 ", 99 , 920 , -   , -   , -   ,"98,090"
Calderdale,,Yorkshire and The Humber," 7,385 "," 8,613 "," 15,998 "," 10,361 "," 1,932 "," 12,293 "," 3,705 "," 1,421 "," 4,927 ", -   ," 4,927 "," 1,611 ", 155 ," 1,766 ", 49 , 980 , -   , -   , -   ,"93,889"
Cambridge,,East of England," 21,479 "," 21,893 "," 43,372 "," 28,220 "," 5,344 "," 33,564 "," 9,808 "," 2,629 "," 19,687 ", -   ," 19,687 "," 1,023 "," 4,215 "," 5,238 ", 46 ," 3,845 ", -   , -   , 8 ,"40,719"
Camden,p,London," 196,040 "," 124,264 "," 320,304 "," 137,723 "," 84,427 "," 222,150 "," 98,154 "," 33,290 "," 102,044 "," 14,623 "," 116,667 "," 46,297 "," 17,337 "," 63,634 ",#VALUE!," 10,243 ", -   , -   , -   ,0
Canterbury,,South East," 6,905 "," 15,310 "," 22,215 "," 12,666 "," 3,200 "," 15,866 "," 6,349 ", -   , -   , -   ," 5,661 ", 137 ," 2,957 "," 3,094 ", 46 , 345 , -   , -   , -   ,"71,092"
Carlisle,,North West," 3,851 "," 11,503 "," 15,354 "," 11,181 "," 1,110 "," 12,291 "," 3,063 ", 499 ," 3,165 ", -   ," 3,165 ", -   ," 1,218 "," 1,218 ", 37 ," 1,216 ", -   , -   , -   ,"56,281"
Carmarthenshire,,Wales," 3,999 "," 4,706 "," 8,705 "," 5,011 "," 1,323 "," 6,334 "," 2,371 ", 882 ," 2,952 ", -   ," 2,952 ", -   ," 1,695 "," 1,695 ", 10 , 582 , -   , -   , -   ,"104,370"
Carrick,p,South West," 13,344 "," 5,967 "," 19,311 "," 11,262 "," 2,694 "," 13,956 "," 5,355 ", 860 ," 5,023 ", -   ," 5,023 ", 700 ,#VALUE!," 1,703 ", -   , -   , -   , -   , -   ,0
Castle Point,,East of England," 1,252 ", 611 ," 1,863 "," 1,144 ", 395 ," 1,539 ", 324 , 149 , 475 , -   , 475 , 22 , -   , 22 , 2 , -   , -   , -   , -   ,"50,644"
Chelmsford,,East of England," 7,112 "," 6,468 "," 13,580 "," 7,813 "," 1,188 "," 9,001 "," 4,579 "," 1,685 "," 3,415 ", -   ," 3,415 ", 3 ," 2,148 "," 2,151 ", 16 , 738 , -   , -   , -   ,"96,062"
Cheltenham,,South West," 15,295 "," 6,980 "," 22,275 "," 9,685 "," 4,944 "," 14,629 "," 7,646 ", 794 , -   , -   ," 5,248 "," 2,674 "," 1,679 "," 4,353 ", 10 , 426 , -   , -   , -   ,"55,956"
Chester,,North West," 1,683 "," 1,173 "," 2,856 ", 933 , 626 ," 1,559 "," 1,297 ", 220 , 596 , -   , 596 , 41 , 255 , 296 , 8 , 206 , -   , -   , -   ,0
Chesterfield,,East Midlands, 589 ," 1,335 "," 1,924 ", 668 , 133 , 801 ," 1,123 ", 46 , 538 , -   , 538 , 35 , 270 , 305 , 7 , 56 , -   , -   , -   ,"81,879"
Chiltern,,South East," 3,465 "," 4,643 "," 8,108 "," 4,303 ", 567 ," 4,870 "," 3,238 ", 547 ," 2,134 ", -   ," 2,134 ", 118 , 957 ," 1,075 ", 12 , 592 , -   , -   , -   ,"59,030"
Chorley,p,North West," 2,576 "," 1,146 "," 3,722 "," 2,211 ", 478 ," 2,689 "," 1,033 ", 614 ," 1,109 ", -   ," 1,109 ", 35 , 413 , 448 , 25 , 51 , -   , -   , -   ,"58,438"
Christchurch,,South West," 1,532 "," 3,712 "," 5,244 "," 3,118 ", 557 ," 3,675 "," 1,569 ", 84 ," 1,381 ", -   ," 1,381 ", 45 , 906 , 951 , 3 , 488 , -   , -   , -   ,"28,073"
City of London,,London," 39,561 "," 7,414 "," 46,975 "," 32,267 "," 6,176 "," 38,443 "," 8,532 "," 4,952 "," 12,000 "," 4,000 "," 16,000 ", 616 ," 5,560 "," 6,176 "," 1,793 ", 727 , -   , 20 , 437 ,0
Colchester,,East of England," 12,599 "," 3,657 "," 16,256 "," 11,250 "," 2,122 "," 13,372 "," 2,884 "," 2,010 "," 3,164 ", -   ," 3,164 ", 85 , 900 , 985 , 11 ," 8,808 ", -   , -   , -   ,"88,326"
Conwy,,Wales," 4,739 "," 8,338 "," 13,077 "," 8,458 "," 1,244 "," 9,702 "," 3,375 ", 845 ," 4,222 ", -   ," 4,222 ", 75 ," 2,403 "," 2,478 ", 27 , 318 , -   , -   , -   ,"64,349"
Copeland,,North West," 2,467 "," 1,597 "," 4,064 ", -   , -   , -   , -   , -   , -   , -   , -   , -   , -   , -   , -   , -   , -   , -   , -   ,"35,959"
Cornwall,,South West," 2,086 "," 7,287 "," 9,373 "," 5,443 "," 1,357 "," 6,800 "," 2,573 ", 481 ," 2,284 ", -   ," 2,284 ", 750 , -   , 750 , -   , -   , -   , -   , -   ,"310,335"
Cotswold,,South West," 4,294 "," 4,223 "," 8,517 "," 5,616 "," 1,532 "," 7,148 "," 1,369 ", 420 ," 2,570 ", -   ," 2,570 ", 39 , 911 , 950 , 17 , 311 , -   , -   , -   ,"54,705"
Coventry,,West Midlands," 23,097 "," 7,874 "," 30,971 "," 18,303 "," 3,780 "," 22,083 "," 8,888 "," 4,525 "," 6,614 ", -   ," 6,614 ", 445 ," 1,117 "," 1,562 ", 424 , 316 , -   , -   , -   ,"130,936"
Crewe and Nantwich,p,North West," 8,311 "," 1,226 "," 9,537 "," 4,322 "," 2,464 "," 6,786 "," 2,751 ", 689 ," 2,920 ", -   ," 2,920 ", 6 ," 1,941 "," 1,947 ", 3 , 406 , -   , -   , -   ,0
Croydon,p,London," 52,769 "," 91,366 "," 144,135 "," 27,244 "," 17,439 "," 44,683 "," 99,452 "," 2,984 "," 16,031 ", -   ," 16,031 ", -   , -   ," 1,547 ", 378 , 454 , -   , -   , -   ,0
Dacorum,,East of England," 6,938 "," 11,092 "," 18,030 "," 9,954 "," 2,203 "," 12,157 "," 5,873 "," 1,457 "," 6,909 ", -   ," 6,909 ", 293 ," 4,573 "," 4,866 ", 42 , 785 , -   , -   , -   ,"80,230"
Dartford,,South East," 5,844 "," 2,911 "," 8,755 "," 4,661 "," 1,442 "," 6,103 "," 2,652 "," 1,806 "," 1,945 ", -   ," 1,945 ", 133 , 591 , 724 , 21 , 518 , -   , -   , -   ,"51,527"
Denbighshire,,Wales," 6,157 "," 7,037 "," 13,194 "," 7,324 "," 1,898 "," 9,222 "," 3,972 "," 1,037 "," 3,590 ", -   ," 3,590 ", -   , -   ," 1,628 ", -   , -   , -   , -   , -   ,"52,178"
Derby,,East Midlands," 9,366 "," 13,699 "," 23,065 "," 12,553 "," 2,845 "," 15,398 "," 7,667 "," 1,861 ", -   , -   , -   , -   , -   , -   , -   , -   , -   , -   , -   ,"129,349"
Derbyshire Dales,,East Midlands, 129 , 576 , 705 , 444 , 54 , 498 , 207 , 6 , 215 , 1 , 216 , 26 , 127 , 153 , -   , 15 , -   , -   , -   ,"44,703"
Doncaster,,Yorkshire and The Humber," 5,626 "," 9,107 "," 14,733 "," 8,144 "," 1,354 "," 9,498 "," 5,235 "," 3,221 "," 3,780 ", -   ," 3,780 ", 236 ," 2,228 "," 2,464 ", 46 , 95 , -   , -   , -   ,"144,102"
Dover,,South East," 5,334 "," 10,377 "," 15,711 "," 9,168 "," 1,863 "," 11,031 "," 4,680 "," 1,237 "," 3,901 ", -   ," 3,901 ", 533 ," 2,262 "," 2,795 ", 9 ," 1,765 ", -   , -   , -   ,"55,853"
Dudley,,West Midlands," 5,537 "," 3,109 "," 8,646 "," 5,748 "," 1,303 "," 7,051 "," 1,595 ", 519 ," 2,200 ", -   ," 2,200 ", 742 , 109 , 851 , 21 , 743 , -   , -   , -   ,"156,546"
Durham City,,North East," 1,727 "," 1,505 "," 3,232 "," 2,132 ", 444 ," 2,576 ", 656 , 358 , 724 , 346 ," 1,070 ", 164 , 199 , 363 , 15 , 255 , -   , -   , -   ,0
Ealing,,London, -   , -   , -   , -   , -   , -   , -   , -   , -   , -   , -   , -   , -   , -   , -   , -   , -   , -   , -   ,0
East Devon,,South West," 1,478 "," 7,437 "," 8,915 "," 5,577 ", 967 ," 6,544 "," 2,371 ", -   ," 1,233 ", 718 ," 1,951 ", 158 ," 1,233 "," 1,391 ", 9 , 560 , -   , -   , -   ,"80,926"
East Dorset,,South West, 514 , 112 , 626 , 409 , 30 , 439 , 187 , 73 , 152 , -   , 152 ,#VALUE!,#VALUE!, -   , -   , 9 , -   , -   , -   ,"61,981"
East Hertfordshire,,East of England," 9,562 "," 17,404 "," 26,966 "," 15,182 "," 3,864 "," 19,046 "," 7,920 ", -   ," 11,575 ", -   ," 11,575 ", -   ," 8,526 "," 8,526 ", 55 , -   , -   , -   , -   ,"82,298"
East Staffordshire,,West Midlands," 2,968 "," 6,800 "," 9,768 "," 5,571 "," 2,115 "," 7,686 "," 2,082 ", 458 ," 3,044 ", -   ," 3,044 ", 302 , 555 , 857 , 5 , 249 , -   , -   , -   ,"58,943"
Eastbourne,,South East," 4,832 "," 2,775 "," 7,607 "," 6,001 "," 1,045 "," 7,046 ", 561 , -   ," 1,252 ", -   ," 1,252 ", 855 , 84 , 939 , -   , 592 , -   , -   , -   ,"45,844"
Eastleigh,,South East," 4,285 "," 8,554 "," 12,839 "," 7,824 "," 1,582 "," 9,406 "," 3,433 ", 782 ," 4,201 ", -   ," 4,201 ", 32 ," 4,169 "," 4,201 ", 11 , 576 , -   , -   , -   ,"73,508"
Eden,,North West," 1,527 "," 3,860 "," 5,387 "," 4,076 ", 413 ," 4,489 ", 898 , 145 ," 1,366 ", -   ," 1,366 ", -   , 479 , 479 , 25 , 244 , -   , -   , -   ,"33,535"
Ellesmere Port and Neston,,North West, 409 , 629 ," 1,038 ", 356 , 155 , 511 , 527 , 70 , 576 , -   , 576 , 33 , 293 , 326 , 1 , 86 , -   , -   , -   ,0
Elmbridge,,South East," 7,976 "," 13,815 "," 21,791 "," 14,064 "," 2,779 "," 16,843 "," 4,948 "," 1,469 "," 6,208 ", -   ," 6,208 ", 3 ," 3,180 "," 3,183 ", 78 , 424 , -   , -   , -   ,"83,176"
Enfield,,London," 87,323 "," 22,740 "," 110,063 ", -   , -   , -   ," 46,184 ", -   , -   , -   , -   , -   , -   ," 17,442 ", -   ," 3,738 ", -   , -   ," 1,733 ",0
Epping Forest,,East of England," 11,818 "," 10,763 "," 22,581 "," 6,934 "," 10,508 "," 17,442 "," 5,139 ", -   ," 4,711 ", -   ," 4,711 ", 238 ," 3,271 "," 3,509 ", 33 ," 1,623 ", -   , -   , -   ,"75,289"
Epsom and Ewell,,South East, -   , -   , -   , -   , -   , -   , -   , -   , -   , -   , -   , -   , -   , -   , -   , -   , -   , -   , -   ,"39,954"
Erewash,,East Midlands, 204 , 176 , 380 , 216 , 24 , 240 , 140 , 13 , 123 , -   , 123 , 13 , 74 , 87 , -   , 20 , -   , -   , -   ,"59,054"
Exeter,p,South West," 10,229 "," 6,694 "," 16,923 "," 10,226 "," 2,798 "," 13,024 "," 3,899 ", -   ," 3,254 ", -   ," 3,254 "," 1,055 ", 355 ," 1,410 ", 70 , 384 , -   , -   , -   ,"63,317"
Fareham,,South East," 4,829 "," 4,214 "," 9,043 "," 5,921 ", 999 ," 6,920 "," 2,123 ", 417 ," 3,411 ", -   ," 3,411 ", 150 ," 2,701 "," 2,851 ", 21 ," 1,861 ", -   , -   , -   ,"66,961"
Forest of Dean,,South West, -   , -   , -   , -   , -   , -   , -   , -   , -   , -   , -   , -   , -   , -   , -   , -   , -   , -   , -   ,"51,562"
Fylde,p,North West," 1,353 "," 3,719 "," 5,072 "," 3,512 ", 613 ," 4,125 ", 947 , 283 ," 1,347 ", -   ," 1,347 ", 98 , 300 , 398 , 40 , 33 , -   , -   , -   ,"43,343"
Gateshead,,North East," 7,944 "," 7,736 "," 15,680 "," 10,338 "," 1,264 "," 11,602 "," 4,078 ", 20 ," 5,237 ", -   ," 5,237 "," 2,139 ", -   ," 2,139 ", 90 , -   , -   , -   , -   ,"84,371"
Gedling,,East Midlands," 2,742 ", 667 ," 3,409 "," 2,068 ", 316 ," 2,384 "," 1,025 ", 143 ," 1,149 ", -   ," 1,149 ", 42 , 570 , 612 , 10 , 80 , -   , -   , -   ,"57,843"
Gloucester,,South West," 12,126 "," 9,372 "," 21,498 "," 11,523 "," 1,414 "," 12,937 "," 8,561 ", 46 ," 7,262 ", -   ," 7,262 "," 2,105 "," 2,623 "," 4,728 ", 8 ," 2,088 ", -   , -   , -   ,"59,637"
Gravesham,,South East," 10,348 "," 4,294 "," 14,642 "," 7,749 "," 2,186 "," 9,935 "," 4,707 "," 2,506 "," 3,181 ", -   ," 3,181 ", 59 ," 2,048 "," 2,107 ", 80 ," 1,090 ", -   , -   , -   ,"49,165"
Greenwich,p,London," 25,391 "," 16,370 "," 41,761 "," 21,260 "," 3,895 "," 25,155 "," 66,916 "," 2,125 "," 8,472 ", -   ," 8,472 "," 2,849 ", 38 ," 2,887 ", 411 ," 1,626 ", -   , -   , -   ,0
Guildford,,South East," 12,178 "," 16,431 "," 28,609 "," 17,604 "," 3,670 "," 21,274 "," 7,335 "," 1,602 "," 5,708 ", -   ," 5,708 ", 569 ," 3,990 "," 4,559 ", 17 ," 1,226 ", -   , -   , -   ,"80,005"
Gwynedd,,Wales," 3,783 "," 6,468 "," 10,251 "," 6,016 "," 1,460 "," 7,476 "," 2,775 ", 504 ," 2,310 ", -   ," 2,310 ", -   , -   ," 1,015 ", -   , -   , -   , -   , -   ,"65,544"
Hackney,p,London," 75,816 "," 22,132 "," 97,948 "," 52,274 "," 10,457 "," 62,731 "," 35,217 "," 29,776 "," 24,302 ",#VALUE!," 26,592 "," 2,122 "," 2,576 "," 4,698 "," 1,334 ", -   , -   , -   , -   ,0
Hammersmith and Fulham,,London, -   , -   , -   , -   , -   , -   , -   , -   , -   , -   , -   , -   , -   , -   , -   , -   , -   , -   , -   ,0
Haringey,,London, -   , -   , -   , -   , -   , -   , -   , -   , -   , -   , -   , -   , -   , -   , -   , -   , -   , -   , -   ,0
Harlow,,East of England," 6,277 "," 1,096 "," 7,373 "," 4,338 "," 4,922 "," 9,260 ", -   , 595 , -   , -   , -   , -   , -   , -   , -   , -   , -   , -   , -   ,"39,992"
Harrogate,,Yorkshire and The Humber," 7,746 "," 11,581 "," 19,327 "," 12,330 "," 2,703 "," 15,033 "," 4,294 "," 1,361 "," 5,461 ", -   ," 5,461 ", 440 ," 2,676 "," 3,116 ", 17 ," 1,093 ", -   , -   , -   ,"91,066"
Harrow,,London," 53,174 "," 13,570 "," 66,744 "," 40,996 "," 6,665 "," 47,661 "," 19,083 "," 8,905 "," 9,018 "," 4,254 "," 13,272 "," 3,450 ", 340 ," 3,790 ", 409 ," 7,917 ", -   , -   , -   ,0
Hart,,South East," 1,898 "," 4,264 "," 6,162 "," 4,252 ", 673 ," 4,925 "," 1,237 ", 120 ," 1,315 ", -   ," 1,315 ", 275 , 743 ," 1,018 ", 12 , 206 , -   , -   , -   ,"87,299"
Hartlepool,p,North East," 3,330 "," 2,765 "," 6,095 "," 2,965 ", 528 ," 3,493 "," 2,602 ", -   ," 2,229 ", -   ," 2,229 ", 91 ," 1,510 "," 1,601 ", 17 , 91 , -   , -   , -   ,"38,231"
Hastings,,South East," 11,078 "," 12,719 "," 23,797 "," 15,097 "," 3,326 "," 18,423 "," 5,374 "," 3,842 "," 5,765 ", -   ," 5,765 ", 193 ," 1,489 "," 1,682 ", 75 ," 2,843 ", -   , 51 , 39 ,"39,081"
Havant,,South East," 3,244 "," 3,779 "," 7,023 "," 4,208 ", 864 ," 5,072 "," 1,951 ", 562 ," 1,735 ", -   , -   , -   , -   , -   , -   , -   , -   , -   , -   ,"65,031"
Havering,,London," 32,853 "," 8,716 "," 41,569 "," 25,391 "," 3,992 "," 29,383 "," 12,186 "," 5,401 ", -   , -   ," 10,199 "," 1,121 "," 4,345 "," 5,466 ", -   ," 3,847 ", -   , -   , -   ,0
Herefordshire,,West Midlands," 7,030 "," 11,863 "," 18,893 "," 11,834 "," 2,097 "," 13,931 "," 4,962 "," 1,551 "," 4,686 ", -   ," 4,686 ", 152 ," 3,148 "," 3,300 ", 17 ," 1,196 ", -   , -   , -   ,"112,448"
Hertsmere,,East of England," 3,731 "," 4,469 "," 8,200 "," 5,656 ", 998 ," 6,654 "," 1,546 ", -   ," 1,680 ", -   ," 1,680 ", 41 , 452 , 493 , 23 , 268 , -   , -   , -   ,"55,588"
High Peak,,East Midlands, -   , -   , -   , -   , -   , -   , -   , -   , -   , -   , -   , -   , -   , -   , -   , -   , -   , -   , -   ,"48,565"
Hillingdon,,London," 38,762 "," 19,672 "," 58,434 "," 33,639 "," 6,453 "," 40,092 "," 18,342 "," 5,587 "," 13,106 ", 850 ," 13,956 "," 3,525 "," 7,278 "," 10,803 ", 272 ," 6,854 ", -   , -   , -   ,0
Horsham,,South East," 4,269 "," 6,465 "," 10,734 "," 6,024 ", 970 ," 6,994 "," 3,740 ", 205 ," 3,407 ", -   ," 3,407 ", 116 ," 1,449 "," 1,565 ", 22 ," 3,011 ", -   , -   , -   ,"84,408"
Hounslow,p,London," 99,966 "," 46,978 "," 146,944 "," 85,496 "," 20,118 "," 105,614 "," 41,330 ", -   , -   , -   , -   , -   , -   , -   , -   , -   , -   , -   , -   ,0
Hyndburn,p,North West," 2,666 "," 1,414 "," 4,080 "," 2,351 ", 499 ," 2,850 "," 1,230 ", 634 ," 1,113 ", -   ," 1,113 ", 144 , 372 , 516 , 13 , 33 , -   , -   , -   ,"37,310"
Ipswich,,East of England," 7,713 "," 7,546 "," 15,259 "," 10,310 "," 1,969 "," 12,279 "," 2,980 ", -   , -   , -   , -   , -   , -   , -   , -   , -   , -   , -   , -   ,"62,790"
Isle of Wight,,South East," 10,258 "," 23,434 "," 33,692 "," 19,359 "," 5,870 "," 25,229 "," 8,463 "," 3,602 "," 7,073 ", -   ," 7,073 ", -   ," 3,821 "," 3,821 ", 160 , 811 , -   , -   , -   ,"74,402"
Islington,,London," 192,171 "," 56,845 "," 249,016 "," 103,538 "," 58,600 "," 162,138 "," 86,878 "," 34,646 "," 51,283 "," 12,011 "," 63,294 "," 8,155 "," 29,745 "," 37,900 ", 314 ," 8,984 ", -   , -   , -   ,0
Kennet,,South West," 1,582 "," 4,702 "," 6,284 "," 4,317 ", 860 ," 5,177 "," 1,107 ", 112 ," 1,582 ", -   ," 1,582 ", 105 , 799 , 904 , 9 , 183 , -   , -   , -   ,0
Kensington and Chelsea,,London, -   , -   , -   , -   , -   , -   , -   , -   , -   , -   , -   , -   , -   , -   , -   , -   , -   , -   , -   ,0
Kingston upon Hull,,Yorkshire and The Humber," 8,588 "," 16,120 "," 24,708 "," 12,779 "," 3,389 "," 16,168 "," 8,540 "," 2,119 "," 4,955 ", -   ," 4,955 "," 1,338 "," 2,972 "," 4,310 ", 67 , 530 , -   , -   , -   ,"96,778"
Kingston upon Thames,p,London, 156 ," 6,890 "," 7,046 "," 3,728 "," 1,025 "," 4,753 "," 2,293 "," 1,101 "," 4,594 ", -   ," 4,594 ", 38 , 1 , 39 , 26 , 3 , -   , -   , -   ,0
Kirklees,,Yorkshire and The Humber," 15,081 "," 16,748 "," 31,829 "," 18,775 "," 4,570 "," 23,345 "," 8,484 "," 3,191 "," 5,895 ", -   ," 5,895 ", 234 ," 4,879 "," 5,113 ", 49 , 924 , -   , -   , -   ,"189,702"
Lambeth,p,London," 159,678 "," 21,689 "," 181,367 "," 114,655 "," 23,983 "," 138,638 "," 42,729 "," 60,623 "," 59,363 "," 21,668 "," 81,031 "," 3,271 "," 19,622 "," 22,893 ", -   ," 2,000 ", -   , -   , -   ,0
Lancaster,p,North West," 7,050 "," 5,653 "," 12,703 "," 7,069 "," 1,559 "," 8,628 "," 4,075 "," 1,868 "," 4,020 ", -   ," 4,020 ", 201 ," 1,365 "," 1,566 ", 72 , 258 , -   , -   , -   ,"65,526"
Leeds,,Yorkshire and The Humber," 76,321 "," 52,307 "," 128,628 "," 68,409 "," 20,237 "," 88,646 "," 39,982 "," 17,479 "," 35,907 ", -   ," 35,907 "," 6,431 "," 10,974 "," 17,405 ", 126 ," 7,934 ", -   , -   , -   ,"375,093"
Leicester,,East Midlands," 38,627 "," 17,317 "," 55,944 "," 35,296 "," 9,210 "," 44,506 "," 11,438 ", -   ," 12,578 ", -   ," 12,578 ", -   , -   ," 3,581 ", -   , -   , -   , -   , -   ,"152,008"
Leicestershire,,East Midlands," 20,942 "," 27,480 "," 48,422 "," 33,317 "," 6,436 "," 39,753 "," 8,669 "," 4,632 "," 11,498 ", -   ," 11,498 ", 664 ," 3,618 "," 4,282 ", 60 , 921 , -   , -   , -   ,"55,725"
Lewes,,South East," 11,076 "," 12,350 "," 23,426 ", -   , -   , -   ," 23,426 ", -   , -   , -   , -   , -   , -   , -   , -   , -   , -   , -   , -   ,"52,912"
Lewisham,,London," 25,829 "," 21,649 "," 47,478 "," 14,174 "," 3,571 "," 17,745 "," 29,733 ", -   ," 4,026 ", -   ," 4,026 ", 461 ," 1,214 "," 1,675 ", 295 , 575 , -   , -   , -   ,0
Liverpool,,North West," 56,476 "," 21,696 "," 78,172 "," 38,577 "," 17,663 "," 56,240 "," 21,932 "," 9,877 "," 18,729 ", -   ," 18,729 ", 489 , 169 , 658 , 565 , 741 , -   , -   , -   ,"148,209"
Luton,p,East of England," 21,169 "," 19,680 "," 40,849 "," 21,886 "," 6,385 "," 28,271 "," 12,578 "," 7,685 "," 7,344 ", -   ," 7,344 ", 924 ," 2,450 "," 3,374 ", 154 ," 4,650 ", -   , -   , -   ,"81,674"
Macclesfield,p,North West," 8,528 "," 17,746 "," 26,274 "," 14,030 "," 6,376 "," 20,406 "," 5,868 "," 1,592 "," 10,987 ", -   ," 10,987 ", 603 ," 3,698 "," 4,301 ", 175 , 49 , -   , -   , -   ,0
Maidstone,,South East," 12,556 "," 18,825 "," 31,381 "," 17,992 "," 3,847 "," 21,839 "," 9,542 "," 3,239 "," 8,725 ", -   ," 8,725 "," 4,860 ", 230 ," 5,090 ", 111 ," 1,943 ", -   , -   , -   ,"89,687"
Maldon,p,East of England," 4,968 "," 2,133 "," 7,101 "," 2,748 ", 428 ," 3,176 "," 3,925 ", -   ," 1,318 ", -   ," 1,318 ", -   , -   , 492 , 9 , 29 , -   , -   , -   ,"40,927"
Manchester,,North West," 76,111 "," 70,508 "," 146,619 "," 85,673 "," 25,189 "," 110,862 "," 35,757 "," 20,814 "," 20,822 ", -   ," 20,822 "," 9,729 ", 301 ," 10,030 ", 387 ," 1,983 ", -   , -   ," 3,351 ","145,736"
Mansfield,,East Midlands," 6,256 "," 4,374 "," 10,630 "," 6,718 ", 893 ," 7,611 "," 3,019 ", 222 ," 3,381 ", -   ," 3,381 ", 201 ," 1,602 "," 1,803 ", 41 , 353 , -   , -   , -   ,"51,441"
Medway Towns,p,South East," 30,568 "," 16,531 "," 47,099 "," 22,814 "," 5,147 "," 27,961 "," 19,138 "," 5,796 "," 6,045 "," 5,802 "," 11,847 "," 1,363 "," 5,802 "," 7,165 ", 240 ," 5,191 ", -   , -   , -   ,"128,493"
Merton,,London," 28,868 "," 19,030 "," 47,898 "," 28,087 "," 4,222 "," 32,309 "," 15,589 "," 4,534 "," 5,162 ", -   ," 5,162 ", -   , -   , -   , 366 , -   , -   , -   , -   ,0
Mid Bedfordshire,,East of England, -   , -   , -   , -   , -   , -   , -   , -   , -   , -   , -   , -   , -   , -   , -   , -   , -   , -   , -   ,0
Mid Devon,,South West," 2,171 "," 1,939 "," 4,110 "," 2,262 ", 220 ," 2,482 "," 1,628 ", -   , 722 , 722 ," 1,444 ", -   , -   , -   , -   , -   , -   , -   , -   ,"47,598"
Mid Sussex,,South East," 3,466 "," 6,935 "," 10,401 "," 7,100 ", 760 ," 7,860 "," 2,541 ", 496 ," 3,155 ", 43 ," 3,198 ", 121 ," 1,988 "," 2,109 ", -   , 411 , -   , -   , -   ,"80,297"
Middlesbrough,,North East," 6,630 "," 5,642 "," 12,272 "," 7,012 "," 1,793 "," 8,805 "," 3,467 "," 1,420 "," 3,503 ", -   , -   , -   , -   , -   , -   , -   , -   , -   , -   ,"53,887"
Milton Keynes,,South East," 9,848 "," 25,876 "," 35,724 "," 18,295 "," 4,946 "," 23,241 "," 12,483 "," 2,070 ", -   , -   , -   , -   , -   , -   , -   , -   , -   , -   , -   ,"185,673"
Mole Valley,,South East," 3,125 "," 5,495 "," 8,620 "," 5,450 "," 1,123 "," 6,573 "," 2,047 ", 614 ," 2,141 ", -   ," 2,141 ", 31 ," 1,239 "," 1,270 ", 6 , 464 , -   , -   , -   ,"53,939"
Neath Port Talbot,,Wales, -   , -   , -   , -   , -   , -   , -   , -   , -   , -   , -   , -   , -   , -   , -   , -   , -   , -   , -   ,"69,770"
New Forest,p,South East," 1,987 "," 7,067 "," 9,054 "," 5,628 ", 800 ," 6,428 "," 2,626 ", 197 ," 2,613 ", -   ," 2,613 ", 101 ," 1,789 "," 1,890 ", 3 , 117 , -   , -   , -   ,"113,110"
Newark and Sherwood,,East Midlands," 4,897 "," 3,437 "," 8,334 "," 5,469 ", 814 ," 6,283 "," 2,051 ", 373 ," 2,277 ", -   ," 2,277 ", 102 ," 1,209 "," 1,311 ", 25 , 295 , -   , -   , -   ,"63,562"
Newcastle-under-Lyme,,West Midlands," 4,130 "," 2,288 "," 6,418 "," 3,294 "," 1,385 "," 4,679 "," 1,739 ", 94 ," 1,962 ", -   ," 1,962 ", 148 , 606 , 754 , 4 , 145 , -   , -   , -   ,"61,931"
Newham,,London," 152,857 "," 24,083 "," 176,940 "," 47,846 "," 65,750 "," 113,596 "," 63,344 "," 50,195 ", -   , -   , -   , -   , -   , -   , -   , -   , -   , -   ," 2,938 ",0
North Devon,,South West," 3,465 "," 4,094 "," 7,559 "," 4,981 ", 833 ," 5,814 "," 1,745 ", 810 ," 1,863 ", -   ," 1,863 ", 197 , 765 , 962 , 42 , 231 , -   , -   , -   ,"53,393"
North Dorset,,South West," 1,298 "," 3,212 "," 4,510 "," 3,144 ", 309 ," 3,453 "," 1,057 ", 373 , 937 , -   , 937 , -   , -   , -   , 7 , 137 , -   , -   , -   ,"43,218"
North East Derbyshire,,East Midlands, 31 , 15 , 46 , 33 , 2 , 35 , 11 , -   , 11 , -   , 11 , 2 , 6 , 8 , -   , -   , -   , -   , -   ,"55,709"
North Hertfordshire,,East of England," 4,592 "," 7,303 "," 11,895 "," 7,213 "," 1,335 "," 8,548 "," 3,347 ", 597 ," 3,974 ", -   ," 3,974 ", 56 ," 2,678 "," 2,734 ", 16 , 473 , -   , -   , -   ,"70,976"
North Shropshire,,West Midlands, 89 , 615 , 704 , 454 , 61 , 515 , 189 , 51 , 200 , -   , 200 , 31 , 136 , 167 , 3 , 7 , -   , -   , -   ,0
North Tyneside,p,North East," 9,931 "," 2,815 "," 12,746 "," 8,280 "," 1,880 "," 10,160 "," 2,586 ", 130 , -   , -   , -   , -   , -   , -   , -   , -   , -   , -   , -   ,"88,243"
North Wiltshire,,South West," 2,746 "," 8,041 "," 10,787 "," 7,562 "," 1,199 "," 8,761 "," 2,026 ", 58 ," 2,642 ", -   ," 2,642 ", 219 ," 1,000 "," 1,219 ", 23 , 536 , -   , -   , -   ,0
Northamptonshire,,East Midlands," 21,212 "," 18,467 "," 39,679 "," 23,983 "," 5,442 "," 29,425 "," 10,254 "," 5,958 "," 9,397 ", -   ," 9,397 "," 4,077 ", -   ," 4,077 ", 94 ," 4,324 ", -   , -   , -   ,"106,024"
Norwich,,East of England," 18,080 "," 9,071 "," 27,151 ", -   , -   , -   ," 27,151 ", -   , -   , -   , -   , -   , -   , -   , -   , -   , -   , -   , -   ,"54,434"
Nottingham,,East Midlands," 40,710 "," 23,681 "," 64,391 "," 38,070 "," 8,236 "," 46,306 "," 18,085 "," 6,798 "," 18,311 ", -   ," 18,311 ", 549 ," 8,889 "," 9,438 ", 459 ," 6,779 ", -   , -   ," 2,523 ","92,761"
Oldham,,North West," 14,393 "," 15,007 "," 29,400 "," 13,413 "," 2,696 "," 16,109 "," 13,291 "," 1,625 "," 5,974 ", -   ," 5,974 "," 1,633 "," 3,065 "," 4,698 ", 84 ," 1,276 ", -   , -   , -   ,"92,524"
Oswestry,,West Midlands, 22 , 222 , 244 , 160 , 8 , 168 , 76 , 18 , 72 , -   , 72 , 13 , 54 , 67 , 3 , 2 , -   , -   , -   ,0
Oxford,,South East," 15,707 "," 6,890 "," 22,597 "," 14,479 "," 3,017 "," 17,496 "," 5,101 "," 1,149 "," 3,963 ", -   ," 3,963 ", 689 ," 1,891 "," 2,580 ", 64 , 58 , -   , -   , -   ,"51,358"
Pendle,p,North West," 2,064 "," 1,013 "," 3,077 "," 1,809 ", 397 ," 2,206 ", 871 , 452 , 848 , -   , 848 , 42 , 300 , 342 , 24 , 26 , -   , -   , -   ,"40,860"
Peterborough,,East of England," 9,757 "," 8,320 "," 18,077 "," 9,257 "," 2,718 "," 11,975 "," 6,102 "," 2,581 "," 7,442 ", -   ," 7,442 "," 2,701 ", -   ," 2,701 ", 19 ," 3,324 ", -   , -   , -   ,"88,132"
Plymouth,,South West," 22,308 "," 22,788 "," 45,096 "," 30,041 "," 6,880 "," 36,921 "," 8,175 "," 5,375 "," 9,717 ", -   ," 9,717 "," 2,350 ", 960 ," 3,310 ", 211 ," 4,151 ", -   , -   , -   ,"111,739"
Poole,,South West," 6,997 "," 11,614 "," 18,611 "," 12,628 "," 2,554 "," 15,182 "," 3,429 "," 1,977 "," 3,551 ", -   ," 3,551 ", 240 ," 1,301 "," 1,541 ", 63 ," 1,241 ", -   , -   , -   ,"84,803"
Portsmouth,,South East," 20,282 "," 23,252 "," 43,534 "," 26,589 "," 7,108 "," 33,697 "," 9,837 "," 5,211 "," 7,812 ", -   ," 7,812 ", 351 ," 3,268 "," 3,619 ", 114 ," 1,715 ", -   , -   , -   ,"103,232"
Preston,p,North West," 8,147 "," 5,071 "," 13,218 "," 7,735 "," 1,894 "," 9,629 "," 3,589 "," 1,471 "," 3,614 ", -   ," 3,614 ", 603 , 896 ," 1,499 ", 84 , 288 , -   , -   , -   ,"60,650"
Purbeck,,South West," 2,070 "," 1,205 "," 3,275 "," 2,477 ", 134 ," 2,611 ", 664 , 125 , 724 , -   , 724 , -   , -   , -   , -   , 58 , -   , -   , -   ,"28,812"
Reading,,South East," 43,822 "," 7,601 "," 51,423 "," 27,402 "," 7,608 "," 35,010 "," 16,413 "," 10,265 "," 5,749 ", -   ," 5,749 "," 3,360 ", -   ," 3,360 ", 409 ," 3,581 ", -   , -   , -   ,"65,528"
Redbridge,,London, -   , -   , -   , -   , -   , -   , -   , -   , -   , -   , -   , -   , -   , -   , -   , -   , -   , -   , -   ,0
Redcar and Cleveland,,North East," 3,613 "," 4,003 "," 7,616 "," 3,977 ", 689 ," 4,666 "," 2,950 "," 1,787 "," 1,180 ", -   ," 1,180 ", 151 , 818 , 969 , 27 , 385 , -   , -   , -   ,"64,694"
Redditch,,West Midlands, -   , -   , -   , -   , -   , -   , -   , -   , -   , -   , -   , -   , -   , -   , -   , -   , -   , -   , -   ,"44,668"
Reigate and Banstead,,South East," 9,008 "," 8,152 "," 17,160 "," 10,309 "," 2,949 "," 13,258 "," 3,902 "," 1,669 "," 2,293 ", -   ," 2,293 ", 884 ," 2,080 "," 2,964 ", 33 , 328 , -   , -   , -   ,"104,627"
Restormel,p,South West," 4,518 "," 3,481 "," 7,999 ", -   , -   , -   , -   , -   , -   , -   , -   , -   , -   , -   , -   , -   , -   , -   , -   ,0
Ribble Valley,p,North West, 225 , 555 , 780 , 530 , 122 , 652 , 128 , 47 , 172 , -   , 172 , 6 , 33 , 39 , 4 , 2 , -   , -   , -   ,"34,844"
Richmond upon Thames,,London," 57,320 "," 34,513 "," 91,833 "," 58,962 "," 12,721 "," 71,683 "," 20,150 "," 7,343 "," 20,342 "," 6,260 "," 26,602 "," 6,528 "," 6,531 "," 13,059 ", 903 ," 1,355 ", -   , -   , -   ,0
Rochdale,p,North West," 11,984 "," 9,722 "," 21,706 "," 12,880 "," 2,374 "," 15,254 "," 6,452 "," 1,836 "," 5,532 ", -   ," 5,532 ", 102 ," 2,755 "," 2,857 ", 89 ," 1,068 ", -   , -   , -   ,"91,046"
Rochford,,East of England," 4,454 "," 3,253 "," 7,707 "," 5,703 ", 921 ," 6,624 "," 1,083 "," 1,243 "," 1,716 ", -   ," 1,716 ", 42 , 668 , 710 , 33 , 240 , -   , -   , -   ,"48,758"
Rossendale,p,North West," 1,239 ", 934 ," 2,173 "," 1,446 ", 284 ," 1,730 ", 443 , 232 , 470 , -   , 470 , 41 , 116 , 157 , 34 , 22 , -   , -   , -   ,"35,693"
Rotherham,,Yorkshire and The Humber," 5,482 "," 5,801 "," 11,283 "," 7,645 ", 508 ," 8,153 "," 3,130 ", 884 , -   , -   , -   , -   , -   , -   , -   , -   , -   , -   , -   ,"120,844"
Rugby,p,West Midlands," 1,716 "," 5,553 "," 7,269 "," 4,233 ", 841 ," 5,074 "," 2,195 ", 294 ," 2,409 ", -   ," 2,409 ", 664 , 956 ," 1,620 ", 33 , -   , -   , -   , -   ,"54,268"
Runnymede,,South East," 1,791 "," 4,524 "," 6,315 "," 4,015 ", 679 ," 4,694 "," 1,621 ", 497 ," 1,431 ", -   ," 1,431 ", -   , -   , 693 , 4 , 165 , -   , -   , -   ,"47,438"
Rushcliffe,,East Midlands," 3,452 "," 3,636 "," 7,088 "," 4,631 ", 611 ," 5,242 "," 1,846 ", 203 ," 2,497 ", -   ," 2,497 ", 130 ," 1,275 "," 1,405 ", 18 , 202 , -   , -   , -   ,"59,287"
Rushmoor,,South East," 3,699 "," 6,477 "," 10,176 "," 6,951 "," 1,713 "," 8,664 "," 1,512 ", 417 ," 2,420 ", -   ," 2,420 ", -   , -   , 895 , 25 , -   , -   , -   , 11 ,"91,517"
Rutland,,East Midlands, 785 ," 1,419 "," 2,204 "," 1,545 ", 302 ," 1,847 ", 357 , 144 , 385 , -   , 385 , 82 , 178 , 260 , 6 , 75 , -   , -   , -   ,"21,801"
Salford,,North West," 21,370 "," 10,816 "," 32,186 "," 19,022 "," 3,510 "," 22,532 "," 9,654 "," 1,674 "," 9,818 ", -   ," 9,818 ", 549 ," 6,917 "," 7,466 ", 94 ," 2,087 ", -   , -   , -   ,"90,410"
Salisbury,,South West," 5,354 "," 12,014 "," 17,368 "," 10,677 "," 2,876 "," 13,553 "," 3,815 ", 415 ," 6,186 ", -   ," 6,186 ", 569 ," 1,441 "," 2,010 ", 46 ," 1,213 ", -   , -   , -   ,0
Sandwell,p,West Midlands," 17,813 "," 12,118 "," 29,931 "," 18,064 "," 3,509 "," 21,573 "," 8,358 "," 5,482 "," 9,821 ", -   ," 9,821 "," 3,548 ", 532 ," 4,080 ", -   , 852 , -   , -   , -   ,"123,346"
Scarborough,,Yorkshire and The Humber," 11,233 "," 11,362 "," 22,595 "," 11,659 "," 2,438 "," 14,097 "," 8,498 "," 3,809 "," 7,033 ", -   ," 7,033 ", -   , -   ," 3,743 ", 62 ," 3,212 ", -   , -   , -   ,"52,105"
Sefton,,North West," 19,956 "," 21,978 "," 42,113 "," 24,081 "," 4,571 "," 28,652 "," 13,282 "," 4,610 "," 14,405 ", -   ," 14,405 "," 7,895 ", -   ," 7,895 ", 50 ," 2,750 ", -   , -   , -   ,"126,813"
Sevenoaks,,South East," 2,398 "," 7,145 "," 9,543 "," 6,368 "," 1,186 "," 7,554 "," 1,989 ", 582 ," 1,716 ", -   ," 1,716 "," 1,135 ", -   ," 1,135 ", 19 , 567 , -   , -   , -   ,"70,967"
Sheffield,,Yorkshire and The Humber," 41,789 "," 18,878 "," 60,667 "," 40,920 ", -   , -   ," 14,410 "," 6,475 "," 17,476 ", -   , -   , -   , -   , -   , -   , -   , -   , -   , -   ,"220,125"
Shepway,,South East," 9,338 "," 7,012 "," 16,350 "," 9,861 "," 2,272 "," 12,133 "," 4,217 "," 1,809 "," 3,397 ", -   ," 3,397 ", -   , -   ," 3,000 ", 46 , 804 , -   , -   , -   ,"54,185"
Shrewsbury & Atcham,,West Midlands, 194 ," 2,479 "," 2,673 "," 1,926 ", 265 ," 2,191 ", 482 , 239 , 847 , -   , 847 , 43 , 570 , 613 , 7 , 31 , -   , -   , -   ,0
Shropshire,,West Midlands," 8,187 "," 5,954 "," 14,141 "," 9,490 "," 1,466 "," 10,956 "," 3,185 "," 1,769 "," 3,529 ", -   ," 3,529 ", 723 ," 1,713 "," 2,436 ", 125 , 155 , -   , -   , -   ,
Slough,p,South East," 19,352 "," 12,280 "," 31,632 "," 15,587 "," 5,229 "," 20,816 "," 10,816 ", 564 ," 2,400 ", -   ," 2,400 "," 1,670 ", 565 ," 2,235 ", 130 , 601 , -   , -   , -   ,"160,840"
Solihull,,West Midlands," 10,635 "," 9,791 "," 20,426 "," 12,770 "," 2,372 "," 15,142 "," 5,284 ", -   ," 8,875 ", -   ," 8,875 ", 358 ," 3,698 "," 4,056 ", 19 ," 1,228 ", -   , -   , -   ,"223,331"
South Bedfordshire,,East of England, -   , -   , -   , -   , -   , -   , -   , -   , -   , -   , -   , -   , -   , -   , -   , -   , -   , -   , -   ,0
South Derbyshire,,East Midlands, 104 , 9 , 113 , 76 , 9 , 85 , 28 , -   , 29 , -   , 29 , 4 , 11 , 15 , -   , 6 , -   , -   , -   ,"53,011"
South Gloucestershire,,South West," 6,526 "," 6,257 "," 12,783 "," 8,336 "," 1,389 "," 9,725 "," 3,058 ", 508 ," 3,474 ", -   ," 3,474 ", 26 ," 1,467 "," 1,493 ", 40 , 493 , -   , -   , -   ,"154,810"
South Hams,p,South West, 571 ," 3,954 "," 4,525 "," 2,401 ", 342 ," 2,743 "," 1,782 ", -   ," 2,017 ", -   ," 2,017 ", 5 ," 1,147 "," 1,152 ", 5 , 116 , -   , -   , -   ,"54,160"
South Lakeland,p,North West," 2,051 "," 6,117 "," 8,168 "," 5,185 "," 1,643 "," 6,828 "," 1,340 ", 301 ," 1,281 ", -   ," 1,281 ", 87 , 130 , 217 , 26 , 246 , -   , -   , -   ,"63,145"
South Ribble,p,North West," 1,076 ", 337 ," 1,413 ", 888 , 176 ," 1,064 ", 349 , 179 , 376 , -   , 376 , 26 , 104 , 130 , 13 , 10 , -   , -   , -   ,"62,584"
South Shropshire,,West Midlands, 48 , 900 , 948 , 514 , 64 , 578 , 370 , 65 , 385 , -   , 385 , 36 , 305 , 341 , 5 , 14 , -   , -   , -   ,0
South Tyneside,,North East," 5,853 "," 5,534 "," 11,387 "," 6,692 "," 1,040 "," 7,732 "," 3,655 "," 1,047 "," 4,189 ", -   ," 4,189 ", 89 , 924 ," 1,013 ", 35 , 135 , -   , -   , -   ,"57,261"
Southampton,,South East," 13,731 "," 35,198 "," 48,929 "," 26,620 "," 7,923 "," 34,543 "," 14,386 "," 6,740 "," 21,016 ", -   ," 21,016 "," 6,645 ", 386 ," 7,031 ", -   , 645 , -   , -   , -   ,"98,900"
Southend,,East of England, -   , -   , -   , -   , -   , -   , -   , -   , -   , -   , -   , -   , -   , -   , -   , -   , -   , -   , -   ,"79,640"
Southwark,,London," 93,863 "," 19,066 "," 112,929 "," 52,329 "," 6,913 "," 59,242 "," 53,687 "," 22,479 "," 25,506 "," 3,037 "," 28,543 "," 1,451 ", 610 ," 2,061 "," 2,627 "," 3,524 ", -   , -   , -   ,0
Spelthorne,,South East," 2,520 "," 2,479 "," 4,134 "," 2,436 ", 690 ," 3,126 "," 1,873 ", 421 ," 1,051 ", -   ," 1,051 ", 99 , 951 ," 1,050 ", 14 , 82 , -   , -   , -   ,"57,569"
St Albans,,East of England, -   , -   , -   , -   , -   , -   , -   , -   , -   , -   , -   , -   , -   , -   , -   , -   , -   , -   , -   ,"78,266"
St. Helens,p,North West, -   , -   , -   , -   , -   , -   , -   , -   , -   , -   , -   , -   , -   , -   , -   , -   , -   , -   , -   ,"84,172"
Stafford,,West Midlands," 3,797 "," 12,412 "," 16,209 "," 9,632 "," 3,132 "," 12,764 "," 3,445 ", 244 ," 5,811 ", -   ," 5,811 ", 455 ," 1,516 "," 1,971 ", 23 , 259 , -   , -   , -   ,"72,306"
Staffordshire Moorlands,,West Midlands," 1,255 "," 2,439 "," 3,694 "," 2,143 ", 894 ," 3,037 ", 657 , 124 ," 1,344 ", -   ," 1,344 ", 126 , 193 , 319 , 5 , 89 , -   , -   , -   ,"58,165"
Stevenage,,East of England," 4,181 "," 1,366 "," 5,547 "," 2,863 ", 644 ," 3,507 "," 2,040 ", 82 ," 2,615 ", -   ," 2,615 ", -   , -   ," 1,892 ", 17 , 232 , -   , -   , -   ,"39,963"
Stockport,,North West," 10,309 "," 9,571 "," 19,880 "," 11,291 "," 1,705 "," 12,996 "," 6,884 "," 1,000 "," 6,133 ", -   ," 6,133 "," 3,863 ", 376 ," 4,239 ", -   , 899 , -   , -   , -   ,"181,445"
Stockton-on-Tees,,North East," 5,820 "," 8,741 "," 14,561 "," 8,216 "," 1,679 "," 9,895 "," 4,666 "," 1,233 "," 3,977 ", -   ," 3,977 ", 140 ," 2,486 "," 2,626 ", 12 , 801 , -   , -   , -   ,"100,663"
Stoke-on-Trent,,West Midlands," 15,923 "," 8,930 "," 24,853 "," 13,405 "," 4,001 "," 17,406 "," 7,447 "," 1,702 "," 12,701 ", -   ," 12,701 ", 829 ," 2,820 "," 3,649 ", 36 , 823 , -   , -   , -   ,"112,328"
Stratford-on-Avon,p,West Midlands," 2,970 "," 11,332 "," 14,302 "," 9,096 "," 1,668 "," 10,764 "," 3,538 ", 778 ," 5,823 ", -   ," 5,823 "," 1,430 ", 398 ," 1,828 ", 10 , -   , -   , -   , -   ,"86,483"
Stroud,,South West," 2,062 "," 2,422 "," 4,484 "," 2,733 ", 863 ," 3,596 ", 888 , 342 ," 1,466 ", -   ," 1,466 ", 23 , 623 , 646 , 9 , 207 , -   , -   , -   ,"71,488"
Sunderland,,North East," 8,028 "," 3,828 "," 11,856 "," 7,085 "," 1,568 "," 8,653 "," 3,203 "," 2,071 "," 2,340 ", -   ," 2,340 ", 488 ," 1,384 "," 1,872 ", 89 , 488 , -   , -   , -   ,"111,076"
Surrey Heath,,South East, -   , -   , -   , -   , -   , -   , -   , -   , -   , -   , -   , -   , -   , -   , -   , -   , -   , -   , -   ,"55,282"
Sutton,,London," 16,995 "," 14,168 "," 31,163 "," 18,509 "," 3,412 "," 21,921 "," 9,242 "," 3,435 "," 7,181 ", -   ," 7,181 "," 3,512 "," 3,696 "," 7,208 ", 116 , -   , -   , -   , -   ,0
Swale,,South East," 3,119 "," 6,618 "," 9,737 "," 5,874 "," 1,187 "," 7,061 "," 2,676 "," 1,806 "," 1,608 ", -   ," 1,608 ", 8 ," 1,584 "," 1,592 ", 23 , 651 , -   , -   , -   ,"71,439"
Swansea,,Wales," 8,318 "," 3,329 "," 11,647 "," 7,437 "," 1,743 "," 9,180 "," 2,467 ", -   ," 4,095 ", -   ," 4,095 ", 113 ," 1,299 "," 1,412 ", -   , -   , -   , -   , -   ,"130,616"
Swindon,,South West," 16,384 "," 19,551 "," 35,935 "," 19,353 "," 5,909 "," 25,262 "," 10,673 "," 4,546 "," 8,741 ", -   ," 8,741 ", 429 ," 3,300 "," 3,729 ", 140 ," 4,076 ", -   , -   , -   ,"178,933"
Tameside,,North West," 12,209 "," 13,499 "," 25,708 "," 15,263 "," 3,060 "," 18,323 "," 7,385 "," 1,920 "," 4,911 ", -   ," 4,911 ", 19 ," 3,576 "," 3,595 ", 82 ," 1,836 ", -   , -   , -   ,"99,633"
Tamworth,,West Midlands, 4 , -   , 4 , 2 , 1 , 3 , 1 , -   , 3 , -   , 3 , 1 , -   , 1 , -   , -   , -   , -   , -   ,"48,579"
Tandridge,,South East," 1,291 "," 1,445 "," 2,736 "," 1,895 ", 388 ," 2,283 ", 453 , 134 , 404 , -   , 404 , -   , 232 , 232 , 5 , 29 , -   , -   , -   ,"51,628"
Taunton Deane,,South West," 6,920 "," 7,261 "," 14,181 "," 7,867 "," 2,682 "," 10,549 "," 3,632 ", 625 ," 5,187 ", -   ," 5,187 "," 4,012 ", 35 ," 4,047 ", 41 , 160 , -   , -   , -   ,"62,170"
Teignbridge,,South West," 3,176 "," 3,147 "," 6,323 "," 3,187 ", 519 ," 3,706 "," 2,617 ", -   ," 2,174 ", -   ," 2,174 ", 40 , 731 , 771 , -   , 103 , -   , -   , -   ,"76,337"
Tendring,,East of England," 7,997 "," 2,600 "," 10,597 "," 7,394 "," 1,044 "," 8,438 "," 2,159 "," 1,429 "," 4,333 ", -   ," 4,333 ", 105 , 844 , 949 , -   , 711 , -   , -   , -   ,"75,690"
Test Valley,,South East," 2,157 "," 5,422 "," 7,579 "," 4,113 "," 1,013 "," 5,126 "," 2,453 ", 428 ," 2,716 ", -   ," 2,716 ", -   ," 2,040 "," 2,040 ", 4 , 332 , -   , -   , -   ,"74,592"
Tewkesbury,,South West," 3,264 "," 4,912 "," 8,176 "," 4,307 "," 2,383 "," 6,690 "," 1,486 ", 510 ," 2,214 ", -   ," 2,214 ", -   , -   , -   , -   , -   , -   , -   , -   ,"50,436"
Thanet,,South East," 6,084 "," 7,316 "," 13,400 "," 5,572 "," 3,793 "," 9,365 "," 4,035 "," 6,553 "," 1,919 ", -   ," 1,919 "," 1,802 ", 72 ," 1,874 ", 40 ," 2,152 ", -   , -   , -   ,"61,840"
Three Rivers,,East of England," 3,010 "," 2,078 "," 5,088 "," 3,376 ", 664 ," 4,040 "," 1,048 ", 262 ," 1,073 ", -   , -   , -   , -   , -   , -   , -   , -   , -   , -   ,"51,571"
Thurrock,p,East of England, 18 ," 1,983 "," 2,001 ", 533 , 514 ," 1,047 ", 954 , -   , -   , -   , -   , -   , -   , -   , -   , -   , -   , -   , -   ,"79,703"
Tonbridge and Malling,,South East," 3,930 "," 6,228 "," 10,158 "," 6,361 "," 1,073 "," 7,434 "," 2,724 "," 1,324 "," 2,758 ", -   ," 2,758 ", 46 ," 1,612 "," 1,658 ", 21 , 744 , -   , -   , -   ,"73,419"
Torbay,,South West," 11,292 "," 20,330 "," 31,622 "," 19,911 "," 6,064 "," 25,975 "," 5,647 "," 3,927 "," 9,111 ", -   ," 9,111 ", -   , -   ," 4,446 ", 173 ," 4,981 ", -   , -   , -   ,"67,863"
Torridge,,South West," 2,841 "," 4,807 "," 7,648 "," 4,436 ", 777 ," 5,213 "," 2,435 ", 733 ," 1,974 ", -   ," 1,974 ", 148 ," 1,068 "," 1,216 ", 24 , 262 , -   , -   , -   ,"39,048"
Tower Hamlets,,London," 61,416 "," 18,975 "," 80,391 "," 44,696 "," 9,655 "," 54,351 "," 26,040 "," 13,231 "," 7,292 "," 3,872 "," 11,164 ", 714 ," 2,294 "," 3,008 "," 1,090 "," 2,399 ", -   , -   ," 3,732 ",0
Trafford,p,North West, 785 ," 7,016 "," 7,801 "," 4,646 ", 967 ," 5,613 "," 2,188 ", 554 ," 2,380 ", -   ," 2,380 ", 261 ," 1,380 "," 1,641 ", 28 , -   , -   , -   , -   ,"157,922"
Transport for London,,London," 377,667 ", -   ," 377,667 "," 206,323 "," 40,747 "," 247,070 "," 130,597 "," 67,874 "," 29,144 "," 35,092 "," 64,236 "," 26,246 "," 15,520 "," 41,766 "," 2,306 "," 38,500 ", Y , -   ," 6,700 ",0
Tunbridge Wells,,South East," 11,128 "," 10,699 "," 21,827 "," 10,548 "," 6,027 "," 16,575 "," 5,252 "," 2,728 "," 4,154 ", -   ," 4,154 ", 84 ," 1,692 "," 1,776 ", 35 ," 1,940 ", -   , -   , -   ,"61,025"
Uttlesford,,East of England," 2,103 "," 4,276 "," 6,379 "," 4,091 ", 697 ," 4,788 "," 1,591 ", 227 ," 1,862 ", -   ," 1,862 ", 89 ," 1,194 "," 1,283 ", 8 , 148 , -   , -   , -   ,"51,585"
Waltham Forest,,London," 63,386 "," 21,430 "," 84,816 "," 33,844 "," 10,075 "," 43,919 "," 40,897 "," 7,874 ", -   , -   ," 18,175 ", -   , -   , -   , -   , -   , -   , -   , -   ,0
Wandsworth,,London, -   , -   , -   , -   , -   , -   , -   , -   , -   , -   , -   , -   , -   , -   , -   , -   , -   , -   , -   ,0
Warrington,,North West," 11,053 "," 3,340 "," 14,393 "," 8,921 "," 1,670 "," 10,591 "," 3,802 "," 1,227 "," 4,024 ", -   ," 4,024 "," 1,193 "," 2,609 "," 3,802 ", 70 , 948 , -   , -   , -   ,"109,274"
Warwick,,West Midlands," 4,054 "," 17,212 "," 21,266 "," 14,164 "," 1,994 "," 16,158 "," 5,108 "," 1,652 "," 6,570 ", -   ," 6,570 ", 485 ," 1,958 "," 2,443 ", 18 , 265 , -   , -   , -   ,"75,198"
Watford,,East of England," 16,339 "," 6,586 "," 22,925 "," 13,764 "," 3,754 "," 17,518 "," 5,407 "," 2,038 "," 7,808 ", -   ," 7,808 ", -   , -   , -   , -   , -   , -   , -   , -   ,"45,184"
Waverley,,South East," 2,440 "," 7,896 "," 10,336 "," 6,828 "," 1,489 "," 8,317 "," 2,019 ", 337 ," 2,365 ", -   ," 2,365 ", 79 ," 1,270 "," 1,349 ", 14 , 153 , -   , -   , -   ,"76,015"
Welwyn Hatfield,,East of England," 5,399 "," 2,503 "," 7,902 "," 4,851 ", 775 ," 5,626 "," 2,276 ", 47 ," 2,557 ", -   ," 2,557 ", -   , -   ," 1,675 ", 15 , 238 , -   , -   , -   ,"56,238"
West Devon,,South West, 946 ," 1,301 "," 2,247 "," 1,445 ", 143 ," 1,588 ", 659 , -   , 347 , -   , 347 , -   , 348 , 348 , -   , -   , -   , -   , -   ,"33,780"
West Dorset,,South West," 3,605 "," 2,027 "," 5,632 "," 3,901 ", 296 ," 4,197 "," 1,435 ", 388 ," 1,177 ", -   ," 1,177 ", -   , -   , -   , 1 , 109 , -   , -   , -   ,"62,301"
West Lancashire,p,North West, 871 , 670 ," 1,541 ", 956 , 184 ," 1,140 ", 401 , 140 , 440 , -   , 440 , 18 , 174 , 192 , 21 , 8 , -   , -   , -   ,"61,975"
West Wiltshire,,South West," 3,958 "," 6,809 "," 10,767 "," 7,814 "," 1,279 "," 9,093 "," 1,674 ", -   ," 2,959 ", -   ," 2,959 ", 89 ," 1,439 "," 1,528 ", 27 ," 1,001 ", -   , -   , -   ,0
Westminster,,London," 475,434 "," 190,511 "," 665,945 "," 359,316 "," 93,764 "," 453,080 "," 212,865 "," 56,981 "," 186,190 "," 38,414 "," 224,604 "," 47,878 "," 46,441 "," 94,319 "," 17,247 "," 64,899 ", -   , -   , -   ,0
Weymouth & Portland,p,South West," 6,222 "," 7,821 "," 14,043 "," 7,599 "," 1,564 "," 9,163 "," 4,880 ", 640 ," 4,889 ", -   ," 4,889 ", 149 ," 3,334 "," 3,483 ", 11 , 323 , -   , -   , -   ,"31,672"
Wigan,,North West," 12,021 "," 9,146 "," 21,167 "," 11,120 "," 2,171 "," 13,291 "," 7,876 "," 1,512 "," 7,326 ", -   ," 7,326 ", -   , -   ," 7,326 ", -   ," 1,686 ", -   , -   , -   ,"151,327"
Winchester,,South East," 5,500 "," 8,704 "," 14,204 "," 8,568 "," 1,686 "," 10,254 "," 3,950 ", 663 ," 4,526 ", -   ," 4,526 ", 184 ," 2,196 "," 2,380 ", 5 , 612 , -   , -   , -   ,"69,105"
Windsor & Maidenhead,,South East," 19,627 "," 16,433 "," 36,060 "," 20,885 "," 6,696 "," 27,581 "," 8,479 "," 3,271 "," 12,169 ", -   ," 12,169 "," 1,333 "," 3,358 "," 4,691 ", 99 , -   , -   , -   , -   ,"85,087"
Wirral,,North West," 20,355 "," 19,198 "," 39,553 "," 18,991 "," 3,630 "," 22,621 "," 16,932 ", -   ," 16,520 ", -   ," 16,520 ", -   , -   ," 9,661 ", 76 ," 2,054 ", -   , -   , -   ,"153,426"
Woking,,South East," 7,259 "," 3,577 "," 10,836 "," 5,579 "," 1,332 "," 6,911 "," 3,925 ", -   ," 2,533 ", -   ," 2,533 ", 179 ," 1,689 "," 1,868 ", 13 , 180 , -   , -   , -   ,"54,191"
Wolverhampton,,West Midlands, -   , -   , -   , -   , -   , -   , -   , -   , -   , -   , -   , -   , -   , -   , -   , -   , -   , -   , -   ,"103,359"
Worcester,p,West Midlands," 7,263 "," 11,253 "," 18,516 "," 10,320 "," 1,683 "," 12,003 "," 6,513 ", 533 ," 2,813 ", -   ," 2,813 "," 2,418 ", 154 ," 2,572 ", 27 , 465 , -   , -   , -   ,"54,771"
Worthing,,South East," 21,217 "," 11,024 "," 32,241 "," 21,994 "," 6,491 "," 28,485 "," 3,756 "," 5,931 "," 10,346 ", -   ," 10,346 ", 45 ," 4,974 "," 5,019 ", 134 ," 1,682 ", -   , -   , -   ,"51,987"
Wrexham,,Wales," 4,218 "," 3,129 "," 7,347 "," 4,090 "," 1,049 "," 5,139 "," 2,208 ", 652 ," 2,186 ", -   ," 2,186 ", -   , -   ," 1,067 ", -   , -   , -   , -   , -   ,"69,026"
Wychavon,,West Midlands," 3,170 "," 5,028 "," 8,198 "," 5,610 ", 927 ," 6,537 "," 1,661 ", 733 ," 2,013 ", -   ," 2,013 ", 43 , 781 , 824 , 14 , 367 , -   , -   , -   ,"78,931"
Wycombe,,South East," 6,705 "," 6,487 "," 13,192 "," 8,030 "," 1,884 "," 9,914 "," 3,278 "," 1,653 "," 3,139 ", -   ," 3,139 ", 31 ," 1,072 "," 1,103 ", 15 ," 1,572 ", -   , -   , -   ,"100,572"
Wyre,p,North West," 2,541 ", 660 ," 3,201 "," 2,121 ", 311 ," 2,432 ", 769 , 230 ," 1,004 ", -   ," 1,004 ", 73 , 246 , 319 , 31 , 32 , -   , -   , -   ,"59,549"
Wyre Forest,,West Midlands, 479 ," 5,633 "," 6,112 "," 3,674 ", 666 ," 4,340 "," 1,772 ", -   ," 4,415 ", -   ," 4,415 ", 55 ," 2,944 "," 2,999 ", 5 , 77 , -   , -   , -   ,"57,175"
Ynys Mon,,Wales, 654 ," 1,729 "," 2,383 "," 1,328 ", 362 ," 1,690 ", 693 , 126 , 621 , -   , 621 , -   , -   , 253 , -   , -   , -   , -   , -   ,"42,021"
York,,Yorkshire and The Humber, -   , -   , -   , -   , -   , -   , -   , -   , -   , -   , -   , -   , -   , -   , -   , -   , -   , -   , -   ,"85,732"
1 Some Local Authorities joined the scheme during the year and the figures presented therefore include partial years.,,,,,,,,,,,,,,,,,,,,,,
"2 As a result of these challenges, pre and post Notice To Owner, how many PCNs, which were 'in the opinion of the Local Authority correctly issued', were cancelled or waived, through the use of discretion on mitigating circumstances or due to evidence being supplied, such as proof of loading or breakdown, etc.",,,,,,,,,,,,,,,,,,,,,,
"3 As a result of these challenges, pre and post Notice To Owner, how many PCNs, which were subsequently found in the opinion of the local authority, to be incorrectly issued, were cancelled for statutory reasons? i.e. wrong location, incorrect or missing signage or lines, TMO inaccuracy, etc.",,,,,,,,,,,,,,,,,,,,,,
4 Figures in this table will not sum to the totals given in previous tables as no imputed figures are included here.,,,,,,,,,,,,,,,,,,,,,,
5 Data on registered vehicles are not given for London authorities due to the large number of non-resident drivers which would skew the comparison.,,,,,,,,,,,,,,,,,,,,,,
Telephone: 020 7944 4139,,,,,,,,,,,,,,,,,,,,,,
Email: parking.data@dft.gsi.gov.uk,,,,,,,,,,,,,,,,,,,,,,
Notes & definitions (http://www.dft.gov.uk/pgr/statistics/datatablespublications/public/parkingstats/#technical),,,,,,,,,,,,,,,,,,,,,,
Source: DfT Survey of Local Authorities with Civil Parking Enforcement Powers,,,,,,,,,,,,,,,,,,,,,,
Last updated: 20 January 2011,,,,,,,,,,,,,,,,,,,,,,
Next update: Winter 2012,,,,,,,,,,,,,,,,,,,,,,
The figures in this table are National Statistics.,,,,,,,,,,,,,,,,,,,,,,
