Department for Transport statistics,,,,,,,,,,,,,
(http://www.dft.gov.uk/pgr/statistics/datatablespublications/public/parkingstats),,,,,,,,,,,,,
Table CPE0102,,,,,,,,,,,,,
"Penalty Charge Notices (PCNs) issued on-street by region, England (excluding London) 2000 to 2009/101",,,,,,,,,,,,,
,,,,,,,,,Thousands / Ratio,,,,
,North East3,North West,Yorkshire & The Humber,East of England,East Midlands,West Midlands,South East,South West,England Excluding London,,,,
PCNs issued on-street:2,,,,,,,,,,,,,
2000,-,169,4,80,-,23,316,45,636,,,,
2001,-,279,16,116,31,64,471,104,"1,081",,,,
2002,-,373,23,182,65,190,639,147,"1,618",,,,
2003,31,466,36,244,132,238,718,195,"2,059",,,,
2004,37,584,33,269,131,237,764,236,"2,291",,,,
2005,36,685,168,401,113,260,765,220,"2,647",,,,
2006,46,636,264,373,111,281,810,211,"2,732",,,,
2007,64,644,288,357,206,320,767,218,"2,863",,,,
2007/08 r,64,644,288,357,206,320,767,218,"2,863",,,,
2008/09 r p,69,629,295,369,234,316,812,354,"3,078"
   2009/10   p,127,600,276,350,256,326,801,382,"3,117"
Number of cars and light vans registered at addresses covered by CPE powers4,,,,,,,,,
2000,-,215,74,71,-,104,940,179,"1,582"
2001,-,738,76,190,111,827,"1,161",413,"3,517"
2002,-,"1,033",167,531,200,871,"1,642",705,"5,149"
2003,221,"1,344",170,854,200,942,"1,948",999,"6,679"
2004,229,"2,242",176,"1,284",189,"1,164","2,408","1,012","8,704"
2005,359,"2,456","1,096","1,735",193,"1,281","2,746","1,088","10,955"
2006,360,"2,504","1,469","1,807",318,"1,281","3,306","1,089","12,133"
2007,591,"2,773","1,559","1,870","1,003","2,061","3,625","1,544","15,025"
2007/08 r,602,"2,785","1,586","1,885","1,022","2,075","3,760","1,570","15,285"
2008/09 r p,839,"3,382","1,785","2,142","1,903","2,624","4,004","2,386","19,065"
   2009/10   p,939,"3,307","1,798","2,166","1,928","2,851","4,266","2,434","19,689"
Ratio of PCNs to cars and light vans registered at addresses covered by CPE powers5,,,,,,,,,
2000,-,1: 1.3,1: 18.2,1: 0.9,-,1: 4.4,1: 3.0,1: 4.0,1: 2.5
2001,-,1: 2.6,1: 4.8,1: 1.6,1: 3.6,1: 13.0,1: 2.5,1: 4.0,1: 3.3
2002,-,1: 2.8,1: 7.4,1: 2.9,1: 3.1,1: 4.6,1: 2.6,1: 4.8,1: 3.2
2003,1: 7.2,1: 2.9,1: 4.7,1: 3.5,1: 1.5,1: 4.0,1: 2.7,1: 5.1,1: 3.2
2004,1: 6.2,1: 3.8,1: 5.3,1: 4.8,1: 1.4,1: 4.9,1: 3.2,1: 4.3,1: 3.8
2005,1: 9.9,1: 3.6,1: 6.5,1: 4.3,1: 1.7,1: 4.9,1: 3.6,1: 5.0,1: 4.1
2006,1: 7.8,1: 3.9,1: 5.6,1: 4.8,1: 2.9,1: 4.6,1: 4.1,1: 5.2,1: 4.4
2007,1: 9.3,1: 4.3,1: 5.4,1: 5.2,1: 4.9,1: 6.4,1: 4.7,1: 7.1,1: 5.2
2007/08 r,1: 9.5,1: 4.3,1: 5.5,1: 5.3,1: 5.0,1: 6.5,1: 4.9,1: 7.2,1: 5.3
2008/09 r p,1: 12.2,1: 5.4,1: 6.0,1: 5.8,1: 8.1,1: 8.3,1: 4.9,1: 6.7,1: 6.2
   2009/10   p,1: 7.4,1: 5.5,1: 6.5,1: 6.2,1: 7.5,1: 8.7,1: 5.3,1: 6.4,1: 6.3
1 Data imputed for missing values from 2007/08 onwards.,,,,,,,,,
"2 Until 2007, data for on-street parking was collected for calendar years.",,,,,,,,,
3 The large increase seen in the North East from 2008/09 to 2009/10 is due to the inclusion of Newcastle. Newcastle did not,,,,,,,,,
 have Civil Parking Enforcement powers prior to 2009/10.,,,,,,,,,
4 Number of cars and light vans registered with the DVLA at addresses where the local authority exercises Civil Parking ,,,,,,,,,
"Enforcement (CPE) powers. Figures are not included for London, due to the differing pattern of car use among residents and",,,,,,,,,
"high number of in-commuters, both which would skew comparisons with other areas.",,,,,,,,
"5 Figures are shown as ratios rather than percentages, becauses PCNs can be issued to vehicles registered outside the local",,,,,,,,
authority area.,,,,,,,,
Telephone: 020 7944 4139,,,,,,,,
Email: parking.data@dft.gsi.gov.uk,,,,,,,,
Notes & definitions (http://www.dft.gov.uk/pgr/statistics/datatablespublications/public/parkingstats/#technical),,,,,,,,
Source: DfT Survey of Local Authorities with Civil Parking Enforcement Powers,,,,,,,,
Last updated: 20 January 2011,,,,,,,,
Next update: Early 2012,,,,,,,,
The figures in this table are National Statistics.,,,,,,,,
