Department for Transport statistics,,,,,,,,,
(http://www.dft.gov.uk/pgr/statistics/datatablespublications/public/parkingstats),,,,,,,,,
Table CPE0202,,,,,,,,,
"Penalty Charge Notices (PCNs) issued off-street by region, England (excluding London) 2007/08 to 2009/101,2",,,,,,,,,
,,,,,,,,,Thousands
,North East,North West,Yorkshire & The Humber,East of England,East Midlands,West Midlands,South East,South West,England Excluding London
2007/08 r,18,136,63,128,38,87,276,139,886
2008/09 r p,27,171,62,128,58,110,278,167,"1,001"
2009/10 p,41,181,61,150,91,124,296,194,"1,139"
1 Data imputed for missing values.,,,,,,,,,
2 Data for off-street parking was not collected prior to 2007/08.,,,,,,,,,
Telephone: 020 7944 4139,,,,,,,,,
Email: parking.data@dft.gsi.gov.uk,,,,,,,,,
Notes & definitions (http://www.dft.gov.uk/pgr/statistics/datatablespublications/public/parkingstats/#technical),,,,,,,,,
Source: DfT Survey of Local Authorities with Civil Parking Enforcement Powers,,,,,,,,,
Last updated: 20 January 2011,,,,,,,,,
Next update: Early 2012
The figures in this table are National Statistics.
