Department for Transport statistics,,,,,,,,,
(http://www.dft.gov.uk/pgr/statistics/datatablespublications/public/parkingstats),,,,,,,,,
Table CPE0206,,,,,,,,,
"Penalty Charge Notices (PCNs) issued off-street paid at the full rate1 by region, England (excludng London), 2007/08 to 2009/102",,,,,,,,,
,North East,North West,Yorkshire & The Humber,East of England,East Midlands,West Midlands,South East,South West,England Excluding London
PCNs issued off-street and paid at full rate3,,,,,,,,,
2007/08 r,2,16,10,14,5,12,42,33,134
2008/09 r p,3,17,7,16,6,15,34,30,128
2009/10 p,4,24,7,15,8,18,35,35,146
PCNs issued off-street and paid at full rate as a percentage of all PCNs issued,,,,,,,,,
2007/08 r,13,11,16,11,12,14,15,24,15
2008/09 r p,10,10,12,13,10,14,12,18,13
2009/10 p,11,13,11,10,9,14,12,18,13
1 The Penalty Charge is discounted if paid in a 'discount period' (either 14 or 21 days) immediately following the date of issue. The full rate,,,,,,,,,
applies if the Penalty Charge is not paid within this period.,,,,,,,,,
2 Data imputed for missing values.,,,,,,,,,
3 Data for off-street parking was not collected prior to 2007/08.,,,
Telephone: 0207 944 4139,,,
Email: parking.data@dft.gsi.gov.uk,,,
Notes & definitions (http://www.dft.gov.uk/pgr/statistics/datatablespublications/public/parkingstats/#technical),,,
Source: DfT Survey of Local Authorities with Civil Parking Enforcement Powers,,,
Last updated: 20 January 2011,,,
Next update: Early 2012,,,
The figures in this table are National Statistics.,,,
