Department for Transport statistics,,,,
(http://www.dft.gov.uk/pgr/statistics/datatablespublications/public/parkingstats),,,,
Table CPE0101,,,,
"Penalty Charge Notices (PCNs) issued on-street by area type, England 2000 to 2009/101",,,,
,,,,Thousands / Ratio
,London,English metropolitan areas,English non-metropolitan areas,England
PCNs issued on-street:2,,,,
2000," 4,021 ", 192 , 444 ," 4,657 "
2001," 4,222 ", 332 , 749 ," 5,303 "
2002," 4,799 ", 504 ," 1,114 "," 6,417 "
2003," 5,053 ", 612 ," 1,447 "," 7,112 "
2004," 5,392 ", 661 ," 1,630 "," 7,683 "
2005," 5,060 ", 836 ," 1,812 "," 7,708 "
2006," 5,180 ", 910 ," 1,823 "," 7,913 "
2007," 5,081 ", 930 ," 2,092 "," 8,103 "
2007/08 r," 5,103 ", 908 ," 1,956 "," 7,967 "
2008/09 r p," 4,339 ", 913 ," 2,166 "," 7,417 "
   2009/10   p," 4,023 ", 942 ," 2,175 "," 7,140 "
Number of cars and light vans registered at addresses covered by CPE powers3,,,,
2000, - , 318 ," 1,264 ", - 
2001, - , 489 ," 3,028 ", - 
2002, - ," 1,560 "," 3,589 ", - 
2003, - ," 1,814 "," 4,865 ", - 
2004, - ," 2,151 "," 6,553 ", - 
2005, - ," 3,369 "," 7,586 ", - 
2006, - ," 3,634 "," 8,499 ", - 
2007, - ," 4,437 "," 10,588 ", - 
2007/08 r, - ," 4,475 "," 10,810 ", - 
2008/09 r p, - ," 4,665 "," 14,400 ", - 
   2009/10   p, - ," 4,943 "," 14,745 ", - 
Ratio of PCNs to cars and light vans registered at addresses covered by CPE powers4,,,,
2000, - , 1: 1.7 , 1: 2.8 , - 
2001, - , 1: 1.5 , 1: 4.0 , - 
2002, - , 1: 3.1 , 1: 3.2 , - 
2003, - , 1: 3.0 , 1: 3.4 , - 
2004, - , 1: 3.3 , 1: 4.0 , - 
2005, - , 1: 4.0 , 1: 4.2 , - 
2006, - , 1: 4.0 , 1: 4.7 , - 
2007, - , 1: 4.8 , 1: 5.1 , - 
2007/08 r, - , 1: 4.9 , 1: 5.5 , - 
2008/09 r p, - , 1: 5.1 , 1: 6.6 , - 
   2009/10   p, - , 1: 5.2 , 1: 6.8 , - 
1 Data imputed for missing values.,,,,
"2 Until 2007, data for on-street parking was collected for calendar years.",,,,
3 Number of cars and light vans registered with the DVLA at addresses where the local authority exercises,,,,
"Civil Parking Enforcement (CPE) powers. Figures are not included for London, due to the differing pattern of car",,,,
"use among residents and high number of in-commuters, both which would skew comparisons with other areas.",,,,
"4 Figures are shown as ratios rather than percentages, becauses PCNs can be issued to vehicles registered",,,,
outside the local authority area.,,,,
Telephone: 020 7944 4139,,,,
Email: parking.data@dft.gsi.gov.uk,,,,
Notes & definitions (http://www.dft.gov.uk/pgr/statistics/datatablespublications/public/parkingstats/#technical),,,,
Source: DfT Survey of Local Authorities with Civil Parking Enforcement Powers,,,,
Last updated: 20 January 2011,,,,
Next update: Early 2012,,,,
The figures in this table are National Statistics.,,,,
