Department for Transport statistics,,
Congestion & Reliability Statistics,,
Table CGN0205b,,
"Average journey time (flow-weighted) during the weekday morning peak1 on locally managed 'A' roads2: England, monthly from 2006/07",,
,,minutes per mile
Month,Average journey time,Percentage change from previous year
Sep-06,2.44,..
Oct-06,2.51,..
Nov-06,2.52,..
Dec-06,2.5,..
Jan-07,2.49,..
Feb-07,2.49,..
Mar-07,2.42,..
Apr-07,2.43,..
May-07,2.41,..
Jun-07,2.38,..
Jul-07,2.31,..
Sep-07,2.43,-0.3
Oct-07,2.5,-0.4
Nov-07,2.5,-0.6
Dec-07,2.5,0.2
Jan-08,2.52,1.4
Feb-08,2.46,-1.4
Mar-08,2.4,-0.4
Apr-08,2.41,-0.5
May-08,2.42,0.6
Jun-08,2.36,-0.9
Jul-08,2.3,-0.7
Sep-08,2.37,-2.5
Oct-08,2.41,-3.5
Nov-08,2.44,-2.6
Dec-08,2.47,-1.2
Jan-09,2.46,-2.4
Feb-09,2.58,5
Mar-09,2.35,-2.3
Apr-09,2.34,-2.9
May-09,2.33,-3.6
Jun-09,2.31,-2.3
Jul-09,2.24,-2.4
Sep-09,2.32,-2.2
Oct-09,2.39,-1
Nov-09,2.45,0.3
Dec-09,2.45,-1.1
Jan-10,2.62,6.2
Feb-10,2.49,-3.3
Mar-10,2.37,0.9
Apr-10,2.34,0.1
May-10,2.34,0.5
Jun-10,2.33,0.9
Jul-10,2.26,1.2
Sep-10,2.37,2.3
Oct-10,2.42,1.5
Nov-10,2.51,2.7
Dec-10,2.59,5.8
Jan-11,2.47,-5.6
Feb-11,2.42,-3.1
Mar-11,2.35,-0.7
Apr-11,2.28,-2.9
May-11,2.38,1.4
Jun-11,2.31,-1
Jul-11,2.25,-0.6
September 2011 P,2.36,-0.5
October 2011 P,2.41,-0.5
November 2011 P,2.42,-3.5
December 2011 P,2.42,-6.3,
January 2012 P,2.41,-2.4,
February 2012 P,2.42,0,
March 2012 P,2.36,0.3,
April 2012 P,2.38,4.6,
May 2012 P,2.37,-0.2,
June 2012 P,2.32,0.6,

1. Morning peak defined as 7am to 10am. Weekdays falling within school holiday periods excluded (so typically no data exist for the month of August).,,,
2. Average journey times are measured in both directions.,,,

.. = not available,,,
p = provisional,,,

Notes & definitions,,,
,,,Source: DfT Congestion Data
Telephone: 020 7944 5383,,,Last updated: 9 August 2012
Email: congestion.stats@dft.gsi.gov.uk,,,Next update: November 2012
