Department for Transport statistics,,,,,,,,,,,,,,,,,,,,,,,,,,,,,,,,,
Blue Badge Statistics (http://www.dft.gov.uk/statistics/series/disabled-parking-badges),,,,,,,,,,,,,,,,,,,,,,,,,,,,,,,,,
Table DIS0102,,,,,,,,,,,,,,,,,,,,,,,,,,,,,,,,,
"Valid Blue Badges held and population measures: England, annual from 19971",,,,,,,,,,,,,,,,,,,,,,,,,,,,,,,,,
,,,,,,,,Thousands/percentage,,,,,,,,,,,,,,,,,,,,,,,,,
Year,,Estimation method2,Valid Blue Badges1,Retired population3,Ratio of retired people to badge holders,Badge holders as a percentage of the population,Retired people as a percentage of the population,Total population,,,,,,,,,,,,,,,,,,,,,,,,,
1997,,," 1,636 "," 8,895 ", 5.4 : 1 ,3.4,18.3," 48,519 ",,,,,,,,,,,,,,,,,,,,,,,,,
1998,,," 1,713 "," 8,914 ", 5.2 : 1 ,3.5,18.3," 48,665 ",,,,,,,,,,,,,,,,,,,,,,,,,
1999,,," 1,821 "," 8,950 ", 4.9 : 1 ,3.7,18.3," 48,821 ",,,,,,,,,,,,,,,,,,,,,,,,,
2000,,," 1,854 "," 8,975 ", 4.8 : 1 ,3.8,18.3," 49,033 ",,,,,,,,,,,,,,,,,,,,,,,,,
2001,,," 1,925 "," 9,010 ", 4.7 : 1 ,3.9,18.3," 49,233 ",,,,,,,,,,,,,,,,,,,,,,,,,
2002,,," 2,019 "," 9,055 ", 4.5 : 1 ,4.1,18.3," 49,450 ",,,,,,,,,,,,,,,,,,,,,,,,,
2003,,," 2,030 "," 9,110 ", 4.5 : 1 ,4.1,18.3," 49,649 ",,,,,,,,,,,,,,,,,,,,,,,,,
2004,,," 2,054 "," 9,189 ", 4.5 : 1 ,4.1,18.4," 49,863 ",,,,,,,,,,,,,,,,,,,,,,,,,
2005,,," 2,092 "," 9,273 ", 4.4 : 1 ,4.2,18.5," 50,110 ",,,,,,,,,,,,,,,,,,,,,,,,,
2006,,," 2,258 "," 9,370 ", 4.1 : 1 ,4.5,18.6," 50,466 ",,,,,,,,,,,,,,,,,,,,,,,,,
2007,,," 2,307 "," 9,463 ", 4.1 : 1 ,4.5,18.6," 50,764 ",
2008,,," 2,398 "," 9,646 ", 4.0 : 1 ,4.7,18.9," 51,106 ",
2009,,Old," 2,475 "," 9,842 ", 4.0 : 1 ,4.8,19.1," 51,465 ",
2009,R,New," 2,591 "," 9,842 ", 3.8 : 1 ,5.0,19.1," 51,465 ",
2010,R,," 2,641 "," 10,022 ", 3.8 : 1 ,5.1,19.3," 51,810 ",
2011,R,," 2,655 "," 10,211 ", 3.8 : 1 ,5.1,19.5," 52,234 ",
2012,,," 2,625 ","10,385", 4.0 : 1 ,5.0,19.7," 52,655 ",
"1 Blue Badge counts are at 31 March in year shown. Population estimates relate to mid-point of previous calendar year.  For 2012, the 2010 based projection for",,,,,,,,,
   mid-2011 is used.,,,,,,,,,
2 Break in series due to changes in the estimation methodology from 2009 (see background notes for information).,,,,,,,,,
3 The retired population is defined as men over 65 and women over 60.,,,,,,,,,
R Previously published figures have been revised due to a change in the estimation methdology,,,,,,,,,
"Source: DfT Blue Badge Survey, Office for National Statistics population estimates and projections",,,,,,,,,
Last updated: 27 September 2012,,,,,,,,,
Next update: Autumn 2013,,,,,,,,,
Telephone: 020 7944 3094,,,,,,,,,
Email: parking.data@dft.gsi.gov.uk,,,,
Notes & definitions (http://assets.dft.gov.uk/statistics/series/disabled-parking-badges/documentation.pdf),,,,
The figures in this table are National Statistics,,,,
