Department for Transport statistics,,,,,,,,,,,,,,,,,,,,,,,,,,
Blue Badge Statistics (http://www.dft.gov.uk/statistics/series/disabled-parking-badges),,,,,,,,,,,,,,,,,,,,,,,,,,
Table DIS0108 i,,,,,,,,,,,,,,,,,,,,,,,,,,
"Valid Blue Badges issued1,7: England, by Local Authority during 2009/10",,,,,,,,,,,,,,,,,,,,,,,,,,
The figures in this table fall outside the scope of National Statistics,,,,,,,,,,,,,Number,,,,,,,,,,,,,
Ons Code,Local Authority,Region,,Blue Badges issued without further assessment,Of which on Higher Rate Mobility2,Of which on War Pensioner's Mobility supplement3,Of which were registered Blind,Blue Badges issued subject to further assessment,Of which motorists with severe disabilities in both arms5,Of which people with permanent and substantial disability6,Of which children under the age of two4,Blue Badges issued to organisations,Total number of  Blue Badges issued,,,,,,,,,,,,,
E09000002,Barking & Dagenham,London,,"1,401","1,347",3,51,994,0,992,2,12,"2,407",,,,,,,,,,,,,
E09000003,Barnet,London,7,..,..,..,..,..,..,..,..,..,..,,,,,,,,,,,,,
E08000016,Barnsley,Yorkshire and the Humber,,"3,105","2,999",21,85,"2,183",0,"2,183",0,10,"5,298",,,,,,,,,,,,,
E06000022,Bath & NE Somerset,South West,7,..,..,..,..,"2,335",0,"2,334",1,27,..,,,,,,,,,,,,,
E06000055,Bedford,East of England,7,..,..,..,..,..,..,..,..,32,..,,,,,,,,,,,,,
E09000004,Bexley,London,,"1,430","1,359",6,65,"3,015",0,"3,012",3,19,"4,464",,,,,,,,,,,,,
E08000025,Birmingham,West Midlands,7,..,..,..,..,..,..,..,..,..,..,,,,,,,,,,,,,
E06000008,Blackburn with Darwen,North West,7,..,..,..,..,..,..,..,..,..,..,,,,,,,,,,,,,
E06000009,Blackpool,North West,,"1,268","1,237",7,24,"1,002",0,"1,001",1,31,"2,301",,,,,,,,,,,,,
E08000001,Bolton,North West,7,..,..,..,..,..,..,..,..,..,..,,,,,,,,,,,,,
E06000028,Bournemouth,South West,,855,760,9,86,"2,786",0,"2,783",3,..,"3,641",,,,,,,,,,,,,,,,,
E06000036,Bracknell Forest,South East,,322,301,3,18,734,0,729,5,..,"1,056",,,,,,,,,,,,,,,,,
E08000032,Bradford,Yorkshire and the Humber,,"4,058","3,860",18,180,"3,085",0,"3,083",2,62,"7,205",,,,,,,,,,,,,,,,,
E09000005,Brent,London,7,..,..,..,..,..,..,..,..,..,..,,,,,,,,,,,,,,,,,
E06000043,Brighton,South East,7,..,..,..,..,..,..,..,..,..,..,,,,,,,,,,,,,,,,,
E06000023,Bristol,South West,7,..,..,..,..,..,..,..,..,..,..,,,,,,,,,,,,,,,,,
E09000006,Bromley,London,7,..,..,..,..,..,..,..,..,..,..,,,,,,,,,,,,,,,,,
E10000002,Bucks,South East,,"2,184","1,878",53,253,"8,657",318,"8,332",7,95,"10,936",,,,,,,,,,,,,,,,,
E08000002,Bury,North West,7,..,..,..,..,..,..,..,..,..,..,,,,,,,,,,,,,,,,,
E08000033,Calderdale,Yorkshire and the Humber,7,..,..,..,..,..,..,..,..,..,..,,,,,,,,,,,,,,,,,
E10000003,Cambridgeshire,East of England,7,"2,718","2,390",59,269,..,..,..,..,115,..,,,,,,,,,,,,,,,,,
E09000007,Camden,London,7,..,..,..,..,..,..,..,..,..,..,,,,,,,,,,,,,,,,,
E06000056,Central Bedfordshire,East of England,,261,238,4,19,"1,330",0,"1,330",0,15,"1,606",,,,,,,,,,,,,,,,,
E06000049,Cheshire East,North West,,"2,415","2,304",7,104,"5,208",0,"5,201",7,101,"7,724",,,,,,,,,,,,,,,,,
E06000050,Cheshire West & Chester,North West,,"3,043","2,909",10,124,"5,173",0,"5,158",15,139,"8,355",,,,,,,,,,,,,,,,,
E09000001,Corporation of London,London,7,..,..,..,..,..,..,..,..,0,..,,,,,,,,,,,,,,,,,
E06000052,Cornwall,South West,7,..,..,..,..,..,..,..,..,..,..,
E08000026,Coventry,West Midlands,7,..,..,..,..,..,..,..,..,..,..,
E09000008,Croydon,London,,"1,877","1,763",0,114,"2,112",0,"2,094",18,26,"4,015",
E10000006,Cumbria,North West,,"3,934","3,718",16,200,"7,462",5,"7,454",3,86,"11,482",
E06000005,Darlington,North East,,736,680,7,49,"1,565",4,"1,561",0,36,"2,337",
E06000015,Derby,East Midlands,7,..,..,..,..,..,..,..,..,..,..,
E10000007,Derbyshire,East Midlands,7,..,..,..,..,..,..,..,..,152,..,
E10000008,Devon,South West,7,..,..,..,..,..,..,..,..,..,..,
E08000017,Doncaster,Yorkshire and the Humber,7,..,..,..,..,..,..,..,..,..,..,
E10000009,Dorset,South West,,"1,849","1,592",50,207,"8,484",0,"8,477",7,..,"10,487",
E08000027,Dudley,West Midlands,,"2,325","2,238",5,82,"4,786",8,"4,768",10,152,"7,263",
E06000047,Durham,North East,7,..,..,..,..,..,..,..,..,..,..,
E09000009,Ealing,London,7,..,..,..,..,..,..,..,..,..,..,
E06000011,East Riding,Yorkshire and the Humber,7,..,..,..,..,..,..,..,..,..,..,
E10000011,East Sussex,South East,,"3,223","2,969",23,231,"7,360",38,"7,305",17,..,"10,611",
E09000010,Enfield,London,7,..,..,..,..,..,..,..,..,..,..,
E10000012,Essex,East of England,,"6,882","6,371",57,454,"17,815",26,"17,761",28,..,"24,767",,,,,,,,,,,,,,,,,
E08000020,Gateshead,North East,,"1,353","1,278",12,63,"2,353",0,"2,353",0,21,"3,727",,,,,,,,,,,,,,,,,
E10000013,Gloucestershire,South West,,"3,260","3,073",26,161,"8,684",0,"8,684",0,116,"12,060",,,,,,,,,,,,,,,,,
E09000011,Greenwich,London,,"1,600","1,542",5,53,"1,563",2,"1,561",0,..,"3,163",,,,,,,,,,,,,,,,,
E09000012,Hackney,London,,"1,210","1,171",1,38,"1,377",0,"1,374",3,17,"2,604",,,,,,,,,,,,,,,,,
E06000006,Halton,North West,,"1,862","1,820",13,29,"1,089",3,"1,086",0,99,"3,050",,,,,,,,,,,,,,,,,
E09000013,Hammersmith,London,,846,810,1,35,880,0,879,1,9,"1,735",,,,,,,,,,,,,,,,,
E10000014,Hampshire,South East,,"6,332","5,976",159,197,"19,747",8,"19,709",30,295,"26,374",,,,,,,,,,,,,,,,,
E09000014,Haringey,London,7,..,..,..,..,..,..,..,..,..,..,,,,,,,,,,,,,,,,,
E09000015,Harrow,London,7,..,..,..,..,..,..,..,..,..,..,,,,,,,,,,,,,,,,,
E06000001,Hartlepool,North East,,830,802,7,21,"1,001",0,997,4,23,"1,854",,,,,,,,,,,,,,,,,
E09000016,Havering,London,7,..,..,..,..,..,..,..,..,..,..,,,,,,,,,,,,,,,,,
E06000019,Herefordshire,West Midlands,7,"1,423","1,344",10,69,..,..,..,..,..,..,,,,,,,,,,,,,,,,,
E10000015,Hertfordshire,East of England,7,..,..,..,..,..,..,..,..,..,..,,,,,,,,,,,,,,,,,
E09000017,Hillingdon,London,,"1,353","1,259",11,83,"2,910",4,"2,906",0,45,"4,308",,,,,,,,,,,,,,,,,
E09000018,Hounslow,London,7,..,..,..,..,..,..,..,..,..,..,,,,,,,,,,,,,,,,,
E06000010,Hull,Yorkshire and the Humber,,"2,624","2,529",7,88,"1,706",0,"1,706",0,25,"4,355",
E06000046,Isle of Wight,South East,,877,789,18,70,"1,295",1,"1,293",1,60,"2,232",
E06000053,Isles of Scilly,South West,,1,0,0,1,6,0,6,0,0,7,
E09000019,Islington,London,7,..,..,..,..,..,..,..,..,..,..,
E09000020,Kensington & Chelsea,London,7,..,..,..,..,..,..,..,..,..,..,
E10000016,Kent,South East,,"9,774","9,213",76,485,"17,203",0,"17,176",27,167,"27,144",
E09000021,Kingston LB,London,,560,470,2,88,"1,125",1,"1,123",1,25,"1,710",
E08000034,Kirklees,Yorkshire and the Humber,,"4,852","4,640",18,194,"4,956",1,"4,955",0,31,"9,839",
E08000011,Knowsley,North West,,"2,386","2,341",5,40,"1,066",2,"1,057",7,18,"3,470",
E09000022,Lambeth,London,7,..,..,..,..,..,..,..,..,..,..,
E10000017,Lancashire,North West,,"9,350","8,726",92,532,"14,637",1,"14,632",4,340,"24,327",
E08000035,Leeds,Yorkshire and the Humber,,"5,497","5,179",27,291,"6,853",1,"6,839",13,..,"12,350",
E06000016,Leicester City UA,East Midlands,,"2,307","2,149",15,143,"2,656",0,"2,656",0,36,"4,999",
E10000018,Leicestershire,East Midlands,7,..,..,..,..,..,..,..,..,..,..,
E09000023,Lewisham,London,,"1,644","1,550",6,88,"1,114",0,"1,113",1,41,"2,799",
E10000019,Lincolnshire,East Midlands,,"5,567","5,220",61,286,"8,399",3,"8,396",0,42,"14,008",
E08000012,Liverpool,North West,7,..,..,..,..,..,..,..,..,..,..,,,,,,,,,,,,,,,,,
E06000032,Luton UA,East of England,,"1,144","1,107",3,34,"1,442",6,"1,428",8,4,"2,590",,,,,,,,,,,,,,,,,
E08000003,Manchester,North West,,"3,071","3,001",3,67,"4,187",6,"4,172",9,73,"7,331",,,,,,,,,,,,,,,,,
E06000035,Medway,South East,,"1,805","1,702",17,86,"2,737",0,"2,737",0,62,"4,604",,,,,,,,,,,,,,,,,
E09000024,Merton,London,7,..,..,..,..,..,..,..,..,..,..,,,,,,,,,,,,,,,,,
E06000002,Middlesbrough,North East,,"1,167","1,126",4,37,"1,494",2,"1,491",1,35,"2,696",,,,,,,,,,,,,,,,,
E06000042,Milton Keynes UA,South East,,"1,607","1,313",198,96,"2,159",0,"2,150",9,26,"3,792",,,,,,,,,,,,,,,,,
E08000021,Newcastle,North East,,"1,939","1,833",2,104,"1,995",1,"1,991",3,10,"3,944",,,,,,,,,,,,,,,,,
E09000025,Newham,London,,"1,855","1,782",7,66,"1,024",0,"1,023",1,2,"2,881",,,,,,,,,,,,,,,,,
E10000020,Norfolk,East of England,7,..,..,..,..,..,..,..,..,..,..,,,,,,,,,,,,,,,,,
E06000012,North East Lincolnshire,Yorkshire and the Humber,,"1,562","1,472",18,72,"1,998",1,"1,997",0,16,"3,576",,,,,,,,,,,,,,,,,
E06000013,North Lincolnshire,Yorkshire and the Humber,7,..,..,..,..,..,..,..,..,..,..,,,,,,,,,,,,,,,,,
E06000024,North Somerset,South West,7,..,..,..,..,"3,067",0,"3,067",0,40,..,,,,,,,,,,,,,,,,,
E08000022,North Tyne,North East,,"1,746","1,702",4,40,"2,181",0,"2,181",0,5,"3,932",,,,,,,,,,,,,,,,,
E10000023,North Yorkshire,Yorkshire and the Humber,,"4,114","3,790",44,280,"6,167",0,"6,166",1,133,"10,414",,,,,,,,,,,,,,,,,
E10000021,Northamptonshire,East Midlands,7,..,..,..,..,..,..,..,..,95,..,,,,,,,,,,,,,,,,,
E06000048,Northumberland,North East,,"2,561","2,453",20,88,"4,409",0,"4,409",0,49,"7,019",,,,,,,,,,,,,,,,,
E06000018,Nottingham City UA,East Midlands,7,..,..,..,..,..,..,..,..,..,..,,,,,,,,,,,,,,,,,
E10000024,Nottinghamshire,East Midlands,7,..,..,..,..,..,..,..,..,..,..,,,,,,,,,,,,,,,,,
E08000004,Oldham,North West,,"2,143","2,052",6,85,"1,909",0,"1,909",0,12,"4,064",,,,,,,,,,,,,,,,,
E10000025,Oxfordshire,South East,,"2,128","1,859",20,249,"7,314",2,"7,309",3,316,"9,758",,,,,,,,,,,,,,,,,
E06000031,Peterborough UA,East of England,7,..,..,..,..,..,..,..,..,..,..,,,,,,,,,,,,,,,,,
E06000026,Plymouth UA,South West,,"2,656","2,511",76,69,"3,335",4,"3,326",5,164,"6,155",,,,,,,,,,,,,,,,,
E06000029,Poole UA,South West,,880,823,10,47,"2,528",2,"2,524",2,36,"3,444",,,,,,,,,,,,,,,,,
E06000044,Portsmouth UA,South East,,"1,545","1,376",34,135,"2,076",0,"2,076",0,54,"3,675",,,,,,,,,,,,,,,,,
E06000038,Reading,South East,,498,456,2,40,"1,215",1,"1,210",4,61,"1,774",,,,,,,,,,,,,,,,,
E09000026,Redbridge,London,7,..,..,..,..,..,..,..,..,..,..,,,,,,,,,,,,,,,,,
E06000003,Redcar and Cleveland,North East,,"1,636","1,533",17,86,"2,230",0,"2,230",0,49,"3,915",,,,,,,,,,,,,,,,,
E09000027,Richmond,London,,681,602,4,75,"1,862",1,"1,859",2,12,"2,555",,,,,,,,,,,,,,,,,
E08000005,Rochdale,North West,7,..,..,..,..,..,..,..,..,64,..,,,,,,,,,,,,,,,,,
E08000018,Rotherham,Yorkshire and the Humber,,"3,080","2,977",9,94,"2,866",0,"2,858",8,25,"5,971",,,,,,,,,,,,,,,,,
E06000017,Rutland UA,East Midlands,7,116,108,1,7,..,..,..,..,..,..,,,,,,,,,,,,,,,,,
E08000006,Salford,North West,,"2,390","2,311",6,73,"2,761",0,"2,759",2,13,"5,164",
E08000028,Sandwell,West Midlands,,"2,870","2,829",0,41,"3,892",0,"3,889",3,74,"6,836",
E08000014,Sefton,North West,,"3,250","3,168",22,60,"2,429",5,"2,414",10,48,"5,727",
E08000019,Sheffield,Yorkshire and the Humber,,"5,150","4,951",15,184,"4,035",0,"4,031",4,44,"9,229",
E06000051,Shropshire,West Midlands,,"2,780","2,495",17,268,"2,750",4,"2,744",2,113,"5,643",
E06000039,Slough,South East,,539,479,6,54,978,0,975,3,26,"1,543",
E08000029,Solihull,West Midlands,,"1,382","1,286",8,88,"2,521",0,"2,517",4,40,"3,943",
E10000027,Somerset,South West,7,..,..,..,..,..,..,..,..,..,..,
E06000025,South Gloucestershire,South West,,"1,497","1,384",19,94,"4,366",1,"4,365",0,55,"5,918",
E08000023,South Tyneside,North East,,"1,768","1,694",11,63,"1,559",0,"1,557",2,10,"3,337",
E06000045,Southampton UA,South East,,"1,542","1,433",10,99,"1,897",0,"1,892",5,19,"3,458",
E06000033,Southend,East of England,,951,885,5,61,"1,933",0,"1,933",0,16,"2,900",
E09000028,Southwark,London,7,..,..,..,..,..,..,..,..,..,..,
E08000013,St. Helens,North West,7,..,..,..,..,..,..,..,..,..,..,
E10000028,Staffordshire,West Midlands,,"6,069","5,795",27,247,"11,969",0,"11,969",0,188,"18,226",
E08000007,Stockport,North West,,"2,069","1,979",12,78,"3,692",9,"3,683",0,90,"5,851",
E06000004,Stockton on Tees,North East,,"1,669","1,617",9,43,"2,254",1,"2,252",1,33,"3,956",,,,,,,,,,,,,,,,,
E06000021,Stoke-on-Trent UA,West Midlands,,"3,133","3,041",16,76,"1,552",0,"1,552",0,65,"4,750",,,,,,,,,,,,,,,,,
E10000029,Suffolk,East of England,7,"2,948","2,750",32,166,..,..,..,..,..,..,,,,,,,,,,,,,,,,,
E08000024,Sunderland,North East,,"2,702","2,608",16,78,"2,834",1,"2,832",1,58,"5,594",,,,,,,,,,,,,,,,,
E10000030,Surrey,South East,,"4,010","3,537",52,421,"13,836",1,"13,835",0,..,"18,546",,,,,,,,,,,,,,,,,
E09000029,Sutton,London,7,..,..,..,..,..,..,..,..,..,..,,,,,,,,,,,,,,,,,
E06000030,Swindon UA,South West,,868,796,10,62,"2,008",6,"1,998",4,15,"2,891",,,,,,,,,,,,,,,,,
E08000008,Tameside,North West,7,..,..,..,..,..,..,..,..,..,..,,,,,,,,,,,,,,,,,
E06000020,Telford UA,West Midlands,,"1,579","1,519",12,48,"1,686",2,"1,684",0,14,"3,279",,,,,,,,,,,,,,,,,
E06000034,Thurrock,East of England,,"1,214","1,176",2,36,"1,645",13,"1,630",2,19,"2,878",,,,,,,,,,,,,,,,,
E06000027,Torbay UA,South West,,"1,491","1,372",5,114,"1,611",0,"1,604",7,97,"3,199",,,,,,,,,,,,,,,,,
E09000030,Tower Hamlets,London,,950,904,3,43,775,0,762,13,13,"1,738",,,,,,,,,,,,,,,,,
E08000009,Trafford,North West,,"1,733","1,644",9,80,"2,603",0,"2,602",1,26,"4,362",,,,,,,,,,,,,,,,,
E08000036,Wakefield,Yorkshire and the Humber,,"3,748","3,676",11,61,"4,469",0,"4,455",14,45,"8,262",,,,,,,,,,,,,,,,,
E08000030,Walsall,West Midlands,,"2,171","2,069",5,97,"3,606",7,"3,599",0,36,"5,813",,,,,,,,,,,,,,,,,
E09000031,Waltham Forest,London,,984,914,3,67,"1,557",1,"1,555",1,38,"2,579",,,,,,,,,,,,,,,,,
E09000032,Wandsworth,London,,"1,196","1,119",0,77,"1,485",0,"1,485",0,5,"2,686",,,,,,,,,,,,,,,,,
E06000007,Warrington,North West,,"1,773","1,705",12,56,"2,198",0,"2,197",1,25,"3,996",,,,,,,,,,,,,,,,,
E10000031,Warwickshire,West Midlands,7,"1,676","1,526",24,126,..,..,..,..,..,..,,,,,,,,,,,,,,,,,
E06000037,West Berkshire,South East,,606,565,2,39,"1,528",2,"1,522",4,57,"2,191",,,,,,,,,,,,,,,,,
E10000032,West Sussex,South East,7,..,..,..,..,..,..,..,..,..,..,,,,,,,,,,,,,,,,,
E09000033,Westminster,London,7,..,..,..,..,..,..,..,..,..,..,,,,,,,,,,,,,,,,,
E08000010,Wigan,North West,,"3,994","3,921",6,67,"4,226",0,"4,226",0,85,"8,305",,,,,,,,,,,,,,,,,
E06000054,Wiltshire,South West,7,..,..,..,..,..,..,..,..,71,..,,,,,,,,,,,,,,,,,
E06000040,Windsor & Maidenhead,South East,7,..,..,..,..,..,..,..,..,..,..,,,,,,,,,,,,,,,,,
E08000015,Wirral,North West,,"3,588","3,495",9,84,"4,067",0,"4,067",0,22,"7,677",,,,,,,,,,,,,,,,,
E06000041,Wokingham,South East,,460,406,6,48,"1,286",2,"1,284",0,7,"1,753",,,,,,,,,,,,,,,,,
E08000031,Wolverhampton,West Midlands,,"2,493","2,395",0,98,"1,832",0,"1,832",0,31,"4,356",,,,,,,,,,,,,,,,,
E10000034,Worcestershire,West Midlands,,"4,385","4,087",58,240,"7,413",8,"7,396",9,106,"11,904",,,,,,,,,,,,,,,,,
E06000014,York City,Yorkshire and the Humber,,897,817,11,69,"2,136",0,"2,135",1,27,"3,060",,,,,,,,,,,,,,,,,
1 Issued between 1 April 2009 and 31 March 2010,,,,,,,,,,,,,Source: DfT Blue Badge Survey,,,,,,,,,,,,,,,,,
2 On Higher Rate Mobility Component of the Disability Living Allowance,,,,,,,,,,,,,Last updated: 27 September 2012,,,,,,,,,,,,,,,,,
3 On War Pensioner's Supplement,,,,,,,,,,,,,Next update: Autumn 2013,
"4 Children under the age of two who are dependent upon bulky medical equipment, or need to be near their vehicle in case they need emergency medical treatment",,,,,,,,,,,,,,
"5 Motorists with very severe disabilitites in both arms (who are unable to operate, or have considerable difficulty in operating, all or some types of parking meters)",,,,,,,,,,,,,,
6 People who have a permanent and substantial disability which causes inability to walk or very considerable difficulty in walking,,,,,,,,,,,,,,
"7 Figures are only shown where data supplied is used in calculation of England totals. Therefore figures in this table will not necessarily sum to regional and national totals shown elsewhere, which include imputed values where raw data",,,,,,,,,,,,,,
   is missing or deemed to be inconsistent with other data items or equivalent figures for other years.,,,,,,,,,,,,,,
Telephone: 020 7944 3094,,,,,,,,,,,,,,
Email: parking.data@dft.gsi.gov.uk,,,,,,,,,,,,,,
Notes & definitions (http://assets.dft.gov.uk/statistics/series/disabled-parking-badges/documentation.pdf),,,,,,,,,,,,,,
,,,,,,,,,,,,,,
,,,,,,,,,,,,,,
