Department for Transport statistics,,,,,,,,,,,,,,,,,,,,
Blue Badge Statistics (http://www.dft.gov.uk/statistics/series/disabled-parking-badges),,,,,,,,,,,,,,,,,,,,
Table DIS0109,,,,,,,,,,,,,,,,,,,,
"Valid Blue Badges held1,3 and population measures: England, by Local Authority 2010",,,,,,,,,,,,,,,,,,,,
The figures in this table fall outside the scope of National Statistics,,,,,,,,,Thousands/percentage,,,,,,,,,,,
ONS Code,Local Authority,Region,,Number of valid Blue Badges on issue at 31 March3,Retired population2,Ratio of retired people to badge holders,Badge holders as a percentage of the population,Retired people as a percentage of the population,Total population,,,,,,,,,,,
E09000002,Barking & Dagenham,London,,6.7,23.6, 3.5 : 1 ,3.8,13.4,176,,,,,,,,,,,
E09000003,Barnet,London,3,..,56.1, .. ,..,16.4,343,,,,,,,,,,,
E08000016,Barnsley,Yorkshire and the Humber,,13.4,45.1, 3.4 : 1 ,5.9,19.9,226,,,,,,,,,,,
E06000022,Bath & NE Somerset,South West,3,..,36.5, .. ,..,20.5,178,,,,,,,,,,,
E06000055,Bedford,East of England,,7.8,29.0, 3.7 : 1 ,4.9,18.4,158,,,,,,,,,,,
E09000004,Bexley,London,,12.2,42.8, 3.5 : 1 ,5.4,18.9,226,,,,,,,,,,,
E08000025,Birmingham,West Midlands,3,..,158.7, .. ,..,15.4,"1,029",,,,,,,,,,,
E06000008,Blackburn with Darwen,North West,,10.6,21.6, 2.0 : 1 ,7.6,15.4,140,,,,,,,,,,,
E06000009,Blackpool,North West,,8.9,31.6, 3.5 : 1 ,6.4,22.6,140,,,,,,,,,,,
E08000001,Bolton,North West,3,..,49.7, .. ,..,18.7,265,,,,,,,,,,,
E06000028,Bournemouth,South West,,11.2,36.5, 3.3 : 1 ,6.8,22.1,165,,,,,,,,,,,,,,
E06000036,Bracknell Forest,South East,,3.1,16.9, 5.5 : 1 ,2.7,14.7,115,,,,,,,,,,,,,,
E08000032,Bradford,Yorkshire and the Humber,,16.2,81.0, 5.0 : 1 ,3.2,16.0,507,,,,,,,,,,,,,,
E09000005,Brent,London,3,..,38.0, .. ,..,14.9,256,,,,,,,,,,,,,,
E06000043,Brighton & Hove,South East,3,..,42.1, .. ,..,16.4,256,,,,,,,,,,,,,,
E06000023,Bristol,South West,3,..,64.5, .. ,..,14.9,433,,,,,,,,,,,,,,
E09000006,Bromley,London,3,..,60.7, .. ,..,19.6,310,,,,,,,,,,,,,,
E10000002,Buckinghamshire,South East,,30.3,96.1, 3.2 : 1 ,6.1,19.4,495,,,,,,,,,,,,,,
E08000002,Bury,North West,3,..,34.6, .. ,..,18.9,183,,,,,,,,,,,,,,
E08000033,Calderdale,Yorkshire and the Humber,3,..,38.0, .. ,..,18.8,202,,,,,,,,,,,,,,
E10000003,Cambridgeshire,East of England,3,..,115.4, .. ,..,19.0,607,,,,,,,,,,,,,,
E09000007,Camden,London,3,..,25.3, .. ,..,10.9,231,,,,,,,,,,,,,,
E06000056,Central Bedfordshire,East of England,,6.5,45.9, 7.0 : 1 ,2.6,18.1,253,,,,,,,,,,,,,,
E06000049,Cheshire East,North West,,21.9,81.5, 3.7 : 1 ,6.0,22.5,363,,,,,,,,,,,,,,
E06000050,Cheshire West & Chester,North West,,23.3,70.4, 3.0 : 1 ,7.1,21.6,327,,,,,,,,,,,,,,
E09000001,City of London,London,3,..,1.4, .. ,..,12.2,12,,,,,,,,,,,,,,
E06000052,Cornwall,South West,3,..,134.9, .. ,..,25.4,531
E08000026,Coventry,West Midlands,3,..,53.6, .. ,..,17.1,313
E09000008,Croydon,London,,10.5,53.1, 5.0 : 1 ,3.1,15.5,343
E10000006,Cumbria,North West,,32.6,118.0, 3.6 : 1 ,6.6,23.8,495
E06000005,Darlington,North East,,6.6,20.8, 3.2 : 1 ,6.5,20.7,100
E06000015,Derby,East Midlands,3,..,44.4, .. ,..,18.2,244
E10000007,Derbyshire,East Midlands,,50.9,165.0, 3.2 : 1 ,6.7,21.7,760
E10000008,Devon,South West,3,..,193.5, .. ,..,25.9,747
E08000017,Doncaster,Yorkshire and the Humber,3,..,59.4, .. ,..,20.5,290
E10000009,Dorset,South West,,26.0,118.9, 4.6 : 1 ,6.4,29.4,404
E08000027,Dudley,West Midlands,,15.9,66.1, 4.2 : 1 ,5.2,21.6,307
E06000047,Durham,North East,,35.9,106.4, 3.0 : 1 ,7.1,21.0,506
E09000009,Ealing,London,3,..,41.9, .. ,..,13.2,317
E06000011,East Riding of Yorkshire,Yorkshire and the Humber,3,..,82.7, .. ,..,24.5,337
E10000011,East Sussex,South East,3,..,138.9, .. ,..,27.1,512
E09000010,Enfield,London,,9.2,45.5, 4.9 : 1 ,3.2,15.6,291
E10000012,Essex,East of England,3,..,297.8, .. ,..,21.3,"1,399",,,,,,,,,,,,,,
E08000020,Gateshead,North East,,10.2,40.0, 3.9 : 1 ,5.3,21.0,191,,,,,,,,,,,,,,
E10000013,Gloucestershire,South West,,29.7,128.9, 4.3 : 1 ,5.0,21.9,589,,,,,,,,,,,,,,
E09000011,Greenwich,London,,7.7,30.4, 4.0 : 1 ,3.4,13.4,226,,,,,,,,,,,,,,
E09000012,Hackney,London,3,..,21.8, .. ,..,10.1,216,,,,,,,,,,,,,,
E06000006,Halton,North West,,7.9,20.9, 2.7 : 1 ,6.6,17.6,119,,,,,,,,,,,,,,
E09000013,Hammersmith and Fulham,London,3,..,20.7, .. ,..,12.2,170,,,,,,,,,,,,,,
E10000014,Hampshire,South East,,72.4,277.3, 3.8 : 1 ,5.6,21.5,"1,289",,,,,,,,,,,,,,
E09000014,Haringey,London,3,..,25.5, .. ,..,11.3,226,,,,,,,,,,,,,,
E09000015,Harrow,London,3,..,37.7, .. ,..,16.5,228,,,,,,,,,,,,,,
E06000001,Hartlepool,North East,,4.2,17.7, 4.2 : 1 ,4.7,19.5,91,,,,,,,,,,,,,,
E09000016,Havering,London,3,..,48.5, .. ,..,20.7,234,,,,,,,,,,,,,,
E06000019,Herefordshire,West Midlands,3,..,45.8, .. ,..,25.6,179,,,,,,,,,,,,,,
E10000015,Hertfordshire,East of England,3,..,199.7, .. ,..,18.2,"1,096",,,,,,,,,,,,,,
E09000017,Hillingdon,London,,10.3,40.6, 4.0 : 1 ,3.9,15.5,263,,,,,,,,,,,,,,
E09000018,Hounslow,London,3,..,29.4, .. ,..,12.6,234,,,,,,,,,,,,,,
E06000010,Hull,Yorkshire and the Humber,,11.3,42.7, 3.8 : 1 ,4.3,16.3,262
E06000046,Isle of Wight,South East,,5.8,38.9, 6.7 : 1 ,4.1,27.7,140
E06000053,Isles of Scilly,South West,3,..,0.6, .. ,..,27.3,2
E09000019,Islington,London,3,..,20.1, .. ,..,10.5,192
E09000020,Kensington and Chelsea,London,3,..,28.7, .. ,..,16.9,170
E10000016,Kent,South East,,70.8,301.3, 4.3 : 1 ,5.0,21.4,"1,411"
E09000021,Kingston upon Thames,London,,4.7,23.8, 5.1 : 1 ,2.8,14.3,167
E08000034,Kirklees,Yorkshire and the Humber,,19.6,72.2, 3.7 : 1 ,4.8,17.7,407
E08000011,Knowsley,North West,,9.0,27.2, 3.0 : 1 ,6.0,18.2,149
E09000022,Lambeth,London,3,..,27.3, .. ,..,9.6,283
E10000017,Lancashire,North West,,73.4,245.1, 3.3 : 1 ,6.3,21.0,"1,166"
E08000035,Leeds,Yorkshire and the Humber,3,..,131.5, .. ,..,16.7,788
E06000016,Leicester,East Midlands,,12.6,41.8, 3.3 : 1 ,4.1,13.7,305
E10000018,Leicestershire,East Midlands,3,..,133.6, .. ,..,20.7,645
E09000023,Lewisham,London,,6.9,29.7, 4.3 : 1 ,2.6,11.2,265
E10000019,Lincolnshire,East Midlands,,49.9,170.1, 3.4 : 1 ,7.1,24.4,698
E08000012,Liverpool,North West,3,..,74.6, .. ,..,16.9,442,,,,,,,,,,,,,,
E06000032,Luton,East of England,,7.4,28.1, 3.8 : 1 ,3.8,14.5,194,,,,,,,,,,,,,,
E08000003,Manchester,North West,,21.9,59.2, 2.7 : 1 ,4.5,12.2,484,,,,,,,,,,,,,,
E06000035,Medway Towns,South East,,12.4,43.0, 3.5 : 1 ,4.9,16.9,255,,,,,,,,,,,,,,
E09000024,Merton,London,3,..,28.4, .. ,..,13.8,206,,,,,,,,,,,,,,
E06000002,Middlesbrough,North East,,7.1,24.7, 3.5 : 1 ,5.1,17.6,141,,,,,,,,,,,,,,
E06000042,Milton Keynes,South East,3,..,32.5, .. ,..,13.7,237,,,,,,,,,,,,,,
E08000021,Newcastle,North East,,11.1,47.7, 4.3 : 1 ,3.9,16.8,284,,,,,,,,,,,,,,
E09000025,Newham,London,,6.4,23.6, 3.7 : 1 ,2.6,9.8,241,,,,,,,,,,,,,,
E10000020,Norfolk,East of England,3,..,212.8, .. ,..,24.9,853,,,,,,,,,,,,,,
E06000012,North East Lincolnshire,Yorkshire and the Humber,,6.9,32.7, 4.7 : 1 ,4.4,20.8,157,,,,,,,,,,,,,,
E06000013,North Lincolnshire,Yorkshire and the Humber,3,..,34.8, .. ,..,21.6,161,,,,,,,,,,,,,,
E06000024,North Somerset,South West,3,..,49.9, .. ,..,23.9,209,,,,,,,,,,,,,,
E08000022,North Tyneside,North East,,10.3,40.8, 4.0 : 1 ,5.2,20.7,197,,,,,,,,,,,,,,
E10000023,North Yorkshire,Yorkshire and the Humber,,32.9,141.0, 4.3 : 1 ,5.5,23.6,598,,,,,,,,,,,,,,
E10000021,Northamptonshire,East Midlands,3,..,125.0, .. ,..,18.3,684,,,,,,,,,,,,,,
E06000048,Northumberland,North East,,17.0,73.4, 4.3 : 1 ,5.5,23.6,311,,,,,,,,,,,,,,
E06000018,Nottingham,East Midlands,3,..,40.3, .. ,..,13.4,301,,,,,,,,,,,,,,
E10000024,Nottinghamshire,East Midlands,,43.6,164.7, 3.8 : 1 ,5.6,21.2,777,,,,,,,,,,,,,,
E08000004,Oldham,North West,,11.3,39.1, 3.4 : 1 ,5.2,17.9,219,,,,,,,,,,,,,,
E10000025,Oxfordshire,South East,3,..,117.6, .. ,..,18.4,640,,,,,,,,,,,,,,
E06000031,Peterborough,East of England,3,..,28.3, .. ,..,16.5,171,,,,,,,,,,,,,,
E06000026,Plymouth,South West,,15.8,48.1, 3.0 : 1 ,6.2,18.7,257,,,,,,,,,,,,,,
E06000029,Poole,South West,,8.3,34.4, 4.1 : 1 ,5.9,24.4,141,,,,,,,,,,,,,,
E06000044,Portsmouth,South East,3,..,32.3, .. ,..,15.9,204,,,,,,,,,,,,,,
E06000038,Reading,South East,,5.2,21.0, 4.0 : 1 ,3.4,13.8,152,,,,,,,,,,,,,,
E09000026,Redbridge,London,3,..,39.2, .. ,..,14.6,268,,,,,,,,,,,,,,
E06000003,Redcar & Cleveland,North East,,11.1,30.7, 2.8 : 1 ,8.1,22.3,138,,,,,,,,,,,,,,
E09000027,Richmond upon Thames,London,3,..,29.1, .. ,..,15.4,189,,,,,,,,,,,,,,
E08000005,Rochdale,North West,,13.3,36.3, 2.7 : 1 ,6.5,17.7,205,,,,,,,,,,,,,,
E08000018,Rotherham,Yorkshire and the Humber,,16.5,50.7, 3.1 : 1 ,6.5,20.0,254,,,,,,,,,,,,,,
E06000017,Rutland,East Midlands,3,..,9.0, .. ,..,23.4,38,,,,,,,,,,,,,,
E08000006,Salford,North West,,13.5,39.2, 2.9 : 1 ,6.0,17.4,225
E08000028,Sandwell,West Midlands,3,..,53.8, .. ,..,18.5,291
E08000014,Sefton,North West,3,..,65.1, .. ,..,23.8,273
E08000019,Sheffield,Yorkshire and the Humber,,21.0,99.5, 4.7 : 1 ,3.8,18.2,547
E06000051,Shropshire,West Midlands,,13.8,72.0, 5.2 : 1 ,4.7,24.7,292
E06000039,Slough,South East,,5.1,16.3, 3.2 : 1 ,4.0,12.7,128
E08000029,Solihull,West Midlands,,12.1,44.9, 3.7 : 1 ,5.9,21.9,205
E10000027,Somerset,South West,3,..,129.7, .. ,..,24.8,524
E06000025,South Gloucestershire,South West,,12.0,50.6, 4.2 : 1 ,4.6,19.3,262
E08000023,South Tyneside,North East,,8.3,31.9, 3.8 : 1 ,5.4,20.9,152
E06000045,Southampton,South East,,9.7,36.2, 3.7 : 1 ,4.1,15.3,237
E06000033,Southend,East of England,,8.5,35.2, 4.1 : 1 ,5.2,21.4,164
E09000028,Southwark,London,3,..,29.7, .. ,..,10.4,286
E08000013,St. Helens,North West,3,..,36.2, .. ,..,20.4,177
E10000028,Staffordshire,West Midlands,,48.7,179.9, 3.7 : 1 ,5.9,21.7,829
E08000007,Stockport,North West,,15.1,59.3, 3.9 : 1 ,5.3,20.9,284
E06000004,Stockton,North East,,10.0,35.1, 3.5 : 1 ,5.2,18.4,191,,,,,,,,,,,,,,
E06000021,Stoke-on-Trent,West Midlands,,14.5,45.8, 3.2 : 1 ,6.1,19.2,239,,,,,,,,,,,,,,
E10000029,Suffolk,East of England,3,..,165.8, .. ,..,23.2,714,,,,,,,,,,,,,,
E08000024,Sunderland,North East,,14.8,55.2, 3.7 : 1 ,5.2,19.6,282,,,,,,,,,,,,,,
E10000030,Surrey,South East,,55.6,221.2, 4.0 : 1 ,5.0,19.9,"1,113",,,,,,,,,,,,,,
E09000029,Sutton,London,3,..,31.7, .. ,..,16.5,192,,,,,,,,,,,,,,
E06000030,Swindon,South West,,9.7,33.3, 3.4 : 1 ,4.9,16.8,199,,,,,,,,,,,,,,
E08000008,Tameside,North West,3,..,40.1, .. ,..,18.6,215,,,,,,,,,,,,,,
E06000020,Telford and the Wrekin,West Midlands,,7.9,28.9, 3.7 : 1 ,4.8,17.8,162,,,,,,,,,,,,,,
E06000034,Thurrock,East of England,3,..,24.9, .. ,..,15.8,157,,,,,,,,,,,,,,
E06000027,Torbay,South West,,6.7,36.6, 5.5 : 1 ,5.0,27.3,134,,,,,,,,,,,,,,
E09000030,Tower Hamlets,London,,4.5,19.1, 4.2 : 1 ,1.9,8.1,235,,,,,,,,,,,,,,
E08000009,Trafford,North West,,12.3,41.0, 3.3 : 1 ,5.7,19.0,215,,,,,,,,,,,,,,
E08000036,Wakefield,Yorkshire and the Humber,,23.2,63.5, 2.7 : 1 ,7.2,19.6,324,,,,,,,,,,,,,,
E08000030,Walsall,West Midlands,,14.8,52.2, 3.5 : 1 ,5.8,20.4,256,,,,,,,,,,,,,,
E09000031,Waltham Forest,London,,8.7,28.2, 3.3 : 1 ,3.9,12.6,224,,,,,,,,,,,,,,
E09000032,Wandsworth,London,,7.6,31.5, 4.1 : 1 ,2.7,11.0,287,,,,,,,,,,,,,,
E06000007,Warrington,North West,,11.0,37.5, 3.4 : 1 ,5.6,19.0,198,,,,,,,,,,,,,,
E10000031,Warwickshire,West Midlands,3,..,113.4, .. ,..,21.2,535,,,,,,,,,,,,,,
E06000037,West Berkshire,South East,,6.0,27.2, 4.5 : 1 ,3.9,17.8,153,,,,,,,,,,,,,,
E10000032,West Sussex,South East,,55.3,190.9, 3.5 : 1 ,7.0,24.1,793,,,,,,,,,,,,,,
E09000033,Westminster,London,3,..,32.0, .. ,..,12.8,249,,,,,,,,,,,,,,
E08000010,Wigan,North West,,23.1,60.3, 2.6 : 1 ,7.5,19.7,307,,,,,,,,,,,,,,
E06000054,Wiltshire,South West,3,..,98.4, .. ,..,21.6,456,,,,,,,,,,,,,,
E06000040,Windsor & Maidenhead,South East,3,..,26.7, .. ,..,18.6,144,,,,,,,,,,,,,,
E08000015,Wirral,North West,,25.5,69.0, 2.7 : 1 ,8.3,22.4,309,,,,,,,,,,,,,,
E06000041,Wokingham,South East,,4.6,27.6, 6.0 : 1 ,2.8,17.0,162,,,,,,,,,,,,,,
E08000031,Wolverhampton,West Midlands,,11.1,46.6, 4.2 : 1 ,4.7,19.5,239,,,,,,,,,,,,,,
E10000034,Worcestershire,West Midlands,,30.2,124.3, 4.1 : 1 ,5.4,22.3,557,,,,,,,,,,,,,,
E06000014,York,Yorkshire and the Humber,,7.5,38.6, 5.2 : 1 ,3.8,19.4,199,,,,,,,,,,,,,,
1 Blue Badge counts are at 31 March in year shown. Population estimates relate to mid-point of previous calendar year.,,,,,,,,,,,,,,,,,,,,,,,
2 Retired population is defined as men over 65 and women over 60.,,,,,,,,,,,,,,,,,,,,,,,
"3 Figures are only shown where data supplied is used in calculation of England totals. Therefore figures in this table will not necessarily sum to regional and national totals shown elsewhere, ",,,,,,,,,,,,,,,,
   which include imputed values where raw data is missing or deemed to be inconsistent with other data items or equivalent figures for other years.,,,,,,,,,,,,,,,,
Source: DfT Blue Badge Survey and Office for National Statistics population estimates,,,,,,,,,,,,,,,,
Last updated: 27 September 2012,,,,,,,,,,,,,,,,
Next update: Autumn 2013,,,,,,,,,,,,,,,,
Telephone: 020 7944 3094,,,,,,,,,,,,,,,,
Email: parking.data@dft.gsi.gov.uk,,,,,,,,,,,,,,,,
Notes & definitions (http://assets.dft.gov.uk/statistics/series/disabled-parking-badges/documentation.pdf),,,,,,,,,,,,,,,,
,,,,,,,,,,,,,,,,
