Department for Transport statistics,,,,,,,
Blue Badge Statistics (http://www.dft.gov.uk/statistics/series/disabled-parking-badges),,,,,,,
Table DIS0103,,,,,,,
"Valid Blue Badges held without further assessment with population measures: England, annual1 from 2009 ",,,,,,,
,,,,,Thousands/percentage,,
Year1,,Valid Blue Badges  issued without further assessment2,Population automatically entitled to a Blue Badge3,Percentage of England population automatically entitled to a Blue Badge3,Percentage of those automatically entitled to a Blue Badge who hold one,,
2009,R,940," 1,561 ", 3.0 ,60,,
2010,R,956," 1,586 ", 3.1 ,60,,
2011,R,969," 1,591 ", 3.0 ,61,,
2012,,964," 1,600 ", 3.0 ,60,,
1 Count of Blue Badges is as at 31 March of relevant year. Disabled population is based on most recent available data for each year (see background notes).,,,,,,,
2 Disabled people who meet certain criteria are automatically entitled to a Blue Badge without any further assessment (see background notes),,,,,,,
3 Population automatically entitled to a badge based on latest available data from various sources. See background notes.,,,,,,,
R Previously published figures have been revised due to a change in the estimation methdology from 2009.,,,,,,,
"Source: DfT Blue Badge Survey, Office for National Statistics population estimates and other sources. See background notes.",,,,,,,
Last updated: 27 September 2012,,,,,,,
Next update: Autumn 2013,,,,,,,
Telephone: 020 7944 3094,,,,,,,
Email: parking.data@dft.gsi.gov.uk,,,,,,,
Notes & definitions (http://assets.dft.gov.uk/statistics/series/disabled-parking-badges/documentation.pdf),,,,,,,
The figures in this table are National Statistics,,,,,,,
,,,,,,,
,,,,,,,
,,,,,,,
,,,,,,,
