Department for Transport statistics,,,,,,,,,,,,,,,,,,,,
Blue Badge Statistics (http://www.dft.gov.uk/statistics/series/disabled-parking-badges),,,,,,,,,,,,,,,,,,,,
Table DIS0109,,,,,,,,,,,,,,,,,,,,
"Valid Blue Badges held1,3 and population measures: England, by Local Authority 2011",,,,,,,,,,,,,,,,,,,,
The figures in this table fall outside the scope of National Statistics,,,,,,,,,Thousands/percentage,,,,,,,,,,,
ONS Code,Local Authority,Region,,Number of valid Blue Badges on issue at 31 March3,Retired population2,Ratio of retired people to badge holders,Badge holders as a percentage of the population,Retired people as a percentage of the population,Total population,,,,,,,,,,,
E09000002,Barking & Dagenham,London,,6.9,23.6, 3.4 : 1 ,3.8,13.1,180,,,,,,,,,,,
E09000003,Barnet,London,3,..,57.4, .. ,..,16.5,348,,,,,,,,,,,
E08000016,Barnsley,Yorkshire and the Humber,,13.9,45.9, 3.3 : 1 ,6.1,20.2,228,,,,,,,,,,,
E06000022,Bath & NE Somerset,South West,3,..,37.1, .. ,..,20.6,180,,,,,,,,,,,
E06000055,Bedford,East of England,,7.6,29.7, 3.9 : 1 ,4.7,18.5,161,,,,,,,,,,,
E09000004,Bexley,London,,12.8,43.2, 3.4 : 1 ,5.6,19.0,228,,,,,,,,,,,
E08000025,Birmingham,West Midlands,3,..,159.4, .. ,..,15.4,"1,037",,,,,,,,,,,
E06000008,Blackburn with Darwen,North West,3,..,21.7, .. ,..,15.5,140,,,,,,,,,,,
E06000009,Blackpool,North West,,8.8,31.7, 3.6 : 1 ,6.3,22.6,140,,,,,,,,,,,
E08000001,Bolton,North West,,7.5,50.6, 6.7 : 1 ,2.8,19.0,266,,,,,,,,,,,
E06000028,Bournemouth,South West,3,..,36.7, .. ,..,21.8,168,,,,,,,,,,,,,,
E06000036,Bracknell Forest,South East,,4.2,17.4, 4.1 : 1 ,3.6,14.9,117,,,,,,,,,,,,,,
E08000032,Bradford,Yorkshire and the Humber,,17.3,82.1, 4.8 : 1 ,3.4,16.0,513,,,,,,,,,,,,,,
E09000005,Brent,London,3,..,38.5, .. ,..,15.0,257,,,,,,,,,,,,,,
E06000043,Brighton & Hove,South East,,14.7,42.1, 2.9 : 1 ,5.7,16.3,259,,,,,,,,,,,,,,
E06000023,Bristol,South West,,19.8,64.7, 3.3 : 1 ,4.5,14.7,441,,,,,,,,,,,,,,
E09000006,Bromley,London,3,..,61.4, .. ,..,19.6,312,,,,,,,,,,,,,,
E10000002,Buckinghamshire,South East,,23.4,98.6, 4.2 : 1 ,4.7,19.8,498,,,,,,,,,,,,,,
E08000002,Bury,North West,3,..,35.2, .. ,..,19.2,184,,,,,,,,,,,,,,
E08000033,Calderdale,Yorkshire and the Humber,,9.1,38.8, 4.3 : 1 ,4.5,19.1,203,,,,,,,,,,,,,,
E10000003,Cambridgeshire,East of England,,33.9,118.7, 3.5 : 1 ,5.5,19.3,616,,,,,,,,,,,,,,
E09000007,Camden,London,3,..,25.7, .. ,..,10.9,235,,,,,,,,,,,,,,
E06000056,Central Bedfordshire,East of England,3,..,47.2, .. ,..,18.5,255,,,,,,,,,,,,,,
E06000049,Cheshire East,North West,,20.2,83.4, 4.1 : 1 ,5.5,22.9,364,,,,,,,,,,,,,,
E06000050,Cheshire West & Chester,North West,3,..,71.8, .. ,..,21.9,327,,,,,,,,,,,,,,
E09000001,City of London,London,3,..,1.5, .. ,..,12.8,12,,,,,,,,,,,,,,
E06000052,Cornwall,South West,,35.4,138.2, 3.9 : 1 ,6.6,25.8,535
E08000026,Coventry,West Midlands,3,..,54.0, .. ,..,17.1,316
E09000008,Croydon,London,,11.0,54.0, 4.9 : 1 ,3.2,15.6,346
E10000006,Cumbria,North West,,35.7,120.2, 3.4 : 1 ,7.2,24.3,494
E06000005,Darlington,North East,,6.6,21.1, 3.2 : 1 ,6.6,21.0,101
E06000015,Derby,East Midlands,3,..,45.0, .. ,..,18.2,247
E10000007,Derbyshire,East Midlands,3,..,169.2, .. ,..,22.2,764
E10000008,Devon,South West,,47.5,197.4, 4.2 : 1 ,6.3,26.3,750
E08000017,Doncaster,Yorkshire and the Humber,,16.2,60.3, 3.7 : 1 ,5.6,20.7,291
E10000009,Dorset,South West,,26.2,121.3, 4.6 : 1 ,6.5,30.0,405
E08000027,Dudley,West Midlands,,20.6,67.2, 3.3 : 1 ,6.7,21.8,307
E06000047,Durham,North East,,35.9,108.6, 3.0 : 1 ,7.0,21.3,511
E09000009,Ealing,London,3,..,42.4, .. ,..,13.3,319
E06000011,East Riding of Yorkshire,Yorkshire and the Humber,,20.6,84.8, 4.1 : 1 ,6.1,25.0,339
E10000011,East Sussex,South East,,26.2,141.4, 5.4 : 1 ,5.1,27.4,516
E09000010,Enfield,London,,8.4,46.0, 5.4 : 1 ,2.9,15.6,295
E10000012,Essex,East of England,,79.2,304.5, 3.8 : 1 ,5.6,21.6,"1,413",,,,,,,,,,,,,,
E08000020,Gateshead,North East,,10.1,40.3, 4.0 : 1 ,5.3,21.0,192,,,,,,,,,,,,,,
E10000013,Gloucestershire,South West,,31.2,131.6, 4.2 : 1 ,5.3,22.2,594,,,,,,,,,,,,,,
E09000011,Greenwich,London,,7.7,30.5, 4.0 : 1 ,3.4,13.3,229,,,,,,,,,,,,,,
E09000012,Hackney,London,3,..,21.9, .. ,..,10.0,219,,,,,,,,,,,,,,
E06000006,Halton,North West,,8.1,21.4, 2.6 : 1 ,6.8,17.9,119,,,,,,,,,,,,,,
E09000013,Hammersmith and Fulham,London,3,..,20.8, .. ,..,12.3,170,,,,,,,,,,,,,,
E10000014,Hampshire,South East,,68.4,284.8, 4.2 : 1 ,5.3,22.0,"1,297",,,,,,,,,,,,,,
E09000014,Haringey,London,,8.1,25.9, 3.2 : 1 ,3.6,11.5,225,,,,,,,,,,,,,,
E09000015,Harrow,London,3,..,38.3, .. ,..,16.7,230,,,,,,,,,,,,,,
E06000001,Hartlepool,North East,,4.9,18.0, 3.6 : 1 ,5.4,19.7,91,,,,,,,,,,,,,,
E09000016,Havering,London,3,..,49.1, .. ,..,20.8,236,,,,,,,,,,,,,,
E06000019,Herefordshire,West Midlands,3,..,46.9, .. ,..,26.2,179,,,,,,,,,,,,,,
E10000015,Hertfordshire,East of England,3,..,203.4, .. ,..,18.4,"1,108",,,,,,,,,,,,,,
E09000017,Hillingdon,London,,11.2,41.2, 3.7 : 1 ,4.2,15.5,266,,,,,,,,,,,,,,
E09000018,Hounslow,London,3,..,29.7, .. ,..,12.5,237,,,,,,,,,,,,,,
E06000010,Hull,Yorkshire and the Humber,,11.4,43.0, 3.8 : 1 ,4.3,16.3,264
E06000046,Isle of Wight,South East,,5.5,39.8, 7.3 : 1 ,3.9,28.3,140
E06000053,Isles of Scilly,South West,3,..,0.6, .. ,..,29.4,2
E09000019,Islington,London,3,..,20.1, .. ,..,10.4,194
E09000020,Kensington and Chelsea,London,3,..,29.4, .. ,..,17.3,169
E10000016,Kent,South East,,74.8,307.9, 4.1 : 1 ,5.2,21.6,"1,427"
E09000021,Kingston upon Thames,London,,5.0,24.4, 4.9 : 1 ,2.9,14.4,169
E08000034,Kirklees,Yorkshire and the Humber,,17.9,73.6, 4.1 : 1 ,4.4,18.0,410
E08000011,Knowsley,North West,,10.5,27.5, 2.6 : 1 ,7.1,18.4,149
E09000022,Lambeth,London,3,..,27.3, .. ,..,9.6,284
E10000017,Lancashire,North West,,74.5,249.6, 3.3 : 1 ,6.4,21.3,"1,169"
E08000035,Leeds,Yorkshire and the Humber,3,..,133.2, .. ,..,16.7,799
E06000016,Leicester,East Midlands,,12.6,42.0, 3.3 : 1 ,4.1,13.7,307
E10000018,Leicestershire,East Midlands,,38.5,137.4, 3.6 : 1 ,5.9,21.2,649
E09000023,Lewisham,London,,6.7,29.9, 4.5 : 1 ,2.5,11.2,266
E10000019,Lincolnshire,East Midlands,,51.9,174.3, 3.4 : 1 ,7.4,24.8,703
E08000012,Liverpool,North West,3,..,74.8, .. ,..,16.8,445,,,,,,,,,,,,,,
E06000032,Luton,East of England,,5.4,28.5, 5.3 : 1 ,2.7,14.4,199,,,,,,,,,,,,,,
E08000003,Manchester,North West,,20.6,59.1, 2.9 : 1 ,4.1,11.9,499,,,,,,,,,,,,,,
E06000035,Medway Towns,South East,3,..,44.1, .. ,..,17.2,257,,,,,,,,,,,,,,
E09000024,Merton,London,3,..,28.9, .. ,..,13.8,209,,,,,,,,,,,,,,
E06000002,Middlesbrough,North East,,7.0,24.9, 3.5 : 1 ,4.9,17.5,142,,,,,,,,,,,,,,
E06000042,Milton Keynes,South East,3,..,34.0, .. ,..,14.1,241,,,,,,,,,,,,,,
E08000021,Newcastle,North East,,11.4,48.1, 4.2 : 1 ,3.9,16.5,292,,,,,,,,,,,,,,
E09000025,Newham,London,3,..,23.8, .. ,..,9.9,240,,,,,,,,,,,,,,
E10000020,Norfolk,East of England,3,..,217.4, .. ,..,25.2,862,,,,,,,,,,,,,,
E06000012,North East Lincolnshire,Yorkshire and the Humber,,5.8,33.1, 5.7 : 1 ,3.7,21.0,157,,,,,,,,,,,,,,
E06000013,North Lincolnshire,Yorkshire and the Humber,3,..,35.7, .. ,..,22.1,161,,,,,,,,,,,,,,
E06000024,North Somerset,South West,3,..,51.5, .. ,..,24.3,212,,,,,,,,,,,,,,
E08000022,North Tyneside,North East,,10.4,41.3, 4.0 : 1 ,5.2,20.8,198,,,,,,,,,,,,,,
E10000023,North Yorkshire,Yorkshire and the Humber,3,..,144.4, .. ,..,24.1,600,,,,,,,,,,,,,,
E10000021,Northamptonshire,East Midlands,3,..,128.9, .. ,..,18.7,687,,,,,,,,,,,,,,
E06000048,Northumberland,North East,,17.3,75.3, 4.4 : 1 ,5.5,24.1,312,,,,,,,,,,,,,,
E06000018,Nottingham,East Midlands,3,..,40.4, .. ,..,13.2,307,,,,,,,,,,,,,,
E10000024,Nottinghamshire,East Midlands,,43.0,168.1, 3.9 : 1 ,5.5,21.6,780,,,,,,,,,,,,,,
E08000004,Oldham,North West,,10.7,39.7, 3.7 : 1 ,4.9,18.1,220,,,,,,,,,,,,,,
E10000025,Oxfordshire,South East,3,..,120.5, .. ,..,18.6,649,,,,,,,,,,,,,,
E06000031,Peterborough,East of England,,7.7,28.8, 3.7 : 1 ,4.4,16.6,173,,,,,,,,,,,,,,
E06000026,Plymouth,South West,3,..,48.6, .. ,..,18.8,259,,,,,,,,,,,,,,
E06000029,Poole,South West,,8.6,35.1, 4.1 : 1 ,6.0,24.7,142,,,,,,,,,,,,,,
E06000044,Portsmouth,South East,3,..,32.7, .. ,..,15.8,207,,,,,,,,,,,,,,
E06000038,Reading,South East,,4.7,21.2, 4.6 : 1 ,3.0,13.8,154,,,,,,,,,,,,,,
E09000026,Redbridge,London,3,..,39.7, .. ,..,14.7,271,,,,,,,,,,,,,,
E06000003,Redcar & Cleveland,North East,,11.7,31.4, 2.7 : 1 ,8.5,22.9,137,,,,,,,,,,,,,,
E09000027,Richmond upon Thames,London,,5.3,29.8, 5.6 : 1 ,2.8,15.6,191,,,,,,,,,,,,,,
E08000005,Rochdale,North West,,11.2,36.9, 3.3 : 1 ,5.4,18.0,205,,,,,,,,,,,,,,
E08000018,Rotherham,Yorkshire and the Humber,,16.5,51.8, 3.1 : 1 ,6.5,20.3,255,,,,,,,,,,,,,,
E06000017,Rutland,East Midlands,3,..,9.4, .. ,..,24.3,39,,,,,,,,,,,,,,
E08000006,Salford,North West,,13.5,39.4, 2.9 : 1 ,5.9,17.2,229
E08000028,Sandwell,West Midlands,,17.5,54.0, 3.1 : 1 ,6.0,18.4,293
E08000014,Sefton,North West,3,..,65.7, .. ,..,24.1,273
E08000019,Sheffield,Yorkshire and the Humber,,19.9,100.2, 5.0 : 1 ,3.6,18.0,556
E06000051,Shropshire,West Midlands,,13.5,73.8, 5.5 : 1 ,4.6,25.1,293
E06000039,Slough,South East,3,..,16.5, .. ,..,12.6,131
E08000029,Solihull,West Midlands,,12.9,45.7, 3.5 : 1 ,6.3,22.2,206
E10000027,Somerset,South West,3,..,132.8, .. ,..,25.3,525
E06000025,South Gloucestershire,South West,3,..,51.9, .. ,..,19.6,265
E08000023,South Tyneside,North East,,7.6,32.2, 4.2 : 1 ,4.9,20.9,154
E06000045,Southampton,South East,,9.6,36.5, 3.8 : 1 ,4.0,15.2,240
E06000033,Southend,East of England,,7.9,35.6, 4.5 : 1 ,4.8,21.5,165
E09000028,Southwark,London,3,..,29.8, .. ,..,10.4,287
E08000013,St. Helens,North West,3,..,36.9, .. ,..,20.8,177
E10000028,Staffordshire,West Midlands,,52.2,184.9, 3.5 : 1 ,6.3,22.2,831
E08000007,Stockport,North West,,15.2,60.2, 4.0 : 1 ,5.3,21.1,285
E06000004,Stockton,North East,,12.6,35.9, 2.9 : 1 ,6.5,18.7,192,,,,,,,,,,,,,,
E06000021,Stoke-on-Trent,West Midlands,,11.2,46.3, 4.1 : 1 ,4.7,19.3,240,,,,,,,,,,,,,,
E10000029,Suffolk,East of England,3,..,170.0, .. ,..,23.6,720,,,,,,,,,,,,,,
E08000024,Sunderland,North East,,12.5,56.1, 4.5 : 1 ,4.4,19.8,284,,,,,,,,,,,,,,
E10000030,Surrey,South East,,51.0,226.1, 4.4 : 1 ,4.5,20.1,"1,127",,,,,,,,,,,,,,
E09000029,Sutton,London,3,..,32.0, .. ,..,16.5,194,,,,,,,,,,,,,,
E06000030,Swindon,South West,3,..,34.1, .. ,..,16.9,202,,,,,,,,,,,,,,
E08000008,Tameside,North West,3,..,40.9, .. ,..,18.9,217,,,,,,,,,,,,,,
E06000020,Telford and the Wrekin,West Midlands,3,..,29.7, .. ,..,18.3,163,,,,,,,,,,,,,,
E06000034,Thurrock,East of England,3,..,25.5, .. ,..,16.0,160,,,,,,,,,,,,,,
E06000027,Torbay,South West,,7.7,37.2, 4.8 : 1 ,5.8,27.7,134,,,,,,,,,,,,,,
E09000030,Tower Hamlets,London,3,..,19.0, .. ,..,8.0,238,,,,,,,,,,,,,,
E08000009,Trafford,North West,,12.1,41.5, 3.4 : 1 ,5.6,19.1,217,,,,,,,,,,,,,,
E08000036,Wakefield,Yorkshire and the Humber,,23.3,64.8, 2.8 : 1 ,7.1,19.9,326,,,,,,,,,,,,,,
E08000030,Walsall,West Midlands,3,..,52.8, .. ,..,20.6,257,,,,,,,,,,,,,,
E09000031,Waltham Forest,London,3,..,28.3, .. ,..,12.5,227,,,,,,,,,,,,,,
E09000032,Wandsworth,London,,7.4,31.7, 4.3 : 1 ,2.6,10.9,290,,,,,,,,,,,,,,
E06000007,Warrington,North West,,11.3,38.3, 3.4 : 1 ,5.7,19.3,199,,,,,,,,,,,,,,
E10000031,Warwickshire,West Midlands,3,..,116.4, .. ,..,21.7,536,,,,,,,,,,,,,,
E06000037,West Berkshire,South East,,6.3,28.1, 4.5 : 1 ,4.1,18.2,154,,,,,,,,,,,,,,
E10000032,West Sussex,South East,,55.7,194.6, 3.5 : 1 ,7.0,24.3,800,,,,,,,,,,,,,,
E09000033,Westminster,London,3,..,32.6, .. ,..,12.9,253,,,,,,,,,,,,,,
E08000010,Wigan,North West,,22.9,61.6, 2.7 : 1 ,7.4,20.0,308,,,,,,,,,,,,,,
E06000054,Wiltshire,South West,3,..,100.9, .. ,..,22.0,460,,,,,,,,,,,,,,
E06000040,Windsor & Maidenhead,South East,3,..,27.3, .. ,..,18.7,146,,,,,,,,,,,,,,
E08000015,Wirral,North West,3,..,69.9, .. ,..,22.6,309,,,,,,,,,,,,,,
E06000041,Wokingham,South East,,4.4,28.5, 6.5 : 1 ,2.7,17.5,163,,,,,,,,,,,,,,
E08000031,Wolverhampton,West Midlands,,11.1,46.8, 4.2 : 1 ,4.7,19.6,239,,,,,,,,,,,,,,
E10000034,Worcestershire,West Midlands,,30.3,127.9, 4.2 : 1 ,5.4,22.9,557,,,,,,,,,,,,,,
E06000014,York,Yorkshire and the Humber,,7.6,39.2, 5.2 : 1 ,3.7,19.4,202,,,,,,,,,,,,,,
1 Blue Badge counts are at 31 March in year shown. Population estimates relate to mid-point of previous calendar year.,,,,,,,,,,,,,,,,,,,,,,,
2 Retired population is defined as men over 65 and women over 60.,,,,,,,,,,,,,,,,,,,,,,,
"3 Figures are only shown where data supplied is used in calculation of England totals. Therefore figures in this table will not necessarily sum to regional and national totals shown elsewhere, ",,,,,,,,,,,,,,,,
   which include imputed values where raw data is missing or deemed to be inconsistent with other data items or equivalent figures for other years.,,,,,,,,,,,,,,,,
Source: DfT Blue Badge Survey and Office for National Statistics population estimates,,,,,,,,,,,,,,,,
Last updated: 27 September 2012,,,,,,,,,,,,,,,,
Next update: Autumn 2013,,,,,,,,,,,,,,,,
Telephone: 020 7944 3094,,,,,,,,,,,,,,,,
Email: parking.data@dft.gsi.gov.uk,,,,,,,,,,,,,,,,
Notes & definitions (http://assets.dft.gov.uk/statistics/series/disabled-parking-badges/documentation.pdf),,,,,,,,,,,,,,,,
,,,,,,,,,,,,,,,,
