Department for Transport statistics,,,,,,,,,,,,,,,,,
Blue Badge Statistics (http://www.dft.gov.uk/statistics/series/disabled-parking-badges),,,,,,,,,,,,,,,,,
Table DIS0110,,,,,,,,,,,,,,,,,
"Valid Blue Badges held without assessment by disabled people1,3 and population measures: England by Local Authority 2012",,,,,,,,,,,,,,,,,
The figures in this table fall outside the scope of National Statistics,,,,,,Thousands/percentage,,,,,,,,,,,
ONS Code,Local Authority,Region,,Valid Blue Badges issued without further assessment2,Population automatically entitled to a Blue Badge2,Percentage of those automatically entitled to a Blue Badge who hold one2,,,,,,,,,,,
E09000002,Barking and Dagenham,London,,3.7,5.6,66,,,,,,,,,,,
E09000003,Barnet,London,3,..,6.4,..,,,,,,,,,,,
E08000016,Barnsley,Yorkshire and the Humber,,8.7,13.4,65,,,,,,,,,,,
E06000022,Bath & NE Somerset,South West,,1.7,3.5,49,,,,,,,,,,,
E06000055,Bedford,East of England,,1.9,3.4,56,,,,,,,,,,,
E09000004,Bexley,London,,4.8,5.6,87,,,,,,,,,,,
E08000025,Birmingham,West Midlands,3,..,35.5,..,,,,,,,,,,,
E06000008,Blackburn with Darwen,North West,3,..,6.9,..,,,,,,,,,,,
E06000009,Blackpool,North West,,5.5,8.4,65,,,,,,,,,,,
E08000001,Bolton,North West,,5.0,11.6,43,,,,,,,,,,,
E06000028,Bournemouth,South West,3,..,4.9,..,,,,,,,,,,,,,,
E06000036,Bracknell Forest,South East,,1.4,1.8,76,,,,,,,,,,,,,,
E08000032,Bradford,Yorkshire and the Humber,,9.4,17.1,55,,,,,,,,,,,,,,
E09000005,Brent,London,3,..,7.1,..,,,,,,,,,,,,,,
E06000043,Brighton & Hove,South East,3,..,7.5,..,,,,,,,,,,,,,,
E06000023,Bristol,South West,,8.4,12.3,69,,,,,,,,,,,,,,
E09000006,Bromley,London,3,..,5.7,..,,,,,,,,,,,,,,
E10000002,Buckinghamshire,South East,3,..,7.8,..,,,,,,,,,,,,,,
E08000002,Bury,North West,3,..,7.0,..,,,,,,,,,,,,,,
E08000033,Calderdale,Yorkshire and the Humber,,3.0,6.2,48,,,,,,,,,,,,,,
E10000003,Cambridgeshire,East of England,,10.0,13.0,77,,,,,,,,,,,,,,
E09000007,Camden,London,3,..,5.0,..,,,,,,,,,,,,,,
E06000056,Central Bedfordshire,East of England,3,..,4.8,..,,,,,,,,,,,,,,
E06000049,Cheshire East,North West,,5.6,9.6,58,,,,,,,,,,,,,,
E06000050,Cheshire West & Chester,North West,3,..,11.8,..,,,,,,,,,,,,,,
E09000001,City of London,London,3,..,0.1,..,,,,,,,,,,,,,,
E06000052,Cornwall,South West,3,..,19.6,..
E08000026,Coventry,West Midlands,,6.3,10.2,62
E09000008,Croydon,London,,5.1,8.2,61
E10000006,Cumbria,North West,,11.2,19.0,59
E06000005,Darlington,North East,,1.7,3.7,45
E06000015,Derby,East Midlands,3,..,8.2,..
E10000007,Derbyshire,East Midlands,,10.2,29.8,34
E10000008,Devon,South West,,11.1,20.2,55
E08000017,Doncaster,Yorkshire and the Humber,,8.7,14.1,61
E10000009,Dorset,South West,,5.2,10.9,48
E08000027,Dudley,West Midlands,,7.0,11.5,61
E06000047,Durham,North East,,10.6,27.3,39
E09000009,Ealing,London,3,..,7.4,..
E06000011,East Riding of Yorkshire,Yorkshire and the Humber,,6.9,11.4,60
E10000011,East Sussex,South East,,8.1,15.4,53
E09000010,Enfield,London,,2.4,6.5,37
E10000012,Essex,East of England,,23.2,35.0,66,,,,,,,,,,,,,,
E08000020,Gateshead,North East,,3.4,8.5,40,,,,,,,,,,,,,,
E10000013,Gloucestershire,South West,,9.0,14.0,64,,,,,,,,,,,,,,
E09000011,Greenwich,London,,3.1,7.1,43,,,,,,,,,,,,,,
E09000012,Hackney,London,3,..,6.0,..,,,,,,,,,,,,,,
E06000006,Halton,North West,,4.5,7.4,60,,,,,,,,,,,,,,
E09000013,Hammersmith and Fulham,London,3,..,4.1,..,,,,,,,,,,,,,,
E10000014,Hampshire,South East,,15.5,26.7,58,,,,,,,,,,,,,,
E09000014,Haringey,London,,3.7,5.9,63,,,,,,,,,,,,,,
E09000015,Harrow,London,3,..,4.4,..,,,,,,,,,,,,,,
E06000001,Hartlepool,North East,3,..,4.3,..,,,,,,,,,,,,,,
E09000016,Havering,London,3,..,5.9,..,,,,,,,,,,,,,,
E06000019,Herefordshire,West Midlands,,3.2,5.8,55,,,,,,,,,,,,,,
E10000015,Hertfordshire,East of England,3,..,20.8,..,,,,,,,,,,,,,,
E09000017,Hillingdon,London,3,..,5.6,..,,,,,,,,,,,,,,
E09000018,Hounslow,London,3,..,5.9,..,,,,,,,,,,,,,,
E06000010,Hull,Yorkshire and the Humber,,6.7,11.2,60
E06000046,Isle of Wight,South East,,2.5,4.9,50
E06000053,Isles of Scilly,South West,,-,0.0,40
E09000019,Islington,London,3,..,5.9,..
E09000020,Kensington and Chelsea,London,,1.3,3.0,42
E10000016,Kent,South East,,26.7,40.2,66
E09000021,Kingston upon Thames,London,,1.6,2.3,70
E08000034,Kirklees,Yorkshire and the Humber,,10.1,14.7,69
E08000011,Knowsley,North West,,5.3,11.2,48
E09000022,Lambeth,London,3,..,6.7,..
E10000017,Lancashire,North West,,27.1,45.8,59
E08000035,Leeds,Yorkshire and the Humber,,15.2,23.5,65
E06000016,Leicester,East Midlands,,5.7,9.5,60
E10000018,Leicestershire,East Midlands,3,..,14.4,..
E09000023,Lewisham,London,,3.9,6.7,57
E10000019,Lincolnshire,East Midlands,3,..,24.5,..
E08000012,Liverpool,North West,3,..,28.5,..,,,,,,,,,,,,,,
E06000032,Luton,East of England,,2.6,4.6,56,,,,,,,,,,,,,,
E08000003,Manchester,North West,,7.8,19.5,40,,,,,,,,,,,,,,
E06000035,Medway Towns,South East,,5.1,7.4,68,,,,,,,,,,,,,,
E09000024,Merton,London,3,..,3.5,..,,,,,,,,,,,,,,
E06000002,Middlesbrough,North East,,3.2,5.9,55,,,,,,,,,,,,,,
E06000042,Milton Keynes,South East,,3.1,6.0,51,,,,,,,,,,,,,,
E08000021,Newcastle,North East,,5.5,9.8,56,,,,,,,,,,,,,,
E09000025,Newham,London,,4.3,8.3,52,,,,,,,,,,,,,,
E10000020,Norfolk,East of England,3,..,25.1,..,,,,,,,,,,,,,,
E06000012,North East Lincolnshire,Yorkshire and the Humber,,3.3,5.2,64,,,,,,,,,,,,,,
E06000013,North Lincolnshire,Yorkshire and the Humber,,4.2,6.2,68,,,,,,,,,,,,,,
E06000024,North Somerset,South West,3,..,5.9,..,,,,,,,,,,,,,,
E08000022,North Tyneside,North East,,4.0,8.0,50,,,,,,,,,,,,,,
E10000023,North Yorkshire,Yorkshire and the Humber,,10.4,15.3,68,,,,,,,,,,,,,,
E10000021,Northamptonshire,East Midlands,3,..,17.8,..,,,,,,,,,,,,,,
E06000048,Northumberland,North East,,6.5,11.6,56,,,,,,,,,,,,,,
E06000018,Nottingham,East Midlands,3,..,10.8,..,,,,,,,,,,,,,,
E10000024,Nottinghamshire,East Midlands,3,..,29.0,..,,,,,,,,,,,,,,
E08000004,Oldham,North West,,5.3,9.1,58,,,,,,,,,,,,,,
E10000025,Oxfordshire,South East,3,..,11.5,..,,,,,,,,,,,,,,
E06000031,Peterborough,East of England,,2.9,4.9,60,,,,,,,,,,,,,,
E06000026,Plymouth,South West,,6.8,10.4,66,,,,,,,,,,,,,,
E06000029,Poole,South West,,2.4,3.9,62,,,,,,,,,,,,,,
E06000044,Portsmouth,South East,,3.5,5.2,68,,,,,,,,,,,,,,
E06000038,Reading,South East,,1.6,2.7,59,,,,,,,,,,,,,,
E09000026,Redbridge,London,3,..,6.5,..,,,,,,,,,,,,,,
E06000003,Redcar & Cleveland,North East,,4.9,6.1,81,,,,,,,,,,,,,,
E09000027,Richmond upon Thames,London,,1.6,2.6,61,,,,,,,,,,,,,,
E08000005,Rochdale,North West,,4.7,9.6,49,,,,,,,,,,,,,,
E08000018,Rotherham,Yorkshire and the Humber,,8.6,13.1,65,,,,,,,,,,,,,,
E06000017,Rutland,East Midlands,,-,0.6,58,,,,,,,,,,,,,,
E08000006,Salford,North West,,6.1,11.5,53
E08000028,Sandwell,West Midlands,,7.3,13.0,56
E08000014,Sefton,North West,3,..,13.7,..
E08000019,Sheffield,Yorkshire and the Humber,,11.9,19.4,62
E06000051,Shropshire,West Midlands,,6.3,8.7,72
E06000039,Slough,South East,3,..,2.7,..
E08000029,Solihull,West Midlands,,3.7,5.9,62
E10000027,Somerset,South West,3,..,14.9,..
E06000025,South Gloucestershire,South West,,4.5,5.8,78
E08000023,South Tyneside,North East,,4.7,7.4,64
E06000045,Southampton,South East,,4.2,6.6,64
E06000033,Southend,East of England,,2.8,4.3,65
E09000028,Southwark,London,3,..,7.0,..
E08000013,St. Helens,North West,3,..,10.5,..
E10000028,Staffordshire,West Midlands,,14.2,27.5,52
E08000007,Stockport,North West,,5.3,8.8,60
E06000004,Stockton,North East,,4.5,6.8,65,,,,,,,,,,,,,,
E06000021,Stoke-on-Trent,West Midlands,,7.9,12.6,63,,,,,,,,,,,,,,
E10000029,Suffolk,East of England,3,..,18.6,..,,,,,,,,,,,,,,
E08000024,Sunderland,North East,3,..,15.0,..,,,,,,,,,,,,,,
E10000030,Surrey,South East,,16.2,17.2,94,,,,,,,,,,,,,,
E09000029,Sutton,London,3,..,4.0,..,,,,,,,,,,,,,,
E06000030,Swindon,South West,3,..,5.1,..,,,,,,,,,,,,,,
E08000008,Tameside,North West,,5.7,9.9,58,,,,,,,,,,,,,,
E06000020,Telford and the Wrekin,West Midlands,3,..,6.3,..,,,,,,,,,,,,,,
E06000034,Thurrock,East of England,3,..,3.9,..,,,,,,,,,,,,,,
E06000027,Torbay,South West,,3.4,5.7,60,,,,,,,,,,,,,,
E09000030,Tower Hamlets,London,,3.0,5.2,57,,,,,,,,,,,,,,
E08000009,Trafford,North West,,4.8,7.2,67,,,,,,,,,,,,,,
E08000036,Wakefield,Yorkshire and the Humber,,10.3,16.8,61,,,,,,,,,,,,,,
E08000030,Walsall,West Midlands,,5.4,10.5,51,,,,,,,,,,,,,,
E09000031,Waltham Forest,London,3,..,6.2,..,,,,,,,,,,,,,,
E09000032,Wandsworth,London,,2.9,5.4,55,,,,,,,,,,,,,,
E06000007,Warrington,North West,,5.7,7.5,76,,,,,,,,,,,,,,
E10000031,Warwickshire,West Midlands,,7.6,14.5,53,,,,,,,,,,,,,,
E06000037,West Berkshire,South East,3,..,2.3,..,,,,,,,,,,,,,,
E10000032,West Sussex,South East,3,..,19.6,..,,,,,,,,,,,,,,
E09000033,Westminster,London,3,..,5.2,..,,,,,,,,,,,,,,
E08000010,Wigan,North West,,10.6,15.4,69,,,,,,,,,,,,,,
E06000054,Wiltshire,South West,3,..,10.4,..,,,,,,,,,,,,,,
E06000040,Windsor & Maidenhead,South East,3,..,2.2,..,,,,,,,,,,,,,,
E08000015,Wirral,North West,3,..,17.1,..,,,,,,,,,,,,,,
E06000041,Wokingham,South East,,1.3,2.1,59,,,,,,,,,,,,,,
E08000031,Wolverhampton,West Midlands,3,..,9.2,..,,,,,,,,,,,,,,
E10000034,Worcestershire,West Midlands,,11.2,15.2,74,,,,,,,,,,,,,,
E06000014,York,Yorkshire and the Humber,,2.4,3.7,64,,,,,,,,,,,,,,
1 Count of Blue Badges is as at 31 March of relevant year. Population entitled to badge is based on most recent available data for each year (see background notes).,,,,,,,,,,,,,,,,,,,,
2 Disabled people who meet certain criteria are automatically entitled to a Blue Badge without any further assessment (see background notes).,,,,,,,,,,,,,,,,,,,,
3 Figures are only shown where data supplied is used in calculation of England totals. Therefore figures in this table will not necessarily sum to regional and national totals ,,,,,
"   shown elsewhere, which include imputed values where raw data is missing or deemed to be inconsistent with other data items or equivalent figures for other years.",,,,,
"Source: DfT Blue Badge survey, other sources. See background notes.",,,,,
Last updated: 27 September 2012,,,,,
Next update: Autumn 2013,,,,,
Telephone: 020 7944 3094,,,,,
Email: parking.data@dft.gsi.gov.uk,,,,,
Notes & definitions (http://assets.dft.gov.uk/statistics/series/disabled-parking-badges/documentation.pdf),,,,,
,,,,,
