Department for Transport statistics,,,,,,,,,,,,,,,,,,,,
Blue Badge Statistics (http://www.dft.gov.uk/statistics/series/disabled-parking-badges),,,,,,,,,,,,,,,,,,,,
Table DIS0109,,,,,,,,,,,,,,,,,,,,
"Valid Blue Badges held1,3 and population measures: England, by Local Authority 2009",,,,,,,,,,,,,,,,,,,,
The figures in this table fall outside the scope of National Statistics,,,,,,,,,Thousands/percentage,,,,,,,,,,,
ONS Code,Local Authority,Region,,Number of valid Blue Badges on issue at 31 March3,Retired population2,Ratio of retired people to badge holders,Badge holders as a percentage of the population,Retired people as a percentage of the population,Total population,,,,,,,,,,,
E09000002,Barking & Dagenham,London,,6.5,20.3, 3.1 : 1 ,3.9,12.0,169,,,,,,,,,,,
E09000003,Barnet,London,3,..,46.2, .. ,..,13.9,332,,,,,,,,,,,
E08000016,Barnsley,Yorkshire and the Humber,,14.0,36.9, 2.6 : 1 ,6.2,16.3,226,,,,,,,,,,,
E06000022,Bath & NE Somerset,South West,3,..,30.8, .. ,..,17.1,180,,,,,,,,,,,
E06000055,Bedford,East of England,3,..,24.0, .. ,..,15.4,156,,,,,,,,,,,
E09000004,Bexley,London,,11.6,35.9, 3.1 : 1 ,5.2,16.1,223,,,,,,,,,,,
E08000025,Birmingham,West Midlands,3,..,136.4, .. ,..,13.4,"1,017",,,,,,,,,,,
E06000008,Blackburn with Darwen,North West,3,..,18.1, .. ,..,12.8,141,,,,,,,,,,,
E06000009,Blackpool,North West,,9.2,27.0, 2.9 : 1 ,6.5,19.0,142,,,,,,,,,,,
E08000001,Bolton,North West,3,..,40.5, .. ,..,15.4,263,,,,,,,,,,,
E06000028,Bournemouth,South West,3,..,32.0, .. ,..,19.5,164,,,,,,,,,,,,,,
E06000036,Bracknell Forest,South East,,3.3,13.6, 4.1 : 1 ,2.9,11.8,115,,,,,,,,,,,,,,
E08000032,Bradford,Yorkshire and the Humber,,15.3,67.9, 4.4 : 1 ,3.0,13.5,502,,,,,,,,,,,,,,
E09000005,Brent,London,,7.2,32.4, 4.5 : 1 ,2.7,12.0,271,,,,,,,,,,,,,,
E06000043,Brighton & Hove,South East,3,..,36.5, .. ,..,14.2,257,,,,,,,,,,,,,,
E06000023,Bristol,South West,3,..,54.9, .. ,..,13.0,421,,,,,,,,,,,,,,
E09000006,Bromley,London,3,..,50.2, .. ,..,16.6,303,,,,,,,,,,,,,,
E10000002,Buckinghamshire,South East,3,..,78.1, .. ,..,15.8,493,,,,,,,,,,,,,,
E08000002,Bury,North West,3,..,28.3, .. ,..,15.4,183,,,,,,,,,,,,,,
E08000033,Calderdale,Yorkshire and the Humber,,9.8,31.1, 3.2 : 1 ,4.9,15.4,202,,,,,,,,,,,,,,
E10000003,Cambridgeshire,East of England,3,..,93.3, .. ,..,15.4,605,,,,,,,,,,,,,,
E09000007,Camden,London,,5.5,20.9, 3.8 : 1 ,2.3,8.9,236,,,,,,,,,,,,,,
E06000056,Central Bedfordshire,East of England,3,..,36.7, .. ,..,14.4,255,,,,,,,,,,,,,,
E06000049,Cheshire East,North West,3,..,66.2, .. ,..,18.3,362,,,,,,,,,,,,,,
E06000050,Cheshire West & Chester,North West,3,..,57.9, .. ,..,17.6,329,,,,,,,,,,,,,,
E09000001,City of London,London,3,..,1.1, .. ,..,13.5,8,,,,,,,,,,,,,,
E06000052,Cornwall,South West,,34.0,110.3, 3.2 : 1 ,6.4,20.7,532
E08000026,Coventry,West Midlands,3,..,45.7, .. ,..,14.8,310
E09000008,Croydon,London,,10.6,44.0, 4.2 : 1 ,3.1,12.9,342
E10000006,Cumbria,North West,,30.6,97.8, 3.2 : 1 ,6.2,19.7,497
E06000005,Darlington,North East,,6.5,17.3, 2.7 : 1 ,6.5,17.2,101
E06000015,Derby,East Midlands,3,..,37.5, .. ,..,15.7,239
E10000007,Derbyshire,East Midlands,,52.6,134.1, 2.5 : 1 ,6.9,17.6,762
E10000008,Devon,South West,,37.0,160.4, 4.3 : 1 ,4.9,21.3,755
E08000017,Doncaster,Yorkshire and the Humber,3,..,49.1, .. ,..,16.9,292
E10000009,Dorset,South West,,24.8,99.4, 4.0 : 1 ,6.1,24.4,408
E08000027,Dudley,West Midlands,,19.3,55.0, 2.9 : 1 ,6.3,18.0,306
E06000047,Durham,North East,,36.6,87.4, 2.4 : 1 ,7.2,17.2,508
E09000009,Ealing,London,3,..,34.9, .. ,..,11.3,309
E06000011,East Riding of Yorkshire,Yorkshire and the Humber,3,..,67.0, .. ,..,20.0,335
E10000011,East Sussex,South East,3,..,116.4, .. ,..,22.8,510
E09000010,Enfield,London,3,..,38.2, .. ,..,13.3,288
E10000012,Essex,East of England,,64.7,242.3, 3.7 : 1 ,4.6,17.4,"1,396",,,,,,,,,,,,,,
E08000020,Gateshead,North East,,10.2,33.7, 3.3 : 1 ,5.3,17.7,191,,,,,,,,,,,,,,
E10000013,Gloucestershire,South West,,28.1,106.4, 3.8 : 1 ,4.8,18.3,583,,,,,,,,,,,,,,
E09000011,Greenwich,London,3,..,25.8, .. ,..,11.6,223,,,,,,,,,,,,,,
E09000012,Hackney,London,3,..,18.1, .. ,..,8.6,212,,,,,,,,,,,,,,
E06000006,Halton,North West,,7.8,16.9, 2.1 : 1 ,6.6,14.1,120,,,,,,,,,,,,,,
E09000013,Hammersmith and Fulham,London,3,..,17.5, .. ,..,10.2,172,,,,,,,,,,,,,,
E10000014,Hampshire,South East,,71.2,226.4, 3.2 : 1 ,5.5,17.6,"1,286",,,,,,,,,,,,,,
E09000014,Haringey,London,3,..,21.0, .. ,..,9.3,226,,,,,,,,,,,,,,
E09000015,Harrow,London,3,..,30.8, .. ,..,14.3,216,,,,,,,,,,,,,,
E06000001,Hartlepool,North East,,4.5,14.9, 3.3 : 1 ,4.9,16.2,92,,,,,,,,,,,,,,
E09000016,Havering,London,3,..,40.4, .. ,..,17.5,230,,,,,,,,,,,,,,
E06000019,Herefordshire,West Midlands,3,..,37.8, .. ,..,21.1,179,,,,,,,,,,,,,,
E10000015,Hertfordshire,East of England,3,..,164.9, .. ,..,15.3,"1,078",,,,,,,,,,,,,,
E09000017,Hillingdon,London,3,..,33.9, .. ,..,13.4,253,,,,,,,,,,,,,,
E09000018,Hounslow,London,3,..,24.1, .. ,..,10.8,223,,,,,,,,,,,,,,
E06000010,Hull,Yorkshire and the Humber,,11.1,36.3, 3.3 : 1 ,4.3,14.0,259
E06000046,Isle of Wight,South East,,7.7,32.3, 4.2 : 1 ,5.5,23.0,140
E06000053,Isles of Scilly,South West,,0.0,0.5, 23.9 : 1 ,0.9,22.4,2
E09000019,Islington,London,3,..,16.9, .. ,..,8.8,191
E09000020,Kensington and Chelsea,London,3,..,23.3, .. ,..,12.9,180
E10000016,Kent,South East,,69.2,246.9, 3.6 : 1 ,4.9,17.6,"1,407"
E09000021,Kingston upon Thames,London,,4.9,19.4, 4.0 : 1 ,3.0,12.1,160
E08000034,Kirklees,Yorkshire and the Humber,3,..,59.1, .. ,..,14.6,404
E08000011,Knowsley,North West,,8.3,23.1, 2.8 : 1 ,5.5,15.3,151
E09000022,Lambeth,London,3,..,23.2, .. ,..,8.4,275
E10000017,Lancashire,North West,,72.7,202.6, 2.8 : 1 ,6.2,17.3,"1,169"
E08000035,Leeds,Yorkshire and the Humber,,35.2,110.6, 3.1 : 1 ,4.6,14.3,771
E06000016,Leicester,East Midlands,3,..,35.6, .. ,..,12.1,295
E10000018,Leicestershire,East Midlands,,35.5,108.0, 3.0 : 1 ,5.5,16.7,646
E09000023,Lewisham,London,,7.1,24.9, 3.5 : 1 ,2.7,9.5,262
E10000019,Lincolnshire,East Midlands,3,..,139.7, .. ,..,20.0,698
E08000012,Liverpool,North West,3,..,63.6, .. ,..,14.6,435,,,,,,,,,,,,,,
E06000032,Luton,East of England,,6.9,23.4, 3.4 : 1 ,3.6,12.2,192,,,,,,,,,,,,,,
E08000003,Manchester,North West,,19.4,51.1, 2.6 : 1 ,4.2,11.0,464,,,,,,,,,,,,,,
E06000035,Medway Towns,South East,,12.1,34.6, 2.9 : 1 ,4.8,13.7,254,,,,,,,,,,,,,,
E09000024,Merton,London,3,..,23.6, .. ,..,11.7,201,,,,,,,,,,,,,,
E06000002,Middlesbrough,North East,,6.6,21.0, 3.2 : 1 ,4.8,15.1,139,,,,,,,,,,,,,,
E06000042,Milton Keynes,South East,3,..,25.3, .. ,..,10.9,232,,,,,,,,,,,,,,
E08000021,Newcastle,North East,,10.9,41.1, 3.8 : 1 ,4.0,15.0,274,,,,,,,,,,,,,,
E09000025,Newham,London,3,..,20.2, .. ,..,8.1,250,,,,,,,,,,,,,,
E10000020,Norfolk,East of England,,38.5,176.4, 4.6 : 1 ,4.5,20.7,851,,,,,,,,,,,,,,
E06000012,North East Lincolnshire,Yorkshire and the Humber,,6.8,27.4, 4.0 : 1 ,4.3,17.3,158,,,,,,,,,,,,,,
E06000013,North Lincolnshire,Yorkshire and the Humber,3,..,28.5, .. ,..,17.8,160,,,,,,,,,,,,,,
E06000024,North Somerset,South West,3,..,40.5, .. ,..,19.6,207,,,,,,,,,,,,,,
E08000022,North Tyneside,North East,,10.1,34.2, 3.4 : 1 ,5.1,17.3,197,,,,,,,,,,,,,,
E10000023,North Yorkshire,Yorkshire and the Humber,,31.6,115.7, 3.7 : 1 ,5.3,19.3,599,,,,,,,,,,,,,,
E10000021,Northamptonshire,East Midlands,3,..,100.1, .. ,..,14.6,685,,,,,,,,,,,,,,
E06000048,Northumberland,North East,,18.0,59.6, 3.3 : 1 ,5.8,19.2,311,,,,,,,,,,,,,,
E06000018,Nottingham,East Midlands,3,..,34.9, .. ,..,11.9,292,,,,,,,,,,,,,,
E10000024,Nottinghamshire,East Midlands,,44.9,134.6, 3.0 : 1 ,5.8,17.3,776,,,,,,,,,,,,,,
E08000004,Oldham,North West,,10.7,32.0, 3.0 : 1 ,4.9,14.6,220,,,,,,,,,,,,,,
E10000025,Oxfordshire,South East,3,..,96.0, .. ,..,15.0,640,,,,,,,,,,,,,,
E06000031,Peterborough,East of England,3,..,23.2, .. ,..,14.1,164,,,,,,,,,,,,,,
E06000026,Plymouth,South West,,15.4,40.0, 2.6 : 1 ,6.1,15.8,253,,,,,,,,,,,,,,
E06000029,Poole,South West,,7.9,28.9, 3.7 : 1 ,5.7,20.8,139,,,,,,,,,,,,,,
E06000044,Portsmouth,South East,3,..,27.4, .. ,..,13.7,200,,,,,,,,,,,,,,
E06000038,Reading,South East,,4.6,17.9, 3.9 : 1 ,3.2,12.3,146,,,,,,,,,,,,,,
E09000026,Redbridge,London,3,..,32.6, .. ,..,12.6,258,,,,,,,,,,,,,,
E06000003,Redcar & Cleveland,North East,,9.1,25.5, 2.8 : 1 ,6.5,18.3,139,,,,,,,,,,,,,,
E09000027,Richmond upon Thames,London,3,..,23.1, .. ,..,12.8,180,,,,,,,,,,,,,,
E08000005,Rochdale,North West,,12.7,29.8, 2.3 : 1 ,6.2,14.4,206,,,,,,,,,,,,,,
E08000018,Rotherham,Yorkshire and the Humber,,16.2,41.6, 2.6 : 1 ,6.4,16.4,254,,,,,,,,,,,,,,
E06000017,Rutland,East Midlands,3,..,7.4, .. ,..,18.9,39,,,,,,,,,,,,,,
E08000006,Salford,North West,,13.3,33.5, 2.5 : 1 ,6.0,15.1,221
E08000028,Sandwell,West Midlands,3,..,45.9, .. ,..,15.9,289
E08000014,Sefton,North West,3,..,55.4, .. ,..,20.1,275
E08000019,Sheffield,Yorkshire and the Humber,,21.8,83.9, 3.9 : 1 ,4.1,15.7,534
E06000051,Shropshire,West Midlands,,12.9,58.8, 4.6 : 1 ,4.4,20.1,293
E06000039,Slough,South East,,3.8,13.7, 3.6 : 1 ,3.1,11.3,121
E08000029,Solihull,West Midlands,,11.4,36.6, 3.2 : 1 ,5.6,17.8,206
E10000027,Somerset,South West,3,..,107.5, .. ,..,20.4,526
E06000025,South Gloucestershire,South West,,13.2,41.1, 3.1 : 1 ,5.1,15.9,258
E08000023,South Tyneside,North East,,7.9,27.1, 3.4 : 1 ,5.2,17.9,152
E06000045,Southampton,South East,,9.8,30.8, 3.1 : 1 ,4.2,13.1,235
E06000033,Southend,East of England,,7.8,29.8, 3.8 : 1 ,4.7,18.1,164
E09000028,Southwark,London,3,..,25.2, .. ,..,9.1,278
E08000013,St. Helens,North West,3,..,29.7, .. ,..,16.7,178
E10000028,Staffordshire,West Midlands,,41.1,145.5, 3.5 : 1 ,5.0,17.5,829
E08000007,Stockport,North West,,14.8,49.0, 3.3 : 1 ,5.3,17.4,281
E06000004,Stockton,North East,,10.5,28.8, 2.8 : 1 ,5.5,15.0,192,,,,,,,,,,,,,,
E06000021,Stoke-on-Trent,West Midlands,,14.2,38.4, 2.7 : 1 ,5.9,16.0,240,,,,,,,,,,,,,,
E10000029,Suffolk,East of England,,36.5,136.5, 3.7 : 1 ,5.1,19.1,716,,,,,,,,,,,,,,
E08000024,Sunderland,North East,,14.5,45.9, 3.2 : 1 ,5.2,16.4,280,,,,,,,,,,,,,,
E10000030,Surrey,South East,,54.7,182.4, 3.3 : 1 ,4.9,16.4,"1,110",,,,,,,,,,,,,,
E09000029,Sutton,London,3,..,25.9, .. ,..,13.8,188,,,,,,,,,,,,,,
E06000030,Swindon,South West,,9.6,27.1, 2.8 : 1 ,5.0,14.0,193,,,,,,,,,,,,,,
E08000008,Tameside,North West,3,..,33.0, .. ,..,15.3,215,,,,,,,,,,,,,,
E06000020,Telford and the Wrekin,West Midlands,,7.5,23.1, 3.1 : 1 ,4.6,14.2,162,,,,,,,,,,,,,,
E06000034,Thurrock,East of England,3,..,19.9, .. ,..,13.1,152,,,,,,,,,,,,,,
E06000027,Torbay,South West,3,..,31.0, .. ,..,23.1,134,,,,,,,,,,,,,,
E09000030,Tower Hamlets,London,,4.2,16.5, 4.0 : 1 ,1.9,7.5,221,,,,,,,,,,,,,,
E08000009,Trafford,North West,3,..,34.2, .. ,..,16.1,213,,,,,,,,,,,,,,
E08000036,Wakefield,Yorkshire and the Humber,,23.5,52.0, 2.2 : 1 ,7.3,16.1,322,,,,,,,,,,,,,,
E08000030,Walsall,West Midlands,,15.4,44.0, 2.9 : 1 ,6.0,17.2,255,,,,,,,,,,,,,,
E09000031,Waltham Forest,London,,6.7,23.9, 3.6 : 1 ,3.0,10.7,223,,,,,,,,,,,,,,
E09000032,Wandsworth,London,,7.4,26.6, 3.6 : 1 ,2.6,9.4,284,,,,,,,,,,,,,,
E06000007,Warrington,North West,,11.7,30.3, 2.6 : 1 ,6.0,15.4,196,,,,,,,,,,,,,,
E10000031,Warwickshire,West Midlands,3,..,92.0, .. ,..,17.3,531,,,,,,,,,,,,,,
E06000037,West Berkshire,South East,,5.8,21.8, 3.8 : 1 ,3.8,14.2,153,,,,,,,,,,,,,,
E10000032,West Sussex,South East,,58.5,159.4, 2.7 : 1 ,7.5,20.4,781,,,,,,,,,,,,,,
E09000033,Westminster,London,3,..,26.0, .. ,..,11.0,236,,,,,,,,,,,,,,
E08000010,Wigan,North West,,24.9,48.3, 1.9 : 1 ,8.1,15.8,307,,,,,,,,,,,,,,
E06000054,Wiltshire,South West,3,..,80.5, .. ,..,17.7,455,,,,,,,,,,,,,,
E06000040,Windsor & Maidenhead,South East,3,..,21.8, .. ,..,15.3,143,,,,,,,,,,,,,,
E08000015,Wirral,North West,,19.9,58.0, 2.9 : 1 ,6.4,18.7,309,,,,,,,,,,,,,,
E06000041,Wokingham,South East,3,..,21.4, .. ,..,13.4,159,,,,,,,,,,,,,,
E08000031,Wolverhampton,West Midlands,,10.5,40.1, 3.8 : 1 ,4.4,17.0,236,,,,,,,,,,,,,,
E10000034,Worcestershire,West Midlands,,29.5,100.8, 3.4 : 1 ,5.3,18.1,558,,,,,,,,,,,,,,
E06000014,York,Yorkshire and the Humber,,7.3,32.3, 4.4 : 1 ,3.7,16.6,195,,,,,,,,,,,,,,
1 Blue Badge counts are at 31 March in year shown. Population estimates relate to mid-point of previous calendar year.,,,,,,,,,,,,,,,,,,,,,,,
2 Retired population is defined as men over 65 and women over 60.,,,,,,,,,,,,,,,,,,,,,,,
"3 Figures are only shown where data supplied is used in calculation of England totals. Therefore figures in this table will not necessarily sum to regional and national totals shown elsewhere, ",,,,,,,,,,,,,,,,
   which include imputed values where raw data is missing or deemed to be inconsistent with other data items or equivalent figures for other years.,,,,,,,,,,,,,,,,
Source: DfT Blue Badge Survey and Office for National Statistics population estimates,,,,,,,,,,,,,,,,
Last updated: 27 September 2012,,,,,,,,,,,,,,,,
Next update: Autumn 2013,,,,,,,,,,,,,,,,
Telephone: 020 7944 3094,,,,,,,,,,,,,,,,
Email: parking.data@dft.gsi.gov.uk,,,,,,,,,,,,,,,,
Notes & definitions (http://assets.dft.gov.uk/statistics/series/disabled-parking-badges/documentation.pdf),,,,,,,,,,,,,,,,
,,,,,,,,,,,,,,,,
