Department for Transport statistics,,,,
Blue Badge Statistics (http://www.dft.gov.uk/statistics/series/disabled-parking-badges),,,,
Table DIS0106,,,,
"Valid Blue Badges held without further assessment with population measures by region in England, 20121",,,,
,,,Thousands/percentage,
Region,"Valid Blue Badges held without further assessment1,2","Population automatically entitled to a Blue Badge2,3",Percentage of those automatically entitled to a Blue Badge who hold one,
North East, 59 , 114 ,51,
North West, 183 , 307 ,60,
Yorkshire and the Humber, 120 , 191 ,63,
East Midlands, 96 , 144 ,66,
West Midlands, 107 , 186 ,58,
East of England, 82 , 138 ,59,
South East, 124 , 190 ,66,
South West, 89 , 147 ,61,
London, 104 , 181 ,57,
England, 964 ," 1,600 ",60,
1 Count of Blue Badges is as at 31 March of relevant year. Disabled population is based on most recent available data for each year,,,,,
   (see background notes).,,,,,
2 Disabled people who meet certain criteria are automatically entitled to a Blue Badge without any further assessment,,,,,
   (see background notes).,,,,,
3 Population automatically entitled to a badge based on latest available data from various sources. See background notes.,,,,,
"Source: DfT Blue Badge Survey, other sources. See background notes.",,,,,
Last updated: 27 September 2012,,,,,
Next update: Autumn 2013,,,,,
Telephone: 020 7944 3094,,,,,
Email: parking.data@dft.gsi.gov.uk,,,,,
Notes & definitions (http://assets.dft.gov.uk/statistics/series/disabled-parking-badges/documentation.pdf),,,,,
The figures in this table are National Statistics,,,,,
,,,,,
,,,,,
,,,,,
,,,,,
