Department for Transport statistics,,,,,,,,,,,,,,,,,,,,,,,,,,,
Blue Badge Statistics (http://www.dft.gov.uk/statistics/series/disabled-parking-badges),,,,,,,,,,,,,,,,,,,,,,,,,,,
Table DIS0107,,,,,,,,,,,,,,,,,,,,,,,,,,,
"Valid Blue Badges issued to disabled people by category by region in England, 2011/12 1",,,,,,,,,,,,,,,,,,,,,,,,,,,
,,,,Thousands/percentage,,,,,,,,,,,,,,,,,,,,,,,
Region,Blue Badges issued without further assessment2,Blue Badges issued subject to further assessment3,Blue Badges issued to organisations ,Total Blue Badges issued,,,,,,,,,,,,,,,,,,,,,,,
Badges issued (thousands),,,,,,,,,,,,,,,,,,,,,,,,,,,
North East, 22 , 31 ,0, 53 ,,,,,,,,,,,,,,,,,,,,,,,
North West, 64 , 73 ,1, 138 ,,,,,,,,,,,,,,,,,,,,,,,
Yorkshire and the Humber, 43 , 47 ,1, 90 ,,,,,,,,,,,,,,,,,,,,,,,
East Midlands, 30 , 55 ,1, 85 ,,,,,,,,,,,,,,,,,,,,,,,
West Midlands, 37 , 57 ,1, 95 ,,,,,,,,,,,,,,,,,,,,,,,
East, 28 , 74 ,1, 103 ,,,,,,,,,,,,,,,,,,,,,,,
South East, 47 , 97 ,2, 146 ,,,,,,,,,,,,,,,,,,,,,,,
South West, 32 , 74 ,1, 107 ,,,,,,,,,,,,,,,,,,,,,,,
London, 38 , 47 ,1, 86 ,,,,,,,,,,,,,,,,,,,,,,,
England, 341 , 555 , 9 , 905 ,,,,,,,,,,
Percentage of total valid badges,,,,,,,,,,,,,,
North East,41,59,1,100,,,,,,,,,,
North West,46,53,1,100,,,,,,,,,,
Yorkshire and the Humber,47,52,1,100,,,,,,,,,,
East Midlands,35,64,1,100,,,,,,,,,,
West Midlands,39,60,1,100,,,,,,,,,,
East,28,71,1,100,,,,,,,,,,
South East,32,66,1,100,,,,,,,,,,
South West,30,69,1,100,,,,,,,,,,
London,44,54,1,100,,,,,,,,,,
England,38,61,1,100,,,,,,,,,,
1 Issued between 1 April 2011 and 31 March 2012,,,,Source: DfT Blue Badge Survey,,,,,,,,,,
"2 Previously known as the automatic criteria, people within this category have to meet certain criteria",,,,Last updated: 27 September 2012,,,,,,,,,,
  (see background notes) which automatically entitles them to a valid parking badge. ,,,,Next update: Autumn 2013,,,,,,,,,,
"3 This assessment is carried out by the local authority, where people also meet certain criteria",,,,,,,,,,,,,,
  (see background notes).,,,,,,,,,,,,,,,
Telephone: 020 7944 3094,,,,,,,,,,,,,,,
Email: parking.data@dft.gsi.gov.uk,,,,,,,,,,,,,,,
Notes & definitions (http://assets.dft.gov.uk/statistics/series/disabled-parking-badges/documentation.pdf),,,,,,,,,,,,,,,
The figures in this table are National Statistics,,,,,,,,,,,,,,,
,,,,,,,,,,,,,,,
