Department for Transport statistics,,,,,,,,,,,,,,,,,,,,,,,,,,,,,,,
Blue Badge Statistics (http://www.dft.gov.uk/statistics/series/disabled-parking-badges),,,,,,,,,,,,,,,,,,,,,,,,,,,,,,,
Table DIS0105,,,,,,,,,,,,,,,,,,,,,,,,,,,,,,,
"Valid Blue Badges held and population measures by region in England, 20121",,,,,,,,,,,,,,,,,,,,,,,,,,,,,,,
,,,,,,Thousands/percentage,,,,,,,,,,,,,,,,,,,,,,,,,
Region,Valid Blue Badges1,Retired population2,Ratio of retired people to badge holders,Badge holders as a percentage of the population,Retired people as a percentage of the population,Total population2,,,,,,,,,,,,,,,,,,,,,,,,,
North East,145, 540 , 3.7 : 1 ,5.6,20.8,"2,597",,,,,,,,,,,,,,,,,,,,,,,,,
North West,400," 1,397 ", 3.5 : 1 ,5.7,20.0,"6,980",,,,,,,,,,,,,,,,,,,,,,,,,
Yorkshire and the Humber,252," 1,046 ", 4.2 : 1 ,4.8,19.8,"5,280",,,,,,,,,,,,,,,,,,,,,,,,,
East Midlands,256, 934 , 3.7 : 1 ,5.6,20.6,"4,533",,,,,,,,,,,,,,,,,,,,,,,,,
West Midlands,280," 1,124 ", 4.0 : 1 ,5.1,20.4,"5,520",,,,,,,,,,,,,,,,,,,,,,,,,
East of England,312," 1,233 ", 4.0 : 1 ,5.4,21.2,"5,826",,,,,,,,,,,,,,,,,,,,,,,,,
South East,423," 1,778 ", 4.2 : 1 ,4.9,20.8,"8,561",,,,,,,,,,,,,,,,,,,,,,,,,
South West,304," 1,244 ", 4.1 : 1 ,5.7,23.5,"5,289",,,,,,,,,,,,,,,,,,,,,,,,,
London,253," 1,090 ", 4.3 : 1 ,3.1,13.5,"8,069",,,,,,,,,,,,,,,,,,,,,,,,,
England,"2,625"," 10,385 ", 4.0 : 1 ,5.0,19.7,"52,655",,,,,,,,,,,,,,,,,,,,,,,,,
1 Blue Badge counts are at 31 March in year shown. Population figures relate to mid-point of previous calendar year.,,,,,,,,,
2 The retired population is defined as men over 65 and women over 60.  Population figures are 2010-based projections for mid-2011.,,,,,,,,,
"Source: DfT Blue Badge Survey, Office for National Statistics population projections",,,,,,,,,
Last updated: 27 September 2012,,,,,,,,,
Next update: Autumn 2013,,,,,,,,,
Telephone: 020 7944 3094,,,,,,,,,
Email: parking.data@dft.gsi.gov.uk,,,,,,,,,
Notes & definitions (http://assets.dft.gov.uk/statistics/series/disabled-parking-badges/documentation.pdf),,,,,,,,,
The figures in this table are National Statistics,,,,,,,,,
