Department for Transport statistics,,,,,,,,,,,,,,,,,,,,,,,,,,,,,
Blue Badge Statistics (http://www.dft.gov.uk/statistics/series/disabled-parking-badges),,,,,,,,,,,,,,,,,,,,,,,,,,,,,
Table DIS0104,,,,,,,,,,,,,,,,,,,,,,,,,,,,,
"Valid Blue Badges held by disabled people by category by region in England, 20121",,,,,,,,,,,,,,,,,,,,,,,,,,,,,
,,,,Thousands/percentage,,,,,,,,,,,,,,,,,,,,,,,,,
Region,Valid Blue Badges held without further assessment2,Valid Blue Badges held subject to further assessment3,Valid Blue Badges held by organisations,Valid Blue Badges1,,,,,,,,,,,,,,,,,,,,,,,,,
Valid badges (thousands),,,,,,,,,,,,,,,,,,,,,,,,,,,,,
North East, 59 , 86 , 1 , 145 ,,,,,,,,,,,,,,,,,,,,,,,,,
North West, 183 , 215 , 3 , 400 ,,,,,,,,,,,,,,,,,,,,,,,,,
Yorkshire and the Humber, 120 , 130 , 2 , 252 ,,,,,,,,,,,,,,,,,,,,,,,,,
East Midlands, 96 , 158 , 2 , 256 ,,,,,,,,,,,,,,,,,,,,,,,,,
West Midlands, 107 , 169 , 3 , 280 ,,,,,,,,,,,,,,,,,,,,,,,,,
East of England, 82 , 227 , 3 , 312 ,,,,,,,,,,,,,,,,,,,,,,,,,
South East, 124 , 293 , 6 , 423 ,,,,,,,,,,,,,,,,,,,,,,,,,
South West, 89 , 210 , 4 , 304 ,,,,,,,,,,,,,,,,,,,,,,,,,
London, 104 , 146 , 4 , 253 ,,,,,,,,,,,,,,,,,,,,,,,,,
England, 964 ," 1,632 ", 29 ," 2,625 ",,,,,,,,,,
Percentage of total valid badges,,,,,,,,,,,,,,
North East,40,59,1, 100 ,,,,,,,,,,
North West,46,54,1, 100 ,,,,,,,,,,
Yorkshire and the Humber,48,51,1, 100 ,,,,,,,,,,
East Midlands,38,62,1, 100 ,,,,,,,,,,
West Midlands,38,60,1, 100 ,,,,,,,,,,
East of England,26,73,1, 100 ,,,,,,,,,,
South East,29,69,1, 100 ,,,,,,,,,,
South West,29,69,1, 100 ,,,,,,,,,,
London,41,58,1, 100 ,,,,,,,,,,
England,37,62,1, 100 ,,,,,,,,,,
1 As at 31 March 2012,,,,Source: DfT Blue Badge Survey,,,,,,,,,,
"2 Previously known as the automatic criteria, people within this category have to meet certain criteria",,,,Last updated: 27 September 2012,,,,,,,,,,
  (see background notes) which automatically entitles them to a valid parking badge. ,,,,Next update: Autumn 2013,,,,,,,,,,
"3 This assessment is carried out by the local authority, where people also meet certain criteria",,,,,,,,,,,,,,
  (see background notes.),,,,,,,,,,,,,,,
Telephone: 020 7944 3094,,,,,,,,,,,,,,,
Email: parking.data@dft.gsi.gov.uk,,,,,,,,,,,,,,,
Notes & definitions (http://assets.dft.gov.uk/statistics/series/disabled-parking-badges/documentation.pdf),,,,,,,,,,,,,,,
The figures in this table are National Statistics,,,,,,,,,,,,,,,
,,,,,,,,,,,,,,,
