Department for Transport statistics,,,,,,,
Blue Badge Statistics (http://www.dft.gov.uk/statistics/series/disabled-parking-badges),,,,,,,
Table DIS0111,,,,,,,
"Valid Blue Badges issued to disabled people by category: England, from 2008/09 1",,,,,,,
,,,,,Thousands/percentage,,
Year1,,Valid Blue Badges issued without further assessment2,Valid Blue Badges issued subject to further assessment3,Blue Badges issued to organisations ,Total Blue Badges issued,,
Valid badges (thousands),,,,,,,
2008-09,R,337,579,10,926,,
2009-10,R,342, 587 ,10,939,,
2010-11,R,348, 579 ,9,936,,
2011-12,,341, 555 ,9,905,,
,,,,,,,
Percentage of total valid badges,,,,,,,
2008-09,,36, 63 ,1,100,,
2009-10,,36, 62 ,1,100,,
2010-11,,37, 62 ,1,100,,
2011-12,,38, 61 ,1,100,,
1 Count of Blue Badges issued between 1 April and 31 March of following year.,,,,,,,
"2 Previously known as the automatic criteria, people within this category have to meet certain",,,,,,,
   criteria (see background notes) which automatically entitles them to a valid parking badge. ,,,,,,,
"3 This assessment is carried out by the local authority, where people also meet certain criteria (see background notes)",,,,,,,
R Previously published figures have been revised due to a change in the estimation methdology from 2009.,,,,,,,
Source: DfT Blue Badge Survey,,,,,,,
Last updated: 27 September 2012,,,,,,,
Next update: Autumn 2013,,,,,,,
Telephone: 020 7944 3094,,,,,,,
Email: parking.data@dft.gsi.gov.uk,,,,,,,
Notes & definitions (http://assets.dft.gov.uk/statistics/series/disabled-parking-badges/documentation.pdf),,,,,,,
The figures in this table are National Statistics,,,,,,,
,,,,,,,
,,,,,,,
,,,,,,,
,,
,,
