Department for Transport statistics,,,,,,,,,,,,,,,,,,,,,,,,,,,,
Blue Badge Statistics (http://www.dft.gov.uk/statistics/series/disabled-parking-badges),,,,,,,,,,,,,,,,,,,,,,,,,,,,
Table DIS0301,,,,,,,,,,,,,,,,,,,,,,,,,,,,
"Blue Badge withdrawals, prosecutions, lost and stolen badges: England by Local Authority, during 2011/121,2",,,,,,,,,,,,,,,,,,,,,,,,,,,,
The figures in this table fall outside the scope of National Statistics,,,,,,,,,,,,Number,,,,,,,,,,,,,,,,
ONS Code,Local Authority,Region,All badges withdrawn,Badges withdrawn due to misuse,Badges withdrawn because the holder ceased to be eligible,All prosecutions for abuse of Blue Badge system,Prosectutions targeted at the actual Blue Badge holder,Prosectutions targeted at a non-badge holder using another persons Blue Badge,All lost and stolen badges,Lost badges,Stolen badges,Replacement badges issued,,,,,,,,,,,,,,,,
E09000002,Barking & Dagenham,London,..,..,..,..,..,..,78,44,34,78,,,,,,,,,,,,,,,,
E09000003,Barnet,London,..,..,..,..,..,..,..,..,..,..,,,,,,,,,,,,,,,,
E08000016,Barnsley,Yorkshire and the Humber,697,0,697,..,..,..,69,60,9,68,,,,,,,,,,,,,,,,
E06000022,Bath & NE Somerset,South West,..,..,..,..,..,..,..,..,..,..,,,,,,,,,,,,,,,,
E06000055,Bedford,East of England,0,0,0,..,..,..,66,61,5,66,,,,,,,,,,,,,,,,
E09000004,Bexley,London,30,0,30,13,1,12,98,79,19,79,,,,,,,,,,,,,,,,
E08000025,Birmingham,West Midlands,..,..,..,..,..,..,..,..,..,..,,,,,,,,,,,,,,,,
E06000008,Blackburn with Darwen,North West,1,1,0,1,0,1,71,71,..,71,,,,,,,,,,,,,,,,
E06000009,Blackpool,North West,4,4,0,..,..,..,30,25,5,23,,,,,,,,,,,,,,,,
E08000001,Bolton,North West,1,0,1,0,..,..,23,13,10,4,,,,,,,,,,,,,,,,
E06000028,Bournemouth,South West,..,..,..,..,..,..,..,..,..,..,,,,,,,,,,,,,,,,,,,
E06000036,Bracknell Forest,South East,0,0,0,..,..,..,28,25,3,25,,,,,,,,,,,,,,,,,,,
E08000032,Bradford,Yorkshire and the Humber,0,0,0,8,0,8,241,193,48,83,,,,,,,,,,,,,,,,,,,
E09000005,Brent,London,0,0,0,..,..,..,..,..,..,281,,,,,,,,,,,,,,,,,,,
E06000043,Brighton & Hove,South East,..,..,..,..,..,..,..,..,..,..,,,,,,,,,,,,,,,,,,,
E06000023,Bristol,South West,0,0,0,9,1,8,156,131,25,156,,,,,,,,,,,,,,,,,,,
E09000006,Bromley,London,0,0,0,2,0,2,75,55,20,75,,,,,,,,,,,,,,,,,,,
E10000002,Buckinghamshire,South East,..,..,..,..,..,..,..,..,..,..,,,,,,,,,,,,,,,,,,,
E08000002,Bury,North West,0,0,..,2,2,0,282,141,141,141,,,,,,,,,,,,,,,,,,,
E08000033,Calderdale,Yorkshire and the Humber,0,0,0,..,..,..,0,0,0,0,,,,,,,,,,,,,,,,,,,
E10000003,Cambridgeshire,East of England,3,3,0,..,..,..,383,317,66,383,,,,,,,,,,,,,,,,,,,
E09000007,Camden,London,..,..,..,..,..,..,..,..,..,..,,,,,,,,,,,,,,,,,,,
E06000056,Central Bedfordshire,East of England,0,0,0,..,..,..,88,50,38,88,,,,,,,,,,,,,,,,,,,
E06000049,Cheshire East,North West,0,0,0,..,..,..,120,112,8,120,,,,,,,,,,,,,,,,,,,
E06000050,Cheshire West & Chester,North West,..,..,..,..,..,..,..,..,..,..,,,,,,,,,,,,,,,,,,,
E09000001,City of London,London,2,1,1,1,0,1,4,3,1,4,,,,,,,,,,,,,,,,,,,
E06000052,Cornwall,South West,0,0,0,..,..,..,152,152,0,152,,
E08000026,Coventry,West Midlands,0,0,0,..,..,..,124,101,23,112,,
E09000008,Croydon,London,233,23,210,9,0,9,135,101,34,135,,
E10000006,Cumbria,North West,36,1,35,..,..,..,314,291,23,201,,
E06000005,Darlington,North East,0,0,0,0,..,..,58,55,3,57,,
E06000015,Derby,East Midlands,0,0,0,..,..,..,0,0,0,0,,
E10000007,Derbyshire,East Midlands,0,0,0,..,..,..,493,493,..,297,,
E10000008,Devon,South West,0,0,0,..,..,..,148,140,8,148,,
E08000017,Doncaster,Yorkshire and the Humber,615,1,614,4,0,4,130,101,29,10,,
E10000009,Dorset,South West,7,5,2,..,..,..,85,75,10,67,,
E08000027,Dudley,West Midlands,18,8,10,..,..,..,74,61,13,74,,
E06000047,Durham,North East,0,0,0,..,..,..,258,226,32,249,,
E09000009,Ealing,London,..,..,..,..,..,..,..,..,..,..,,
E06000011,East Riding of Yorkshire,Yorkshire and the Humber,1,1,..,..,..,..,123,117,6,123,,
E10000011,East Sussex,South East,15,2,13,0,..,..,251,209,42,250,,
E09000010,Enfield,London,0,0,0,77,6,71,167,93,74,167,,
E10000012,Essex,East of England,17,2,15,..,..,..,655,525,130,655,,,,,,,,,,,,,,,,,,,
E08000020,Gateshead,North East,1,1,0,..,..,..,42,40,2,42,,,,,,,,,,,,,,,,,,,
E10000013,Gloucestershire,South West,"1,894",0,"1,894",0,..,..,0,0,0,88,,,,,,,,,,,,,,,,,,,
E09000011,Greenwich,London,..,..,..,..,..,..,..,..,..,..,,,,,,,,,,,,,,,,,,,
E09000012,Hackney,London,0,0,0,..,..,..,164,70,94,164,,,,,,,,,,,,,,,,,,,
E06000006,Halton,North West,..,..,..,..,..,..,25,24,1,25,,,,,,,,,,,,,,,,,,,
E09000013,Hammersmith and Fulham,London,10,3,7,123,0,123,156,76,80,156,,,,,,,,,,,,,,,,,,,
E10000014,Hampshire,South East,0,0,0,1,0,1,107,96,11,107,,,,,,,,,,,,,,,,,,,
E09000014,Haringey,London,0,0,0,..,..,..,132,75,57,137,,,,,,,,,,,,,,,,,,,
E09000015,Harrow,London,..,..,..,..,..,..,..,..,..,..,,,,,,,,,,,,,,,,,,,
E06000001,Hartlepool,North East,0,0,0,..,..,..,13,11,2,13,,,,,,,,,,,,,,,,,,,
E09000016,Havering,London,..,..,..,..,..,..,..,..,..,..,,,,,,,,,,,,,,,,,,,
E06000019,Herefordshire,West Midlands,1,1,0,1,0,1,63,45,18,63,,,,,,,,,,,,,,,,,,,
E10000015,Hertfordshire,East of England,0,0,0,..,..,..,411,348,63,411,,,,,,,,,,,,,,,,,,,
E09000017,Hillingdon,London,6,4,2,..,..,..,128,112,16,0,,,,,,,,,,,,,,,,,,,
E09000018,Hounslow,London,0,0,0,0,..,..,35,35,0,35,,,,,,,,,,,,,,,,,,,
E06000010,Hull,Yorkshire and the Humber,0,0,0,..,..,..,73,63,10,49,
E06000046,Isle of Wight,South East,5,0,5,0,..,..,41,41,0,41,
E06000053,Isles of Scilly,South West,0,0,0,0,..,..,0,0,0,0,
E09000019,Islington,London,163,163,0,0,..,..,243,107,136,243,
E09000020,Kensington and Chelsea,London,..,..,..,..,..,..,68,48,20,68,
E10000016,Kent,South East,..,..,..,..,..,..,13,11,2,..,
E09000021,Kingston upon Thames,London,5,5,0,0,..,..,33,24,9,33,
E08000034,Kirklees,Yorkshire and the Humber,0,0,0,0,..,..,152,126,26,152,
E08000011,Knowsley,North West,..,..,..,..,..,..,..,..,..,104,
E09000022,Lambeth,London,..,..,..,156,2,154,91,52,39,52,
E10000017,Lancashire,North West,0,0,0,..,..,..,546,517,29,546,
E08000035,Leeds,Yorkshire and the Humber,1,1,..,0,..,..,53,48,5,..,
E06000016,Leicester,East Midlands,0,0,0,..,..,..,92,78,14,92,
E10000018,Leicestershire,East Midlands,17,0,17,0,..,..,121,107,14,121,
E09000023,Lewisham,London,3,3,0,0,..,..,..,..,..,..,
E10000019,Lincolnshire,East Midlands,..,..,..,..,..,..,..,..,..,..,
E08000012,Liverpool,North West,0,0,0,0,..,..,0,0,0,0,,,,,,,,,,,,,,,,,,,
E06000032,Luton,East of England,10,2,8,0,..,..,27,20,7,27,,,,,,,,,,,,,,,,,,,
E08000003,Manchester,North West,0,0,0,67,4,63,124,108,16,124,,,,,,,,,,,,,,,,,,,
E06000035,Medway Towns,South East,0,0,0,..,..,..,0,0,0,0,,,,,,,,,,,,,,,,,,,
E09000024,Merton,London,..,..,..,..,..,..,..,..,..,..,,,,,,,,,,,,,,,,,,,
E06000002,Middlesbrough,North East,0,0,0,0,..,..,77,70,7,77,,,,,,,,,,,,,,,,,,,
E06000042,Milton Keynes,South East,0,0,0,0,..,..,65,65,0,65,,,,,,,,,,,,,,,,,,,
E08000021,Newcastle,North East,..,..,..,5,0,5,..,..,..,..,,,,,,,,,,,,,,,,,,,
E09000025,Newham,London,6,6,0,0,..,..,193,85,108,173,,,,,,,,,,,,,,,,,,,
E10000020,Norfolk,East of England,..,..,..,..,..,..,..,..,..,..,,,,,,,,,,,,,,,,,,,
E06000012,North East Lincolnshire,Yorkshire and the Humber,0,0,0,..,..,..,10,10,..,10,,,,,,,,,,,,,,,,,,,
E06000013,North Lincolnshire,Yorkshire and the Humber,0,0,0,..,..,..,26,23,3,26,,,,,,,,,,,,,,,,,,,
E06000024,North Somerset,South West,..,..,..,..,..,..,..,..,..,..,,,,,,,,,,,,,,,,,,,
E08000022,North Tyneside,North East,"1,378",1,"1,377",0,..,..,98,52,46,97,,,,,,,,,,,,,,,,,,,
E10000023,North Yorkshire,Yorkshire and the Humber,3,0,3,..,..,..,340,340,0,252,,,,,,,,,,,,,,,,,,,
E10000021,Northamptonshire,East Midlands,8,0,8,..,..,..,109,82,27,103,,,,,,,,,,,,,,,,,,,
E06000048,Northumberland,North East,0,0,0,..,..,..,94,85,9,94,,,,,,,,,,,,,,,,,,,
E06000018,Nottingham,East Midlands,0,0,0,3,0,3,88,82,6,61,,,,,,,,,,,,,,,,,,,
E10000024,Nottinghamshire,East Midlands,..,..,0,..,..,..,..,..,..,..,,,,,,,,,,,,,,,,,,,
E08000004,Oldham,North West,208,0,208,..,..,..,6,4,2,25,,,,,,,,,,,,,,,,,,,
E10000025,Oxfordshire,South East,0,0,0,..,..,..,173,161,12,336,,,,,,,,,,,,,,,,,,,
E06000031,Peterborough,East of England,0,0,0,1,0,1,73,73,..,73,,,,,,,,,,,,,,,,,,,
E06000026,Plymouth,South West,29,0,29,0,..,..,109,108,1,109,,,,,,,,,,,,,,,,,,,
E06000029,Poole,South West,0,0,0,..,..,..,77,73,4,77,,,,,,,,,,,,,,,,,,,
E06000044,Portsmouth,South East,..,..,..,8,0,8,84,72,12,84,,,,,,,,,,,,,,,,,,,
E06000038,Reading,South East,5,5,0,0,..,..,48,38,10,42,,,,,,,,,,,,,,,,,,,
E09000026,Redbridge,London,0,0,..,..,..,..,108,78,30,108,,,,,,,,,,,,,,,,,,,
E06000003,Redcar & Cleveland,North East,0,0,0,0,..,..,101,94,7,103,,,,,,,,,,,,,,,,,,,
E09000027,Richmond upon Thames,London,0,0,0,0,..,..,69,50,19,69,,,,,,,,,,,,,,,,,,,
E08000005,Rochdale,North West,..,..,..,..,..,..,2,1,1,2,,,,,,,,,,,,,,,,,,,
E08000018,Rotherham,Yorkshire and the Humber,31,0,31,12,0,12,61,50,11,61,,,,,,,,,,,,,,,,,,,
E06000017,Rutland,East Midlands,..,..,..,..,..,..,6,6,0,6,,,,,,,,,,,,,,,,,,,
E08000006,Salford,North West,0,0,0,..,..,..,116,97,19,116
E08000028,Sandwell,West Midlands,0,0,0,..,..,..,126,94,32,79
E08000014,Sefton,North West,..,..,..,..,..,..,..,..,..,..
E08000019,Sheffield,Yorkshire and the Humber,0,0,0,..,..,..,116,64,52,106
E06000051,Shropshire,West Midlands,44,0,44,0,..,..,100,94,6,100
E06000039,Slough,South East,..,..,..,..,..,..,..,..,..,..
E08000029,Solihull,West Midlands,466,0,466,..,..,..,115,94,21,111
E10000027,Somerset,South West,..,..,..,..,..,..,..,..,..,..
E06000025,South Gloucestershire,South West,0,0,0,..,..,..,3,3,0,6
E08000023,South Tyneside,North East,0,0,0,..,..,..,42,41,1,59
E06000045,Southampton,South East,5,1,4,6,0,6,74,66,8,67
E06000033,Southend,East of England,4,2,2,..,..,..,75,75,0,75
E09000028,Southwark,London,..,..,..,..,..,..,..,..,..,..
E08000013,St. Helens,North West,..,..,..,..,..,..,..,..,..,..
E10000028,Staffordshire,West Midlands,0,0,0,0,..,..,180,161,19,562
E08000007,Stockport,North West,0,0,0,0,..,..,135,111,24,139
E06000004,Stockton,North East,0,0,0,..,..,..,38,28,10,38,,,,,,,,,,,,,,,,,,,
E06000021,Stoke-on-Trent,West Midlands,1,1,0,..,..,..,213,211,2,213,,,,,,,,,,,,,,,,,,,
E10000029,Suffolk,East of England,74,0,74,0,..,..,174,157,17,224,,,,,,,,,,,,,,,,,,,
E08000024,Sunderland,North East,..,..,..,..,..,..,..,..,..,..,,,,,,,,,,,,,,,,,,,
E10000030,Surrey,South East,..,..,..,..,..,..,335,275,60,250,,,,,,,,,,,,,,,,,,,
E09000029,Sutton,London,..,..,10,..,..,..,7,7,0,7,,,,,,,,,,,,,,,,,,,
E06000030,Swindon,South West,0,0,0,0,..,..,0,0,0,0,,,,,,,,,,,,,,,,,,,
E08000008,Tameside,North West,0,0,0,0,..,..,0,0,0,0,,,,,,,,,,,,,,,,,,,
E06000020,Telford and the Wrekin,West Midlands,..,..,..,..,..,..,..,..,..,..,,,,,,,,,,,,,,,,,,,
E06000034,Thurrock,East of England,..,..,..,..,..,..,..,..,..,..,,,,,,,,,,,,,,,,,,,
E06000027,Torbay,South West,0,0,0,..,..,..,60,53,7,60,,,,,,,,,,,,,,,,,,,
E09000030,Tower Hamlets,London,..,..,..,..,..,..,..,..,..,..,,,,,,,,,,,,,,,,,,,
E08000009,Trafford,North West,0,0,0,..,..,..,95,47,48,72,,,,,,,,,,,,,,,,,,,
E08000036,Wakefield,Yorkshire and the Humber,134,0,134,..,..,..,137,132,5,137,,,,,,,,,,,,,,,,,,,
E08000030,Walsall,West Midlands,0,0,0,..,..,..,0,0,0,0,,,,,,,,,,,,,,,,,,,
E09000031,Waltham Forest,London,..,..,..,..,..,..,..,..,..,..,,,,,,,,,,,,,,,,,,,
E09000032,Wandsworth,London,2,2,0,48,0,48,103,65,38,103,,,,,,,,,,,,,,,,,,,
E06000007,Warrington,North West,8,0,8,..,..,..,33,31,2,33,,,,,,,,,,,,,,,,,,,
E10000031,Warwickshire,West Midlands,105,0,105,..,..,..,..,..,..,20,,,,,,,,,,,,,,,,,,,
E06000037,West Berkshire,South East,..,..,..,..,..,..,..,..,10,10,,,,,,,,,,,,,,,,,,,
E10000032,West Sussex,South East,..,..,..,..,..,..,..,..,..,..,,,,,,,,,,,,,,,,,,,
E09000033,Westminster,London,11,9,2,11,7,4,84,34,50,84,,,,,,,,,,,,,,,,,,,
E08000010,Wigan,North West,0,0,0,..,..,..,51,48,3,49,,,,,,,,,,,,,,,,,,,
E06000054,Wiltshire,South West,..,..,..,..,..,..,65,50,15,65,,,,,,,,,,,,,,,,,,,
E06000040,Windsor & Maidenhead,South East,..,..,..,..,..,..,..,..,..,..,,,,,,,,,,,,,,,,,,,
E08000015,Wirral,North West,3,3,0,..,..,..,0,0,0,0,,,,,,,,,,,,,,,,,,,
E06000041,Wokingham,South East,0,0,0,..,..,..,15,11,4,8,,,,,,,,,,,,,,,,,,,
E08000031,Wolverhampton,West Midlands,..,..,..,..,..,..,..,..,..,..,,,,,,,,,,,,,,,,,,,
E10000034,Worcestershire,West Midlands,"1,049",2,"1,047",..,..,..,148,117,31,148,,,,,,,,,,,,,,,,,,,
E06000014,York,Yorkshire and the Humber,9,0,9,..,..,..,50,46,4,50,,,,,,,,,,,,,,,,,,,
1 Between 1 April 2011 and 31 March 2012,,,,,,,,,,,,Source: DfT Blue Badge Survey,,,,,,,,,,,,,,,,,,,
2 Figures are only shown where an authority supplied raw data.  Aggregate figures are not calculated for these measures due to the incompleteness of the data.,,,,,,,,,,,,Last updated: 27 September 2012,,,,,,,,,,,,,,,,,,,
,,,,,,,,,,,,Next update: Autumn 2013
Telephone: 020 7944 3094,,,,,,,,,,,,
Email: parking.data@dft.gsi.gov.uk,,,,,,,,,,,,
Notes & definitions (http://assets.dft.gov.uk/statistics/series/disabled-parking-badges/documentation.pdf),,,,,,,,,,,,
,,,,,,,,,,,,
,,,,,,,,,,,,
,,,,,,,,,,,,
,,,,,,,,,,,,
