Department for Transport statistics,,,,,,,,,,,,,,,,,,,,
Blue Badge Statistics (http://www.dft.gov.uk/statistics/series/disabled-parking-badges),,,,,,,,,,,,,,,,,,,,
Table DIS0109,,,,,,,,,,,,,,,,,,,,
"Valid Blue Badges held1,3 and population measures: England, by Local Authority 2012",,,,,,,,,,,,,,,,,,,,
The figures in this table fall outside the scope of National Statistics,,,,,,,,,Thousands/percentage,,,,,,,,,,,
ONS Code,Local Authority,Region,,Number of valid Blue Badges on issue at 31 March3,Retired population2,Ratio of retired people to badge holders,Badge holders as a percentage of the population,Retired people as a percentage of the population,Total population,,,,,,,,,,,
E09000002,Barking & Dagenham,London,,6.4,23.6, 3.7 : 1 ,3.4,12.6,187,,,,,,,,,,,
E09000003,Barnet,London,3,..,58.7, .. ,..,16.4,358,,,,,,,,,,,
E08000016,Barnsley,Yorkshire and the Humber,,14.3,46.7, 3.3 : 1 ,6.2,20.3,230,,,,,,,,,,,
E06000022,Bath & NE Somerset,South West,,7.7,37.5, 4.9 : 1 ,4.3,21.1,178,,,,,,,,,,,
E06000055,Bedford,East of England,,7.6,30.3, 4.0 : 1 ,4.7,18.6,163,,,,,,,,,,,
E09000004,Bexley,London,,12.7,43.9, 3.5 : 1 ,5.5,19.0,232,,,,,,,,,,,
E08000025,Birmingham,West Midlands,3,..,159.7, .. ,..,15.3,"1,043",,,,,,,,,,,
E06000008,Blackburn with Darwen,North West,,11.6,21.7, 1.9 : 1 ,8.2,15.2,142,,,,,,,,,,,
E06000009,Blackpool,North West,,9.0,31.9, 3.6 : 1 ,6.3,22.5,142,,,,,,,,,,,
E08000001,Bolton,North West,,8.0,51.4, 6.5 : 1 ,2.9,18.9,272,,,,,,,,,,,
E06000028,Bournemouth,South West,3,..,36.8, .. ,..,21.9,168,,,,,,,,,,,,,,
E06000036,Bracknell Forest,South East,,4.0,18.0, 4.5 : 1 ,3.4,15.3,118,,,,,,,,,,,,,,
E08000032,Bradford,Yorkshire and the Humber,,17.1,82.9, 4.8 : 1 ,3.4,16.3,509,,,,,,,,,,,,,,
E09000005,Brent,London,3,..,39.0, .. ,..,14.1,276,,,,,,,,,,,,,,
E06000043,Brighton & Hove,South East,3,..,42.1, .. ,..,16.3,258,,,,,,,,,,,,,,
E06000023,Bristol,South West,,18.8,64.5, 3.4 : 1 ,4.4,15.0,431,,,,,,,,,,,,,,
E09000006,Bromley,London,3,..,62.2, .. ,..,19.6,318,,,,,,,,,,,,,,
E10000002,Buckinghamshire,South East,3,..,100.8, .. ,..,20.1,503,,,,,,,,,,,,,,
E08000002,Bury,North West,3,..,35.8, .. ,..,19.2,186,,,,,,,,,,,,,,
E08000033,Calderdale,Yorkshire and the Humber,,9.5,39.4, 4.1 : 1 ,4.7,19.4,203,,,,,,,,,,,,,,
E10000003,Cambridgeshire,East of England,,41.7,122.0, 2.9 : 1 ,6.9,20.1,607,,,,,,,,,,,,,,
E09000007,Camden,London,3,..,26.0, .. ,..,11.0,235,,,,,,,,,,,,,,
E06000056,Central Bedfordshire,East of England,3,..,48.6, .. ,..,18.6,261,,,,,,,,,,,,,,
E06000049,Cheshire East,North West,,17.8,85.4, 4.8 : 1 ,4.8,23.2,368,,,,,,,,,,,,,,
E06000050,Cheshire West & Chester,North West,3,..,73.3, .. ,..,22.3,329,,,,,,,,,,,,,,
E09000001,City of London,London,3,..,1.4, .. ,..,12.7,11,,,,,,,,,,,,,,
E06000052,Cornwall,South West,,33.7,141.3, 4.2 : 1 ,6.2,26.1,541
E08000026,Coventry,West Midlands,3,..,54.4, .. ,..,16.6,327
E09000008,Croydon,London,,10.6,54.8, 5.2 : 1 ,3.0,15.7,350
E10000006,Cumbria,North West,,33.6,122.7, 3.7 : 1 ,6.7,24.6,499
E06000005,Darlington,North East,,6.6,21.3, 3.2 : 1 ,6.5,21.0,101
E06000015,Derby,East Midlands,3,..,45.4, .. ,..,18.2,250
E10000007,Derbyshire,East Midlands,,48.4,173.0, 3.6 : 1 ,6.3,22.5,769
E10000008,Devon,South West,,47.3,201.4, 4.3 : 1 ,6.3,26.7,753
E08000017,Doncaster,Yorkshire and the Humber,,16.0,61.3, 3.8 : 1 ,5.5,21.0,293
E10000009,Dorset,South West,,26.5,123.6, 4.7 : 1 ,6.5,30.4,407
E08000027,Dudley,West Midlands,,21.0,68.2, 3.3 : 1 ,6.8,22.1,309
E06000047,Durham,North East,,34.1,110.3, 3.2 : 1 ,6.7,21.6,510
E09000009,Ealing,London,3,..,42.5, .. ,..,13.1,324
E06000011,East Riding of Yorkshire,Yorkshire and the Humber,,20.9,86.9, 4.1 : 1 ,6.2,25.5,340
E10000011,East Sussex,South East,,24.5,144.1, 5.9 : 1 ,4.7,27.7,520
E09000010,Enfield,London,,8.6,46.7, 5.4 : 1 ,2.8,15.2,307
E10000012,Essex,East of England,,79.8,310.6, 3.9 : 1 ,5.7,22.1,"1,408",,,,,,,,,,,,,,
E08000020,Gateshead,North East,,8.9,40.5, 4.5 : 1 ,4.6,21.0,193,,,,,,,,,,,,,,
E10000013,Gloucestershire,South West,,34.2,134.2, 3.9 : 1 ,5.7,22.5,595,,,,,,,,,,,,,,
E09000011,Greenwich,London,,6.1,30.5, 5.0 : 1 ,2.6,13.1,234,,,,,,,,,,,,,,
E09000012,Hackney,London,3,..,22.0, .. ,..,9.7,227,,,,,,,,,,,,,,
E06000006,Halton,North West,,8.0,21.9, 2.7 : 1 ,6.7,18.2,120,,,,,,,,,,,,,,
E09000013,Hammersmith and Fulham,London,3,..,21.0, .. ,..,12.2,172,,,,,,,,,,,,,,
E10000014,Hampshire,South East,,68.4,291.8, 4.3 : 1 ,5.2,22.3,"1,306",,,,,,,,,,,,,,
E09000014,Haringey,London,,9.0,26.3, 2.9 : 1 ,3.7,10.8,242,,,,,,,,,,,,,,
E09000015,Harrow,London,3,..,39.0, .. ,..,16.6,235,,,,,,,,,,,,,,
E06000001,Hartlepool,North East,3,..,18.2, .. ,..,19.9,92,,,,,,,,,,,,,,
E09000016,Havering,London,3,..,49.9, .. ,..,20.9,239,,,,,,,,,,,,,,
E06000019,Herefordshire,West Midlands,,6.6,48.3, 7.3 : 1 ,3.6,26.2,184,,,,,,,,,,,,,,
E10000015,Hertfordshire,East of England,3,..,206.2, .. ,..,18.6,"1,110",,,,,,,,,,,,,,
E09000017,Hillingdon,London,3,..,41.9, .. ,..,15.3,274,,,,,,,,,,,,,,
E09000018,Hounslow,London,3,..,29.9, .. ,..,12.1,246,,,,,,,,,,,,,,
E06000010,Hull,Yorkshire and the Humber,,11.5,43.2, 3.8 : 1 ,4.4,16.6,260
E06000046,Isle of Wight,South East,,6.7,40.6, 6.1 : 1 ,4.8,29.0,140
E06000053,Isles of Scilly,South West,,0.0,0.5, 16.7 : 1 ,1.5,25.0,2
E09000019,Islington,London,3,..,20.1, .. ,..,9.7,206
E09000020,Kensington and Chelsea,London,,2.9,29.8, 10.1 : 1 ,1.8,18.2,164
E10000016,Kent,South East,,71.5,314.9, 4.4 : 1 ,4.9,21.8,"1,446"
E09000021,Kingston upon Thames,London,,5.2,24.9, 4.8 : 1 ,3.0,14.3,174
E08000034,Kirklees,Yorkshire and the Humber,,18.7,74.8, 4.0 : 1 ,4.6,18.3,410
E08000011,Knowsley,North West,,8.3,27.9, 3.4 : 1 ,5.5,18.6,150
E09000022,Lambeth,London,3,..,27.3, .. ,..,9.3,292
E10000017,Lancashire,North West,,68.4,254.1, 3.7 : 1 ,5.8,21.4,"1,187"
E08000035,Leeds,Yorkshire and the Humber,,33.1,134.2, 4.1 : 1 ,4.2,17.0,789
E06000016,Leicester,East Midlands,,12.3,42.0, 3.4 : 1 ,4.0,13.8,305
E10000018,Leicestershire,East Midlands,3,..,140.9, .. ,..,21.4,659
E09000023,Lewisham,London,,6.7,30.0, 4.5 : 1 ,2.4,10.9,275
E10000019,Lincolnshire,East Midlands,3,..,179.3, .. ,..,24.8,723
E08000012,Liverpool,North West,3,..,75.1, .. ,..,17.0,442,,,,,,,,,,,,,,
E06000032,Luton,East of England,,6.1,28.7, 4.7 : 1 ,3.1,14.4,199,,,,,,,,,,,,,,
E08000003,Manchester,North West,,18.1,58.2, 3.2 : 1 ,3.8,12.2,478,,,,,,,,,,,,,,
E06000035,Medway Towns,South East,3,..,45.0, .. ,..,17.2,262,,,,,,,,,,,,,,
E09000024,Merton,London,3,..,29.2, .. ,..,13.7,212,,,,,,,,,,,,,,
E06000002,Middlesbrough,North East,,6.9,25.3, 3.7 : 1 ,4.9,17.9,141,,,,,,,,,,,,,,
E06000042,Milton Keynes,South East,3,..,35.3, .. ,..,14.5,243,,,,,,,,,,,,,,
E08000021,Newcastle,North East,,11.3,48.1, 4.3 : 1 ,4.0,16.9,284,,,,,,,,,,,,,,
E09000025,Newham,London,,6.9,24.5, 3.5 : 1 ,2.5,8.8,277,,,,,,,,,,,,,,
E10000020,Norfolk,East of England,,46.1,221.7, 4.8 : 1 ,5.4,25.8,859,,,,,,,,,,,,,,
E06000012,North East Lincolnshire,Yorkshire and the Humber,,6.2,33.3, 5.4 : 1 ,3.9,21.2,157,,,,,,,,,,,,,,
E06000013,North Lincolnshire,Yorkshire and the Humber,,10.7,36.5, 3.4 : 1 ,6.5,22.3,164,,,,,,,,,,,,,,
E06000024,North Somerset,South West,3,..,52.9, .. ,..,24.8,213,,,,,,,,,,,,,,
E08000022,North Tyneside,North East,,9.5,41.9, 4.4 : 1 ,4.7,21.0,200,,,,,,,,,,,,,,
E10000023,North Yorkshire,Yorkshire and the Humber,,27.6,147.5, 5.3 : 1 ,4.6,24.8,595,,,,,,,,,,,,,,
E10000021,Northamptonshire,East Midlands,3,..,132.4, .. ,..,19.0,696,,,,,,,,,,,,,,
E06000048,Northumberland,North East,,17.6,77.0, 4.4 : 1 ,5.6,24.6,313,,,,,,,,,,,,,,
E06000018,Nottingham,East Midlands,3,..,40.2, .. ,..,13.2,305,,,,,,,,,,,,,,
E10000024,Nottinghamshire,East Midlands,3,..,171.5, .. ,..,21.8,788,,,,,,,,,,,,,,
E08000004,Oldham,North West,,10.5,40.1, 3.8 : 1 ,4.7,18.1,222,,,,,,,,,,,,,,
E10000025,Oxfordshire,South East,3,..,123.0, .. ,..,19.1,645,,,,,,,,,,,,,,
E06000031,Peterborough,East of England,,8.3,29.2, 3.5 : 1 ,4.6,16.4,178,,,,,,,,,,,,,,
E06000026,Plymouth,South West,,15.8,49.0, 3.1 : 1 ,6.2,19.2,256,,,,,,,,,,,,,,
E06000029,Poole,South West,,8.9,35.4, 4.0 : 1 ,6.2,24.5,145,,,,,,,,,,,,,,
E06000044,Portsmouth,South East,,8.2,32.8, 4.0 : 1 ,4.1,16.2,203,,,,,,,,,,,,,,
E06000038,Reading,South East,,5.2,21.3, 4.1 : 1 ,3.6,14.7,145,,,,,,,,,,,,,,
E09000026,Redbridge,London,3,..,40.0, .. ,..,14.4,278,,,,,,,,,,,,,,
E06000003,Redcar & Cleveland,North East,,11.8,31.6, 2.7 : 1 ,8.6,23.0,137,,,,,,,,,,,,,,
E09000027,Richmond upon Thames,London,,4.6,30.5, 6.6 : 1 ,2.4,15.7,194,,,,,,,,,,,,,,
E08000005,Rochdale,North West,,11.5,37.3, 3.2 : 1 ,5.6,18.1,206,,,,,,,,,,,,,,
E08000018,Rotherham,Yorkshire and the Humber,,16.4,52.4, 3.2 : 1 ,6.4,20.5,256,,,,,,,,,,,,,,
E06000017,Rutland,East Midlands,,1.9,9.7, 5.0 : 1 ,5.1,25.4,38,,,,,,,,,,,,,,
E08000006,Salford,North West,,13.2,39.5, 3.0 : 1 ,5.7,16.9,233
E08000028,Sandwell,West Midlands,,17.6,54.2, 3.1 : 1 ,5.9,18.1,299
E08000014,Sefton,North West,3,..,66.3, .. ,..,24.1,275
E08000019,Sheffield,Yorkshire and the Humber,,20.4,100.8, 4.9 : 1 ,3.7,18.4,547
E06000051,Shropshire,West Midlands,,13.4,75.5, 5.6 : 1 ,4.5,25.5,297
E06000039,Slough,South East,3,..,16.8, .. ,..,12.8,132
E08000029,Solihull,West Midlands,,10.8,46.3, 4.3 : 1 ,5.2,22.4,207
E10000027,Somerset,South West,,30.1,136.0, 4.5 : 1 ,5.7,25.6,532
E06000025,South Gloucestershire,South West,,13.2,53.1, 4.0 : 1 ,4.9,19.8,268
E08000023,South Tyneside,North East,,8.1,32.5, 4.0 : 1 ,5.3,21.4,152
E06000045,Southampton,South East,,8.9,36.6, 4.1 : 1 ,3.8,15.6,235
E06000033,Southend,East of England,,7.2,35.8, 5.0 : 1 ,4.4,21.9,164
E09000028,Southwark,London,3,..,29.9, .. ,..,10.0,298
E08000013,St. Helens,North West,3,..,37.6, .. ,..,21.0,179
E10000028,Staffordshire,West Midlands,,45.9,189.1, 4.1 : 1 ,5.5,22.5,840
E08000007,Stockport,North West,,15.4,60.8, 3.9 : 1 ,5.4,21.2,286
E06000004,Stockton,North East,,11.7,36.7, 3.1 : 1 ,6.0,19.0,194,,,,,,,,,,,,,,
E06000021,Stoke-on-Trent,West Midlands,,13.5,46.9, 3.5 : 1 ,5.5,19.2,244,,,,,,,,,,,,,,
E10000029,Suffolk,East of England,3,..,173.8, .. ,..,24.1,720,,,,,,,,,,,,,,
E08000024,Sunderland,North East,3,..,56.7, .. ,..,20.1,282,,,,,,,,,,,,,,
E10000030,Surrey,South East,,53.4,230.4, 4.3 : 1 ,4.7,20.3,"1,134",,,,,,,,,,,,,,
E09000029,Sutton,London,3,..,32.5, .. ,..,16.4,198,,,,,,,,,,,,,,
E06000030,Swindon,South West,3,..,35.0, .. ,..,17.2,203,,,,,,,,,,,,,,
E08000008,Tameside,North West,,9.4,41.6, 4.4 : 1 ,4.3,19.0,219,,,,,,,,,,,,,,
E06000020,Telford and the Wrekin,West Midlands,3,..,30.6, .. ,..,18.5,166,,,,,,,,,,,,,,
E06000034,Thurrock,East of England,3,..,26.0, .. ,..,16.4,159,,,,,,,,,,,,,,
E06000027,Torbay,South West,,8.1,37.9, 4.7 : 1 ,6.0,28.3,134,,,,,,,,,,,,,,
E09000030,Tower Hamlets,London,3,..,18.8, .. ,..,7.4,256,,,,,,,,,,,,,,
E08000009,Trafford,North West,,12.2,41.8, 3.4 : 1 ,5.6,19.1,219,,,,,,,,,,,,,,
E08000036,Wakefield,Yorkshire and the Humber,3,..,66.0, .. ,..,20.0,330,,,,,,,,,,,,,,
E08000030,Walsall,West Midlands,3,..,53.3, .. ,..,20.6,259,,,,,,,,,,,,,,
E09000031,Waltham Forest,London,3,..,28.4, .. ,..,12.0,237,,,,,,,,,,,,,,
E09000032,Wandsworth,London,,6.9,31.4, 4.6 : 1 ,2.3,10.6,296,,,,,,,,,,,,,,
E06000007,Warrington,North West,,12.0,39.3, 3.3 : 1 ,5.9,19.3,203,,,,,,,,,,,,,,
E10000031,Warwickshire,West Midlands,,31.9,119.3, 3.7 : 1 ,5.9,21.9,544,,,,,,,,,,,,,,
E06000037,West Berkshire,South East,3,..,28.8, .. ,..,18.6,155,,,,,,,,,,,,,,
E10000032,West Sussex,South East,3,..,198.6, .. ,..,24.6,808,,,,,,,,,,,,,,
E09000033,Westminster,London,3,..,33.1, .. ,..,13.5,244,,,,,,,,,,,,,,
E08000010,Wigan,North West,,22.4,62.7, 2.8 : 1 ,7.2,20.1,312,,,,,,,,,,,,,,
E06000054,Wiltshire,South West,3,..,103.6, .. ,..,22.4,463,,,,,,,,,,,,,,
E06000040,Windsor & Maidenhead,South East,3,..,27.8, .. ,..,19.3,144,,,,,,,,,,,,,,
E08000015,Wirral,North West,3,..,70.8, .. ,..,22.8,310,,,,,,,,,,,,,,
E06000041,Wokingham,South East,,4.8,29.5, 6.2 : 1 ,2.9,17.9,165,,,,,,,,,,,,,,
E08000031,Wolverhampton,West Midlands,3,..,46.9, .. ,..,19.4,241,,,,,,,,,,,,,,
E10000034,Worcestershire,West Midlands,,30.0,130.8, 4.4 : 1 ,5.3,23.3,561,,,,,,,,,,,,,,
E06000014,York,Yorkshire and the Humber,,7.5,39.8, 5.3 : 1 ,3.7,20.0,199,,,,,,,,,,,,,,
1 Blue Badge counts are at 31 March in year shown. Population figures relate to mid-point of previous calendar year.  Population data shown here is the 2010-based projection for mid-2011.,,,,,,,,,,,,,,,,,,,,,,,
2 Retired population is defined as men over 65 and women over 60.,,,,,,,,,,,,,,,,,,,,,,,
"3 Figures are only shown where data supplied is used in calculation of England totals. Therefore figures in this table will not necessarily sum to regional and national totals shown elsewhere, ",,,,,,,,,,,,,,,,
   which include imputed values where raw data is missing or deemed to be inconsistent with other data items or equivalent figures for other years.,,,,,,,,,,,,,,,,
Source: DfT Blue Badge Survey and Office for National Statistics 2010 based population projections for mid-2011,,,,,,,,,,,,,,,,
Last updated: 27 September 2012,,,,,,,,,,,,,,,,
Next update: Autumn 2013,,,,,,,,,,,,,,,,
Telephone: 020 7944 3094,,,,,,,,,,,,,,,,
Email: parking.data@dft.gsi.gov.uk,,,,,,,,,,,,,,,,
Notes & definitions (http://assets.dft.gov.uk/statistics/series/disabled-parking-badges/documentation.pdf),,,,,,,,,,,,,,,,
,,,,,,,,,,,,,,,,
