Department for Transport statistics,,,,,,,,,,,,,,,,,,,,,,,,,,,,,,
Modal comparisons,,,,,,,,,,,,,,,,,,,,,,,,,,,,,,
Table TSGB0119,,,,,,,,,,,,,,,,,,,,,,,,,,,,,,
Total UK Public Corporation Capital Expenditure on Transport:1 from 2005/06,,,,,,,,,,,,,,,,,,,,,,,,,,,,,,
,,,,,,,,� million (outturn prices),,,,,,,,,,,,,,,,,,,,,,
,,2005/06,2006/07,2007/08,2008/09,2009/10,2010/11,2011/12,,,,,,,,,,,,,,,,,,,,,,
UK Public Corporation expenditure 2,,"1,868","1,880","1,790","1,700","1,606","1,604","2,002",,,,,,,,,,,,,,,,,,,,,,
,        Capital: National roads,17,27,26,18,10,0,0,,,,,,,,,,,,,,,,,,,,,,
,        Capital: Railways 3,"1,802","1,765","1,648","1,619","1,551","1,524","1,945",,,,,,,,,,,,,,,,,,,,,,
,        Capital: Local public transport (NI) 4,4,34,55,12,20,65,18,,,,,,,,,,,,,,,,,,,,,,
,        Capital: Other transport,44,55,61,52,25,15,39,,,,,,,,,,,,,,,,,,,,,,
,,,,,,,,,,,,,,,,,,,,,,,,,,,,,,
"1. Figures taken from Country and Regional Analysis, HMT  for 2007/08 onwards see",,,,,,,,,,,,,,,,,,,,,,,,,,,,,,
    http://www.hm-treasury.gov.uk/9802.htm,,,,,,,,,,,,,,,,,,,,,,,,,,,,,,
"    earlier figures were published in the Public Expenditure Statistical Analysis in 2011, see for example",,,,,,,,,,,,,,,,,,,,,,,,,,,,,,
    http://www.hm-treasury.gov.uk/pesa2011_section4.htm  ,,,,,,,,,,,,,,,,,,,,,,,,,,,,,,
2. Includes provisional estimates.,,,,,,,,
"3. The railway category is mainly the London Tube. It also includes those companies considered to be in public ownership, such as ",,,,,,,,
    London and Continental Railways and GNER.,,,,,,,,
4. Expenditure attributed to local public transport is from public corporations in Northern Ireland. ,,,,,,,,
    Government railway spend.,,,,,,,,
,,,,,,,,
Telephone: 020 7944 4442,,,,,,,,Source: HM Treasury
Email: publicationgeneral.enq@dft.gsi.gov.uk,,,,,,,,
,,,,,,,,Last updated: November 2012
The figures in this table are National Statistics,,,,,,,,Next update: November 2013
,,,,,,,,
,,,,,,,,
,,,,,,,,
,,,,,,,,
,,,,,,,,
,,,,,,,,
,,,,,,
,,,,,,
,,,,,,
,,,,,,
,,,,,,
,,,,,,
,,,,,,
,,,,,,
,,,,,,
,,,,,,
,,,,,,
,,,,,,
,,,,,,
,,,,,,
,,,,,,
,,,,,,
,,,,,,
,,,,,,
,,,,,,
,,,,,,
,,,,,,
,,,,,,
,,,,,,
,,,,,,
,,,,,,
,,,,,,
,,,,,,
,,,,,,
,,,,,,
,,,,,,
,,,,,,
,,,,,,
,,,,,,
,,,,,,
,,,,,,
,,,,,,
,,,,,,
,,,,,,
,,,,,,
,,,,,,
,,,,,,
,,,,,,
,,,,,,
,,,,,,
,,,,,,
,,,,,,
,,,,,,
,,,,,,
,,,,,,
,,,,,,
,,,,,,
,,,,,,
,,,,,,
,,,,,,
,,,,,,
,,,,,,
,,,,,,
,,,,,,
,,,,,,
,,,,,,
,,,,,,
,,,,,,
,,,,,,
,,,,,,
,,,,,,
,,,,,,
,,,,,,
,,,,,,
,,,,,,
,,,,,,
,,,,,,
,,,,,,
,,,,,,
,,,,,,
,,,,,,
,,,,,,
,,,,,,
,,,,,,
,,,,,,
,,,,,,
,,,,,,
,,,,,,
,,,,,,
,,,,,,
,,,,,,
,,,,,,
